{
    "ElementProperty_MagpieData_range_MeltingT": 0.0020748502962773035,
    "ElementProperty_MagpieData_mode_GSvolume_pa": 0.0017351849573722167,
    "ElementProperty_MagpieData_maximum_NdValence": 0.0016244675737485338,
    "ElementProperty_MagpieData_range_GSbandgap": 0.0014725193780214182,
    "ElementProperty_MagpieData_maximum_Number": 0.0014251265601754092,
    "ElementProperty_MagpieData_maximum_NValence": 0.0013079104272172258,
    "ElementProperty_MagpieData_avg_dev_NdValence": 0.0012910077479386676,
    "MEGNet_OFMEncoded_v1_100": 0.0012744420240449975,
    "ElementProperty_MagpieData_mean_NpUnfilled": 0.0012153254587970279,
    "ElementProperty_MagpieData_maximum_MeltingT": 0.0010854793087608638,
    "AtomicOrbitals_LUMO_energy": 0.0009887428023248003,
    "ElementProperty_MagpieData_mean_NpValence": 0.0009696567985324238,
    "ElementProperty_MagpieData_mean_MeltingT": 0.0009623450044401041,
    "ElementProperty_MagpieData_avg_dev_NdUnfilled": 0.0009213218056179387,
    "ElementProperty_MagpieData_minimum_Electronegativity": 0.0009197487394576458,
    "ElementProperty_MagpieData_mode_NpUnfilled": 0.0008695090824675439,
    "ElementProperty_MagpieData_avg_dev_MeltingT": 0.0008427433934978729,
    "BondFractions_Cu_-_O_bond_frac_": 0.0008367950341402383,
    "Stoichiometry_10-norm": 0.0008293001658160005,
    "MEGNet_OFMEncoded_v1_7": 0.0008210359573571429,
    "YangSolidSolution_Yang_omega": 0.0007934346646173736,
    "ElementProperty_MagpieData_range_CovalentRadius": 0.0007579088763406771,
    "ElementProperty_MagpieData_mode_CovalentRadius": 0.0007348572896654857,
    "Stoichiometry_0-norm": 0.000734148416453849,
    "MEGNet_OFMEncoded_v1_166": 0.0007244879217060099,
    "MEGNet_OFMEncoded_v1_79": 0.0007177272630361391,
    "Stoichiometry_2-norm": 0.0007174316352021276,
    "RadialDistributionFunction_radial_distribution_function_d_2_00": 0.0006775346005809623,
    "ElementFraction_Li": 0.0006617200542747908,
    "ElementProperty_MagpieData_mode_Number": 0.0006506940072257408
}