{
    "TMetalFraction_transition_metal_fraction": 0.002200280714194784,
    "MEGNet_OFMEncoded_v1_55": 0.0018643821181679521,
    "ElectronegativityDiff_maximum_EN_difference": 0.0016276331800949234,
    "ElementProperty_MagpieData_maximum_Number": 0.0013940927331237416,
    "ElementProperty_MagpieData_avg_dev_Column": 0.0011659184139845324,
    "ElementProperty_MagpieData_maximum_CovalentRadius": 0.0011435861625506152,
    "ElementProperty_MagpieData_minimum_SpaceGroupNumber": 0.001023103539344944,
    "ElementProperty_MagpieData_mode_Number": 0.001006293063691538,
    "ElementProperty_MagpieData_range_NpValence": 0.0009882861263167343,
    "GaussianSymmFunc_mean_G2_80_0": 0.0009824569808250135,
    "ElementFraction_Co": 0.0009624630749188093,
    "ElementProperty_MagpieData_mean_CovalentRadius": 0.0009114272337122349,
    "AtomicOrbitals_HOMO_energy": 0.0008409928093073927,
    "ElementProperty_MagpieData_maximum_MeltingT": 0.0007712382885816214,
    "ElementProperty_MagpieData_maximum_MendeleevNumber": 0.0007224217653735827,
    "ElementProperty_MagpieData_mode_MeltingT": 0.0007125299009384402,
    "ElementProperty_MagpieData_mode_Column": 0.0006737899619560584,
    "ElectronegativityDiff_minimum_EN_difference": 0.0006506088729001406,
    "MEGNet_OFMEncoded_v1_9": 0.0006446886904560914,
    "ElementFraction_Cr": 0.0006353843514523092,
    "ElementProperty_MagpieData_mode_GSvolume_pa": 0.0006153075860509238,
    "ElementFraction_Ni": 0.0005931462379645176,
    "ElementProperty_MagpieData_maximum_NUnfilled": 0.000577907842896385,
    "ElementFraction_F": 0.000568697253021331,
    "OxidationStates_std_dev_oxidation_state": 0.0005639616556562835,
    "ElementProperty_MagpieData_mean_Electronegativity": 0.0005527997084219783,
    "MEGNet_OFMEncoded_v1_111": 0.0005247421539389803,
    "AtomicOrbitals_gap_AO": 0.0005163829064198962,
    "ElementProperty_MagpieData_mode_MendeleevNumber": 0.0005108345200155265,
    "ElectronegativityDiff_range_EN_difference": 0.0005007686105676667
}