{
    "MEGNet_OFMEncoded_v1_166": 0.006980235055479429,
    "ElementProperty_MagpieData_maximum_MendeleevNumber": 0.0067308448232435035,
    "OxidationStates_minimum_oxidation_state": 0.003935424682077627,
    "ElementProperty_MagpieData_mode_Number": 0.0032518574444654886,
    "TMetalFraction_transition_metal_fraction": 0.002998344213936165,
    "ElementProperty_MagpieData_maximum_NUnfilled": 0.0023798386175396414,
    "ElectronegativityDiff_maximum_EN_difference": 0.002203368288020879,
    "ElementProperty_MagpieData_mean_NUnfilled": 0.002091275876651609,
    "AtomicOrbitals_HOMO_energy": 0.002087630714447923,
    "ElementProperty_MagpieData_mean_Row": 0.0020139437115696116,
    "Miedema_Miedema_deltaH_ss_min": 0.001716314665691443,
    "ElementProperty_MagpieData_mean_NpValence": 0.0015724595270744757,
    "ElementProperty_MagpieData_mean_GSmagmom": 0.001445277798521284,
    "MEGNet_OFMEncoded_v1_37": 0.0014244004322049946,
    "MEGNet_OFMEncoded_v1_71": 0.0013909991976379316,
    "ElementProperty_MagpieData_maximum_NfUnfilled": 0.0013800134256604748,
    "ElementProperty_MagpieData_mode_MeltingT": 0.0013682266501190414,
    "BondFractions_Cu_-_O_bond_frac_": 0.0013322128116824994,
    "ElementProperty_MagpieData_minimum_MeltingT": 0.0013190716028682482,
    "ElementProperty_MagpieData_maximum_CovalentRadius": 0.0012744841229621162,
    "ElementFraction_V": 0.0011927280822652648,
    "ElementProperty_MagpieData_mean_GSbandgap": 0.001190595456482833,
    "ElementProperty_MagpieData_maximum_GSmagmom": 0.0011778965029256001,
    "ElementProperty_MagpieData_avg_dev_SpaceGroupNumber": 0.0011480910571355402,
    "ElementProperty_MagpieData_minimum_MendeleevNumber": 0.0010933138446819475,
    "MEGNet_OFMEncoded_v1_147": 0.0010440682101182175,
    "MEGNet_OFMEncoded_v1_51": 0.0010262447046983098,
    "YangSolidSolution_Yang_delta": 0.001021202480056269,
    "ElementProperty_MagpieData_maximum_Number": 0.001016448512404854,
    "MEGNet_OFMEncoded_v1_93": 0.0009828915491217568
}