{
    "ElementProperty_MagpieData_mode_MeltingT": 0.03151152031776834,
    "TMetalFraction_transition_metal_fraction": 0.030643832098885545,
    "ValenceOrbital_frac_p_valence_electrons": 0.021669142271952706,
    "ValenceOrbital_frac_d_valence_electrons": 0.018578608990411836,
    "ElementProperty_MagpieData_mean_Row": 0.009419358967394646,
    "AtomicOrbitals_HOMO_energy": 0.007843393811661936,
    "ElectronegativityDiff_minimum_EN_difference": 0.007528046266121631,
    "ElementProperty_MagpieData_maximum_MendeleevNumber": 0.007416445210304497,
    "ElementProperty_MagpieData_maximum_Column": 0.0060969583668328275,
    "ElementProperty_MagpieData_maximum_NUnfilled": 0.005132458253031508,
    "ElementProperty_MagpieData_mean_NdValence": 0.004432364440585925,
    "ElectronegativityDiff_maximum_EN_difference": 0.004204894700611786,
    "ElementProperty_MagpieData_maximum_NdUnfilled": 0.003997034421391465,
    "ElementProperty_MagpieData_range_MeltingT": 0.003767778848363983,
    "ElementProperty_MagpieData_minimum_MeltingT": 0.0036823715264997048,
    "ElementProperty_MagpieData_maximum_NfUnfilled": 0.00363568630848086,
    "ElementProperty_MagpieData_maximum_NdValence": 0.0033914082492585195,
    "MEGNet_OFMEncoded_v1_180": 0.003335159991792921,
    "ElementProperty_MagpieData_range_Column": 0.0031849593699836967,
    "MaximumPackingEfficiency_max_packing_efficiency": 0.0029457040263571417,
    "ElementProperty_MagpieData_maximum_NValence": 0.002881771530905222,
    "AtomicOrbitals_gap_AO": 0.0028268857765925237,
    "ElementProperty_MagpieData_maximum_Number": 0.0027823012001554105,
    "DensityFeatures_density": 0.002734231532075152,
    "ElementFraction_F": 0.0026848957056983002,
    "ElementProperty_MagpieData_mode_Number": 0.002577023543552016,
    "Stoichiometry_2-norm": 0.0024905161650174306,
    "ElectronegativityDiff_mean_EN_difference": 0.00247314819512021,
    "AGNIFingerPrint_std_dev_AGNI_dir=x_eta=8_00e-01": 0.0024135650032787474,
    "ElementFraction_Mn": 0.0023751586459799263
}