{
    "ElementProperty_MagpieData_maximum_Number": 0.01934392133176225,
    "ElementProperty_MagpieData_mean_Number": 0.01798570164905848,
    "BondFractions_O_-_P_bond_frac_": 0.009296534653784562,
    "ValenceOrbital_frac_p_valence_electrons": 0.009101533589392207,
    "BondFractions_Fe_-_O_bond_frac_": 0.00741482246787476,
    "ElementFraction_O": 0.006281556112109194,
    "MEGNet_OFMEncoded_v1_149": 0.005956472103075077,
    "MEGNet_OFMEncoded_v1_70": 0.00560264320043045,
    "GaussianSymmFunc_std_dev_G4_0_005_1_0_1_0": 0.005376483076848287,
    "ElectronegativityDiff_minimum_EN_difference": 0.005063329758339111,
    "BondFractions_Ni_-_O_bond_frac_": 0.005013426424639302,
    "ElementProperty_MagpieData_mode_MeltingT": 0.005003290971633241,
    "MEGNet_OFMEncoded_v1_31": 0.004518141986537868,
    "MEGNet_OFMEncoded_v1_68": 0.004510755074116545,
    "RadialDistributionFunction_radial_distribution_function_d_1_40": 0.004482377413975415,
    "MEGNet_OFMEncoded_v1_137": 0.004440071976165673,
    "ElementProperty_MagpieData_range_SpaceGroupNumber": 0.004373653609840768,
    "MEGNet_OFMEncoded_v1_152": 0.00437162775646953,
    "ValenceOrbital_frac_s_valence_electrons": 0.0042575643372140285,
    "Stoichiometry_0-norm": 0.004240480239762161,
    "MEGNet_OFMEncoded_v1_13": 0.004139498844229091,
    "BondFractions_Li_-_O_bond_frac_": 0.004055860730964913,
    "MEGNet_OFMEncoded_v1_79": 0.0038764654668320747,
    "MEGNet_OFMEncoded_v1_55": 0.003806760848970348,
    "MEGNet_OFMEncoded_v1_108": 0.0037466501885941375,
    "MEGNet_OFMEncoded_v1_50": 0.0037377835345563217,
    "ElementProperty_MagpieData_avg_dev_CovalentRadius": 0.0037104488292842197,
    "MEGNet_OFMEncoded_v1_71": 0.0036104689660454085,
    "ElementProperty_MagpieData_mean_NpUnfilled": 0.0035689696973655424,
    "ElementProperty_MagpieData_mean_CovalentRadius": 0.0033996913208945772
}