{
    "Stoichiometry_0-norm": 0.001892629498438319,
    "ElementProperty_MagpieData_maximum_GSmagmom": 0.0016933094547003852,
    "ElementProperty_MagpieData_maximum_NdUnfilled": 0.0015590930535747689,
    "ElementProperty_MagpieData_maximum_NdValence": 0.0015232366084691226,
    "TMetalFraction_transition_metal_fraction": 0.0014631358646630599,
    "ElementProperty_MagpieData_maximum_Number": 0.0013991373325563134,
    "ElementProperty_MagpieData_maximum_NUnfilled": 0.0013163265754668387,
    "AtomicOrbitals_HOMO_energy": 0.0012511845361631642,
    "BondFractions_Cu_-_O_bond_frac_": 0.0011549690132476593,
    "ElementProperty_MagpieData_range_Electronegativity": 0.0010615524631042593,
    "MEGNet_OFMEncoded_v1_55": 0.001030213618439687,
    "ElementProperty_MagpieData_maximum_MeltingT": 0.0010051207660672092,
    "ElementFraction_V": 0.0009967832329469501,
    "ElementProperty_MagpieData_maximum_NValence": 0.0009592488733008056,
    "ElementProperty_MagpieData_mean_NdValence": 0.0008293709035465472,
    "ElementFraction_Mn": 0.0008268122217564255,
    "ElementProperty_MagpieData_maximum_CovalentRadius": 0.0007782090564561302,
    "ElementProperty_MagpieData_minimum_MendeleevNumber": 0.0007497050743696394,
    "ElementProperty_MagpieData_mean_Row": 0.0007491640484716419,
    "MEGNet_OFMEncoded_v1_48": 0.0007004506171094343,
    "ElementFraction_S": 0.0006879260664792354,
    "BondFractions_Li_-_O_bond_frac_": 0.000684116540599405,
    "ElementFraction_Co": 0.0006614956586722797,
    "ElementProperty_MagpieData_mean_NpUnfilled": 0.0006405614231358479,
    "MEGNet_OFMEncoded_v1_133": 0.0006385035892414659,
    "ElementProperty_MagpieData_avg_dev_Column": 0.0006358822428260018,
    "ElementProperty_MagpieData_mode_NdValence": 0.0006262596448959202,
    "DensityFeatures_packing_fraction": 0.0006170866393820581,
    "YangSolidSolution_Yang_omega": 0.0006002720116922829,
    "ElementFraction_Yb": 0.0005870504089036328
}