{
    "ElementProperty_MagpieData_mean_AtomicWeight": 0.011946615051828594,
    "ElementProperty_MagpieData_mode_Electronegativity": 0.008441727074642736,
    "RadialDistributionFunction_radial_distribution_function_d_1_90": 0.00751543302390089,
    "ElectronegativityDiff_maximum_EN_difference": 0.007242090654979364,
    "ElectronegativityDiff_mean_EN_difference": 0.006025599050747033,
    "MEGNet_OFMEncoded_v1_55": 0.005891416468090534,
    "Stoichiometry_3-norm": 0.005801303273851505,
    "MEGNet_OFMEncoded_v1_102": 0.005637238800157098,
    "ElementProperty_MagpieData_range_Electronegativity": 0.005542083359495674,
    "ElementProperty_MagpieData_mode_MeltingT": 0.0051984676942887975,
    "ElementFraction_O": 0.004895621292562022,
    "ElectronegativityDiff_std_dev_EN_difference": 0.004848310081558252,
    "MEGNet_OFMEncoded_v1_57": 0.004843499417620371,
    "ElementProperty_MagpieData_maximum_Number": 0.004577786441248857,
    "OxidationStates_std_dev_oxidation_state": 0.004522001316962213,
    "GaussianSymmFunc_std_dev_G4_0_005_1_0_1_0": 0.004417095677736706,
    "AtomicOrbitals_gap_AO": 0.0043143917554253125,
    "MEGNet_OFMEncoded_v1_5": 0.004047906249366827,
    "BondFractions_O_-_P_bond_frac_": 0.003854790341763363,
    "MEGNet_OFMEncoded_v1_110": 0.0038143227480099753,
    "Stoichiometry_0-norm": 0.003699773299041664,
    "MEGNet_OFMEncoded_v1_59": 0.0036526898569629084,
    "TMetalFraction_transition_metal_fraction": 0.003651999045114815,
    "ElementProperty_MagpieData_mean_Number": 0.003650916728134998,
    "ElementProperty_MagpieData_avg_dev_Column": 0.0036454747126042812,
    "ValenceOrbital_frac_p_valence_electrons": 0.003576034473119625,
    "ElectronegativityDiff_minimum_EN_difference": 0.0035615706241087543,
    "MEGNet_OFMEncoded_v1_121": 0.0031116331896463957,
    "AtomicPackingEfficiency_dist_from_5_clusters__APE____0_010": 0.0031004016040710996,
    "Stoichiometry_5-norm": 0.0030390145611527805
}