{
    "TMetalFraction_transition_metal_fraction": 0.019581281154588744,
    "ElementProperty_MagpieData_maximum_Electronegativity": 0.015299232602301916,
    "ElementProperty_MagpieData_mode_MeltingT": 0.008324559496120447,
    "ElectronegativityDiff_maximum_EN_difference": 0.007682473192679335,
    "ValenceOrbital_frac_p_valence_electrons": 0.007489553064820852,
    "ElementProperty_MagpieData_maximum_NUnfilled": 0.004631000113380182,
    "ValenceOrbital_frac_d_valence_electrons": 0.004563885562921768,
    "AtomicOrbitals_HOMO_energy": 0.0044084102104883,
    "ElementProperty_MagpieData_maximum_MendeleevNumber": 0.003785524873121357,
    "ElectronegativityDiff_mean_EN_difference": 0.0026194816270306612,
    "ElementProperty_MagpieData_mean_NdValence": 0.002159147226376747,
    "ElementProperty_MagpieData_maximum_Number": 0.0021413079374421086,
    "ElementProperty_MagpieData_mean_GSmagmom": 0.0019468751755298032,
    "ElementProperty_MagpieData_mean_Number": 0.0018866136374791373,
    "ElementProperty_MagpieData_maximum_NValence": 0.0016882165960996366,
    "MEGNet_OFMEncoded_v1_166": 0.001675818099989422,
    "BondFractions_Cu_-_O_bond_frac_": 0.0015422164360627425,
    "ElectronegativityDiff_minimum_EN_difference": 0.0015261685417218742,
    "BondOrientationParameter_mean_BOOP_Q_l=7": 0.001509074391348825,
    "GeneralizedRDF_std_dev_Gaussian_center=0_0_width=1_0": 0.001503877602557109,
    "AtomicOrbitals_gap_AO": 0.0014991852894365553,
    "ElementProperty_MagpieData_mean_NpValence": 0.0014361999200570253,
    "ElementProperty_MagpieData_range_MeltingT": 0.0014232687071010588,
    "GaussianSymmFunc_std_dev_G2_20_0": 0.001415327674392976,
    "YangSolidSolution_Yang_omega": 0.0014103030063349127,
    "Stoichiometry_2-norm": 0.0013580788414610373,
    "ElementProperty_MagpieData_range_CovalentRadius": 0.0013509163530693734,
    "MaximumPackingEfficiency_max_packing_efficiency": 0.0012956840800904632,
    "Stoichiometry_10-norm": 0.0012946829795418742,
    "MEGNet_OFMEncoded_v1_54": 0.001266482056856863
}