{
    "MEGNet_OFMEncoded_v1_30": 0.0012600368180913288,
    "StructuralHeterogeneity_range_neighbor_distance_variation": 0.0009476681337729934,
    "ElementProperty_MagpieData_maximum_CovalentRadius": 0.0009184466981613763,
    "BondFractions_Li_-_O_bond_frac_": 0.0008564639520053584,
    "ElementProperty_MagpieData_mean_MeltingT": 0.0007973042806305349,
    "AtomicOrbitals_HOMO_energy": 0.0007638948326489576,
    "ElementProperty_MagpieData_mean_Row": 0.0007298917863710929,
    "MEGNet_OFMEncoded_v1_68": 0.0006993620202425875,
    "ElementProperty_MagpieData_mean_Number": 0.0006119732190503544,
    "ElementProperty_MagpieData_mean_CovalentRadius": 0.000555869464837058,
    "BondFractions_C_-_O_bond_frac_": 0.0004905287917727144,
    "MEGNet_OFMEncoded_v1_112": 0.0004900508724202951,
    "BondOrientationParameter_std_dev_BOOP_Q_l=10": 0.00046648188378356687,
    "StructuralHeterogeneity_avg_dev_neighbor_distance_variation": 0.0004486758767614872,
    "MaximumPackingEfficiency_max_packing_efficiency": 0.00044507147110664464,
    "MEGNet_OFMEncoded_v1_51": 0.0004435416518335934,
    "ElementProperty_MagpieData_avg_dev_Column": 0.0004243216474030462,
    "SineCoulombMatrix_sine_coulomb_matrix_eig_54": 0.00041767218263470386,
    "BondFractions_Mg_-_O_bond_frac_": 0.00041303113784419695,
    "MEGNet_OFMEncoded_v1_166": 0.00039979253117366234,
    "AGNIFingerPrint_std_dev_AGNI_eta=1_23e+00": 0.0003983729592803628,
    "MEGNet_OFMEncoded_v1_162": 0.00039457920705921997,
    "MEGNet_OFMEncoded_v1_83": 0.0003866652577674199,
    "BondFractions_Ba_-_O_bond_frac_": 0.0003838253957912865,
    "BondFractions_Fe_-_O_bond_frac_": 0.0003731292580954986,
    "MEGNet_OFMEncoded_v1_154": 0.00035826862663261447,
    "ElementFraction_Sn": 0.0003567903069276854,
    "ValenceOrbital_frac_p_valence_electrons": 0.0003550888586476686,
    "MEGNet_OFMEncoded_v1_103": 0.00034677211250121924,
    "MEGNet_OFMEncoded_v1_4": 0.00033051890934375066
}