{
    "ElectronegativityDiff_maximum_EN_difference": 0.016379636529703204,
    "TMetalFraction_transition_metal_fraction": 0.01463162217977443,
    "AtomicOrbitals_HOMO_energy": 0.01020771322834657,
    "ElementProperty_MagpieData_maximum_GSvolume_pa": 0.00855430559071518,
    "Stoichiometry_0-norm": 0.00835858039000935,
    "ElementProperty_MagpieData_maximum_CovalentRadius": 0.00834569160890883,
    "RadialDistributionFunction_radial_distribution_function_d_1_90": 0.007189308545533227,
    "ElementProperty_MagpieData_maximum_Number": 0.0067145194862425935,
    "YangSolidSolution_Yang_delta": 0.005927196073130645,
    "ElementProperty_MagpieData_maximum_NfUnfilled": 0.005302144721941775,
    "AtomicOrbitals_gap_AO": 0.005097138527163635,
    "ElementProperty_MagpieData_maximum_MendeleevNumber": 0.004614936965494166,
    "OPSiteFingerprint_mean_sgl_bd_CN_1": 0.004203572542344229,
    "ElementProperty_MagpieData_avg_dev_Column": 0.004193054424729688,
    "GaussianSymmFunc_std_dev_G4_0_005_1_0_1_0": 0.004025677564279626,
    "ElementProperty_MagpieData_maximum_NValence": 0.004019102343073864,
    "ElementProperty_MagpieData_maximum_NUnfilled": 0.0037863435529098266,
    "LocalPropertyDifference_std_dev_local_difference_in_Electronegativity": 0.0037236480498592343,
    "ElementProperty_MagpieData_range_MeltingT": 0.0035545756429335527,
    "MEGNet_OFMEncoded_v1_49": 0.0034823522400744874,
    "ElectronegativityDiff_mean_EN_difference": 0.0032195234357819164,
    "YangSolidSolution_Yang_omega": 0.0030175159737673785,
    "ElementProperty_MagpieData_mean_NpValence": 0.002981917274374391,
    "MEGNet_OFMEncoded_v1_100": 0.00290966497891671,
    "ElementProperty_MagpieData_mean_GSmagmom": 0.0029047970503938898,
    "MaximumPackingEfficiency_max_packing_efficiency": 0.0028997701431819098,
    "ElementProperty_MagpieData_maximum_NdValence": 0.0028687209223566767,
    "AverageBondLength_std_dev_Average_bond_length": 0.0028451237096877927,
    "MEGNet_OFMEncoded_v1_55": 0.0028184194337625584,
    "CrystalNNFingerprint_mean_octahedral_CN_6": 0.0026036811250544313
}