{
    "TMetalFraction_transition_metal_fraction": 0.030194694803647868,
    "ValenceOrbital_frac_p_valence_electrons": 0.027662607593509893,
    "ElementProperty_MagpieData_mode_MeltingT": 0.024837854151939297,
    "ElectronegativityDiff_maximum_EN_difference": 0.023387100197774912,
    "ElementProperty_MagpieData_maximum_Electronegativity": 0.023171043447650214,
    "ElementProperty_MagpieData_maximum_MendeleevNumber": 0.01372986240050281,
    "ElementProperty_MagpieData_maximum_NUnfilled": 0.010783674596718702,
    "ElementProperty_MagpieData_mean_Row": 0.01036847599761419,
    "AtomicOrbitals_HOMO_energy": 0.010049443477306162,
    "AtomicOrbitals_HOMO_element": 0.008605305950689947,
    "ValenceOrbital_frac_d_valence_electrons": 0.00763958275128938,
    "ElementProperty_MagpieData_mean_NdValence": 0.007480993020153332,
    "DensityFeatures_density": 0.00724023128753592,
    "ElementFraction_Cu": 0.0066534765350789605,
    "MaximumPackingEfficiency_max_packing_efficiency": 0.006487094621165452,
    "ElectronegativityDiff_minimum_EN_difference": 0.006484484865065028,
    "AtomicOrbitals_gap_AO": 0.00622828649509829,
    "MEGNet_OFMEncoded_v1_55": 0.006158020406304207,
    "ElementProperty_MagpieData_maximum_Number": 0.00614457602532226,
    "MEGNet_OFMEncoded_v1_82": 0.005091031120843697,
    "MEGNet_OFMEncoded_v1_62": 0.004982253836112263,
    "Stoichiometry_0-norm": 0.004933495310630055,
    "ElectronegativityDiff_mean_EN_difference": 0.004853251703829531,
    "ElementProperty_MagpieData_avg_dev_NValence": 0.004434375384929594,
    "AtomicOrbitals_LUMO_energy": 0.004245533415597167,
    "ElementProperty_MagpieData_mean_MendeleevNumber": 0.0042204791880499385,
    "ElementProperty_MagpieData_maximum_GSmagmom": 0.004202855504448316,
    "ElementProperty_MagpieData_minimum_GSvolume_pa": 0.003993483891269842,
    "MEGNet_OFMEncoded_v1_17": 0.0039567612445809315,
    "LocalPropertyDifference_mean_local_difference_in_Electronegativity": 0.00387633071730822
}