{
    "AtomicPackingEfficiency_dist_from_5_clusters__APE____0_010": 0.00164835764463055,
    "Stoichiometry_0-norm": 0.001417080138610249,
    "ElectronegativityDiff_maximum_EN_difference": 0.0012936618355849337,
    "ElementProperty_MagpieData_avg_dev_GSbandgap": 0.0010711889584718954,
    "ElementProperty_MagpieData_range_NUnfilled": 0.001068599564243662,
    "ElementProperty_MagpieData_maximum_NUnfilled": 0.0009425559155463349,
    "ElementProperty_MagpieData_minimum_GSvolume_pa": 0.0009320828736036941,
    "ElementProperty_MagpieData_minimum_MeltingT": 0.0009199047239385489,
    "ElementProperty_MagpieData_maximum_CovalentRadius": 0.0008813308061176683,
    "ElementProperty_MagpieData_mean_GSbandgap": 0.0008671548218360321,
    "ElementProperty_MagpieData_maximum_Electronegativity": 0.0008328851109363927,
    "ElectronegativityDiff_std_dev_EN_difference": 0.000725830194153481,
    "ElementProperty_MagpieData_minimum_MendeleevNumber": 0.0006937524152190103,
    "ElementProperty_MagpieData_maximum_Number": 0.0006855001418154084,
    "ElementFraction_Co": 0.0006514105433421549,
    "ElementProperty_MagpieData_range_NpUnfilled": 0.0006364934323453796,
    "MEGNet_OFMEncoded_v1_10": 0.0006116618226044065,
    "OxidationStates_range_oxidation_state": 0.0006013708018017742,
    "AtomicOrbitals_gap_AO": 0.0005866894138562434,
    "MEGNet_OFMEncoded_v1_83": 0.0005794614409395,
    "ElementFraction_P": 0.0005723177474344713,
    "ElementProperty_MagpieData_mode_MeltingT": 0.0005709082201713277,
    "TMetalFraction_transition_metal_fraction": 0.0005693846351719928,
    "ElectronegativityDiff_mean_EN_difference": 0.0005689132872748561,
    "ElementProperty_MagpieData_maximum_NValence": 0.000549805344821731,
    "MEGNet_OFMEncoded_v1_70": 0.0005203357632096159,
    "ElementProperty_MagpieData_range_AtomicWeight": 0.0005193134029169797,
    "MEGNet_OFMEncoded_v1_186": 0.00047163372810582347,
    "ElementFraction_Zn": 0.0004654631274789731,
    "ElementProperty_MagpieData_mean_Row": 0.000448163497353593
}