{
    "Stoichiometry_2-norm": 0.003020915876566734,
    "TMetalFraction_transition_metal_fraction": 0.0027636189978711818,
    "ElementProperty_MagpieData_mode_MeltingT": 0.0018735816214376095,
    "ElementProperty_MagpieData_mode_MendeleevNumber": 0.0016293568957153517,
    "ElementProperty_MagpieData_maximum_GSmagmom": 0.001395125203177436,
    "ValenceOrbital_frac_p_valence_electrons": 0.001375307678928886,
    "Stoichiometry_3-norm": 0.0013020244515765818,
    "ElementProperty_MagpieData_mean_GSmagmom": 0.0011067108726622026,
    "ElementProperty_MagpieData_minimum_MeltingT": 0.0011046932372594128,
    "ElementProperty_MagpieData_avg_dev_Row": 0.001076428452467568,
    "ElementProperty_MagpieData_maximum_MendeleevNumber": 0.0009033266680844293,
    "ElementProperty_MagpieData_avg_dev_CovalentRadius": 0.0009016734668894654,
    "ElementProperty_MagpieData_maximum_Electronegativity": 0.0009014810545713554,
    "MEGNet_OFMEncoded_v1_102": 0.0007981099319891319,
    "ElementProperty_MagpieData_range_NdValence": 0.000740080766840035,
    "ElementProperty_MagpieData_maximum_NValence": 0.0007210313203808833,
    "ElementProperty_MagpieData_mean_NsValence": 0.0007175811902835684,
    "ElementProperty_MagpieData_maximum_MeltingT": 0.0007021577260103136,
    "ChemicalOrdering_mean_ordering_parameter_shell_1": 0.0006315010711104077,
    "ElementProperty_MagpieData_maximum_NUnfilled": 0.0006235132543064092,
    "ElectronegativityDiff_minimum_EN_difference": 0.0005749847880812464,
    "ElementProperty_MagpieData_avg_dev_AtomicWeight": 0.0005634382143795436,
    "ElementProperty_MagpieData_mean_Electronegativity": 0.0005604267736900489,
    "MEGNet_OFMEncoded_v1_93": 0.0005556923286858529,
    "ElectronegativityDiff_maximum_EN_difference": 0.0005454651089351398,
    "ElementProperty_MagpieData_minimum_MendeleevNumber": 0.0005392592011958146,
    "Stoichiometry_10-norm": 0.0005340299744915932,
    "MEGNet_OFMEncoded_v1_110": 0.0005256633214988906,
    "YangSolidSolution_Yang_omega": 0.0005253858865023717,
    "ElementProperty_MagpieData_maximum_NdValence": 0.0005197227240524481
}