{
    "ElementProperty_MagpieData_avg_dev_GSbandgap": 0.0012493375847539884,
    "BondFractions_C_-_O_bond_frac_": 0.001246778126728697,
    "BondFractions_O_-_P_bond_frac_": 0.001014085766667757,
    "ElementProperty_MagpieData_mean_AtomicWeight": 0.0006585629128336129,
    "CoulombMatrix_coulomb_matrix_eig_22": 0.0004445466883721719,
    "AtomicPackingEfficiency_mean_simul__packing_efficiency": 0.00042931349980352123,
    "ElementProperty_MagpieData_mean_Number": 0.00041425239677443426,
    "SineCoulombMatrix_sine_coulomb_matrix_eig_40": 0.00031901553694912565,
    "GaussianSymmFunc_mean_G2_80_0": 0.0002928027601028345,
    "MEGNet_OFMEncoded_v1_71": 0.000281855078372882,
    "AGNIFingerPrint_std_dev_AGNI_eta=1_23e+00": 0.00026726785343036865,
    "AtomicOrbitals_LUMO_energy": 0.0002572934726333789,
    "CrystalNNFingerprint_std_dev_wt_CN_6": 0.00024684840656173396,
    "ElementProperty_MagpieData_mean_CovalentRadius": 0.00023253129959420235,
    "AtomicPackingEfficiency_dist_from_3_clusters__APE____0_010": 0.00021441074597333682,
    "RadialDistributionFunction_radial_distribution_function_d_1_40": 0.0001972069319272312,
    "CoulombMatrix_coulomb_matrix_eig_87": 0.00019038774356652032,
    "MEGNet_OFMEncoded_v1_45": 0.00018332044562481624,
    "MEGNet_OFMEncoded_v1_157": 0.00017915799161566243,
    "AtomicPackingEfficiency_dist_from_1_clusters__APE____0_010": 0.0001593247274681754,
    "MEGNet_OFMEncoded_v1_186": 0.00013701592072939885,
    "ElementFraction_Sn": 0.00013333595152008614,
    "CoulombMatrix_coulomb_matrix_eig_26": 0.00012880559105588694,
    "MEGNet_OFMEncoded_v1_18": 0.00012825647971554248,
    "RadialDistributionFunction_radial_distribution_function_d_3_00": 0.00011924293311047201,
    "SineCoulombMatrix_sine_coulomb_matrix_eig_85": 0.00011884332686031865,
    "AGNIFingerPrint_std_dev_AGNI_dir=y_eta=1_88e+00": 0.00011838067177158693,
    "CoulombMatrix_coulomb_matrix_eig_7": 0.00011645362970408983,
    "ElementFraction_P": 0.00011563370894906157,
    "CrystalNNFingerprint_mean_wt_CN_6": 0.0001151472716004997
}