{
    "ElementProperty_MagpieData_mean_Row": 0.008310054370898724,
    "ElementProperty_MagpieData_mean_NdValence": 0.004774606859924704,
    "TMetalFraction_transition_metal_fraction": 0.0028910528117410093,
    "ElementProperty_MagpieData_mode_Electronegativity": 0.0021893051621718397,
    "ValenceOrbital_frac_d_valence_electrons": 0.0020706698374328117,
    "ElementProperty_MagpieData_mean_NUnfilled": 0.001868767837611623,
    "ElementFraction_Mn": 0.0015350721506220079,
    "ElementProperty_MagpieData_maximum_Number": 0.0012833631398516201,
    "ElectronegativityDiff_mean_EN_difference": 0.0012819360066799882,
    "ElectronegativityDiff_maximum_EN_difference": 0.0012398421125079026,
    "Stoichiometry_10-norm": 0.0011425274544648604,
    "MEGNet_OFMEncoded_v1_100": 0.0009400538432601607,
    "ElementProperty_MagpieData_minimum_GSvolume_pa": 0.0009372402178592988,
    "ElementProperty_MagpieData_range_MeltingT": 0.000912552500031243,
    "BondFractions_Cu_-_O_bond_frac_": 0.0008824634520372707,
    "OxidationStates_std_dev_oxidation_state": 0.0008580259818979167,
    "ElementProperty_MagpieData_maximum_MeltingT": 0.0008115311578984872,
    "MEGNet_OFMEncoded_v1_9": 0.0007772956360895462,
    "ElementProperty_MagpieData_mode_CovalentRadius": 0.0007548371577743598,
    "ElementProperty_MagpieData_avg_dev_GSvolume_pa": 0.0007538498049295244,
    "GaussianSymmFunc_std_dev_G2_80_0": 0.0007400599634881803,
    "ElementProperty_MagpieData_minimum_MeltingT": 0.0007377416852880758,
    "MEGNet_OFMEncoded_v1_180": 0.0007282657875326939,
    "ElementFraction_O": 0.0007098550416207574,
    "ElementFraction_S": 0.0006936371841768145,
    "YangSolidSolution_Yang_omega": 0.0006798326122442397,
    "ElementProperty_MagpieData_mean_Number": 0.0006786840360418331,
    "ElementProperty_MagpieData_maximum_CovalentRadius": 0.0006785197363121882,
    "ElementFraction_Ti": 0.0006573487884256218,
    "IonProperty_avg_ionic_char": 0.000636319264146203
}