{
    "ElectronegativityDiff_maximum_EN_difference": 0.004732031268653133,
    "ElementProperty_MagpieData_mean_NpValence": 0.0029499256744333255,
    "MEGNet_OFMEncoded_v1_172": 0.002526118126428291,
    "AtomicOrbitals_HOMO_energy": 0.002372480266483135,
    "YangSolidSolution_Yang_omega": 0.0017976279230441303,
    "ElementProperty_MagpieData_avg_dev_GSbandgap": 0.0017485881924344342,
    "MaximumPackingEfficiency_max_packing_efficiency": 0.0017062305630614887,
    "ElementProperty_MagpieData_maximum_Number": 0.0016101378759395771,
    "ElementProperty_MagpieData_maximum_GSmagmom": 0.0015611925755540312,
    "MEGNet_OFMEncoded_v1_166": 0.0015200381200413413,
    "ElementProperty_MagpieData_mode_MeltingT": 0.0014947231323896534,
    "MEGNet_OFMEncoded_v1_79": 0.001353951959154342,
    "ElementProperty_MagpieData_mean_CovalentRadius": 0.001344149639199843,
    "BondFractions_Cu_-_O_bond_frac_": 0.0013288927077143254,
    "OxidationStates_maximum_oxidation_state": 0.0011212343062782845,
    "ElementProperty_MagpieData_maximum_MeltingT": 0.001103903771722912,
    "MEGNet_OFMEncoded_v1_113": 0.0010185281554739008,
    "Stoichiometry_3-norm": 0.000995972839923773,
    "BondOrientationParameter_mean_BOOP_Q_l=3": 0.0009510182472684338,
    "RadialDistributionFunction_radial_distribution_function_d_1_90": 0.0009350336808406325,
    "ElementProperty_MagpieData_mean_GSmagmom": 0.0008921984390015277,
    "MEGNet_OFMEncoded_v1_55": 0.0008905646020475826,
    "ElectronegativityDiff_std_dev_EN_difference": 0.000882529935080734,
    "OxidationStates_range_oxidation_state": 0.0008274420516924888,
    "VoronoiFingerprint_mean_Voro_area_maximum": 0.0008081277797858322,
    "AtomicOrbitals_gap_AO": 0.0007975725793264168,
    "Stoichiometry_5-norm": 0.0007959664183840918,
    "ElementProperty_MagpieData_mean_Column": 0.0007641503077697982,
    "ElectronegativityDiff_mean_EN_difference": 0.0007556646254347806,
    "ElementFraction_Fe": 0.0007427936075413615
}