{
    "ElementProperty_MagpieData_mean_MeltingT": 0.0011828780242107628,
    "BondFractions_O_-_Zn_bond_frac_": 0.0009692533247919552,
    "ElementProperty_MagpieData_avg_dev_Electronegativity": 0.0008990930221639723,
    "ElementProperty_MagpieData_avg_dev_CovalentRadius": 0.0008420733694671514,
    "BondFractions_O_-_Si_bond_frac_": 0.0008045760065165566,
    "ElectronegativityDiff_minimum_EN_difference": 0.000782659822642925,
    "ElementProperty_MagpieData_avg_dev_MendeleevNumber": 0.0007654892781888212,
    "MaximumPackingEfficiency_max_packing_efficiency": 0.0007315423570807727,
    "ElementProperty_MagpieData_mean_GSvolume_pa": 0.0007313081203873479,
    "StructuralHeterogeneity_range_neighbor_distance_variation": 0.0006447626423375057,
    "BondFractions_Mn_-_O_bond_frac_": 0.0006256654195720032,
    "MEGNet_OFMEncoded_v1_132": 0.0006132407143201596,
    "ValenceOrbital_frac_d_valence_electrons": 0.0005502916021333202,
    "MEGNet_OFMEncoded_v1_11": 0.000541573819060802,
    "LocalPropertyDifference_std_dev_local_difference_in_Electronegativity": 0.0005411514432081238,
    "MEGNet_OFMEncoded_v1_113": 0.0005317140993284891,
    "MEGNet_OFMEncoded_v1_8": 0.0005278477963484248,
    "MEGNet_OFMEncoded_v1_28": 0.000513877319253384,
    "BondFractions_Fe_-_O_bond_frac_": 0.0005138163064794221,
    "MEGNet_OFMEncoded_v1_67": 0.0004702332580300956,
    "BondFractions_Li_-_O_bond_frac_": 0.0004628958638270375,
    "ElectronegativityDiff_mean_EN_difference": 0.0004442535714713574,
    "MEGNet_OFMEncoded_v1_7": 0.00044262689113127245,
    "ElementProperty_MagpieData_maximum_Number": 0.00040587652710534597,
    "ElementFraction_Cl": 0.0003989776516998034,
    "AtomicOrbitals_HOMO_element": 0.00038880413886142407,
    "AGNIFingerPrint_std_dev_AGNI_eta=1_23e+00": 0.0003835050751843875,
    "ElementFraction_Mn": 0.00037734867251548244,
    "AtomicPackingEfficiency_mean_simul__packing_efficiency": 0.00035874695340111046,
    "AGNIFingerPrint_std_dev_AGNI_dir=x_eta=8_00e-01": 0.0003563508601938931
}