{
    "GeneralizedRDF_mean_Gaussian_center=0_0_width=1_0": 0.1858241248223638,
    "GeneralizedRDF_mean_Gaussian_center=4_0_width=1_0": 0.05280201622653598,
    "AGNIFingerPrint_mean_AGNI_eta=8_00e-01": 0.05261352272033095,
    "GaussianSymmFunc_mean_G2_80_0": 0.03389815460665933,
    "ElementProperty_MagpieData_minimum_GSvolume_pa": 0.02996194101390899,
    "ElementProperty_MagpieData_mean_NpValence": 0.02504656921183365,
    "GeneralizedRDF_mean_Gaussian_center=1_0_width=1_0": 0.023796376291681198,
    "RadialDistributionFunction_radial_distribution_function_d_3_90": 0.022011325938988437,
    "AverageBondLength_mean_Average_bond_length": 0.020930135123982032,
    "AGNIFingerPrint_mean_AGNI_eta=1_23e+00": 0.019264622305614695,
    "ElementFraction_S": 0.017264148065207097,
    "GeneralizedRDF_mean_Gaussian_center=2_0_width=1_0": 0.01537667847556238,
    "MEGNet_OFMEncoded_v1_69": 0.015172166750549408,
    "ElementProperty_MagpieData_range_GSvolume_pa": 0.014383975462096757,
    "ElementFraction_Pb": 0.014260988939185239,
    "MEGNet_OFMEncoded_v1_9": 0.013881455024407824,
    "GeneralizedRDF_mean_Gaussian_center=3_0_width=1_0": 0.013555927346964347,
    "MEGNet_OFMEncoded_v1_119": 0.01297961792036766,
    "ElementProperty_MagpieData_minimum_Electronegativity": 0.012683586963217381,
    "VoronoiFingerprint_mean_Voro_dist_minimum": 0.01260663961278706,
    "ElementProperty_MagpieData_mean_SpaceGroupNumber": 0.012495187378169575,
    "ElementFraction_K": 0.012030506392280408,
    "ElementProperty_MagpieData_mean_GSvolume_pa": 0.011978156578446216,
    "ElementProperty_MagpieData_minimum_MendeleevNumber": 0.011762173775138812,
    "ElementProperty_MagpieData_mean_MendeleevNumber": 0.011541255398529411,
    "MEGNet_OFMEncoded_v1_102": 0.011104349167077466,
    "ElementProperty_MagpieData_mode_GSvolume_pa": 0.010220397877942064,
    "BandCenter_band_center": 0.010129057626977927,
    "OPSiteFingerprint_mean_q6_CN_12": 0.009854235636401585,
    "ElementFraction_Sn": 0.009478149250609011
}