{
    "ElementFraction_O": 0.0815614249990687,
    "ElementProperty_MagpieData_mean_Electronegativity": 0.021850560514688228,
    "MaximumPackingEfficiency_max_packing_efficiency": 0.017029549470410032,
    "GeneralizedRDF_mean_Gaussian_center=2_0_width=1_0": 0.01644855440944599,
    "ElectronegativityDiff_minimum_EN_difference": 0.015838348818205013,
    "BondFractions_Co_-_O_bond_frac_": 0.014974931375760543,
    "BondFractions_Cd_-_Cd_bond_frac_": 0.014756470934056909,
    "BandCenter_band_center": 0.014065723038127507,
    "MEGNet_OFMEncoded_v1_122": 0.013590364097428202,
    "MEGNet_OFMEncoded_v1_32": 0.013572393721604695,
    "CrystalNNFingerprint_mean_bent_120_degrees_CN_2": 0.011308850926202265,
    "ElementProperty_MagpieData_range_Electronegativity": 0.010750379356511658,
    "TMetalFraction_transition_metal_fraction": 0.010711481097302928,
    "ElementProperty_MagpieData_mean_MeltingT": 0.010123521128581538,
    "CrystalNNFingerprint_mean_trigonal_planar_CN_3": 0.009509271129963049,
    "MEGNet_OFMEncoded_v1_55": 0.009355150404429713,
    "ElementProperty_MagpieData_mean_GSvolume_pa": 0.008676040228480706,
    "MEGNet_OFMEncoded_v1_86": 0.008553722027077333,
    "ElectronegativityDiff_maximum_EN_difference": 0.00855066365824161,
    "GeneralizedRDF_std_dev_Gaussian_center=1_0_width=1_0": 0.008480853937293515,
    "MEGNet_OFMEncoded_v1_87": 0.008220428583468633,
    "ElementProperty_MagpieData_mean_Column": 0.007377358790746034,
    "MEGNet_OFMEncoded_v1_158": 0.007187531449489453,
    "RadialDistributionFunction_radial_distribution_function_d_1_90": 0.0071676883124196815,
    "IonProperty_avg_ionic_char": 0.006910738256918367,
    "BondFractions_Ni_-_O_bond_frac_": 0.006903252486589198,
    "MEGNet_OFMEncoded_v1_34": 0.006636237887525149,
    "MEGNet_OFMEncoded_v1_19": 0.006630284534516395,
    "MEGNet_OFMEncoded_v1_79": 0.006603578381253729,
    "CrystalNNFingerprint_mean_trigonal_non-coplanar_CN_3": 0.006531208694917864
}