{
    "TMetalFraction_transition_metal_fraction": 0.30611663385104315,
    "ElementProperty_MagpieData_mean_GSmagmom": 0.17445938164073346,
    "RadialDistributionFunction_radial_distribution_function_d_1_90": 0.1402969199224875,
    "ElementProperty_MagpieData_maximum_CovalentRadius": 0.09776164454731301,
    "RadialDistributionFunction_radial_distribution_function_d_3_10": 0.07365610731857142,
    "ElementProperty_MagpieData_avg_dev_GSmagmom": 0.06680764615796261,
    "ElementProperty_MagpieData_minimum_GSvolume_pa": 0.05552945048580181,
    "ElectronegativityDiff_minimum_EN_difference": 0.051309365171576526,
    "GaussianSymmFunc_std_dev_G2_80_0": 0.04831924113767035,
    "ElementFraction_Yb": 0.045024788419610065,
    "RadialDistributionFunction_radial_distribution_function_d_3_00": 0.04474667555032909,
    "MEGNet_OFMEncoded_v1_158": 0.03883503247174843,
    "ElementProperty_MagpieData_mode_MendeleevNumber": 0.034806514334645336,
    "MEGNet_OFMEncoded_v1_161": 0.03462675544951352,
    "ElementFraction_N": 0.03284947136483166,
    "OPSiteFingerprint_mean_sgl_bd_CN_1": 0.03059440199454841,
    "ElementFraction_Ir": 0.029740034233386697,
    "GeneralizedRDF_std_dev_Gaussian_center=1_0_width=1_0": 0.02869799324081823,
    "MEGNet_OFMEncoded_v1_119": 0.028031839852543705,
    "MEGNet_OFMEncoded_v1_69": 0.027658190733814984,
    "MaximumPackingEfficiency_max_packing_efficiency": 0.02710332696277612,
    "ElementProperty_MagpieData_maximum_GSvolume_pa": 0.02633855827798771,
    "ElementFraction_Ru": 0.026334978324807787,
    "ValenceOrbital_frac_p_valence_electrons": 0.025944403055118977,
    "ElementFraction_Rh": 0.025386499189816947,
    "RadialDistributionFunction_radial_distribution_function_d_2_50": 0.02444177339406011,
    "MEGNet_OFMEncoded_v1_9": 0.024407805496378256,
    "BondOrientationParameter_mean_BOOP_Q_l=5": 0.022932690265783637,
    "MEGNet_OFMEncoded_v1_88": 0.022727514946760147,
    "ElementProperty_MagpieData_maximum_MeltingT": 0.022682926222143244
}