{
    "ValenceOrbital_frac_p_valence_electrons": 0.24479952564998025,
    "MEGNet_OFMEncoded_v1_86": 0.13840557569781392,
    "ElementProperty_MagpieData_mode_Electronegativity": 0.08054314273152202,
    "ElementProperty_MagpieData_maximum_Electronegativity": 0.06970046140948553,
    "TMetalFraction_transition_metal_fraction": 0.05185604543807828,
    "CrystalNNFingerprint_mean_bent_120_degrees_CN_2": 0.04496498146558187,
    "CrystalNNFingerprint_std_dev_bent_120_degrees_CN_2": 0.03799774269005918,
    "MEGNet_OFMEncoded_v1_140": 0.029892457413142785,
    "ElementProperty_MagpieData_mean_NsValence": 0.029816739479302436,
    "ElementProperty_MagpieData_avg_dev_Electronegativity": 0.027554390892164115,
    "MEGNet_OFMEncoded_v1_136": 0.02605152692182542,
    "ElementProperty_MagpieData_mean_GSmagmom": 0.025633437747355395,
    "ElementProperty_MagpieData_mean_Electronegativity": 0.02512769629586476,
    "MEGNet_OFMEncoded_v1_20": 0.024882426957217915,
    "DensityFeatures_packing_fraction": 0.024666130834296043,
    "RadialDistributionFunction_radial_distribution_function_d_4_90": 0.023803017233176387,
    "ElementProperty_MagpieData_avg_dev_SpaceGroupNumber": 0.023595476380700697,
    "GeneralizedRDF_mean_Gaussian_center=7_0_width=1_0": 0.023389692822049293,
    "ElementProperty_MagpieData_avg_dev_Column": 0.02337960384038032,
    "ElementFraction_Ni": 0.022870368725695752,
    "Miedema_Miedema_deltaH_amor": 0.022547795034622505,
    "ElementProperty_MagpieData_mode_MeltingT": 0.022218057369988154,
    "MaximumPackingEfficiency_max_packing_efficiency": 0.022125866392199343,
    "ElementProperty_MagpieData_mode_GSbandgap": 0.022094372130162476,
    "Miedema_Miedema_deltaH_ss_min": 0.02160320993143395,
    "ElementFraction_Rh": 0.019575975825620526,
    "GeneralizedRDF_std_dev_Gaussian_center=1_0_width=1_0": 0.01922785527883412,
    "XRDPowderPattern_xrd_39": 0.019129115985652624,
    "ElementProperty_MagpieData_avg_dev_NUnfilled": 0.019026356740967827,
    "YangSolidSolution_Yang_omega": 0.01897226745153682
}