{
    "ElementProperty_MagpieData_mean_CovalentRadius": 0.47867110853881656,
    "ElementProperty_MagpieData_mean_Electronegativity": 0.359507736705001,
    "BandCenter_band_center": 0.194084257796166,
    "DensityFeatures_packing_fraction": 0.1903518652809234,
    "ElementFraction_O": 0.1469365866768273,
    "CrystalNNFingerprint_mean_trigonal_pyramidal_CN_4": 0.14313300074379215,
    "CrystalNNFingerprint_mean_rectangular_see-saw-like_CN_4": 0.12883694036637094,
    "BondFractions_Mn_-_O_bond_frac_": 0.09690729563378046,
    "RadialDistributionFunction_radial_distribution_function_d_2_00": 0.07703610831205114,
    "MEGNet_OFMEncoded_v1_111": 0.07187154609077813,
    "ElementProperty_MagpieData_mean_GSmagmom": 0.06982371144632228,
    "GeneralizedRDF_std_dev_Gaussian_center=2_0_width=1_0": 0.067057168243725,
    "ElementProperty_MagpieData_mean_MendeleevNumber": 0.06612458716252637,
    "VoronoiFingerprint_mean_Voro_dist_std_dev": 0.0644643274690985,
    "VoronoiFingerprint_std_dev_Voro_dist_minimum": 0.059199264323555406,
    "AGNIFingerPrint_std_dev_AGNI_eta=1_88e+00": 0.056991979793687086,
    "ValenceOrbital_frac_d_valence_electrons": 0.05358842358557754,
    "GaussianSymmFunc_std_dev_G2_80_0": 0.0521150867909114,
    "BondFractions_Ni_-_O_bond_frac_": 0.05209757939642137,
    "GeneralizedRDF_mean_Gaussian_center=3_0_width=1_0": 0.050477632786518664,
    "ElectronegativityDiff_minimum_EN_difference": 0.05014572007916191,
    "MEGNet_OFMEncoded_v1_71": 0.048542409210419954,
    "MEGNet_OFMEncoded_v1_180": 0.04853445698506097,
    "ElectronegativityDiff_maximum_EN_difference": 0.04816498505537299,
    "ElectronegativityDiff_range_EN_difference": 0.0471528257873839,
    "BondFractions_H_-_O_bond_frac_": 0.04632749990174501,
    "ElementFraction_Br": 0.045170778247905566,
    "ElementProperty_MagpieData_range_Electronegativity": 0.04516667452296263,
    "GeneralizedRDF_std_dev_Gaussian_center=0_0_width=1_0": 0.04436408225872013,
    "CrystalNNFingerprint_std_dev_trigonal_bipyramidal_CN_5": 0.04423155375598292
}