{
    "TMetalFraction_transition_metal_fraction": 0.9241936567536524,
    "ElementProperty_MagpieData_mode_MeltingT": 0.3907327558905755,
    "ValenceOrbital_frac_d_valence_electrons": 0.3508494313780929,
    "AtomicOrbitals_HOMO_energy": 0.32720051399497463,
    "GeneralizedRDF_std_dev_Gaussian_center=0_0_width=1_0": 0.23919815331534464,
    "ElementProperty_MagpieData_mean_Row": 0.22591900690434122,
    "RadialDistributionFunction_radial_distribution_function_d_1_90": 0.1861848984050402,
    "OPSiteFingerprint_mean_sgl_bd_CN_1": 0.1831046200076843,
    "ElectronegativityDiff_maximum_EN_difference": 0.1781096564241393,
    "AGNIFingerPrint_std_dev_AGNI_dir=y_eta=8_00e-01": 0.16867658424056262,
    "ValenceOrbital_frac_p_valence_electrons": 0.1642707725050029,
    "ElectronegativityDiff_minimum_EN_difference": 0.1635912544540642,
    "ElementProperty_MagpieData_maximum_NUnfilled": 0.156870623680117,
    "AGNIFingerPrint_std_dev_AGNI_eta=1_23e+00": 0.14596104979098226,
    "ElementProperty_MagpieData_maximum_NdValence": 0.12654185846503657,
    "ElementProperty_MagpieData_maximum_MendeleevNumber": 0.11278290310260453,
    "ElementProperty_MagpieData_maximum_Number": 0.11167557239501671,
    "ElementProperty_MagpieData_mode_MendeleevNumber": 0.09138451670943787,
    "ElementProperty_MagpieData_mean_NpValence": 0.08911948901272133,
    "ElementFraction_F": 0.08334836977837644,
    "MEGNet_OFMEncoded_v1_79": 0.08273090066081443,
    "ElementProperty_MagpieData_mean_MeltingT": 0.08000060927426528,
    "ElementProperty_MagpieData_range_MeltingT": 0.07797879542758063,
    "AGNIFingerPrint_mean_AGNI_eta=8_00e-01": 0.07417775045059809,
    "BondOrientationParameter_mean_BOOP_Q_l=3": 0.07357516825284605,
    "AtomicOrbitals_gap_AO": 0.07328282961158604,
    "GeneralizedRDF_mean_Gaussian_center=5_0_width=1_0": 0.07152565125026764,
    "ElectronegativityDiff_mean_EN_difference": 0.07123763921836604,
    "RadialDistributionFunction_radial_distribution_function_d_1_80": 0.07024743110103959,
    "ElementProperty_MagpieData_avg_dev_NpValence": 0.06512815486257036
}