{
    "ElementFraction_K": 0.07818438059765218,
    "ElementProperty_MagpieData_minimum_Electronegativity": 0.06046288993329781,
    "GeneralizedRDF_mean_Gaussian_center=3_0_width=1_0": 0.043090171205833146,
    "GaussianSymmFunc_mean_G2_80_0": 0.04194646920475021,
    "TMetalFraction_transition_metal_fraction": 0.03626219070869339,
    "GeneralizedRDF_mean_Gaussian_center=4_0_width=1_0": 0.029129829355775256,
    "ElectronegativityDiff_std_dev_EN_difference": 0.027541137432787733,
    "DensityFeatures_packing_fraction": 0.026031894065651512,
    "MaximumPackingEfficiency_max_packing_efficiency": 0.024959707134611847,
    "ElementProperty_MagpieData_mean_GSvolume_pa": 0.023798320201758653,
    "VoronoiFingerprint_std_dev_Voro_vol_sum": 0.02205640799588815,
    "ElementFraction_Pb": 0.021749149101331855,
    "AGNIFingerPrint_mean_AGNI_eta=1_60e+01": 0.021452734899104146,
    "ElementFraction_Pd": 0.021195574387268823,
    "AverageBondLength_std_dev_Average_bond_length": 0.019140385165216742,
    "DensityFeatures_density": 0.018862738092293826,
    "ElementProperty_MagpieData_mean_NUnfilled": 0.01788986067943657,
    "ElementFraction_Ag": 0.017312804847521398,
    "ElementProperty_MagpieData_maximum_MendeleevNumber": 0.01720757411250009,
    "AGNIFingerPrint_std_dev_AGNI_eta=2_89e+00": 0.01712252854907217,
    "VoronoiFingerprint_mean_Voro_dist_minimum": 0.016817629860194302,
    "ElementFraction_Rb": 0.015642344597666457,
    "ElementFraction_Cl": 0.015487274241979673,
    "VoronoiFingerprint_mean_Voro_dist_std_dev": 0.015461242820987596,
    "ElementProperty_MagpieData_maximum_Number": 0.015382514910735902,
    "StructuralHeterogeneity_mean_neighbor_distance_variation": 0.01532036222435763,
    "GaussianSymmFunc_std_dev_G4_0_005_4_0_1_0": 0.015298070321314187,
    "ElementProperty_MagpieData_minimum_CovalentRadius": 0.015297274555161009,
    "ValenceOrbital_frac_p_valence_electrons": 0.015116387908198501,
    "ElementFraction_Ba": 0.014636849579761628
}