{
    "ElementProperty_MagpieData_range_Electronegativity": 0.07333301991429865,
    "YangSolidSolution_Yang_delta": 0.05816967456255862,
    "ElementFraction_O": 0.03171399260509915,
    "LocalPropertyDifference_std_dev_local_difference_in_Electronegativity": 0.02708471666904408,
    "IonProperty_max_ionic_char": 0.02211031937316902,
    "MEGNet_OFMEncoded_v1_111": 0.021629998179981208,
    "BondFractions_Ba_-_O_bond_frac_": 0.020128753841268287,
    "MEGNet_OFMEncoded_v1_63": 0.020090718128440817,
    "MEGNet_OFMEncoded_v1_29": 0.018890492680318286,
    "MEGNet_OFMEncoded_v1_64": 0.018400872308684448,
    "ElementProperty_MagpieData_maximum_NdValence": 0.01753849650593972,
    "ElectronegativityDiff_minimum_EN_difference": 0.016672668803929928,
    "BondFractions_Ca_-_O_bond_frac_": 0.01640373942974134,
    "ElementFraction_Ba": 0.015524151999296878,
    "BondFractions_H_-_O_bond_frac_": 0.014670604091418713,
    "LocalPropertyDifference_mean_local_difference_in_Electronegativity": 0.014183472210919857,
    "ElementProperty_MagpieData_mode_SpaceGroupNumber": 0.013876178569070433,
    "ElementProperty_MagpieData_avg_dev_Column": 0.01387552506654559,
    "ElementFraction_S": 0.013768758425435408,
    "ElementProperty_MagpieData_avg_dev_MeltingT": 0.013658146336708869,
    "MEGNet_OFMEncoded_v1_148": 0.013351036524333405,
    "ElectronegativityDiff_maximum_EN_difference": 0.01245415103922607,
    "ElementProperty_MagpieData_mode_NUnfilled": 0.012198963504149502,
    "ElementProperty_MagpieData_mean_MendeleevNumber": 0.012118861897166178,
    "ElementProperty_MagpieData_range_GSvolume_pa": 0.011410885060626564,
    "ElementFraction_Ge": 0.01129726912471588,
    "BondFractions_Ni_-_O_bond_frac_": 0.011287365455130378,
    "MaximumPackingEfficiency_max_packing_efficiency": 0.011210264393359285,
    "ElementProperty_MagpieData_mean_SpaceGroupNumber": 0.010769392566195683,
    "ElementProperty_MagpieData_minimum_Electronegativity": 0.01055747085503223
}