{
    "BondFractions_O_-_Ti_bond_frac_": 0.15137187754481674,
    "AtomicOrbitals_HOMO_energy": 0.13029757658110463,
    "ElementProperty_MagpieData_range_NdUnfilled": 0.11794928227681757,
    "ElementProperty_MagpieData_mean_Electronegativity": 0.10986726865991213,
    "ElementProperty_MagpieData_range_NUnfilled": 0.10419005882207563,
    "ElementProperty_MagpieData_avg_dev_CovalentRadius": 0.07317024350617418,
    "ElementProperty_MagpieData_range_MeltingT": 0.06666645704893608,
    "ElementProperty_MagpieData_minimum_CovalentRadius": 0.05725829826198279,
    "ElementProperty_MagpieData_mean_Column": 0.04952945464308934,
    "ElementFraction_Ti": 0.04928621715588534,
    "ElementProperty_MagpieData_range_CovalentRadius": 0.04792154826424197,
    "ElementProperty_MagpieData_avg_dev_NUnfilled": 0.047921127510597995,
    "ElementFraction_Cr": 0.047789238669466626,
    "ElementProperty_MagpieData_mean_CovalentRadius": 0.04678477107254796,
    "ValenceOrbital_frac_p_valence_electrons": 0.0455754903273376,
    "ElementFraction_V": 0.04433404742221209,
    "MEGNet_OFMEncoded_v1_84": 0.04385997240474563,
    "ElementProperty_MagpieData_mean_GSbandgap": 0.043137563735235925,
    "ElementProperty_MagpieData_maximum_NUnfilled": 0.04090574898666595,
    "ElementFraction_Ta": 0.04015774287777139,
    "MEGNet_OFMEncoded_v1_178": 0.03980579889827288,
    "MEGNet_OFMEncoded_v1_50": 0.03925721940593156,
    "ElementProperty_MagpieData_avg_dev_Column": 0.03859974135890512,
    "GaussianSymmFunc_mean_G2_80_0": 0.038371523421914154,
    "MaximumPackingEfficiency_max_packing_efficiency": 0.03718560507923842,
    "OPSiteFingerprint_mean_sgl_bd_CN_1": 0.03651382245952911,
    "ElementProperty_MagpieData_mean_Row": 0.0363380376095849,
    "XRDPowderPattern_xrd_10": 0.036083678572592925,
    "RadialDistributionFunction_radial_distribution_function_d_2_70": 0.03556172885588713,
    "ElementFraction_B": 0.03530424673008816
}