{
    "RadialDistributionFunction_radial_distribution_function_d_3_90": 0.11786720665376571,
    "RadialDistributionFunction_radial_distribution_function_d_3_80": 0.06961117392026385,
    "ElementProperty_MagpieData_mean_GSvolume_pa": 0.05308054603793209,
    "ElementFraction_O": 0.03785833448166499,
    "DensityFeatures_packing_fraction": 0.03778985974958509,
    "MaximumPackingEfficiency_max_packing_efficiency": 0.03777979833889375,
    "RadialDistributionFunction_radial_distribution_function_d_3_70": 0.03548745634341922,
    "StructuralHeterogeneity_mean_absolute_deviation_in_relative_bond_length": 0.03228325552104373,
    "RadialDistributionFunction_radial_distribution_function_d_2_10": 0.031832631322313724,
    "BondFractions_O_-_V_bond_frac_": 0.031658302113726465,
    "ElectronegativityDiff_minimum_EN_difference": 0.031040321275828717,
    "ElementProperty_MagpieData_avg_dev_SpaceGroupNumber": 0.029581300426577826,
    "AGNIFingerPrint_std_dev_AGNI_dir=y_eta=1_23e+00": 0.02957104250257786,
    "BondFractions_Mn_-_O_bond_frac_": 0.028577116041883423,
    "TMetalFraction_transition_metal_fraction": 0.027969135746428918,
    "MEGNet_OFMEncoded_v1_125": 0.027282005624646923,
    "ElementProperty_MagpieData_minimum_GSvolume_pa": 0.026889983025223874,
    "ElementProperty_MagpieData_avg_dev_NdUnfilled": 0.02631206803245495,
    "RadialDistributionFunction_radial_distribution_function_d_3_20": 0.02593497698529029,
    "XRDPowderPattern_xrd_18": 0.02490164573847176,
    "ElementProperty_MagpieData_avg_dev_NValence": 0.023207178964983945,
    "ElementFraction_Rb": 0.02317718720855022,
    "RadialDistributionFunction_radial_distribution_function_d_3_00": 0.023051147366498218,
    "BondOrientationParameter_std_dev_BOOP_Q_l=1": 0.022852072372430195,
    "ElementFraction_Cr": 0.022549628187870464,
    "ElementProperty_MagpieData_avg_dev_Column": 0.02161592753853195,
    "RadialDistributionFunction_radial_distribution_function_d_3_10": 0.02133792038199242,
    "ElementProperty_MagpieData_maximum_NdUnfilled": 0.02104311035083367,
    "BondOrientationParameter_mean_BOOP_Q_l=3": 0.02094106381391908,
    "BondOrientationParameter_std_dev_BOOP_Q_l=4": 0.02011480178980792
}