{
    "GeneralizedRDF_mean_Gaussian_center=3_0_width=1_0": 0.11118779930441586,
    "ElementProperty_MagpieData_mode_MendeleevNumber": 0.10643343263791215,
    "ElementProperty_MagpieData_mean_NpValence": 0.07285707853637201,
    "ElementFraction_S": 0.06137715391063138,
    "DensityFeatures_vpa": 0.06059732394826379,
    "VoronoiFingerprint_std_dev_Voro_vol_sum": 0.0478262434769532,
    "MaximumPackingEfficiency_max_packing_efficiency": 0.03652626529613235,
    "ElementProperty_MagpieData_minimum_Electronegativity": 0.03214161148692799,
    "ElementProperty_MagpieData_avg_dev_Electronegativity": 0.029833126666780445,
    "GeneralizedRDF_mean_Gaussian_center=7_0_width=1_0": 0.02869296986472161,
    "GeneralizedRDF_mean_Gaussian_center=6_0_width=1_0": 0.027639261771126338,
    "ElementProperty_MagpieData_maximum_MeltingT": 0.02352617192500274,
    "BondOrientationParameter_mean_BOOP_Q_l=1": 0.022996684192599277,
    "GeneralizedRDF_std_dev_Gaussian_center=4_0_width=1_0": 0.02027484941902163,
    "ElementProperty_MagpieData_mean_MendeleevNumber": 0.019007994487534395,
    "ElementProperty_MagpieData_mean_GSvolume_pa": 0.01891339466412527,
    "ElementProperty_MagpieData_mean_Column": 0.018526882646990754,
    "DensityFeatures_packing_fraction": 0.01848835931334424,
    "ElementProperty_MagpieData_avg_dev_CovalentRadius": 0.017449100634985983,
    "AverageBondLength_std_dev_Average_bond_length": 0.017422331649271462,
    "ElementProperty_MagpieData_mean_NValence": 0.01463774636336903,
    "GeneralizedRDF_mean_Gaussian_center=4_0_width=1_0": 0.01462277322322287,
    "MEGNet_OFMEncoded_v1_132": 0.013423062731636739,
    "ElementProperty_MagpieData_maximum_MendeleevNumber": 0.012899486621459596,
    "GeneralizedRDF_mean_Gaussian_center=5_0_width=1_0": 0.012261760239007526,
    "AGNIFingerPrint_std_dev_AGNI_eta=1_88e+00": 0.012179890688627817,
    "GeneralizedRDF_mean_Gaussian_center=0_0_width=1_0": 0.012055778630534073,
    "MEGNet_OFMEncoded_v1_11": 0.01194290011825132,
    "AverageBondLength_mean_Average_bond_length": 0.011572713753195704,
    "ElementProperty_MagpieData_avg_dev_GSbandgap": 0.01117295947484166
}