{
    "GeneralizedRDF_mean_Gaussian_center=3_0_width=1_0": 0.05194362381522959,
    "ElementProperty_MagpieData_mean_NpValence": 0.03021783914649053,
    "ElementFraction_I": 0.024991018674341958,
    "GeneralizedRDF_mean_Gaussian_center=4_0_width=1_0": 0.021398981982682974,
    "AverageBondLength_std_dev_Average_bond_length": 0.019898835872647666,
    "ElementProperty_MagpieData_minimum_GSvolume_pa": 0.016965016553556814,
    "ElementProperty_MagpieData_mode_MendeleevNumber": 0.015685364077374447,
    "MEGNet_OFMEncoded_v1_19": 0.01442188722248775,
    "VoronoiFingerprint_std_dev_Voro_vol_sum": 0.013832485461913315,
    "GeneralizedRDF_std_dev_Gaussian_center=2_0_width=1_0": 0.012564471417528008,
    "DensityFeatures_packing_fraction": 0.01139065697233911,
    "MEGNet_OFMEncoded_v1_33": 0.01113099450700444,
    "GaussianSymmFunc_mean_G4_0_005_4_0_1_0": 0.010035391899055349,
    "AGNIFingerPrint_mean_AGNI_eta=1_88e+00": 0.008605339011622868,
    "GeneralizedRDF_std_dev_Gaussian_center=3_0_width=1_0": 0.008164021286535504,
    "ElementFraction_Cl": 0.008091119077904618,
    "MEGNet_OFMEncoded_v1_97": 0.007942287994416432,
    "BandCenter_band_center": 0.00720654387224258,
    "ElementProperty_MagpieData_avg_dev_Electronegativity": 0.005829835344339917,
    "GaussianSymmFunc_mean_G4_0_005_1_0_1_0": 0.005793664556451047,
    "ElementProperty_MagpieData_mean_Column": 0.005371288779895291,
    "MEGNet_OFMEncoded_v1_125": 0.005249299315275846,
    "AGNIFingerPrint_mean_AGNI_eta=1_60e+01": 0.005049634464500254,
    "ElementProperty_MagpieData_avg_dev_NpUnfilled": 0.005028041984692339,
    "ElementProperty_MagpieData_mean_GSvolume_pa": 0.0049635057700042964,
    "GeneralizedRDF_mean_Gaussian_center=5_0_width=1_0": 0.004876607118836415,
    "GeneralizedRDF_mean_Gaussian_center=8_0_width=1_0": 0.004610216447387002,
    "ElementProperty_MagpieData_minimum_Electronegativity": 0.004608809537806797,
    "ElementProperty_MagpieData_avg_dev_NpValence": 0.0045705803163845725,
    "MEGNet_OFMEncoded_v1_18": 0.004559608495022945
}