{
    "ElementProperty_MagpieData_minimum_Number": 0.017957316684088696,
    "AGNIFingerPrint_mean_AGNI_eta=8_00e-01": 0.015234819555904788,
    "MEGNet_OFMEncoded_v1_63": 0.009611789630257932,
    "MEGNet_OFMEncoded_v1_172": 0.00935855644336929,
    "ElementProperty_MagpieData_mean_Column": 0.008591898867177015,
    "AtomicPackingEfficiency_mean_simul__packing_efficiency": 0.007509505815883267,
    "XRDPowderPattern_xrd_74": 0.0066145901716805015,
    "ElementFraction_Au": 0.00477289280294077,
    "MEGNet_OFMEncoded_v1_132": 0.003932014610337569,
    "CrystalNNFingerprint_mean_wt_CN_8": 0.003779912439922986,
    "ElementFraction_Pd": 0.0034193707035294323,
    "XRDPowderPattern_xrd_41": 0.003213051201931037,
    "MEGNet_OFMEncoded_v1_183": 0.003160688309957474,
    "ElementFraction_Ba": 0.002761452993176777,
    "MEGNet_OFMEncoded_v1_166": 0.0026444497897169404,
    "GeneralizedRDF_std_dev_Gaussian_center=3_0_width=1_0": 0.0025131519259004986,
    "ElectronegativityDiff_maximum_EN_difference": 0.0022382666892298833,
    "ElementProperty_MagpieData_mean_NdValence": 0.0020809785505623867,
    "ValenceOrbital_frac_s_valence_electrons": 0.002027768895492579,
    "BandCenter_band_center": 0.0019187494401701193,
    "ElementProperty_MagpieData_mode_GSbandgap": 0.0017909428434496534,
    "ValenceOrbital_frac_d_valence_electrons": 0.0017882920398645818,
    "TMetalFraction_transition_metal_fraction": 0.0017830923571855485,
    "MEGNet_OFMEncoded_v1_62": 0.0017234091341192875,
    "ElementFraction_Sb": 0.0016980992784923308,
    "ElementFraction_S": 0.001598762026347958,
    "StructuralHeterogeneity_range_neighbor_distance_variation": 0.001597574461916363,
    "AverageBondLength_mean_Average_bond_length": 0.0015734041086963241,
    "GeneralizedRDF_mean_Gaussian_center=5_0_width=1_0": 0.0015546240037677117,
    "ElementProperty_MagpieData_mode_NUnfilled": 0.001536962956492307
}