{
    "GeneralizedRDF_mean_Gaussian_center=3_0_width=1_0": 0.017418112006007642,
    "DensityFeatures_packing_fraction": 0.015203198214863609,
    "ElementFraction_I": 0.011244889123429686,
    "CrystalNNFingerprint_mean_wt_CN_1": 0.010639257099637948,
    "DensityFeatures_density": 0.007914865737669571,
    "ElementFraction_Rb": 0.0055815901377157355,
    "GeneralizedRDF_mean_Gaussian_center=6_0_width=1_0": 0.00534278126884378,
    "ElementProperty_MagpieData_mean_GSbandgap": 0.004423754870143671,
    "ElementProperty_MagpieData_minimum_GSvolume_pa": 0.004232290659874141,
    "GeneralizedRDF_mean_Gaussian_center=9_0_width=1_0": 0.004181285181816415,
    "AGNIFingerPrint_std_dev_AGNI_dir=y_eta=1_88e+00": 0.003931814813296963,
    "ElementProperty_MagpieData_mean_CovalentRadius": 0.003829430409719245,
    "ElementFraction_Ga": 0.0038006058221963083,
    "AGNIFingerPrint_mean_AGNI_eta=2_89e+00": 0.003463903897072673,
    "MEGNet_OFMEncoded_v1_67": 0.0033556762346806275,
    "ElementProperty_MagpieData_mean_Column": 0.003012077888952121,
    "ElementProperty_MagpieData_mean_MendeleevNumber": 0.0029484809970101006,
    "MaximumPackingEfficiency_max_packing_efficiency": 0.0028815417005224153,
    "ElementProperty_MagpieData_avg_dev_Electronegativity": 0.0028693922637704986,
    "RadialDistributionFunction_radial_distribution_function_d_3_90": 0.0027875721157950436,
    "AGNIFingerPrint_std_dev_AGNI_dir=y_eta=1_23e+00": 0.0026334841693335014,
    "VoronoiFingerprint_std_dev_Voro_vol_sum": 0.0025650778508413572,
    "MEGNet_OFMEncoded_v1_90": 0.002517735968624676,
    "ElementFraction_In": 0.0024291403714772355,
    "GaussianSymmFunc_std_dev_G4_0_005_1_0_-1_0": 0.0024095307349333286,
    "DensityFeatures_vpa": 0.002385096916027875,
    "StructuralHeterogeneity_maximum_neighbor_distance_variation": 0.0023725482626456933,
    "GaussianSymmFunc_std_dev_G2_4_0": 0.0022843974782214833,
    "BondOrientationParameter_mean_BOOP_Q_l=2": 0.0022546859078459826,
    "OPSiteFingerprint_mean_sgl_bd_CN_1": 0.0022273408949784286
}