{
    "ElementProperty_MagpieData_mean_Electronegativity": 0.046170035569221765,
    "ElementProperty_MagpieData_maximum_Electronegativity": 0.04612860432366397,
    "ElementProperty_MagpieData_mode_MendeleevNumber": 0.03661605595334049,
    "GeneralizedRDF_mean_Gaussian_center=3_0_width=1_0": 0.03037470608811928,
    "RadialDistributionFunction_radial_distribution_function_d_3_90": 0.029610936925984988,
    "VoronoiFingerprint_mean_Voro_vol_maximum": 0.027845349291786385,
    "BandCenter_band_center": 0.02660754499234098,
    "ElementProperty_MagpieData_range_MendeleevNumber": 0.02627795167766891,
    "GeneralizedRDF_mean_Gaussian_center=5_0_width=1_0": 0.022534177013636553,
    "ElementProperty_MagpieData_mode_Electronegativity": 0.02138798887431032,
    "ElementProperty_MagpieData_mode_GSbandgap": 0.020627600538547522,
    "ElementProperty_MagpieData_minimum_CovalentRadius": 0.01899772632330035,
    "ElementProperty_MagpieData_maximum_MeltingT": 0.014439913363244912,
    "RadialDistributionFunction_radial_distribution_function_d_3_80": 0.014407046504002128,
    "ElementProperty_MagpieData_mean_NdUnfilled": 0.014221058121611143,
    "ElementFraction_Br": 0.013968629824921542,
    "ElementProperty_MagpieData_minimum_MeltingT": 0.012970615576254549,
    "ElementFraction_S": 0.012227537393213798,
    "GeneralizedRDF_std_dev_Gaussian_center=2_0_width=1_0": 0.011441513111506001,
    "StructuralHeterogeneity_min_relative_bond_length": 0.011335513375054672,
    "RadialDistributionFunction_radial_distribution_function_d_4_00": 0.01102658173636529,
    "ElementProperty_MagpieData_avg_dev_NpValence": 0.010776693637081234,
    "ElementFraction_Ba": 0.010769706645236705,
    "ElementProperty_MagpieData_maximum_NdUnfilled": 0.010512742636682478,
    "GeneralizedRDF_mean_Gaussian_center=0_0_width=1_0": 0.01015666992008366,
    "MEGNet_OFMEncoded_v1_164": 0.009695980977060174,
    "ElementProperty_MagpieData_mean_CovalentRadius": 0.009430942142715693,
    "MEGNet_OFMEncoded_v1_19": 0.009379780457900125,
    "ElementFraction_Rb": 0.009326243026779197,
    "MEGNet_OFMEncoded_v1_57": 0.009130618729940414
}