{
    "GeneralizedRDF_mean_Gaussian_center=3_0_width=1_0": 0.001970187741823764,
    "ElementFraction_Rb": 0.0018703778281348568,
    "ElementFraction_Cl": 0.001667927251002572,
    "ElementProperty_MagpieData_mode_MendeleevNumber": 0.0016366884872524795,
    "ElementFraction_Br": 0.001625380055567464,
    "RadialDistributionFunction_radial_distribution_function_d_3_90": 0.0014272141501367667,
    "ElementProperty_MagpieData_mean_GSvolume_pa": 0.001367456912253105,
    "MaximumPackingEfficiency_max_packing_efficiency": 0.0013102801014809227,
    "DensityFeatures_vpa": 0.0012927665028193076,
    "ElementProperty_MagpieData_avg_dev_GSvolume_pa": 0.0012132025940768984,
    "ElectronegativityDiff_range_EN_difference": 0.0010508926279222458,
    "ElementProperty_MagpieData_avg_dev_NpValence": 0.0010187855936149787,
    "ElementProperty_MagpieData_mean_NdValence": 0.0009180003994449533,
    "ElementProperty_MagpieData_avg_dev_Column": 0.0008533957821059993,
    "ElementProperty_MagpieData_avg_dev_CovalentRadius": 0.0008146229430405293,
    "ElementProperty_MagpieData_avg_dev_SpaceGroupNumber": 0.0008043400395483462,
    "ElementFraction_I": 0.0007542843251207666,
    "VoronoiFingerprint_mean_Voro_dist_minimum": 0.000727821893428652,
    "ElementFraction_V": 0.0007178410518210184,
    "AGNIFingerPrint_mean_AGNI_eta=2_89e+00": 0.0006647192619934,
    "AGNIFingerPrint_std_dev_AGNI_eta=1_23e+00": 0.0006590326681211402,
    "BondFractions_Mn_-_O_bond_frac_": 0.0006408523218874399,
    "ElementProperty_MagpieData_maximum_MeltingT": 0.0006383338399656343,
    "RadialDistributionFunction_radial_distribution_function_d_2_50": 0.000623373256174391,
    "GeneralizedRDF_std_dev_Gaussian_center=2_0_width=1_0": 0.0006112453715302599,
    "ElementProperty_MagpieData_range_GSvolume_pa": 0.0005969770861111594,
    "MEGNet_OFMEncoded_v1_72": 0.0005769944020787693,
    "VoronoiFingerprint_std_dev_Voro_vol_sum": 0.0005752743384844879,
    "DensityFeatures_packing_fraction": 0.0005695493626916373,
    "MEGNet_OFMEncoded_v1_183": 0.0005666163111405748
}