{
    "MEGNet_OFMEncoded_v1_111": 0.050724151078193426,
    "MEGNet_OFMEncoded_v1_16": 0.03895933626491595,
    "MEGNet_OFMEncoded_v1_145": 0.02385313025786334,
    "MEGNet_OFMEncoded_v1_48": 0.021240143714285932,
    "ElementProperty_MagpieData_minimum_MendeleevNumber": 0.01993230290223054,
    "AtomicOrbitals_HOMO_energy": 0.019320980227439853,
    "MEGNet_OFMEncoded_v1_171": 0.016676042933395915,
    "ElementProperty_MagpieData_mean_CovalentRadius": 0.012674889983237821,
    "ElementProperty_MagpieData_minimum_GSvolume_pa": 0.011685405345330706,
    "GaussianSymmFunc_mean_G2_80_0": 0.010751222075500172,
    "CrystalNNFingerprint_mean_hexagonal_bipyramidal_CN_8": 0.009286545546602834,
    "DensityFeatures_packing_fraction": 0.008976073897283167,
    "MEGNet_OFMEncoded_v1_14": 0.007725404229278987,
    "Miedema_Miedema_deltaH_inter": 0.006909747022811711,
    "ElementFraction_Mg": 0.006241907894663481,
    "MEGNet_OFMEncoded_v1_69": 0.006171356803948522,
    "StructuralHeterogeneity_mean_neighbor_distance_variation": 0.006157085868212709,
    "YangSolidSolution_Yang_delta": 0.005723756643746709,
    "MaximumPackingEfficiency_max_packing_efficiency": 0.005413443974924685,
    "ElementProperty_MagpieData_maximum_CovalentRadius": 0.0054130056930497316,
    "ElementProperty_MagpieData_mean_Electronegativity": 0.0053762791486199205,
    "ElementProperty_MagpieData_mean_MendeleevNumber": 0.00536817046462135,
    "ElementProperty_MagpieData_range_MendeleevNumber": 0.005115409264291756,
    "XRDPowderPattern_xrd_66": 0.004858394026385424,
    "GeneralizedRDF_mean_Gaussian_center=2_0_width=1_0": 0.0046888427899894405,
    "ElementProperty_MagpieData_mean_GSbandgap": 0.004637356146436843,
    "MEGNet_OFMEncoded_v1_31": 0.004633691756019192,
    "CrystalNNFingerprint_mean_wt_CN_22": 0.004458557909965451,
    "MEGNet_OFMEncoded_v1_118": 0.004157734001364609,
    "ElementProperty_MagpieData_mean_GSvolume_pa": 0.004141779279423175
}