{
    "VoronoiFingerprint_mean_Voro_dist_minimum": 0.0018346823249865544,
    "MEGNet_OFMEncoded_v1_71": 0.0016395774596525122,
    "ElementProperty_MagpieData_mean_CovalentRadius": 0.0015963443627473994,
    "XRDPowderPattern_xrd_25": 0.0013103755267037595,
    "ElementProperty_MagpieData_minimum_GSvolume_pa": 0.0011503731833538157,
    "ElementFraction_F": 0.0011007477755675275,
    "ElementProperty_MagpieData_mean_NpValence": 0.0010994034052165663,
    "ElementProperty_MagpieData_maximum_MeltingT": 0.001050355844769875,
    "ElementFraction_S": 0.0010330413573327298,
    "GaussianSymmFunc_std_dev_G2_80_0": 0.0010098609969466017,
    "RadialDistributionFunction_radial_distribution_function_d_3_20": 0.0009879396998960937,
    "ElementFraction_O": 0.000940525102443266,
    "RadialDistributionFunction_radial_distribution_function_d_3_90": 0.0008189704212171795,
    "MaximumPackingEfficiency_max_packing_efficiency": 0.0007892697403206919,
    "ElementProperty_MagpieData_mean_Electronegativity": 0.0007535837581469973,
    "MEGNet_OFMEncoded_v1_51": 0.0007108555693865957,
    "BondOrientationParameter_mean_BOOP_Q_l=2": 0.0007003601376709875,
    "AGNIFingerPrint_std_dev_AGNI_dir=y_eta=8_00e-01": 0.0006571832584518451,
    "RadialDistributionFunction_radial_distribution_function_d_3_10": 0.0006498200550127262,
    "MEGNet_OFMEncoded_v1_82": 0.0006468167334880283,
    "ElementProperty_MagpieData_mean_GSvolume_pa": 0.0006268505616078412,
    "ElementFraction_Hg": 0.0006177331212540319,
    "ElementProperty_MagpieData_maximum_NpUnfilled": 0.0006000385140446232,
    "StructuralHeterogeneity_mean_neighbor_distance_variation": 0.0005381499386626538,
    "GeneralizedRDF_std_dev_Gaussian_center=2_0_width=1_0": 0.0005286347041810409,
    "AGNIFingerPrint_std_dev_AGNI_eta=1_23e+00": 0.000522369541625173,
    "RadialDistributionFunction_radial_distribution_function_d_3_30": 0.0004929000511099136,
    "ElectronegativityDiff_minimum_EN_difference": 0.0004896880162885626,
    "BondFractions_O_-_P_bond_frac_": 0.0004826700902901985,
    "GaussianSymmFunc_mean_G2_80_0": 0.0004733803284310443
}