{
    "MEGNet_OFMEncoded_v1_107": 0.035043850010146746,
    "MEGNet_OFMEncoded_v1_51": 0.02271045421902769,
    "MEGNet_OFMEncoded_v1_138": 0.01777664158307688,
    "MEGNet_OFMEncoded_v1_71": 0.015603793261855207,
    "BandCenter_band_center": 0.014931168034616912,
    "GeneralizedRDF_std_dev_Gaussian_center=8_0_width=1_0": 0.00697410611648159,
    "ElementFraction_S": 0.006609091397470611,
    "MEGNet_OFMEncoded_v1_33": 0.0061679586218043436,
    "MEGNet_OFMEncoded_v1_137": 0.006054434847818103,
    "GeneralizedRDF_std_dev_Gaussian_center=4_0_width=1_0": 0.005761795609698294,
    "BondFractions_O_-_Ti_bond_frac_": 0.004876931619610759,
    "ElementProperty_MagpieData_maximum_GSvolume_pa": 0.004735753121403871,
    "ElementProperty_MagpieData_range_Electronegativity": 0.004285977284010154,
    "ElementProperty_MagpieData_mean_MeltingT": 0.003890159406117914,
    "BondFractions_K_-_O_bond_frac_": 0.0036598408986140917,
    "MEGNet_OFMEncoded_v1_180": 0.0036460214590379363,
    "GeneralizedRDF_std_dev_Gaussian_center=7_0_width=1_0": 0.003641489422095054,
    "XRDPowderPattern_xrd_32": 0.003595589049186172,
    "ElementProperty_MagpieData_mean_NpUnfilled": 0.003592340770695246,
    "MaximumPackingEfficiency_max_packing_efficiency": 0.0034468939771161358,
    "ElementFraction_F": 0.003426016697781639,
    "CrystalNNFingerprint_mean_wt_CN_1": 0.0033179304541722248,
    "MEGNet_OFMEncoded_v1_116": 0.003287588456144736,
    "MEGNet_OFMEncoded_v1_32": 0.0031836958414471713,
    "LocalPropertyDifference_mean_local_difference_in_Electronegativity": 0.003140884391348859,
    "ElementFraction_Tl": 0.0031003887998046122,
    "MEGNet_OFMEncoded_v1_103": 0.0029935636375972557,
    "YangSolidSolution_Yang_omega": 0.002945633415006606,
    "MEGNet_OFMEncoded_v1_133": 0.002776110648006916,
    "BondFractions_Na_-_O_bond_frac_": 0.0027425985664895577
}