{
    "ElementProperty_MagpieData_maximum_Electronegativity": 1.1507489992017024,
    "Miedema_Miedema_deltaH_inter": 0.35705600825989753,
    "ElementProperty_MagpieData_mode_SpaceGroupNumber": 0.20686659223563053,
    "ElementProperty_MagpieData_mean_Column": 0.17210935076992986,
    "ElementProperty_MagpieData_mean_MeltingT": 0.1603013625312248,
    "ElementProperty_MagpieData_mean_GSvolume_pa": 0.1173785619241146,
    "GeneralizedRDF_mean_Gaussian_center=2_0_width=1_0": 0.11296565593820179,
    "ElementProperty_MagpieData_mean_NdUnfilled": 0.09607104677606855,
    "ElementProperty_MagpieData_mean_SpaceGroupNumber": 0.07809795457622375,
    "ElementProperty_MagpieData_avg_dev_MendeleevNumber": 0.07170413984146103,
    "ElementProperty_MagpieData_mode_Number": 0.06567438858947953,
    "ElementProperty_MagpieData_maximum_MeltingT": 0.05605633638753524,
    "ElementProperty_MagpieData_avg_dev_CovalentRadius": 0.05508885277612513,
    "ElementProperty_MagpieData_avg_dev_NdUnfilled": 0.051408811265787134,
    "ElementProperty_MagpieData_maximum_MendeleevNumber": 0.0493224592599715,
    "MaximumPackingEfficiency_max_packing_efficiency": 0.047407352339707276,
    "ElementProperty_MagpieData_avg_dev_Column": 0.04506014489973046,
    "ElementProperty_MagpieData_minimum_GSvolume_pa": 0.04380042349408117,
    "BandCenter_band_center": 0.043413941071899456,
    "TMetalFraction_transition_metal_fraction": 0.038856450615330544,
    "ElementProperty_MagpieData_minimum_MeltingT": 0.03836016569572154,
    "ElementProperty_MagpieData_range_Column": 0.03698388510083021,
    "ElementProperty_MagpieData_mean_CovalentRadius": 0.03561808750951861,
    "ElementProperty_MagpieData_mean_GSbandgap": 0.03198059024300447,
    "IonProperty_avg_ionic_char": 0.030878237224569994,
    "ElementProperty_MagpieData_mode_MeltingT": 0.03085902971406199,
    "ElementProperty_MagpieData_mean_NpUnfilled": 0.03064110596536162,
    "ElementProperty_MagpieData_mean_MendeleevNumber": 0.029593320065610464,
    "MEGNet_OFMEncoded_v1_98": 0.029592190510292455,
    "ElementProperty_MagpieData_mode_CovalentRadius": 0.028637383691479605
}