{
    "ElementProperty_MagpieData_mean_GSvolume_pa": 0.14333270465356077,
    "ElementProperty_MagpieData_mean_NUnfilled": 0.06510056532957388,
    "BandCenter_band_center": 0.05903306436283045,
    "ElementProperty_MagpieData_mode_Column": 0.05757930299547819,
    "GeneralizedRDF_mean_Gaussian_center=2_0_width=1_0": 0.04906146854700594,
    "ElementProperty_MagpieData_maximum_MeltingT": 0.03852560022544033,
    "AGNIFingerPrint_mean_AGNI_eta=1_88e+00": 0.03798373208567395,
    "ElementProperty_MagpieData_mode_NUnfilled": 0.037691465899268035,
    "ElementProperty_MagpieData_minimum_Electronegativity": 0.03706793779757076,
    "ElementProperty_MagpieData_mode_MendeleevNumber": 0.03473424588032777,
    "DensityFeatures_density": 0.030886867627823635,
    "AGNIFingerPrint_mean_AGNI_eta=1_23e+00": 0.03057708322014746,
    "ElementProperty_MagpieData_mean_NpUnfilled": 0.026777759216576397,
    "ElementProperty_MagpieData_minimum_Column": 0.024074423594552117,
    "ElementProperty_MagpieData_mean_Electronegativity": 0.022582982125266646,
    "ElementFraction_Rb": 0.02148987698467006,
    "ElementProperty_MagpieData_avg_dev_Column": 0.02138866744896735,
    "RadialDistributionFunction_radial_distribution_function_d_3_50": 0.018655811345926667,
    "ElementFraction_Na": 0.017993215175723304,
    "ElementProperty_MagpieData_avg_dev_MeltingT": 0.017675892125326415,
    "ElementProperty_MagpieData_minimum_MendeleevNumber": 0.016726213692489438,
    "ElementProperty_MagpieData_minimum_NUnfilled": 0.016683708555402216,
    "RadialDistributionFunction_radial_distribution_function_d_2_80": 0.016329178420191562,
    "ElementProperty_MagpieData_avg_dev_MendeleevNumber": 0.016106703373697153,
    "ElementProperty_MagpieData_maximum_MendeleevNumber": 0.01609063861305933,
    "ElementProperty_MagpieData_avg_dev_GSvolume_pa": 0.01419502665462254,
    "GaussianSymmFunc_std_dev_G2_80_0": 0.01418094824485467,
    "OxidationStates_std_dev_oxidation_state": 0.013794003988813823,
    "ElementFraction_Br": 0.013321973511635712,
    "RadialDistributionFunction_radial_distribution_function_d_3_60": 0.013218757766521419
}