{
    "TMetalFraction_transition_metal_fraction": 0.13739230763010005,
    "ElementProperty_MagpieData_maximum_MendeleevNumber": 0.13363902126825145,
    "ElementProperty_MagpieData_mode_GSbandgap": 0.09738875706185611,
    "ElementFraction_S": 0.08619033309320315,
    "ElementProperty_MagpieData_avg_dev_Column": 0.07007620346924215,
    "ElementProperty_MagpieData_mean_Electronegativity": 0.055182041444798456,
    "ElectronegativityDiff_minimum_EN_difference": 0.050189301134733404,
    "AtomicOrbitals_gap_AO": 0.04679291786564389,
    "AGNIFingerPrint_mean_AGNI_eta=8_00e-01": 0.041904070099373185,
    "ElectronegativityDiff_mean_EN_difference": 0.04023412793776168,
    "ElementProperty_MagpieData_mean_NUnfilled": 0.04008710620492057,
    "OxidationStates_maximum_oxidation_state": 0.03876256378946159,
    "ValenceOrbital_frac_d_valence_electrons": 0.0331024344191995,
    "ElectronegativityDiff_maximum_EN_difference": 0.033003644050418376,
    "LocalPropertyDifference_mean_local_difference_in_Electronegativity": 0.032823028802909895,
    "AGNIFingerPrint_std_dev_AGNI_dir=y_eta=1_23e+00": 0.03213457680575759,
    "IonProperty_avg_ionic_char": 0.03195346867635959,
    "ElementProperty_MagpieData_maximum_MeltingT": 0.030899216482053123,
    "ElementProperty_MagpieData_mean_SpaceGroupNumber": 0.029822836661455694,
    "GaussianSymmFunc_std_dev_G2_20_0": 0.029622195988950693,
    "GeneralizedRDF_mean_Gaussian_center=0_0_width=1_0": 0.029507144551695362,
    "AtomicOrbitals_LUMO_energy": 0.02938923491531734,
    "ElementProperty_MagpieData_avg_dev_CovalentRadius": 0.02803179255784902,
    "ElementProperty_MagpieData_range_MendeleevNumber": 0.026607283113643156,
    "BondFractions_Mg_-_O_bond_frac_": 0.026181386230525867,
    "GaussianSymmFunc_mean_G2_80_0": 0.025339036312427756,
    "MEGNet_OFMEncoded_v1_116": 0.023846253026236216,
    "VoronoiFingerprint_mean_Voro_vol_std_dev": 0.02351071718960101,
    "GaussianSymmFunc_std_dev_G2_80_0": 0.023176755108058826,
    "MEGNet_OFMEncoded_v1_149": 0.022773843439712557
}