{
    "BandCenter_band_center": 0.06823397596835606,
    "MaximumPackingEfficiency_max_packing_efficiency": 0.043106228071322625,
    "ElementProperty_MagpieData_minimum_GSvolume_pa": 0.04155408645720529,
    "ElementProperty_MagpieData_mean_MeltingT": 0.04141057969945434,
    "GaussianSymmFunc_mean_G2_80_0": 0.0356712089420068,
    "RadialDistributionFunction_radial_distribution_function_d_2_90": 0.030909063463887224,
    "ElementFraction_S": 0.029493682866418975,
    "AGNIFingerPrint_std_dev_AGNI_dir=x_eta=1_23e+00": 0.027970029794776693,
    "AGNIFingerPrint_std_dev_AGNI_dir=y_eta=8_00e-01": 0.02659118955823371,
    "AverageBondLength_mean_Average_bond_length": 0.024934989555933533,
    "MEGNet_OFMEncoded_v1_14": 0.02441421516129313,
    "RadialDistributionFunction_radial_distribution_function_d_1_90": 0.02431608428569745,
    "BondOrientationParameter_std_dev_BOOP_Q_l=4": 0.02410434188116236,
    "ElementFraction_F": 0.023770006073021165,
    "YangSolidSolution_Yang_delta": 0.02369923429062988,
    "RadialDistributionFunction_radial_distribution_function_d_2_50": 0.023159976888019917,
    "TMetalFraction_transition_metal_fraction": 0.022485992698226386,
    "RadialDistributionFunction_radial_distribution_function_d_4_00": 0.022059290285914267,
    "BondOrientationParameter_mean_BOOP_Q_l=1": 0.021891529204892422,
    "RadialDistributionFunction_radial_distribution_function_d_3_80": 0.02011490016658885,
    "ElectronegativityDiff_minimum_EN_difference": 0.020033669644004774,
    "ElementProperty_MagpieData_maximum_CovalentRadius": 0.019558350079599954,
    "RadialDistributionFunction_radial_distribution_function_d_3_50": 0.0192466434888052,
    "ElementProperty_MagpieData_range_CovalentRadius": 0.01923572814031224,
    "XRDPowderPattern_xrd_32": 0.019116743787452702,
    "MEGNet_OFMEncoded_v1_93": 0.019036917877148972,
    "RadialDistributionFunction_radial_distribution_function_d_3_90": 0.0181943243094957,
    "RadialDistributionFunction_radial_distribution_function_d_3_60": 0.017767224229146332,
    "ElementProperty_MagpieData_mean_GSvolume_pa": 0.017532344353231716,
    "RadialDistributionFunction_radial_distribution_function_d_3_00": 0.017457540752178705
}