{
    "BandCenter_band_center": 0.10478858032822821,
    "BondFractions_O_-_P_bond_frac_": 0.09106277771459848,
    "TMetalFraction_transition_metal_fraction": 0.07917860042650068,
    "DensityFeatures_packing_fraction": 0.07169613837967137,
    "ElementProperty_MagpieData_mean_Electronegativity": 0.06499511169622572,
    "ElementFraction_O": 0.05626266851544906,
    "BondFractions_O_-_V_bond_frac_": 0.036890221064482226,
    "BondOrientationParameter_std_dev_BOOP_Q_l=2": 0.03287038658209907,
    "ElementProperty_MagpieData_mean_CovalentRadius": 0.030882248423024516,
    "MEGNet_OFMEncoded_v1_144": 0.02931809351116063,
    "AtomicOrbitals_HOMO_energy": 0.027689125717665866,
    "ElementFraction_V": 0.027556781782342166,
    "ElementProperty_MagpieData_mean_MeltingT": 0.025785979787183985,
    "MEGNet_OFMEncoded_v1_180": 0.025165788273465987,
    "ElementFraction_F": 0.02498749175705394,
    "YangSolidSolution_Yang_omega": 0.02449132979075741,
    "BondFractions_O_-_Ti_bond_frac_": 0.024269388883386717,
    "ElectronegativityDiff_mean_EN_difference": 0.020945873630164848,
    "BondFractions_Mn_-_O_bond_frac_": 0.020881859322935546,
    "BondFractions_Nb_-_O_bond_frac_": 0.020550732752550507,
    "GeneralizedRDF_mean_Gaussian_center=8_0_width=1_0": 0.019991918834111017,
    "MEGNet_OFMEncoded_v1_40": 0.019660651372451383,
    "ElementProperty_MagpieData_range_Column": 0.019248656075085097,
    "GeneralizedRDF_mean_Gaussian_center=4_0_width=1_0": 0.01899999307131111,
    "LocalPropertyDifference_mean_local_difference_in_Electronegativity": 0.018513171925383022,
    "MEGNet_OFMEncoded_v1_8": 0.018480879897133,
    "RadialDistributionFunction_radial_distribution_function_d_0_90": 0.017886647690083718,
    "MEGNet_OFMEncoded_v1_130": 0.017405954423944194,
    "BondOrientationParameter_mean_BOOP_Q_l=2": 0.017202400865598117,
    "ElementProperty_MagpieData_mean_GSvolume_pa": 0.01713175984331812
}