{
    "RadialDistributionFunction_radial_distribution_function_d_1_90": 0.16578028699053826,
    "ElementFraction_Cu": 0.09691179509678928,
    "ElementProperty_MagpieData_avg_dev_GSmagmom": 0.07847875469198841,
    "ElementFraction_Np": 0.06478962187470248,
    "MEGNet_OFMEncoded_v1_55": 0.05339644622585896,
    "ElementProperty_MagpieData_mean_Electronegativity": 0.053034078812294334,
    "BondFractions_Cu_-_O_bond_frac_": 0.051811865667102226,
    "BondFractions_Mn_-_O_bond_frac_": 0.049805665409687776,
    "BondFractions_Ni_-_O_bond_frac_": 0.047769932854536984,
    "MEGNet_OFMEncoded_v1_86": 0.04571323340176872,
    "MEGNet_OFMEncoded_v1_128": 0.040966924599008844,
    "TMetalFraction_transition_metal_fraction": 0.04013841761391599,
    "ElementProperty_MagpieData_avg_dev_GSvolume_pa": 0.03882389226730463,
    "AtomicOrbitals_HOMO_energy": 0.03508372107987332,
    "RadialDistributionFunction_radial_distribution_function_d_1_80": 0.03311729131030424,
    "ElementFraction_Mn": 0.0325440433709391,
    "MEGNet_OFMEncoded_v1_93": 0.03131641883036182,
    "YangSolidSolution_Yang_delta": 0.031300775942236514,
    "MEGNet_OFMEncoded_v1_113": 0.029570279827092368,
    "MEGNet_OFMEncoded_v1_71": 0.029443194978078943,
    "ElementProperty_MagpieData_mean_CovalentRadius": 0.027237237301272484,
    "ElementProperty_MagpieData_avg_dev_NUnfilled": 0.025404290854172805,
    "ElementProperty_MagpieData_maximum_MeltingT": 0.025049757468705802,
    "MEGNet_OFMEncoded_v1_161": 0.02448320983907282,
    "MEGNet_OFMEncoded_v1_81": 0.02245926778141845,
    "ElementFraction_Ni": 0.02217108607307768,
    "GaussianSymmFunc_std_dev_G4_0_005_4_0_1_0": 0.02164356119937225,
    "MEGNet_OFMEncoded_v1_110": 0.020869973094332247,
    "ElementProperty_MagpieData_mean_NpValence": 0.020330130007836098,
    "MEGNet_OFMEncoded_v1_40": 0.02016548628187005
}