{
    "ElementFraction_N": 0.03325069435613845,
    "ElementProperty_MagpieData_mean_GSbandgap": 0.021598983002605942,
    "ElementFraction_Pd": 0.015096023086153836,
    "ElementProperty_MagpieData_mode_MendeleevNumber": 0.010673903917737685,
    "ElementProperty_MagpieData_mean_NdUnfilled": 0.009978253952264341,
    "ElementProperty_MagpieData_mode_Electronegativity": 0.009527140066107984,
    "ElementProperty_MagpieData_maximum_GSvolume_pa": 0.008127197532248116,
    "ElementProperty_MagpieData_avg_dev_GSvolume_pa": 0.008118831170123804,
    "ElementProperty_MagpieData_minimum_GSbandgap": 0.00700348566877773,
    "YangSolidSolution_Yang_delta": 0.005692871676777484,
    "Miedema_Miedema_deltaH_ss_min": 0.005105837279930291,
    "ElementProperty_MagpieData_range_Electronegativity": 0.004572934775493255,
    "ElementProperty_MagpieData_avg_dev_SpaceGroupNumber": 0.0041723442034525314,
    "ElementProperty_MagpieData_minimum_Electronegativity": 0.00404843311940202,
    "ElementProperty_MagpieData_range_MendeleevNumber": 0.003659178646161363,
    "ElementProperty_MagpieData_mean_SpaceGroupNumber": 0.0034907361989895765,
    "Miedema_Miedema_deltaH_inter": 0.0034720840207516923,
    "ElementProperty_MagpieData_range_GSbandgap": 0.003469153017112975,
    "Stoichiometry_3-norm": 0.0033066437734417748,
    "CrystalNNFingerprint_mean_bent_120_degrees_CN_2": 0.003231800737938622,
    "MEGNet_OFMEncoded_v1_92": 0.0032062189367981246,
    "Stoichiometry_7-norm": 0.003066524615293914,
    "AtomicPackingEfficiency_mean_simul__packing_efficiency": 0.0030551276284702753,
    "ElementProperty_MagpieData_avg_dev_NpValence": 0.002880040446117046,
    "ElementProperty_MagpieData_minimum_NUnfilled": 0.002839637382708252,
    "ElementProperty_MagpieData_mean_GSmagmom": 0.002839043435479424,
    "GeneralizedRDF_std_dev_Gaussian_center=0_0_width=1_0": 0.002710212300764468,
    "ElementProperty_MagpieData_avg_dev_Column": 0.002678074183032408,
    "ElementProperty_MagpieData_mode_NfUnfilled": 0.002669749434195514,
    "MEGNet_OFMEncoded_v1_85": 0.0026614539439228416
}