{
    "Stoichiometry_0-norm": 0.026739751112231185,
    "ElementFraction_O": 0.021897169968776917,
    "Stoichiometry_2-norm": 0.013598517527749102,
    "ElementProperty_MagpieData_avg_dev_GSvolume_pa": 0.012977179668266968,
    "ElementProperty_MagpieData_range_NpUnfilled": 0.009988339740043988,
    "ElementProperty_MagpieData_mean_Electronegativity": 0.008890336817490161,
    "ElementProperty_MagpieData_mode_Electronegativity": 0.008775814573560215,
    "ElementProperty_MagpieData_mean_Column": 0.008294065862736165,
    "ElementProperty_MagpieData_maximum_GSvolume_pa": 0.008256876957417473,
    "YangSolidSolution_Yang_delta": 0.008135466935893542,
    "ElementProperty_MagpieData_minimum_Number": 0.008132390175801644,
    "ElementProperty_MagpieData_range_GSvolume_pa": 0.008090672206863811,
    "MEGNet_OFMEncoded_v1_99": 0.007510239176976691,
    "ElementProperty_MagpieData_mode_Number": 0.007436452122206719,
    "ElementProperty_MagpieData_minimum_GSvolume_pa": 0.007278029995661966,
    "MEGNet_OFMEncoded_v1_57": 0.007181424303712289,
    "ElementProperty_MagpieData_avg_dev_NUnfilled": 0.00688803674398153,
    "ElementProperty_MagpieData_mode_MendeleevNumber": 0.0067939544720538245,
    "Stoichiometry_10-norm": 0.006727053863987838,
    "ElementProperty_MagpieData_mean_NpUnfilled": 0.006469789533416926,
    "ElementProperty_MagpieData_mean_NsValence": 0.0064236657738263045,
    "ElementProperty_MagpieData_range_Electronegativity": 0.006174398738019957,
    "ElementProperty_MagpieData_avg_dev_Electronegativity": 0.005999191025774243,
    "ElementProperty_MagpieData_avg_dev_NpValence": 0.005509782066195399,
    "ElementProperty_MagpieData_maximum_MeltingT": 0.0051082077230663585,
    "ElementProperty_MagpieData_mean_CovalentRadius": 0.005053684137967047,
    "ElementProperty_MagpieData_range_Number": 0.00492636469714935,
    "ElementProperty_MagpieData_maximum_NpUnfilled": 0.004845786526312758,
    "MEGNet_OFMEncoded_v1_180": 0.004658427673586212,
    "AGNIFingerPrint_std_dev_AGNI_eta=1_88e+00": 0.004565271669694708
}