{
    "ElementProperty_MagpieData_avg_dev_Electronegativity": 0.008570367041796216,
    "ElementProperty_MagpieData_mode_Electronegativity": 0.008217267016789914,
    "MEGNet_OFMEncoded_v1_187": 0.008007690762740126,
    "IonProperty_avg_ionic_char": 0.006602374842895474,
    "Stoichiometry_3-norm": 0.002602721760067937,
    "MEGNet_OFMEncoded_v1_169": 0.0021708114471137236,
    "ElementFraction_Hf": 0.001974270079084512,
    "BandCenter_band_center": 0.0019665405232198634,
    "ValenceOrbital_frac_p_valence_electrons": 0.001629811026947413,
    "TMetalFraction_transition_metal_fraction": 0.001391071279027272,
    "ElementProperty_MagpieData_mean_NpUnfilled": 0.0013253443089088477,
    "ElementFraction_S": 0.001304408187090554,
    "MEGNet_OFMEncoded_v1_131": 0.0011225654217343671,
    "MEGNet_OFMEncoded_v1_78": 0.0010811033883919117,
    "MaximumPackingEfficiency_max_packing_efficiency": 0.001016968681906664,
    "ElementProperty_MagpieData_range_Electronegativity": 0.0010004015459678468,
    "ElementFraction_Cr": 0.0009408155628889099,
    "OPSiteFingerprint_mean_trigonal_pyramidal_CN_4": 0.0008925727536764943,
    "ElementProperty_MagpieData_mode_GSvolume_pa": 0.00087193975457118,
    "ElementProperty_MagpieData_mean_GSmagmom": 0.0008609969671216078,
    "Stoichiometry_2-norm": 0.0008532164775352181,
    "GeneralizedRDF_std_dev_Gaussian_center=2_0_width=1_0": 0.0007993104771685596,
    "ElementProperty_MagpieData_mean_Row": 0.0007441840793099991,
    "ElectronegativityDiff_mean_EN_difference": 0.0006551479240648673,
    "ElementProperty_MagpieData_range_GSvolume_pa": 0.0006521141504057086,
    "ValenceOrbital_frac_d_valence_electrons": 0.000642227761625218,
    "CrystalNNFingerprint_mean_bent_150_degrees_CN_2": 0.0006311730431622152,
    "ElementProperty_MagpieData_range_CovalentRadius": 0.0006030381601001238,
    "ElementProperty_MagpieData_minimum_Electronegativity": 0.0005968924281723622,
    "ElementProperty_MagpieData_maximum_Electronegativity": 0.0005757973547769441
}