{
    "Stoichiometry_0-norm": 0.08370818344800267,
    "Stoichiometry_10-norm": 0.03384269144227054,
    "ElementProperty_MagpieData_mode_CovalentRadius": 0.025595678107370297,
    "ElementProperty_MagpieData_mode_MendeleevNumber": 0.017741261982678207,
    "Stoichiometry_3-norm": 0.017360586130717753,
    "Stoichiometry_2-norm": 0.014389875006889723,
    "ElementProperty_MagpieData_mode_Electronegativity": 0.012567726189820739,
    "Stoichiometry_5-norm": 0.01124240486916128,
    "ElementFraction_O": 0.010380879785504442,
    "ChemicalOrdering_mean_ordering_parameter_shell_1": 0.009509950245804444,
    "ElementProperty_MagpieData_range_Number": 0.009365723875743526,
    "ElementProperty_MagpieData_mode_Number": 0.008420845967683391,
    "ElementProperty_MagpieData_maximum_GSmagmom": 0.00781675852039879,
    "ElementProperty_MagpieData_range_Electronegativity": 0.007774289305899059,
    "ElementProperty_MagpieData_avg_dev_NsValence": 0.006999365811362483,
    "MEGNet_OFMEncoded_v1_19": 0.006925459366105148,
    "AtomicPackingEfficiency_dist_from_3_clusters__APE____0_010": 0.006365743320176465,
    "ElementProperty_MagpieData_range_NdUnfilled": 0.005882421037666717,
    "ElementProperty_MagpieData_minimum_GSvolume_pa": 0.005874835625220402,
    "ElementProperty_MagpieData_avg_dev_Electronegativity": 0.005745930631325838,
    "ElementFraction_Li": 0.005588648537319862,
    "BondFractions_Fe_-_O_bond_frac_": 0.0055581133089868005,
    "ElementFraction_Te": 0.00541373500578202,
    "ElementFraction_N": 0.005157294432353281,
    "ElementProperty_MagpieData_mean_NpValence": 0.004861484172023997,
    "ElementProperty_MagpieData_mean_NValence": 0.004840880496623267,
    "ElementProperty_MagpieData_mode_GSvolume_pa": 0.00478459970463212,
    "ElementProperty_MagpieData_avg_dev_NpValence": 0.0046206177981416305,
    "BondFractions_Mn_-_O_bond_frac_": 0.004566820361228273,
    "ElementProperty_MagpieData_mean_NdValence": 0.0044813848362256934
}