{
    "ElementFraction_U": 0.001458529683903032,
    "MEGNet_OFMEncoded_v1_183": 0.0007759456945660067,
    "MEGNet_OFMEncoded_v1_9": 0.00047613972249478307,
    "ElementProperty_MagpieData_range_MeltingT": 0.00043132840261342597,
    "BandCenter_band_center": 0.000297715523743584,
    "MEGNet_OFMEncoded_v1_29": 0.0002562630844365959,
    "AtomicPackingEfficiency_mean_abs_simul__packing_efficiency": 0.00013040671569985464,
    "BondOrientationParameter_std_dev_BOOP_Q_l=5": 9.566296492031016e-05,
    "MEGNet_OFMEncoded_v1_96": 8.5549354698487e-05,
    "MEGNet_OFMEncoded_v1_186": 8.445007381554972e-05,
    "SineCoulombMatrix_sine_coulomb_matrix_eig_46": 7.485582537282894e-05,
    "Stoichiometry_2-norm": 7.080744292620289e-05,
    "MEGNet_OFMEncoded_v1_91": 5.312405817984984e-05,
    "AGNIFingerPrint_mean_AGNI_dir=x_eta=8_00e-01": 5.227926134544007e-05,
    "SineCoulombMatrix_sine_coulomb_matrix_eig_94": 4.9815625869172674e-05,
    "StructuralHeterogeneity_range_neighbor_distance_variation": 4.719071828563403e-05,
    "SineCoulombMatrix_sine_coulomb_matrix_eig_47": 4.012513846002063e-05,
    "Stoichiometry_3-norm": 3.9921153085423325e-05,
    "MEGNet_OFMEncoded_v1_108": 3.96576438068329e-05,
    "MEGNet_OFMEncoded_v1_37": 3.820839302457672e-05,
    "MEGNet_OFMEncoded_v1_8": 3.724786130896724e-05,
    "SineCoulombMatrix_sine_coulomb_matrix_eig_21": 3.5163866329301356e-05,
    "OPSiteFingerprint_std_dev_bent_120_degrees_CN_2": 2.9435838921973118e-05,
    "AtomicOrbitals_HOMO_element": 2.804920395521793e-05,
    "OPSiteFingerprint_std_dev_pentagonal_bipyramidal_CN_7": 2.765775997030699e-05,
    "SineCoulombMatrix_sine_coulomb_matrix_eig_20": 2.7572382040159622e-05,
    "SineCoulombMatrix_sine_coulomb_matrix_eig_104": 2.732043161992856e-05,
    "MaximumPackingEfficiency_max_packing_efficiency": 2.6920007432663832e-05,
    "BondOrientationParameter_mean_BOOP_Q_l=3": 2.6786895888136443e-05,
    "Stoichiometry_0-norm": 2.6088513008210343e-05
}