{
    "ElementFraction_O": 0.022362514946476716,
    "Stoichiometry_0-norm": 0.011101208877240448,
    "ElementProperty_MagpieData_minimum_MendeleevNumber": 0.007615915866927084,
    "ElementProperty_MagpieData_maximum_GSvolume_pa": 0.0064946077160502585,
    "AtomicOrbitals_HOMO_energy": 0.006485067391978742,
    "ElementProperty_MagpieData_maximum_NValence": 0.005976408871959336,
    "ElementProperty_MagpieData_avg_dev_NpUnfilled": 0.005769978898385802,
    "Stoichiometry_7-norm": 0.005767096898268367,
    "ElementProperty_MagpieData_mean_GSbandgap": 0.005397912561859833,
    "BondFractions_Co_-_O_bond_frac_": 0.004683855613395322,
    "ElementProperty_MagpieData_range_MeltingT": 0.004272029088429153,
    "MEGNet_OFMEncoded_v1_70": 0.004248789716780036,
    "ElementFraction_B": 0.004031521707307169,
    "ElementProperty_MagpieData_range_Number": 0.00398536475543271,
    "ElementProperty_MagpieData_avg_dev_GSbandgap": 0.003984681984425211,
    "ElementProperty_MagpieData_maximum_NdValence": 0.003979909693928191,
    "ElementProperty_MagpieData_range_GSbandgap": 0.0038575592384238046,
    "ElementProperty_MagpieData_mean_GSmagmom": 0.0038412533068812186,
    "ElementProperty_MagpieData_mode_MendeleevNumber": 0.0037920427569159525,
    "ElementProperty_MagpieData_range_Electronegativity": 0.00374779268648577,
    "MEGNet_OFMEncoded_v1_5": 0.003628247629279295,
    "ElementProperty_MagpieData_avg_dev_CovalentRadius": 0.0034328674541970043,
    "Stoichiometry_2-norm": 0.003405789157685948,
    "ElementProperty_MagpieData_maximum_Electronegativity": 0.003281218987065078,
    "YangSolidSolution_Yang_delta": 0.0032429507003211024,
    "ElementProperty_MagpieData_avg_dev_Row": 0.003114320807783436,
    "ElementProperty_MagpieData_avg_dev_Electronegativity": 0.003019578556309325,
    "AtomicOrbitals_LUMO_energy": 0.0029782502400235674,
    "Stoichiometry_10-norm": 0.0029608713658637667,
    "MEGNet_OFMEncoded_v1_93": 0.0028586107320266647
}