{
    "MEGNet_OFMEncoded_v1_135": 7.737951110518697e-05,
    "MEGNet_OFMEncoded_v1_46": 7.697125328100284e-05,
    "BondFractions_V_-_V_bond_frac_": 1.7592330705261976e-05,
    "XRDPowderPattern_xrd_85": 1.691641596108591e-05,
    "BondFractions_Sc_-_Sc_bond_frac_": 6.2322797348514655e-06,
    "ElementFraction_Cr": 6.094336261459862e-06,
    "OPSiteFingerprint_std_dev_pentagonal_bipyramidal_CN_7": 2.2656011439302992e-06,
    "MEGNet_OFMEncoded_v1_146": 1.578981541424035e-06,
    "OPSiteFingerprint_mean_hexagonal_bipyramidal_CN_8": 1.5654111930224876e-06,
    "XRDPowderPattern_xrd_126": 1.4623372509863535e-06,
    "StructuralHeterogeneity_maximum_neighbor_distance_variation": 1.134255720971061e-06,
    "CoulombMatrix_coulomb_matrix_eig_2": 1.095466181383636e-06,
    "MEGNet_OFMEncoded_v1_163": 1.0221911146456963e-06,
    "ElementFraction_Ag": 1.021656424236692e-06,
    "ElementFraction_Cu": 1.006352530771446e-06,
    "ElementFraction_Ce": 9.789464559662837e-07,
    "GeneralizedRDF_std_dev_Gaussian_center=9_0_width=1_0": 9.575728733051793e-07,
    "OPSiteFingerprint_std_dev_q6_CN_10": 8.722165678482751e-07,
    "ElementFraction_Os": 8.659188754378894e-07,
    "ElementFraction_Hf": 8.377389167243469e-07,
    "XRDPowderPattern_xrd_52": 6.436952014983921e-07,
    "MEGNet_OFMEncoded_v1_118": 5.325231362029675e-07,
    "ElectronegativityDiff_mean_EN_difference": 3.8987308359811087e-07,
    "OPSiteFingerprint_mean_pentagonal_planar_CN_5": 3.5283771673388115e-07,
    "ElectronegativityDiff_maximum_EN_difference": 3.0268401232408963e-07,
    "ElementProperty_MagpieData_avg_dev_NpUnfilled": 3.022970156167921e-07,
    "CrystalNNFingerprint_std_dev_q4_CN_11": 2.4869576106572613e-07,
    "ElementFraction_Ga": 2.433251977866402e-07,
    "BondFractions_Al_-_Al_bond_frac_": 2.374412894066677e-07,
    "ElementFraction_Pr": 2.238577991501132e-07
}