{
    "Stoichiometry_0-norm": 0.015119090802695339,
    "Stoichiometry_10-norm": 0.010649904889189632,
    "ElementProperty_MagpieData_mode_Electronegativity": 0.010319526157723274,
    "ElectronegativityDiff_maximum_EN_difference": 0.006807253437999573,
    "ElementProperty_MagpieData_avg_dev_GSvolume_pa": 0.006627796737557573,
    "Stoichiometry_3-norm": 0.005897480310306511,
    "ElementProperty_MagpieData_avg_dev_NpValence": 0.005877281616465255,
    "YangSolidSolution_Yang_delta": 0.005751014623393218,
    "ElementProperty_MagpieData_maximum_MendeleevNumber": 0.005230865006504606,
    "ChemicalOrdering_mean_ordering_parameter_shell_1": 0.0050337706123406165,
    "ElementProperty_MagpieData_maximum_MeltingT": 0.004577409388379886,
    "ElementFraction_O": 0.004034156301916132,
    "ElementProperty_MagpieData_mean_NsValence": 0.003854360104106356,
    "ElementProperty_MagpieData_range_GSbandgap": 0.003798859621362572,
    "ElementProperty_MagpieData_mean_Electronegativity": 0.0031817084210779955,
    "OxidationStates_range_oxidation_state": 0.00305228262717015,
    "ElementProperty_MagpieData_range_Number": 0.00304807620684517,
    "Stoichiometry_7-norm": 0.002985565125365119,
    "ElementProperty_MagpieData_maximum_NdUnfilled": 0.002950493654411637,
    "ElementProperty_MagpieData_range_NfUnfilled": 0.00283564154977,
    "TMetalFraction_transition_metal_fraction": 0.0027934144157149145,
    "BondOrientationParameter_mean_BOOP_Q_l=4": 0.0026536223220046504,
    "ElementFraction_P": 0.002563378338269306,
    "MEGNet_OFMEncoded_v1_55": 0.0024106440336466484,
    "ElementProperty_MagpieData_avg_dev_Column": 0.002398871423454555,
    "GaussianSymmFunc_mean_G2_80_0": 0.002375624895268361,
    "DensityFeatures_packing_fraction": 0.002283744498049147,
    "AtomicPackingEfficiency_dist_from_1_clusters__APE____0_010": 0.0022104546763165814,
    "ElementProperty_MagpieData_maximum_NValence": 0.0022021707816507314,
    "OxidationStates_std_dev_oxidation_state": 0.00212869945573438
}