{
    "MEGNet_OFMEncoded_v1_2": 0.0016682476289290398,
    "MEGNet_OFMEncoded_v1_102": 0.0010121896675864312,
    "MEGNet_OFMEncoded_v1_73": 0.0009523222671591687,
    "BondFractions_Ta_-_Ta_bond_frac_": 0.0008149821775741595,
    "BandCenter_band_center": 0.0007505874518075676,
    "MEGNet_OFMEncoded_v1_45": 0.0006850122790566118,
    "MEGNet_OFMEncoded_v1_9": 0.0005984893794958116,
    "ElementFraction_U": 0.0004853314402847774,
    "VoronoiFingerprint_std_dev_Voro_index_3": 0.0004463065400614041,
    "MEGNet_OFMEncoded_v1_71": 0.00038273205211703757,
    "MEGNet_OFMEncoded_v1_172": 0.00037102531932970144,
    "AtomicPackingEfficiency_mean_simul__packing_efficiency": 0.0003165262136136211,
    "ElementProperty_MagpieData_mean_SpaceGroupNumber": 0.0002963345643388156,
    "ElementFraction_S": 0.00029179004766280106,
    "ElementProperty_MagpieData_minimum_NUnfilled": 0.00027967990344396576,
    "MEGNet_OFMEncoded_v1_11": 0.00025959052448787183,
    "AGNIFingerPrint_std_dev_AGNI_dir=x_eta=4_43e+00": 0.00025761621874212793,
    "ElementFraction_N": 0.00024013800891238213,
    "MEGNet_OFMEncoded_v1_131": 0.00023993548634344836,
    "BondOrientationParameter_std_dev_BOOP_Q_l=6": 0.00023635079093756625,
    "MEGNet_OFMEncoded_v1_164": 0.00021723437537355823,
    "AtomicPackingEfficiency_mean_abs_simul__packing_efficiency": 0.0002118057135038653,
    "MEGNet_OFMEncoded_v1_14": 0.00019735988645796883,
    "CrystalNNFingerprint_mean_q2_CN_12": 0.00018924717264059824,
    "ElementFraction_Re": 0.00018705446795554842,
    "BondFractions_Mg_-_Mg_bond_frac_": 0.00018584133324924307,
    "XRDPowderPattern_xrd_30": 0.0001788661652790264,
    "CrystalNNFingerprint_std_dev_q6_CN_12": 0.0001776697827432931,
    "MEGNet_OFMEncoded_v1_37": 0.00016650783033223663,
    "MEGNet_OFMEncoded_v1_68": 0.00016579511537608002
}