{
    "Stoichiometry_0-norm": 0.039999108833228214,
    "ElectronegativityDiff_range_EN_difference": 0.02928899265604369,
    "ElementProperty_MagpieData_range_GSbandgap": 0.015046750817642299,
    "ElementFraction_O": 0.013635883379142092,
    "MEGNet_OFMEncoded_v1_132": 0.00980507846916944,
    "ElementProperty_MagpieData_maximum_NdValence": 0.00965728421731751,
    "Stoichiometry_3-norm": 0.009446390389335188,
    "ElementProperty_MagpieData_minimum_MendeleevNumber": 0.008418537049523441,
    "ElementProperty_MagpieData_mean_GSbandgap": 0.008350938580499397,
    "ElementProperty_MagpieData_range_GSvolume_pa": 0.007583721622146809,
    "ElementProperty_MagpieData_mean_SpaceGroupNumber": 0.006907912144114684,
    "YangSolidSolution_Yang_delta": 0.0057715215775762585,
    "ChemicalOrdering_mean_ordering_parameter_shell_1": 0.005183043395450964,
    "ElementProperty_MagpieData_mean_MeltingT": 0.005103331773440182,
    "ElementProperty_MagpieData_minimum_Electronegativity": 0.005050941216931543,
    "ElementProperty_MagpieData_mean_NpValence": 0.004983501989036467,
    "ElementProperty_MagpieData_mode_Number": 0.00486930014475946,
    "ElementProperty_MagpieData_range_Row": 0.004861502836093298,
    "ElementProperty_MagpieData_avg_dev_MeltingT": 0.004811526400614437,
    "Stoichiometry_2-norm": 0.004774701993517493,
    "MEGNet_OFMEncoded_v1_68": 0.0047061978968205185,
    "Stoichiometry_10-norm": 0.004438305662298569,
    "ValenceOrbital_frac_d_valence_electrons": 0.004425714636125514,
    "ElementProperty_MagpieData_maximum_GSbandgap": 0.004375266827763165,
    "ElementProperty_MagpieData_range_Electronegativity": 0.004182576187500274,
    "ElementProperty_MagpieData_minimum_NUnfilled": 0.003949607461185344,
    "YangSolidSolution_Yang_omega": 0.0037178059746444457,
    "ElectronegativityDiff_minimum_EN_difference": 0.003682540119302597,
    "ElementProperty_MagpieData_maximum_MendeleevNumber": 0.003599708412647041,
    "Stoichiometry_7-norm": 0.0035709838808340062
}