{
    "LocalPropertyDifference_std_dev_local_difference_in_Electronegativity": 0.007194872832987791,
    "IonProperty_max_ionic_char": 0.006585010415877531,
    "ElementFraction_Fe": 0.005340099335715483,
    "MEGNet_OFMEncoded_v1_19": 0.00507985002352839,
    "BondFractions_Mg_-_Mg_bond_frac_": 0.0036588553426513313,
    "ElementProperty_MagpieData_mean_GSmagmom": 0.003031255712699203,
    "AtomicOrbitals_HOMO_character": 0.0026691787641047304,
    "ElementFraction_Mg": 0.0018008321416051623,
    "ElementProperty_MagpieData_mean_NUnfilled": 0.001730199104125642,
    "MEGNet_OFMEncoded_v1_86": 0.001666087993189174,
    "MEGNet_OFMEncoded_v1_146": 0.0015389674784209671,
    "CrystalNNFingerprint_mean_wt_CN_12": 0.0012171142298018393,
    "ElementProperty_MagpieData_range_Electronegativity": 0.0010210033412847415,
    "ElementFraction_Re": 0.0009425849947790348,
    "ElementProperty_MagpieData_mode_MeltingT": 0.0009039299349193051,
    "AtomicOrbitals_HOMO_element": 0.0007492395231540345,
    "MEGNet_OFMEncoded_v1_20": 0.000707833573840063,
    "MEGNet_OFMEncoded_v1_91": 0.0006866843365252288,
    "MEGNet_OFMEncoded_v1_58": 0.0006565657947104343,
    "MEGNet_OFMEncoded_v1_131": 0.0006434991498567184,
    "MEGNet_OFMEncoded_v1_5": 0.0006334982754022231,
    "ElementProperty_MagpieData_mean_Electronegativity": 0.0006299205408066417,
    "ElementProperty_MagpieData_range_MeltingT": 0.000535979499547655,
    "ElementProperty_MagpieData_avg_dev_NUnfilled": 0.0005263391872673663,
    "IonProperty_avg_ionic_char": 0.0004789431786825439,
    "DensityFeatures_packing_fraction": 0.0004508829533722425,
    "OPSiteFingerprint_std_dev_q2_CN_10": 0.00044525785141662856,
    "ElementProperty_MagpieData_avg_dev_MendeleevNumber": 0.00043644304814671845,
    "Stoichiometry_3-norm": 0.00043441120234430526,
    "ElementProperty_MagpieData_minimum_CovalentRadius": 0.0004260261228084001
}