{
    "Stoichiometry_0-norm": 0.02949828923716763,
    "ElementFraction_O": 0.023409218220114894,
    "ElementProperty_MagpieData_maximum_MendeleevNumber": 0.023215685058349703,
    "Stoichiometry_2-norm": 0.016724111429203575,
    "ElementProperty_MagpieData_mean_GSbandgap": 0.014096724881808336,
    "ElectronegativityDiff_minimum_EN_difference": 0.013480581248866435,
    "IonProperty_avg_ionic_char": 0.013196866955739461,
    "ElementProperty_MagpieData_avg_dev_NpValence": 0.011606608908358188,
    "ElementProperty_MagpieData_avg_dev_Electronegativity": 0.010588748987408334,
    "YangSolidSolution_Yang_delta": 0.009188589068124618,
    "ElementProperty_MagpieData_maximum_MeltingT": 0.007607856026755805,
    "ElementProperty_MagpieData_minimum_Electronegativity": 0.007587304975872246,
    "ElementProperty_MagpieData_maximum_GSmagmom": 0.006939130760442502,
    "ElementProperty_MagpieData_range_Electronegativity": 0.006924928096319293,
    "ElementProperty_MagpieData_minimum_MeltingT": 0.0067724259233765665,
    "ElementProperty_MagpieData_mean_NdValence": 0.006687850887747661,
    "Stoichiometry_3-norm": 0.006422854664164058,
    "ElementProperty_MagpieData_minimum_SpaceGroupNumber": 0.006342965013831996,
    "CrystalNNFingerprint_std_dev_wt_CN_1": 0.005899788380539865,
    "ElementProperty_MagpieData_maximum_Electronegativity": 0.005816746927312519,
    "ElementFraction_F": 0.005766397323423293,
    "ChemicalOrdering_mean_ordering_parameter_shell_1": 0.005474819443421265,
    "ElementProperty_MagpieData_avg_dev_NpUnfilled": 0.004734738312137776,
    "MEGNet_OFMEncoded_v1_19": 0.004642170508348812,
    "ElementProperty_MagpieData_minimum_GSvolume_pa": 0.0045728598430972295,
    "BondOrientationParameter_mean_BOOP_Q_l=4": 0.004543182629076022,
    "ElementFraction_C": 0.004503620046377182,
    "ElementFraction_Cl": 0.004432924097723966,
    "OxidationStates_std_dev_oxidation_state": 0.004087426921288763,
    "Stoichiometry_5-norm": 0.004045440919528402
}