{
    "ElementFraction_O": 0.02309234394926037,
    "MEGNet_OFMEncoded_v1_17": 0.011495394479461709,
    "MEGNet_OFMEncoded_v1_147": 0.009457987672526268,
    "ElementProperty_MagpieData_mean_Number": 0.003115964940446447,
    "MEGNet_OFMEncoded_v1_167": 0.002688282642592985,
    "ElementProperty_MagpieData_maximum_MendeleevNumber": 0.002566684016521861,
    "ElementProperty_MagpieData_avg_dev_Electronegativity": 0.0024886294329041782,
    "ElectronegativityDiff_minimum_EN_difference": 0.002380240523604821,
    "ElementFraction_U": 0.002366790653402184,
    "MEGNet_OFMEncoded_v1_111": 0.0019703007224769436,
    "YangSolidSolution_Yang_delta": 0.0019018313629428994,
    "MEGNet_OFMEncoded_v1_37": 0.0017420572341161808,
    "BondFractions_O_-_V_bond_frac_": 0.00168313463167425,
    "ElectronegativityDiff_mean_EN_difference": 0.0016716440370662927,
    "MEGNet_OFMEncoded_v1_68": 0.0015747046354777441,
    "MEGNet_OFMEncoded_v1_9": 0.0014911191064242188,
    "MEGNet_OFMEncoded_v1_123": 0.0014441435840983803,
    "BondFractions_O_-_Ti_bond_frac_": 0.0013074707185368852,
    "IonProperty_avg_ionic_char": 0.0012425127977559677,
    "ElementProperty_MagpieData_mean_Column": 0.0011179154573351478,
    "BondFractions_Ba_-_O_bond_frac_": 0.0010844074015575237,
    "ElementProperty_MagpieData_avg_dev_MendeleevNumber": 0.0010706338094288743,
    "MEGNet_OFMEncoded_v1_99": 0.0010134771337246364,
    "ElementProperty_MagpieData_mean_SpaceGroupNumber": 0.0010016636893640785,
    "MEGNet_OFMEncoded_v1_118": 0.000978857469303675,
    "MEGNet_OFMEncoded_v1_163": 0.0008923518668023699,
    "AtomicPackingEfficiency_mean_abs_simul__packing_efficiency": 0.0008396835525931315,
    "AtomicOrbitals_HOMO_character": 0.0008337967450647714,
    "Stoichiometry_2-norm": 0.0007717146815319551,
    "AtomicPackingEfficiency_mean_simul__packing_efficiency": 0.0007190349263839592
}