{
    "ElementFraction_N": 0.002418535069694407,
    "MEGNet_OFMEncoded_v1_90": 0.0014203027507108108,
    "ElementProperty_MagpieData_mean_GSbandgap": 0.0007425354897360272,
    "MEGNet_OFMEncoded_v1_92": 0.0006127205729466498,
    "AtomicOrbitals_HOMO_element": 0.0003330799812260637,
    "ElementFraction_K": 0.00028994502161681484,
    "MEGNet_OFMEncoded_v1_59": 0.0002199073957139058,
    "BondOrientationParameter_std_dev_BOOP_Q_l=6": 0.00021863666220587702,
    "MEGNet_OFMEncoded_v1_24": 0.00021535856715787892,
    "MEGNet_OFMEncoded_v1_54": 0.0002042178173733845,
    "Stoichiometry_2-norm": 0.00018628193862537512,
    "VoronoiFingerprint_std_dev_Voro_index_3": 0.0001777878837959246,
    "BondFractions_Mg_-_Mg_bond_frac_": 0.00016165040157331895,
    "MEGNet_OFMEncoded_v1_132": 0.00014760933764609342,
    "ElementFraction_O": 0.0001457295904635462,
    "MEGNet_OFMEncoded_v1_184": 0.0001430673739113821,
    "MEGNet_OFMEncoded_v1_2": 0.0001285867705912362,
    "AtomicPackingEfficiency_mean_simul__packing_efficiency": 0.0001276330923862906,
    "MEGNet_OFMEncoded_v1_156": 0.0001217399881686726,
    "MEGNet_OFMEncoded_v1_106": 0.00011222214409165576,
    "StructuralHeterogeneity_mean_neighbor_distance_variation": 0.00011155091801549672,
    "MEGNet_OFMEncoded_v1_177": 0.000109190684958158,
    "MEGNet_OFMEncoded_v1_83": 0.00010545405316488189,
    "ElementFraction_U": 9.805441823672866e-05,
    "YangSolidSolution_Yang_omega": 9.619966776804444e-05,
    "ElementFraction_Ta": 8.826373119381184e-05,
    "ElementProperty_MagpieData_range_MeltingT": 8.740335537184097e-05,
    "ElementFraction_Fe": 8.501495034296225e-05,
    "MEGNet_OFMEncoded_v1_1": 8.066015088175601e-05,
    "ElementProperty_MagpieData_range_Electronegativity": 7.779965063400554e-05
}