{
    "ElementFraction_N": 0.08050627459092015,
    "ElementProperty_MagpieData_mean_GSbandgap": 0.0628248108189678,
    "Stoichiometry_7-norm": 0.05964660564295804,
    "Stoichiometry_3-norm": 0.055531583665342166,
    "MEGNet_OFMEncoded_v1_92": 0.027148880738572138,
    "MEGNet_OFMEncoded_v1_59": 0.017775602702104886,
    "MEGNet_OFMEncoded_v1_75": 0.012509768502225698,
    "AtomicPackingEfficiency_mean_simul__packing_efficiency": 0.012423884383208565,
    "AtomicOrbitals_HOMO_element": 0.008586349195538188,
    "BandCenter_band_center": 0.007837358531026987,
    "StructuralHeterogeneity_max_relative_bond_length": 0.0078027905736210105,
    "GeneralizedRDF_std_dev_Gaussian_center=3_0_width=1_0": 0.007756747409030234,
    "GeneralizedRDF_std_dev_Gaussian_center=1_0_width=1_0": 0.007715048830392726,
    "ElementProperty_MagpieData_mean_SpaceGroupNumber": 0.007491505519500088,
    "BondOrientationParameter_mean_BOOP_Q_l=7": 0.00733215276114391,
    "YangSolidSolution_Yang_omega": 0.007071788303533072,
    "MEGNet_OFMEncoded_v1_9": 0.0070568377980176405,
    "GeneralizedRDF_std_dev_Gaussian_center=8_0_width=1_0": 0.0070128467172914126,
    "MEGNet_OFMEncoded_v1_14": 0.006652306902800926,
    "ElementProperty_MagpieData_avg_dev_MeltingT": 0.0066448572415396005,
    "MEGNet_OFMEncoded_v1_1": 0.006208505812541126,
    "IonProperty_max_ionic_char": 0.005601302275749928,
    "YangSolidSolution_Yang_delta": 0.005573317530148958,
    "BondOrientationParameter_std_dev_BOOP_Q_l=6": 0.005358310329629957,
    "ElementProperty_MagpieData_range_MeltingT": 0.005136797795532297,
    "ElementProperty_MagpieData_range_MendeleevNumber": 0.00503102246426983,
    "MEGNet_OFMEncoded_v1_37": 0.004937782043847237,
    "ElementProperty_MagpieData_minimum_Electronegativity": 0.004480485064521775,
    "CrystalNNFingerprint_mean_q6_CN_10": 0.004386238505150338,
    "GeneralizedRDF_std_dev_Gaussian_center=9_0_width=1_0": 0.004383728008917211
}