{
    "Miedema_Miedema_deltaH_amor": 0.004098402124713634,
    "ElementProperty_MagpieData_range_Electronegativity": 0.0037946532310554697,
    "ElementFraction_B": 0.003542761787736996,
    "AverageBondLength_std_dev_Average_bond_length": 0.0030264277653321114,
    "GaussianSymmFunc_std_dev_G2_20_0": 0.0026318611894532557,
    "IonProperty_max_ionic_char": 0.0020468544050204016,
    "YangSolidSolution_Yang_delta": 0.0019869620625545936,
    "ElectronegativityDiff_mean_EN_difference": 0.0018751130778534154,
    "MEGNet_OFMEncoded_v1_58": 0.0017315457422230503,
    "ElementProperty_MagpieData_mean_NpValence": 0.0017059901251373956,
    "Stoichiometry_0-norm": 0.0016622218552565836,
    "GeneralizedRDF_std_dev_Gaussian_center=2_0_width=1_0": 0.0013796492105917892,
    "MaximumPackingEfficiency_max_packing_efficiency": 0.0013333969452877558,
    "YangSolidSolution_Yang_omega": 0.001230066728775642,
    "MEGNet_OFMEncoded_v1_115": 0.0011344445220770928,
    "TMetalFraction_transition_metal_fraction": 0.0010448835622548925,
    "ElementProperty_MagpieData_mode_Electronegativity": 0.0010097407682669458,
    "ElementProperty_MagpieData_minimum_NdValence": 0.000993855133112428,
    "ElementProperty_MagpieData_minimum_Electronegativity": 0.0009833147217608216,
    "ElementProperty_MagpieData_avg_dev_GSvolume_pa": 0.0009727966937702103,
    "MEGNet_OFMEncoded_v1_85": 0.0009548092430534918,
    "ElementProperty_MagpieData_mean_MeltingT": 0.0009524358283257692,
    "Miedema_Miedema_deltaH_inter": 0.0009358324796742457,
    "ElementProperty_MagpieData_minimum_MeltingT": 0.0009265683948100689,
    "LocalPropertyDifference_std_dev_local_difference_in_Electronegativity": 0.0009221244994963721,
    "ElementProperty_MagpieData_mean_MendeleevNumber": 0.0008950236653414567,
    "ElementProperty_MagpieData_mode_NUnfilled": 0.0008867198745146326,
    "ElementProperty_MagpieData_avg_dev_Column": 0.0008848441169248961,
    "ElementProperty_MagpieData_mode_SpaceGroupNumber": 0.0008806217563669447,
    "MEGNet_OFMEncoded_v1_63": 0.0008741981759553067
}