{
    "IonProperty_max_ionic_char": 0.007646572849353224,
    "ElementFraction_B": 0.006909989412913109,
    "LocalPropertyDifference_std_dev_local_difference_in_Electronegativity": 0.006274062453337437,
    "Miedema_Miedema_deltaH_amor": 0.00560347325427634,
    "MEGNet_OFMEncoded_v1_115": 0.004228791657730114,
    "ElementProperty_MagpieData_mean_MeltingT": 0.0037424925728605928,
    "MEGNet_OFMEncoded_v1_164": 0.0034301280038303524,
    "MEGNet_OFMEncoded_v1_41": 0.003412099571614205,
    "Miedema_Miedema_deltaH_inter": 0.003077373830392639,
    "ElementProperty_MagpieData_minimum_NdValence": 0.0030573983033613888,
    "YangSolidSolution_Yang_delta": 0.002507388427716191,
    "BondOrientationParameter_mean_BOOP_Q_l=3": 0.002484619808930638,
    "ElementProperty_MagpieData_avg_dev_Electronegativity": 0.0023684027783629088,
    "YangSolidSolution_Yang_omega": 0.0022704343636528053,
    "ValenceOrbital_frac_s_valence_electrons": 0.0022367086842404755,
    "MEGNet_OFMEncoded_v1_99": 0.002160313508305132,
    "MEGNet_OFMEncoded_v1_85": 0.0021042429170775503,
    "MEGNet_OFMEncoded_v1_93": 0.0018994503679209452,
    "ElementProperty_MagpieData_minimum_GSbandgap": 0.0018864747771619767,
    "ElementProperty_MagpieData_mode_Electronegativity": 0.0018853017306781955,
    "ElementProperty_MagpieData_avg_dev_GSvolume_pa": 0.0016642816451901167,
    "BondOrientationParameter_std_dev_BOOP_Q_l=5": 0.0016462540438573414,
    "ElementProperty_MagpieData_minimum_MeltingT": 0.0013827392926224985,
    "MEGNet_OFMEncoded_v1_181": 0.0012929233542130314,
    "MEGNet_OFMEncoded_v1_1": 0.0012144648514261435,
    "MEGNet_OFMEncoded_v1_63": 0.0012137812755144597,
    "ElementFraction_Ge": 0.0011646566256849338,
    "AverageBondLength_std_dev_Average_bond_length": 0.0011131034470531704,
    "BandCenter_band_center": 0.001083503222324846,
    "BondFractions_B_-_B_bond_frac_": 0.0010699546538949871
}