{
    "Stoichiometry_0-norm": 0.04433609845842471,
    "ElementProperty_MagpieData_minimum_Electronegativity": 0.03157167266864441,
    "ElementProperty_MagpieData_mean_Electronegativity": 0.022357978826498325,
    "ElementProperty_MagpieData_avg_dev_GSbandgap": 0.019723942253946632,
    "ElementProperty_MagpieData_mean_Row": 0.013786794636603405,
    "ElementFraction_O": 0.013646560090345056,
    "ElementProperty_MagpieData_maximum_Electronegativity": 0.012781673946396678,
    "Stoichiometry_3-norm": 0.011745631647037201,
    "GeneralizedRDF_mean_Gaussian_center=0_0_width=1_0": 0.011113650108712137,
    "ElectronegativityDiff_minimum_EN_difference": 0.010505734584846327,
    "Stoichiometry_5-norm": 0.010337047908235046,
    "Stoichiometry_2-norm": 0.01000769906990553,
    "ElementFraction_Li": 0.009116874744612907,
    "ElectronegativityDiff_mean_EN_difference": 0.008945313623755028,
    "Stoichiometry_10-norm": 0.008746403905631073,
    "TMetalFraction_transition_metal_fraction": 0.00834890721509995,
    "LocalPropertyDifference_std_dev_local_difference_in_Electronegativity": 0.008039908895836528,
    "ElementProperty_MagpieData_maximum_MeltingT": 0.008004727246868815,
    "ElementFraction_N": 0.007959968255355552,
    "OxidationStates_std_dev_oxidation_state": 0.0069805174787811505,
    "ElementFraction_P": 0.006769785582459399,
    "ElementProperty_MagpieData_mean_MendeleevNumber": 0.00665465665164632,
    "YangSolidSolution_Yang_delta": 0.0064823216580113755,
    "ElementProperty_MagpieData_mean_NdUnfilled": 0.005993710513028156,
    "CrystalNNFingerprint_mean_linear_CN_2": 0.00567717327169175,
    "MEGNet_OFMEncoded_v1_134": 0.0055860645895903565,
    "ElementProperty_MagpieData_avg_dev_CovalentRadius": 0.005543912311837158,
    "ElementProperty_MagpieData_mode_MendeleevNumber": 0.005360116456098787,
    "ElementProperty_MagpieData_maximum_GSvolume_pa": 0.00528910241732662,
    "ElementProperty_MagpieData_range_NValence": 0.005226413036038975
}