{
    "ElementFraction_U": 0.00033227003997985093,
    "MEGNet_OFMEncoded_v1_183": 0.00020529172254819564,
    "Stoichiometry_2-norm": 0.00013254665918770248,
    "BondFractions_O_-_P_bond_frac_": 0.00010624095166334237,
    "AtomicPackingEfficiency_mean_simul__packing_efficiency": 0.00010525701128996077,
    "MEGNet_OFMEncoded_v1_8": 8.222309502850744e-05,
    "MEGNet_OFMEncoded_v1_184": 8.051169011557103e-05,
    "MEGNet_OFMEncoded_v1_9": 7.561998605270984e-05,
    "VoronoiFingerprint_mean_Symmetry_index_5": 7.281195530246176e-05,
    "DensityFeatures_packing_fraction": 7.18036201573129e-05,
    "RadialDistributionFunction_radial_distribution_function_d_1_00": 6.728515980281965e-05,
    "AtomicOrbitals_HOMO_energy": 6.660589069936244e-05,
    "ElementFraction_Re": 6.249795568302986e-05,
    "ElementProperty_MagpieData_range_NValence": 6.21586931263782e-05,
    "MEGNet_OFMEncoded_v1_132": 6.0730946341475726e-05,
    "AtomicPackingEfficiency_mean_abs_simul__packing_efficiency": 6.040629786307978e-05,
    "ElementProperty_MagpieData_range_MeltingT": 5.9360125435725806e-05,
    "ElementProperty_MagpieData_avg_dev_MendeleevNumber": 5.57198731349304e-05,
    "SineCoulombMatrix_sine_coulomb_matrix_eig_42": 5.4555102440612405e-05,
    "AtomicOrbitals_HOMO_element": 5.205869446888276e-05,
    "AGNIFingerPrint_std_dev_AGNI_dir=y_eta=1_23e+00": 4.763136095256293e-05,
    "StructuralHeterogeneity_mean_neighbor_distance_variation": 4.6367678095941186e-05,
    "ElementFraction_Np": 4.231119726983561e-05,
    "VoronoiFingerprint_mean_Voro_index_7": 4.224506633104921e-05,
    "BondFractions_C_-_O_bond_frac_": 4.215634828994437e-05,
    "BandCenter_band_center": 4.0792943709706794e-05,
    "ElementFraction_Ir": 3.8726453972695205e-05,
    "ElementFraction_Cu": 3.8377063516030226e-05,
    "ElementFraction_Sc": 3.79743111298776e-05,
    "SineCoulombMatrix_sine_coulomb_matrix_eig_8": 3.669795455753518e-05
}