{
    "ElementFraction_O": 0.022899571043618307,
    "ElementProperty_MagpieData_mean_GSbandgap": 0.021034867652292545,
    "ElectronegativityDiff_minimum_EN_difference": 0.018159572298373294,
    "Stoichiometry_0-norm": 0.017319384761131207,
    "ElementProperty_MagpieData_range_Number": 0.014677161766323377,
    "ChemicalOrdering_mean_ordering_parameter_shell_1": 0.013867112076059456,
    "Stoichiometry_2-norm": 0.012870265534917468,
    "ElementProperty_MagpieData_avg_dev_GSbandgap": 0.007977475993093185,
    "ElementProperty_MagpieData_range_AtomicWeight": 0.007791277367985724,
    "Stoichiometry_3-norm": 0.007730903476368588,
    "AGNIFingerPrint_std_dev_AGNI_dir=y_eta=8_00e-01": 0.007218309687174657,
    "Stoichiometry_10-norm": 0.007122256855932572,
    "ElementFraction_F": 0.006990020426030102,
    "MEGNet_OFMEncoded_v1_19": 0.006170009035588623,
    "ElementProperty_MagpieData_range_MeltingT": 0.006098411894872368,
    "ElementProperty_MagpieData_avg_dev_Row": 0.005577755895203911,
    "ElementProperty_MagpieData_range_Electronegativity": 0.0054004482536579865,
    "ElementProperty_MagpieData_range_GSbandgap": 0.005160452021035942,
    "ElementFraction_P": 0.0051193769796255215,
    "AtomicOrbitals_HOMO_energy": 0.0051180949450358735,
    "AtomicPackingEfficiency_dist_from_5_clusters__APE____0_010": 0.005087319011428878,
    "TMetalFraction_transition_metal_fraction": 0.005062433094346423,
    "ElementProperty_MagpieData_mean_Electronegativity": 0.0049981551632791305,
    "ElementProperty_MagpieData_range_Row": 0.004680033896196822,
    "ElementProperty_MagpieData_mean_SpaceGroupNumber": 0.004370466291561923,
    "ElementProperty_MagpieData_avg_dev_Column": 0.004229250506781703,
    "ValenceOrbital_frac_d_valence_electrons": 0.004142069599982788,
    "ElementProperty_MagpieData_avg_dev_NdValence": 0.0040741594550943,
    "GeneralizedRDF_std_dev_Gaussian_center=0_0_width=1_0": 0.003988815881466413,
    "AtomicPackingEfficiency_dist_from_1_clusters__APE____0_010": 0.003943407904364078
}