{
    "ElementProperty_MagpieData_mode_Electronegativity": 0.03939254357273705,
    "ElementFraction_O": 0.03183671248591245,
    "ElementProperty_MagpieData_range_Electronegativity": 0.020992293400447122,
    "ElementProperty_MagpieData_maximum_NUnfilled": 0.01666170203473054,
    "ElementProperty_MagpieData_mean_NpUnfilled": 0.012539401125944243,
    "IonProperty_max_ionic_char": 0.012410766531368755,
    "ElectronegativityDiff_minimum_EN_difference": 0.012361254918365467,
    "ElementProperty_MagpieData_mean_SpaceGroupNumber": 0.011419610698866298,
    "ElementProperty_MagpieData_mean_NpValence": 0.010488047854619147,
    "ElementProperty_MagpieData_maximum_MendeleevNumber": 0.0103028172138905,
    "Stoichiometry_0-norm": 0.008405844473792183,
    "Stoichiometry_3-norm": 0.008366973421697746,
    "ElementProperty_MagpieData_minimum_MendeleevNumber": 0.008065247692403328,
    "YangSolidSolution_Yang_delta": 0.006777466115105835,
    "ElementProperty_MagpieData_maximum_CovalentRadius": 0.006634010673390513,
    "Stoichiometry_7-norm": 0.0065516741590066095,
    "TMetalFraction_transition_metal_fraction": 0.006116951351827101,
    "Stoichiometry_10-norm": 0.006099645326900812,
    "ElementProperty_MagpieData_maximum_Number": 0.00605220344642113,
    "ElementProperty_MagpieData_avg_dev_GSvolume_pa": 0.006037291359152342,
    "ChemicalOrdering_mean_ordering_parameter_shell_1": 0.005707331622844162,
    "ElementProperty_MagpieData_avg_dev_GSbandgap": 0.005636502893935877,
    "ElementProperty_MagpieData_avg_dev_Electronegativity": 0.005465181816458847,
    "ElementFraction_Li": 0.005358093379844837,
    "ElementProperty_MagpieData_range_CovalentRadius": 0.005301332353391529,
    "ElementProperty_MagpieData_maximum_NfUnfilled": 0.0052044338192494795,
    "ElementProperty_MagpieData_maximum_Electronegativity": 0.005147827644764084,
    "Stoichiometry_2-norm": 0.004996575975749351,
    "ElementProperty_MagpieData_minimum_Electronegativity": 0.004970821161098518,
    "ElementProperty_MagpieData_mean_NUnfilled": 0.004852011520021893
}