{
    "Stoichiometry_0-norm": 0.037364720597255346,
    "ElementProperty_MagpieData_range_Electronegativity": 0.034206267021173596,
    "Stoichiometry_10-norm": 0.022692394341847114,
    "ElementFraction_O": 0.0199883719360859,
    "ElementProperty_MagpieData_avg_dev_GSvolume_pa": 0.016634051402691655,
    "ElementProperty_MagpieData_mean_Column": 0.012805662519923027,
    "ChemicalOrdering_mean_ordering_parameter_shell_1": 0.012623845651040789,
    "Stoichiometry_7-norm": 0.012557333475087555,
    "Stoichiometry_2-norm": 0.012275974188435814,
    "Stoichiometry_5-norm": 0.011121110315440235,
    "ElementProperty_MagpieData_minimum_NUnfilled": 0.009840003191788141,
    "ElementProperty_MagpieData_mode_Electronegativity": 0.008490678707473753,
    "ElementProperty_MagpieData_minimum_Electronegativity": 0.007433611739853883,
    "ElementProperty_MagpieData_range_Number": 0.007201201968786333,
    "Stoichiometry_3-norm": 0.006868582243316654,
    "ElectronegativityDiff_minimum_EN_difference": 0.0067414656203331836,
    "ElementProperty_MagpieData_range_NUnfilled": 0.006224076480872245,
    "AtomicPackingEfficiency_dist_from_5_clusters__APE____0_010": 0.005264530111117664,
    "ElementFraction_S": 0.005248404116547148,
    "ElementProperty_MagpieData_minimum_MendeleevNumber": 0.004927088227157115,
    "MEGNet_OFMEncoded_v1_58": 0.0048255852416251984,
    "ElementProperty_MagpieData_range_MendeleevNumber": 0.004794808472408185,
    "ElementProperty_MagpieData_range_GSvolume_pa": 0.004789979038280066,
    "GeneralizedRDF_std_dev_Gaussian_center=0_0_width=1_0": 0.004771580480863918,
    "IonProperty_avg_ionic_char": 0.004720384541427219,
    "MEGNet_OFMEncoded_v1_188": 0.004712054477390065,
    "ElementProperty_MagpieData_maximum_MendeleevNumber": 0.004706469245099936,
    "ElementProperty_MagpieData_range_Column": 0.0045349189408843416,
    "ElectronegativityDiff_mean_EN_difference": 0.004429635492785871,
    "ElectronegativityDiff_range_EN_difference": 0.0042297797016765636
}