{
    "Stoichiometry_0-norm": 0.07528618769497857,
    "Stoichiometry_2-norm": 0.06995710516708777,
    "ElementFraction_O": 0.03709209566421936,
    "Stoichiometry_7-norm": 0.024443005259455263,
    "ElementProperty_MagpieData_mode_MeltingT": 0.0206931177753725,
    "ChemicalOrdering_mean_ordering_parameter_shell_1": 0.02060099339325857,
    "LocalPropertyDifference_mean_local_difference_in_Electronegativity": 0.012279369649749232,
    "ElementProperty_MagpieData_range_Electronegativity": 0.012047841417675498,
    "Stoichiometry_3-norm": 0.010984287851198595,
    "ElementProperty_MagpieData_minimum_NsValence": 0.009951230060986528,
    "ElementProperty_MagpieData_maximum_CovalentRadius": 0.009120849802584782,
    "ElementProperty_MagpieData_avg_dev_NpUnfilled": 0.008766422590023581,
    "OxidationStates_maximum_oxidation_state": 0.008738217754475208,
    "TMetalFraction_transition_metal_fraction": 0.008380284676488221,
    "ElementProperty_MagpieData_maximum_MeltingT": 0.008081957338512673,
    "ElementProperty_MagpieData_avg_dev_NpValence": 0.007784066719907899,
    "ElementProperty_MagpieData_maximum_GSbandgap": 0.007419199124745674,
    "IonProperty_avg_ionic_char": 0.007336487214426805,
    "Stoichiometry_5-norm": 0.007154017660971835,
    "ElectronegativityDiff_minimum_EN_difference": 0.006618393832450439,
    "BondOrientationParameter_mean_BOOP_Q_l=3": 0.006383414697654537,
    "ElementProperty_MagpieData_maximum_NpUnfilled": 0.00628261666033332,
    "ElementProperty_MagpieData_maximum_Electronegativity": 0.006236499514187848,
    "MEGNet_OFMEncoded_v1_24": 0.006225916000777381,
    "ElectronegativityDiff_range_EN_difference": 0.00614005964359867,
    "ElementProperty_MagpieData_mode_Electronegativity": 0.00573980691234649,
    "ElementProperty_MagpieData_mode_SpaceGroupNumber": 0.005711727524661768,
    "GaussianSymmFunc_std_dev_G2_80_0": 0.005575600773076957,
    "BondFractions_Fe_-_O_bond_frac_": 0.005486267651582721,
    "AverageBondLength_mean_Average_bond_length": 0.005480506218486324
}