{
    "ElementProperty_MagpieData_maximum_Electronegativity": 0.4138471408224789,
    "ElementProperty_MagpieData_avg_dev_Electronegativity": 0.32637055580171936,
    "ElectronegativityDiff_mean_EN_difference": 0.2476694091117925,
    "ElementProperty_MagpieData_mode_Electronegativity": 0.20111234630064606,
    "ValenceOrbital_frac_d_valence_electrons": 0.14902294649844824,
    "ElementProperty_MagpieData_avg_dev_NdValence": 0.09090637866948377,
    "ElementProperty_MagpieData_mean_SpaceGroupNumber": 0.082279102290369,
    "MEGNet_OFMEncoded_v1_68": 0.061217001588553054,
    "ElementProperty_MagpieData_avg_dev_NUnfilled": 0.04502772960322862,
    "MEGNet_OFMEncoded_v1_99": 0.044662834038416824,
    "ElementProperty_MagpieData_range_NUnfilled": 0.04272391921943225,
    "ElementProperty_MagpieData_avg_dev_NpValence": 0.04126516071006913,
    "ElectronegativityDiff_minimum_EN_difference": 0.04006682561270322,
    "MEGNet_OFMEncoded_v1_13": 0.038684657305232746,
    "ElementProperty_MagpieData_maximum_GSbandgap": 0.037754729367556965,
    "MEGNet_OFMEncoded_v1_62": 0.037568289016172395,
    "LocalPropertyDifference_mean_local_difference_in_Electronegativity": 0.03520618033607732,
    "ElementProperty_MagpieData_mean_NdValence": 0.03394856789748902,
    "ElementProperty_MagpieData_range_Electronegativity": 0.03355303770967198,
    "ElementProperty_MagpieData_maximum_CovalentRadius": 0.03236153458056799,
    "MEGNet_OFMEncoded_v1_79": 0.03089110831627035,
    "ElementProperty_MagpieData_maximum_NUnfilled": 0.030391017060925174,
    "MEGNet_OFMEncoded_v1_132": 0.02992835305666752,
    "YangSolidSolution_Yang_omega": 0.029248752506224777,
    "ElementProperty_MagpieData_avg_dev_GSvolume_pa": 0.02866284837216571,
    "ElementProperty_MagpieData_avg_dev_GSbandgap": 0.02742429050742878,
    "Stoichiometry_0-norm": 0.026868875044550062,
    "MEGNet_OFMEncoded_v1_143": 0.026377590698734302,
    "MEGNet_OFMEncoded_v1_90": 0.024379088393021588,
    "ElementProperty_MagpieData_minimum_Electronegativity": 0.023710373089505292
}