{
    "CrystalNNFingerprint_mean_wt_CN_8": 0.0017696617464080858,
    "ElementProperty_MagpieData_mean_MeltingT": 0.0015280566899695163,
    "StructuralHeterogeneity_mean_absolute_deviation_in_relative_cell_size": 0.0014435544393920179,
    "MEGNet_OFMEncoded_v1_51": 0.0014155347169365659,
    "ElementFraction_Ta": 0.001330240486365285,
    "AtomicPackingEfficiency_mean_simul__packing_efficiency": 0.0012691068840130467,
    "BondFractions_Ta_-_Ta_bond_frac_": 0.0011533520229236017,
    "AGNIFingerPrint_std_dev_AGNI_dir=y_eta=4_43e+00": 0.001079819782793729,
    "MEGNet_OFMEncoded_v1_87": 0.0010736994465573814,
    "ElementFraction_Ge": 0.0010603840482543538,
    "XRDPowderPattern_xrd_61": 0.0009253257347128186,
    "ElementFraction_U": 0.000820303440452017,
    "MEGNet_OFMEncoded_v1_71": 0.0006846822299701033,
    "ElementProperty_MagpieData_mode_MendeleevNumber": 0.0006794916092938458,
    "AtomicOrbitals_HOMO_element": 0.0006396540115302246,
    "MEGNet_OFMEncoded_v1_34": 0.0006344433105492188,
    "ElementFraction_Si": 0.0006332333249865842,
    "GeneralizedRDF_std_dev_Gaussian_center=5_0_width=1_0": 0.0005838208482909168,
    "OPSiteFingerprint_mean_octahedral_CN_6": 0.0005655479750416898,
    "ElementProperty_MagpieData_mode_SpaceGroupNumber": 0.0005354898712834109,
    "ElementProperty_MagpieData_mean_SpaceGroupNumber": 0.00053433659077727,
    "Stoichiometry_7-norm": 0.0005002291804686916,
    "CrystalNNFingerprint_mean_linear_CN_2": 0.0004842790408347258,
    "MEGNet_OFMEncoded_v1_176": 0.0004822853738986554,
    "BondFractions_Nb_-_Nb_bond_frac_": 0.0004709031314225831,
    "ElementFraction_Cd": 0.0004695060060244872,
    "CrystalNNFingerprint_std_dev_wt_CN_10": 0.0004654585149866149,
    "MEGNet_OFMEncoded_v1_22": 0.0004604668440875628,
    "OPSiteFingerprint_mean_hexagonal_planar_CN_6": 0.00045740370575638383,
    "ElementProperty_MagpieData_mean_NdUnfilled": 0.0004317879724453029
}