{
    "Stoichiometry_0-norm": 0.08720251994538697,
    "Stoichiometry_2-norm": 0.029176604772196895,
    "ElementFraction_O": 0.02630068445470308,
    "ChemicalOrdering_mean_ordering_parameter_shell_1": 0.017807363894131036,
    "IonProperty_max_ionic_char": 0.01531163364667288,
    "Stoichiometry_5-norm": 0.014749359104369392,
    "ElementProperty_MagpieData_mode_Electronegativity": 0.011271837621047177,
    "Stoichiometry_3-norm": 0.01082412565195465,
    "ElementProperty_MagpieData_range_MendeleevNumber": 0.009912085806123547,
    "ElementProperty_MagpieData_maximum_Number": 0.00868882844481795,
    "ElementProperty_MagpieData_range_NpValence": 0.007945553106703236,
    "LocalPropertyDifference_mean_local_difference_in_Electronegativity": 0.007894774633741036,
    "ElementProperty_MagpieData_maximum_NpUnfilled": 0.007646105901410391,
    "AtomicOrbitals_HOMO_energy": 0.00688632479458279,
    "ElementProperty_MagpieData_avg_dev_NpValence": 0.0068041022994110405,
    "Stoichiometry_10-norm": 0.006429392939547276,
    "TMetalFraction_transition_metal_fraction": 0.006397043090727455,
    "ElectronegativityDiff_minimum_EN_difference": 0.006187516331016704,
    "ElementProperty_MagpieData_avg_dev_NpUnfilled": 0.0059393510466672576,
    "ElementProperty_MagpieData_minimum_NUnfilled": 0.005768998762954922,
    "ElementProperty_MagpieData_range_GSbandgap": 0.005581726253541932,
    "ElementProperty_MagpieData_avg_dev_Column": 0.005439409307651997,
    "ElementProperty_MagpieData_mean_Electronegativity": 0.005410069719070877,
    "ElectronegativityDiff_range_EN_difference": 0.005285595251364529,
    "DensityFeatures_packing_fraction": 0.005092591442548493,
    "ElementProperty_MagpieData_maximum_GSbandgap": 0.005082612401036931,
    "BondFractions_Co_-_O_bond_frac_": 0.004907523675271825,
    "GeneralizedRDF_mean_Gaussian_center=0_0_width=1_0": 0.0046474582005037925,
    "ElementProperty_MagpieData_maximum_CovalentRadius": 0.004578819548039297,
    "MEGNet_OFMEncoded_v1_167": 0.004545273047652865
}