{
    "ElementFraction_O": 0.05320938989517251,
    "Stoichiometry_0-norm": 0.04427419408791665,
    "Stoichiometry_2-norm": 0.032140363659004585,
    "ChemicalOrdering_mean_ordering_parameter_shell_1": 0.021074662375842268,
    "ElementProperty_MagpieData_avg_dev_GSbandgap": 0.014736926292328874,
    "Stoichiometry_10-norm": 0.013519636958468442,
    "ElementProperty_MagpieData_mode_MendeleevNumber": 0.013302449215435386,
    "AGNIFingerPrint_std_dev_AGNI_eta=8_00e-01": 0.013265309667778044,
    "ElementProperty_MagpieData_range_Number": 0.013231655220239318,
    "Stoichiometry_7-norm": 0.012695772027566665,
    "Stoichiometry_5-norm": 0.011567079575853935,
    "ElementProperty_MagpieData_mean_AtomicWeight": 0.011549298636612488,
    "MEGNet_OFMEncoded_v1_84": 0.01120593101565494,
    "ElementProperty_MagpieData_avg_dev_NUnfilled": 0.011199716395397711,
    "ElementProperty_MagpieData_maximum_Number": 0.01012159295706431,
    "ElementProperty_MagpieData_range_MeltingT": 0.00986965031386636,
    "ElementProperty_MagpieData_minimum_Number": 0.009721758353621268,
    "ElementProperty_MagpieData_mode_Electronegativity": 0.009576051385109786,
    "BondFractions_Li_-_O_bond_frac_": 0.009229759560034358,
    "ElementProperty_MagpieData_avg_dev_MendeleevNumber": 0.008979814736715462,
    "ElementProperty_MagpieData_avg_dev_NpValence": 0.008913520100785515,
    "AGNIFingerPrint_std_dev_AGNI_dir=y_eta=8_00e-01": 0.008858297087475597,
    "Stoichiometry_3-norm": 0.008502719151701664,
    "ElementProperty_MagpieData_mean_NpUnfilled": 0.008325342767909333,
    "ElementProperty_MagpieData_maximum_MeltingT": 0.008215247917555988,
    "TMetalFraction_transition_metal_fraction": 0.008142344547826648,
    "ElementProperty_MagpieData_avg_dev_Row": 0.007994148986155712,
    "ElementProperty_MagpieData_avg_dev_Column": 0.0077927771756576905,
    "ElementProperty_MagpieData_maximum_NpUnfilled": 0.00778788524888432,
    "ElectronegativityDiff_minimum_EN_difference": 0.007604143574942834
}