{
    "Stoichiometry_0-norm": 0.06361485843462406,
    "Stoichiometry_2-norm": 0.040945409397985175,
    "IonProperty_max_ionic_char": 0.0330955184050266,
    "Stoichiometry_3-norm": 0.03034499991696164,
    "ValenceOrbital_frac_p_valence_electrons": 0.025068974854801244,
    "ElementProperty_MagpieData_mean_SpaceGroupNumber": 0.02042290594554059,
    "ElementProperty_MagpieData_avg_dev_Column": 0.017615835817721793,
    "ElementProperty_MagpieData_mode_CovalentRadius": 0.014362422086963403,
    "ValenceOrbital_frac_d_valence_electrons": 0.013861076382525362,
    "ElementProperty_MagpieData_maximum_Number": 0.012140429422427832,
    "ElementProperty_MagpieData_range_Electronegativity": 0.01202603051412319,
    "ElectronegativityDiff_mean_EN_difference": 0.011685249078687761,
    "ElementFraction_B": 0.011152154513502563,
    "LocalPropertyDifference_std_dev_local_difference_in_Electronegativity": 0.010553934712273139,
    "ElementProperty_MagpieData_range_NUnfilled": 0.009994780855005755,
    "ElementProperty_MagpieData_mean_NdValence": 0.009714788455343617,
    "OPSiteFingerprint_mean_body-centered_cubic_CN_8": 0.009707980161527768,
    "ElementFraction_F": 0.009089132931066184,
    "Miedema_Miedema_deltaH_inter": 0.00892079291691219,
    "ElectronegativityDiff_minimum_EN_difference": 0.008741038489477253,
    "ElementProperty_MagpieData_maximum_MendeleevNumber": 0.008686355223740063,
    "ElementProperty_MagpieData_maximum_GSbandgap": 0.008685385863992449,
    "ElementFraction_O": 0.008631185838041948,
    "ElectronegativityDiff_range_EN_difference": 0.008530703067008113,
    "YangSolidSolution_Yang_delta": 0.008457271253032037,
    "ChemicalOrdering_mean_ordering_parameter_shell_1": 0.008175766268733455,
    "ElementProperty_MagpieData_mean_NpValence": 0.008092733556468596,
    "ElementProperty_MagpieData_maximum_MeltingT": 0.007768048374561392,
    "ElementProperty_MagpieData_range_CovalentRadius": 0.007706733902407642,
    "ElementProperty_MagpieData_mode_SpaceGroupNumber": 0.007593274470742445
}