{
    "ElementProperty_MagpieData_mean_NpValence": 0.019505313775906332,
    "Stoichiometry_2-norm": 0.013364247408664466,
    "Stoichiometry_0-norm": 0.012832945775554426,
    "ElementProperty_MagpieData_maximum_Electronegativity": 0.007692336269448597,
    "Stoichiometry_3-norm": 0.007534229990863496,
    "Stoichiometry_10-norm": 0.007264311271981103,
    "Stoichiometry_5-norm": 0.006181259336652631,
    "ElementProperty_MagpieData_minimum_MendeleevNumber": 0.005723581773226033,
    "ElementProperty_MagpieData_range_MendeleevNumber": 0.00517976385370637,
    "ElementProperty_MagpieData_range_Electronegativity": 0.00503768617742547,
    "ElectronegativityDiff_minimum_EN_difference": 0.004771464829556841,
    "ElementProperty_MagpieData_mode_Column": 0.004435346327897425,
    "ElementProperty_MagpieData_mean_NUnfilled": 0.004220837863654862,
    "OxidationStates_std_dev_oxidation_state": 0.0040856552678710314,
    "ElementProperty_MagpieData_maximum_MeltingT": 0.004042187715193643,
    "YangSolidSolution_Yang_delta": 0.003951320612724315,
    "ElementFraction_O": 0.0037854463962381448,
    "ElementProperty_MagpieData_avg_dev_Electronegativity": 0.0037050904690243015,
    "BondFractions_Mn_-_O_bond_frac_": 0.003639906801861558,
    "MEGNet_OFMEncoded_v1_62": 0.0036345650100590866,
    "ElementProperty_MagpieData_mode_CovalentRadius": 0.003571434619349714,
    "IonProperty_avg_ionic_char": 0.003526700081212098,
    "ElementProperty_MagpieData_minimum_CovalentRadius": 0.003493379039818105,
    "ElementProperty_MagpieData_avg_dev_GSbandgap": 0.003491787780506112,
    "TMetalFraction_transition_metal_fraction": 0.0034695626737720553,
    "AtomicOrbitals_HOMO_energy": 0.0033705585167154886,
    "YangSolidSolution_Yang_omega": 0.0032308430511323806,
    "ElementProperty_MagpieData_avg_dev_GSmagmom": 0.0032190846029966727,
    "ElementProperty_MagpieData_mean_GSmagmom": 0.003031840489738544,
    "GeneralizedRDF_mean_Gaussian_center=9_0_width=1_0": 0.0029958674721945085
}