{
    "ElementProperty_MagpieData_avg_dev_Electronegativity": 0.29623698882727595,
    "ElectronegativityDiff_mean_EN_difference": 0.1294098800414305,
    "ValenceOrbital_frac_d_valence_electrons": 0.12214761376036955,
    "ElementProperty_MagpieData_mean_SpaceGroupNumber": 0.061032423837013475,
    "ElementProperty_MagpieData_range_Electronegativity": 0.054135298538802494,
    "ElectronegativityDiff_minimum_EN_difference": 0.040608523599733846,
    "ElementProperty_MagpieData_maximum_GSbandgap": 0.036611801042672996,
    "ElementProperty_MagpieData_maximum_NdValence": 0.024554914615234423,
    "ElementProperty_MagpieData_minimum_Electronegativity": 0.023495474445449818,
    "IonProperty_max_ionic_char": 0.022757062764894732,
    "IonProperty_avg_ionic_char": 0.021402369272387207,
    "ElementProperty_MagpieData_maximum_CovalentRadius": 0.020349916296777272,
    "MEGNet_OFMEncoded_v1_13": 0.02014376459580051,
    "MEGNet_OFMEncoded_v1_99": 0.01916215588496999,
    "ElementProperty_MagpieData_maximum_NUnfilled": 0.01907525697907754,
    "MEGNet_OFMEncoded_v1_68": 0.018007271136767266,
    "MEGNet_OFMEncoded_v1_172": 0.017436683020387995,
    "MEGNet_OFMEncoded_v1_132": 0.01734273269019148,
    "MEGNet_OFMEncoded_v1_79": 0.016188317933710117,
    "MEGNet_OFMEncoded_v1_62": 0.016108366500437777,
    "YangSolidSolution_Yang_omega": 0.01567647832112262,
    "ElementProperty_MagpieData_mean_NsValence": 0.015646585153518387,
    "MEGNet_OFMEncoded_v1_143": 0.015425369331071767,
    "ElementProperty_MagpieData_range_NUnfilled": 0.014303866043474537,
    "Miedema_Miedema_deltaH_amor": 0.013526959700204358,
    "ElementProperty_MagpieData_avg_dev_GSvolume_pa": 0.013335269556503498,
    "ElementProperty_MagpieData_range_CovalentRadius": 0.0132657939346298,
    "Miedema_Miedema_deltaH_ss_min": 0.013048053465176682,
    "ElementProperty_MagpieData_avg_dev_NUnfilled": 0.01239364416066085,
    "ElementProperty_MagpieData_avg_dev_NdValence": 0.011747994843590327
}