{
    "ElementProperty_MagpieData_avg_dev_CovalentRadius": 0.016955246725359686,
    "Stoichiometry_0-norm": 0.010765425503982141,
    "ElementProperty_MagpieData_mean_CovalentRadius": 0.010349736454381914,
    "Stoichiometry_2-norm": 0.010300367409594013,
    "YangSolidSolution_Yang_omega": 0.009330609023314876,
    "Stoichiometry_3-norm": 0.008238031241305245,
    "ElementFraction_V": 0.007527929807820522,
    "ElectronegativityDiff_range_EN_difference": 0.006624061056565347,
    "ElementProperty_MagpieData_mode_Electronegativity": 0.006330212985816937,
    "ElementProperty_MagpieData_maximum_CovalentRadius": 0.006276917725541385,
    "ElementFraction_O": 0.005730205663516693,
    "GeneralizedRDF_mean_Gaussian_center=0_0_width=1_0": 0.00552149882017589,
    "ElementProperty_MagpieData_minimum_CovalentRadius": 0.005373575897346072,
    "ElementProperty_MagpieData_mean_Row": 0.005158767492442618,
    "ElementProperty_MagpieData_maximum_MeltingT": 0.0048892497464212625,
    "ElementProperty_MagpieData_range_MeltingT": 0.004839729109482978,
    "YangSolidSolution_Yang_delta": 0.004473663468829355,
    "ElectronegativityDiff_minimum_EN_difference": 0.0044647496569812355,
    "ElementProperty_MagpieData_minimum_NUnfilled": 0.004207098702474823,
    "ElementProperty_MagpieData_avg_dev_GSbandgap": 0.004002046960471678,
    "MEGNet_OFMEncoded_v1_23": 0.0038244534881009718,
    "ElementProperty_MagpieData_range_GSvolume_pa": 0.0036881739930807785,
    "ElementFraction_Te": 0.003305846618700893,
    "GaussianSymmFunc_std_dev_G2_20_0": 0.0032971805523071243,
    "MEGNet_OFMEncoded_v1_81": 0.003142629907106219,
    "ElementProperty_MagpieData_mean_GSbandgap": 0.0030503347644565996,
    "MEGNet_OFMEncoded_v1_172": 0.0029843265722095747,
    "ElementProperty_MagpieData_minimum_GSvolume_pa": 0.0029590032687908173,
    "MEGNet_OFMEncoded_v1_79": 0.002945672783182749,
    "ElementProperty_MagpieData_range_NpValence": 0.0028696606726594126
}