{
    "Stoichiometry_0-norm": 0.022987602668019514,
    "ElementFraction_O": 0.016873759359833918,
    "Stoichiometry_10-norm": 0.014969901639505227,
    "ElementProperty_MagpieData_avg_dev_Row": 0.014485374363964437,
    "ElementProperty_MagpieData_maximum_GSvolume_pa": 0.012783596285553398,
    "Stoichiometry_2-norm": 0.012119910910878402,
    "ElementProperty_MagpieData_maximum_NpUnfilled": 0.010324016314712414,
    "ElementProperty_MagpieData_range_Number": 0.008962992891401945,
    "ElementProperty_MagpieData_minimum_Electronegativity": 0.0071348482268689655,
    "ElementProperty_MagpieData_range_NpUnfilled": 0.006854572967730385,
    "ElementProperty_MagpieData_mean_GSbandgap": 0.006759850869855602,
    "ElementProperty_MagpieData_range_GSvolume_pa": 0.006641680976755757,
    "ElementProperty_MagpieData_avg_dev_MendeleevNumber": 0.0064357604613587555,
    "ElectronegativityDiff_range_EN_difference": 0.006015229267546706,
    "Stoichiometry_5-norm": 0.005877642381667969,
    "ElementProperty_MagpieData_avg_dev_NUnfilled": 0.005774604702331575,
    "ElementProperty_MagpieData_maximum_GSbandgap": 0.005703750473631778,
    "TMetalFraction_transition_metal_fraction": 0.005378083286110832,
    "ElementProperty_MagpieData_mean_NpValence": 0.005310763538305514,
    "ElementProperty_MagpieData_range_AtomicWeight": 0.005226710262905741,
    "YangSolidSolution_Yang_delta": 0.00495291761458403,
    "ElectronegativityDiff_minimum_EN_difference": 0.004920473408938667,
    "OxidationStates_std_dev_oxidation_state": 0.004894166319057661,
    "MEGNet_OFMEncoded_v1_74": 0.004864480747743241,
    "Stoichiometry_3-norm": 0.004705183291756938,
    "BondFractions_Fe_-_O_bond_frac_": 0.004689737048234552,
    "MEGNet_OFMEncoded_v1_133": 0.004620327171737531,
    "ElementProperty_MagpieData_mode_MeltingT": 0.004470269134628615,
    "ElementProperty_MagpieData_minimum_GSvolume_pa": 0.004331111516946669,
    "Stoichiometry_7-norm": 0.0041360672631613705
}