{
    "ElementFraction_O": 0.0228364044530054,
    "ElementProperty_MagpieData_maximum_NdValence": 0.02158285506697675,
    "YangSolidSolution_Yang_delta": 0.020628669279345837,
    "ElectronegativityDiff_range_EN_difference": 0.014890768581601795,
    "Stoichiometry_0-norm": 0.01320537300017923,
    "ElementProperty_MagpieData_mode_MendeleevNumber": 0.010501158400435272,
    "ElementProperty_MagpieData_maximum_GSbandgap": 0.010120604893092416,
    "Stoichiometry_3-norm": 0.008997630754242834,
    "ElementFraction_B": 0.0076739269347502964,
    "ElementProperty_MagpieData_avg_dev_Row": 0.006940859770998788,
    "GeneralizedRDF_mean_Gaussian_center=0_0_width=1_0": 0.006364412678798717,
    "ElementProperty_MagpieData_range_Number": 0.006050700571085471,
    "ElementProperty_MagpieData_mode_Electronegativity": 0.005487117209984084,
    "Stoichiometry_2-norm": 0.005334058158065397,
    "ElementProperty_MagpieData_avg_dev_CovalentRadius": 0.005191646676042591,
    "ElementProperty_MagpieData_range_GSbandgap": 0.004610252146871981,
    "ElementFraction_F": 0.004515253713954423,
    "ElementProperty_MagpieData_mean_Electronegativity": 0.004434201472549526,
    "TMetalFraction_transition_metal_fraction": 0.004211741044429105,
    "MEGNet_OFMEncoded_v1_68": 0.004204799192286122,
    "ElementProperty_MagpieData_mean_NpUnfilled": 0.004076994065843227,
    "AGNIFingerPrint_mean_AGNI_eta=8_00e-01": 0.003935782689655333,
    "ElementProperty_MagpieData_mode_MeltingT": 0.003857272118661341,
    "BondFractions_O_-_V_bond_frac_": 0.003808004475811195,
    "ElementProperty_MagpieData_mode_Number": 0.0037970573472302584,
    "ElectronegativityDiff_minimum_EN_difference": 0.0035943145291007315,
    "SineCoulombMatrix_sine_coulomb_matrix_eig_5": 0.003539855819599699,
    "AGNIFingerPrint_mean_AGNI_eta=1_23e+00": 0.0035276728953223422,
    "ElementFraction_Ni": 0.0034158057796586,
    "BondFractions_Co_-_O_bond_frac_": 0.003383657340206528
}