{
    "ElementProperty_MagpieData_mean_MeltingT": 0.03814728352950019,
    "ElementProperty_MagpieData_avg_dev_Column": 0.03248034399297666,
    "MEGNet_OFMEncoded_v1_68": 0.028867251543976048,
    "OPSiteFingerprint_mean_sgl_bd_CN_1": 0.019734691334892668,
    "OxidationStates_std_dev_oxidation_state": 0.015212032108676762,
    "ElementProperty_MagpieData_minimum_Column": 0.014318469887340673,
    "CrystalNNFingerprint_std_dev_wt_CN_2": 0.013020583369528655,
    "ElementProperty_MagpieData_range_Column": 0.012748836790291316,
    "OPSiteFingerprint_std_dev_tetrahedral_CN_4": 0.012515982869085587,
    "VoronoiFingerprint_mean_Voro_index_5": 0.01228919074772437,
    "CrystalNNFingerprint_std_dev_q6_CN_12": 0.011530942465333982,
    "ElementProperty_MagpieData_maximum_MeltingT": 0.011063699706252022,
    "MEGNet_OFMEncoded_v1_70": 0.009918346500737755,
    "BondOrientationParameter_mean_BOOP_Q_l=4": 0.009806460272914095,
    "ElementProperty_MagpieData_mean_NpValence": 0.009785956547891526,
    "ElementProperty_MagpieData_mean_GSbandgap": 0.009449351164322911,
    "CrystalNNFingerprint_mean_body-centered_cubic_CN_8": 0.009357771399769989,
    "ElementProperty_MagpieData_maximum_NValence": 0.0089581259545924,
    "ElementProperty_MagpieData_maximum_GSmagmom": 0.008796670943419845,
    "ElementProperty_MagpieData_mode_NUnfilled": 0.008331373231805397,
    "ElementProperty_MagpieData_mean_NpUnfilled": 0.008182281714035048,
    "ElementFraction_Mn": 0.007987901674490101,
    "ElementProperty_MagpieData_mean_MendeleevNumber": 0.007921268537247195,
    "MEGNet_OFMEncoded_v1_171": 0.007831670822916201,
    "MEGNet_OFMEncoded_v1_167": 0.00781531462381375,
    "ElementProperty_MagpieData_minimum_Electronegativity": 0.007694492926435747,
    "OPSiteFingerprint_std_dev_q6_CN_9": 0.007582378493518426,
    "GeneralizedRDF_mean_Gaussian_center=8_0_width=1_0": 0.007575013247062377,
    "ElementProperty_MagpieData_maximum_NUnfilled": 0.007437067012260015,
    "OPSiteFingerprint_std_dev_hexagonal_planar_CN_6": 0.007354449004685307
}