{
    "ValenceOrbital_frac_p_valence_electrons": 0.000842300822601485,
    "TMetalFraction_transition_metal_fraction": 0.0007907467868275065,
    "GaussianSymmFunc_mean_G2_80_0": 0.0007825702148895925,
    "ElementProperty_MagpieData_mode_Number": 0.0006481522505357459,
    "ElementProperty_MagpieData_mean_CovalentRadius": 0.0006264666018989392,
    "ElementFraction_In": 0.0005771943387297267,
    "AGNIFingerPrint_mean_AGNI_eta=8_00e-01": 0.0005109550255420663,
    "ElementProperty_MagpieData_mean_Column": 0.0005094878309721388,
    "ElementProperty_MagpieData_range_CovalentRadius": 0.0004948171012971927,
    "ElementFraction_Ca": 0.00044261733373418956,
    "ElementProperty_MagpieData_maximum_SpaceGroupNumber": 0.0004325270287775913,
    "YangSolidSolution_Yang_delta": 0.00041501859618448954,
    "ElementFraction_O": 0.00040659603701629173,
    "ElementProperty_MagpieData_avg_dev_CovalentRadius": 0.000397867297060843,
    "ElementProperty_MagpieData_mode_GSbandgap": 0.00038144561012410017,
    "ElementFraction_Au": 0.00037177594197765264,
    "ElementProperty_MagpieData_minimum_Number": 0.00036004427706678424,
    "GeneralizedRDF_mean_Gaussian_center=0_0_width=1_0": 0.000314642667684065,
    "ElementFraction_S": 0.00030454414113768023,
    "ElementFraction_Yb": 0.0002975343874039796,
    "ElementProperty_MagpieData_minimum_CovalentRadius": 0.000295658749808411,
    "ElementProperty_MagpieData_mode_Column": 0.0002897884299886389,
    "ElementProperty_MagpieData_mode_CovalentRadius": 0.0002867308894023406,
    "AtomicOrbitals_LUMO_element": 0.0002859177969274909,
    "ElementProperty_MagpieData_minimum_Electronegativity": 0.0002566253957494635,
    "ElementProperty_MagpieData_maximum_Number": 0.0002535492168965795,
    "ElementFraction_Y": 0.0002507274431048459,
    "ElementProperty_MagpieData_mean_GSmagmom": 0.0002478727661381265,
    "ElementProperty_MagpieData_mean_GSbandgap": 0.00024571641933916614,
    "ElementProperty_MagpieData_maximum_CovalentRadius": 0.00022448645022519494
}