{
    "AGNIFingerPrint_mean_AGNI_eta=1_88e+00": 8.67279901255885,
    "GaussianSymmFunc_mean_G2_20_0": 7.227618848189083,
    "ElementProperty_MagpieData_mean_GSvolume_pa": 3.815534054146699,
    "GeneralizedRDF_mean_Gaussian_center=1_0_width=1_0": 3.2937806224067967,
    "ElementFraction_O": 2.6574464100154205,
    "ElementProperty_MagpieData_minimum_GSvolume_pa": 1.8679302415832348,
    "ElementProperty_MagpieData_mean_NUnfilled": 1.7259647171571442,
    "ElementProperty_MagpieData_mean_MeltingT": 1.608911420885643,
    "ElementProperty_MagpieData_maximum_NdValence": 1.377103101911922,
    "ElementProperty_MagpieData_minimum_NUnfilled": 1.2011814099702558,
    "ElementProperty_MagpieData_mode_GSvolume_pa": 1.0486684583924224,
    "ElementProperty_MagpieData_mode_NUnfilled": 1.0135613656668232,
    "BandCenter_band_center": 0.848261493487287,
    "MEGNet_OFMEncoded_v1_149": 0.8014570310033571,
    "ValenceOrbital_frac_d_valence_electrons": 0.7931314651791492,
    "ElementProperty_MagpieData_maximum_MeltingT": 0.765127137708755,
    "ElementProperty_MagpieData_mean_NdUnfilled": 0.6631040591497107,
    "ElementProperty_MagpieData_maximum_Number": 0.6539019572320878,
    "ElementFraction_Mg": 0.6528262058269024,
    "ElementProperty_MagpieData_mode_CovalentRadius": 0.6100821469311536,
    "ElementProperty_MagpieData_avg_dev_Row": 0.6062146744070784,
    "ElementProperty_MagpieData_mode_NdValence": 0.5873762364750108,
    "ElementFraction_Yb": 0.557188135171532,
    "ElementProperty_MagpieData_mean_Electronegativity": 0.5476588638449608,
    "TMetalFraction_transition_metal_fraction": 0.5410359549796913,
    "ElementProperty_MagpieData_mode_NpUnfilled": 0.5166160854076005,
    "ElementProperty_MagpieData_maximum_CovalentRadius": 0.4932346365552484,
    "MEGNet_OFMEncoded_v1_87": 0.4619545272546506,
    "ElementFraction_In": 0.45829328622774557,
    "DensityFeatures_density": 0.44318643051226236
}