{
    "ElementProperty_MagpieData_avg_dev_Electronegativity": 0.03234845752488309,
    "ElementProperty_MagpieData_mean_MeltingT": 0.029530933255235876,
    "ElementProperty_MagpieData_maximum_Electronegativity": 0.016593580784258696,
    "CrystalNNFingerprint_mean_tetrahedral_CN_4": 0.016400507683139255,
    "ElementProperty_MagpieData_mean_Row": 0.01606951392279233,
    "BondOrientationParameter_mean_BOOP_Q_l=2": 0.015233940525683397,
    "ElementProperty_MagpieData_minimum_MeltingT": 0.015069354631647545,
    "ElementProperty_MagpieData_maximum_MeltingT": 0.014391811752990827,
    "CoordinationNumber_std_dev_CN_VoronoiNN": 0.01369652611312984,
    "ElectronegativityDiff_std_dev_EN_difference": 0.012915628349129196,
    "ElementProperty_MagpieData_avg_dev_MeltingT": 0.011658832868021825,
    "ElementProperty_MagpieData_mode_NUnfilled": 0.010858424201006396,
    "ElectronegativityDiff_maximum_EN_difference": 0.010440298423342024,
    "MEGNet_OFMEncoded_v1_161": 0.00946390847602485,
    "MaximumPackingEfficiency_max_packing_efficiency": 0.009214331542949858,
    "OPSiteFingerprint_std_dev_tetrahedral_CN_4": 0.009055297240340713,
    "ElementProperty_MagpieData_minimum_GSvolume_pa": 0.008603779945314303,
    "ElementProperty_MagpieData_range_MeltingT": 0.008246302110211318,
    "OPSiteFingerprint_mean_tetrahedral_CN_4": 0.007806742118639401,
    "OxidationStates_maximum_oxidation_state": 0.007611376645890686,
    "StructuralHeterogeneity_mean_neighbor_distance_variation": 0.0069922529080380744,
    "ValenceOrbital_frac_p_valence_electrons": 0.006984459121884775,
    "ElementProperty_MagpieData_mean_NpUnfilled": 0.006928047707238957,
    "ElementProperty_MagpieData_mode_MeltingT": 0.006883823505551345,
    "ElementProperty_MagpieData_mean_NdUnfilled": 0.006658968884697589,
    "StructuralHeterogeneity_maximum_neighbor_distance_variation": 0.006376779479445686,
    "Stoichiometry_3-norm": 0.006329948534728539,
    "VoronoiFingerprint_mean_Voro_index_5": 0.006156946348442266,
    "VoronoiFingerprint_mean_Symmetry_index_4": 0.006126941938483941,
    "MEGNet_OFMEncoded_v1_134": 0.006117253720425201
}