{
    "ElementProperty_MagpieData_mean_MeltingT": 0.02610193399762806,
    "OxidationStates_std_dev_oxidation_state": 0.02253109308677997,
    "ElectronegativityDiff_maximum_EN_difference": 0.020414023108346065,
    "OPSiteFingerprint_mean_cuboctahedral_CN_12": 0.01979329663586001,
    "ElementProperty_MagpieData_maximum_MeltingT": 0.01668900644301517,
    "ElementProperty_MagpieData_mean_MendeleevNumber": 0.01480011455420199,
    "ElementProperty_MagpieData_maximum_CovalentRadius": 0.014407989774858727,
    "DensityFeatures_packing_fraction": 0.011126111630932642,
    "AverageBondLength_std_dev_Average_bond_length": 0.010314375715092467,
    "AtomicOrbitals_HOMO_energy": 0.009713075856947211,
    "ElectronegativityDiff_mean_EN_difference": 0.009599073972080588,
    "CrystalNNFingerprint_mean_wt_CN_14": 0.009119393740833433,
    "ElementProperty_MagpieData_mean_NpUnfilled": 0.008033884509168752,
    "ElementProperty_MagpieData_mean_Column": 0.007985304456782652,
    "ElementProperty_MagpieData_mode_NpUnfilled": 0.006539165662921887,
    "ElementProperty_MagpieData_maximum_MendeleevNumber": 0.006233331689308315,
    "MEGNet_OFMEncoded_v1_120": 0.006175679702563375,
    "MEGNet_OFMEncoded_v1_54": 0.006085973976304785,
    "ElementProperty_MagpieData_maximum_GSbandgap": 0.0059305483796815855,
    "ElementProperty_MagpieData_mode_MeltingT": 0.005837444434322639,
    "ElementProperty_MagpieData_minimum_MeltingT": 0.005740118838115958,
    "ElementProperty_MagpieData_mode_MendeleevNumber": 0.0054345495522095215,
    "BondFractions_O_-_V_bond_frac_": 0.005201210972600572,
    "TMetalFraction_transition_metal_fraction": 0.004946239617476357,
    "CrystalNNFingerprint_std_dev_trigonal_planar_CN_3": 0.004798794531177805,
    "MEGNet_OFMEncoded_v1_79": 0.00475193407267383,
    "ElementProperty_MagpieData_avg_dev_Electronegativity": 0.0047112734842349865,
    "ElementProperty_MagpieData_mean_NpValence": 0.004631491702278761,
    "CrystalNNFingerprint_mean_trigonal_planar_CN_3": 0.004582229888202562,
    "ElementProperty_MagpieData_avg_dev_NpValence": 0.004322875731778421
}