{
    "GaussianSymmFunc_mean_G2_20_0": 0.006184513037408119,
    "ElementProperty_MagpieData_mode_NUnfilled": 0.002182296758146224,
    "AGNIFingerPrint_mean_AGNI_eta=1_88e+00": 0.001105682918763918,
    "AGNIFingerPrint_mean_AGNI_eta=1_23e+00": 0.0010135786110839606,
    "ElementProperty_MagpieData_maximum_MeltingT": 0.0009006600009923127,
    "ElementProperty_MagpieData_mean_NpUnfilled": 0.0008534555757978974,
    "GeneralizedRDF_mean_Gaussian_center=0_0_width=1_0": 0.0006721520942079144,
    "GeneralizedRDF_mean_Gaussian_center=2_0_width=1_0": 0.0005199633588580768,
    "OxidationStates_std_dev_oxidation_state": 0.0005093611962802637,
    "ElementProperty_MagpieData_mean_MeltingT": 0.0004825426345130287,
    "MEGNet_OFMEncoded_v1_87": 0.00044420197131360466,
    "YangSolidSolution_Yang_delta": 0.00039999535605288655,
    "ElementProperty_MagpieData_avg_dev_Electronegativity": 0.0003934388657106791,
    "GeneralizedRDF_mean_Gaussian_center=1_0_width=1_0": 0.00036739453520895696,
    "ElementFraction_H": 0.0003592076655951528,
    "ElectronegativityDiff_minimum_EN_difference": 0.00033851463541158293,
    "ElementProperty_MagpieData_minimum_Number": 0.0003382169514180361,
    "ElementProperty_MagpieData_mean_Electronegativity": 0.00033638152941228746,
    "ElementProperty_MagpieData_avg_dev_Column": 0.0003127137684154265,
    "ElementProperty_MagpieData_avg_dev_MeltingT": 0.00028966715388312403,
    "ElementProperty_MagpieData_mean_NpValence": 0.0002883042863919061,
    "GeneralizedRDF_mean_Gaussian_center=5_0_width=1_0": 0.0002866031031490248,
    "ElementProperty_MagpieData_minimum_Column": 0.00027537529161184433,
    "ElementProperty_MagpieData_mean_NdValence": 0.0002629890255700097,
    "ElementProperty_MagpieData_minimum_CovalentRadius": 0.00025811279897013464,
    "MEGNet_OFMEncoded_v1_15": 0.00024909209366022256,
    "GeneralizedRDF_mean_Gaussian_center=8_0_width=1_0": 0.00024267924716604394,
    "MEGNet_OFMEncoded_v1_99": 0.0002408136732563768,
    "BandCenter_band_center": 0.00021681438200298452,
    "ElementProperty_MagpieData_mode_MeltingT": 0.00018891118788294024
}