{
    "ElementProperty_MagpieData_mean_NUnfilled": 0.06667059847703309,
    "ElementProperty_MagpieData_mean_NdUnfilled": 0.036940475658955634,
    "ElementProperty_MagpieData_mean_MeltingT": 0.03519567561313728,
    "CrystalNNFingerprint_mean_bent_120_degrees_CN_2": 0.027109935374199343,
    "MaximumPackingEfficiency_max_packing_efficiency": 0.01775609524261262,
    "CrystalNNFingerprint_mean_octahedral_CN_6": 0.017680707076869428,
    "AtomicOrbitals_LUMO_energy": 0.016734202651206502,
    "ElementProperty_MagpieData_maximum_CovalentRadius": 0.013402569795743176,
    "ElementProperty_MagpieData_mean_NfUnfilled": 0.013140006386113286,
    "OxidationStates_std_dev_oxidation_state": 0.012185151410761685,
    "CrystalNNFingerprint_mean_q2_CN_12": 0.011501355419858382,
    "ElementProperty_MagpieData_minimum_MendeleevNumber": 0.011316415841485858,
    "XRDPowderPattern_xrd_18": 0.011108984062252938,
    "MEGNet_OFMEncoded_v1_166": 0.011080596953173627,
    "ElementProperty_MagpieData_mode_MendeleevNumber": 0.010720273465268028,
    "MEGNet_OFMEncoded_v1_165": 0.010438169788804387,
    "ElementProperty_MagpieData_range_NdValence": 0.009742064412964425,
    "ElementProperty_MagpieData_avg_dev_GSvolume_pa": 0.009488695670938388,
    "YangSolidSolution_Yang_omega": 0.009393944124556129,
    "ElementProperty_MagpieData_mean_CovalentRadius": 0.009106887477378305,
    "ElementProperty_MagpieData_avg_dev_NpValence": 0.009050024239781579,
    "BondFractions_O_-_V_bond_frac_": 0.008869446823454164,
    "CrystalNNFingerprint_std_dev_q4_CN_12": 0.008822961802644545,
    "BondFractions_Ni_-_O_bond_frac_": 0.008770915455819987,
    "ElementProperty_MagpieData_avg_dev_CovalentRadius": 0.00866573502168752,
    "ElementProperty_MagpieData_mode_Number": 0.008495905937923088,
    "ElementProperty_MagpieData_avg_dev_Column": 0.008322203915498715,
    "OPSiteFingerprint_mean_q6_CN_12": 0.008110984403107832,
    "ElementProperty_MagpieData_mean_GSmagmom": 0.00798293536866675,
    "BondOrientationParameter_std_dev_BOOP_Q_l=1": 0.007910091799445849
}