{
    "MaximumPackingEfficiency_max_packing_efficiency": 0.029314161140395832,
    "BandCenter_band_center": 0.013784536576453612,
    "ElementProperty_MagpieData_mean_Column": 0.013551821521704125,
    "ElementProperty_MagpieData_mean_Electronegativity": 0.011187607689582421,
    "AtomicOrbitals_HOMO_energy": 0.008976475621031259,
    "YangSolidSolution_Yang_omega": 0.008890987556472807,
    "ElementProperty_MagpieData_avg_dev_Column": 0.00868310507310013,
    "YangSolidSolution_Yang_delta": 0.008479307901339725,
    "AtomicOrbitals_HOMO_element": 0.00843696563466503,
    "MEGNet_OFMEncoded_v1_122": 0.007287143994419058,
    "ElementFraction_V": 0.006883505303723652,
    "ElectronegativityDiff_minimum_EN_difference": 0.0067336741163829894,
    "ElementProperty_MagpieData_avg_dev_MendeleevNumber": 0.0065553998003333456,
    "AtomicOrbitals_gap_AO": 0.0063852078808629,
    "ElementProperty_MagpieData_mean_NpValence": 0.0061217306539811025,
    "TMetalFraction_transition_metal_fraction": 0.005999280465200182,
    "ElementProperty_MagpieData_maximum_MendeleevNumber": 0.0059596246708394475,
    "OPSiteFingerprint_std_dev_tetrahedral_CN_4": 0.00591018015574102,
    "OxidationStates_minimum_oxidation_state": 0.00548463423506696,
    "XRDPowderPattern_xrd_28": 0.005386046496918709,
    "ElementProperty_MagpieData_maximum_NpUnfilled": 0.005340360650792869,
    "ElementProperty_MagpieData_minimum_MendeleevNumber": 0.00502848147322314,
    "BondOrientationParameter_std_dev_BOOP_Q_l=3": 0.0049892123842870725,
    "GeneralizedRDF_mean_Gaussian_center=3_0_width=1_0": 0.004651182418043686,
    "CrystalNNFingerprint_mean_q2_CN_11": 0.004635653369303729,
    "ElementProperty_MagpieData_mode_MeltingT": 0.004531193215283116,
    "CrystalNNFingerprint_mean_L-shaped_CN_2": 0.004483765435999086,
    "DensityFeatures_packing_fraction": 0.004464336075186724,
    "BondOrientationParameter_mean_BOOP_Q_l=10": 0.004391021651313256,
    "ElementProperty_MagpieData_mode_GSvolume_pa": 0.004351792584757318
}