{
    "DensityFeatures_packing_fraction": 0.045747199212043996,
    "BondOrientationParameter_mean_BOOP_Q_l=3": 0.019075604474814798,
    "ElementProperty_MagpieData_mean_NdUnfilled": 0.015661622599997132,
    "ElementProperty_MagpieData_maximum_MeltingT": 0.01502962710648911,
    "GeneralizedRDF_mean_Gaussian_center=0_0_width=1_0": 0.011802680758474923,
    "ElementProperty_MagpieData_range_MeltingT": 0.010938051030203625,
    "MEGNet_OFMEncoded_v1_134": 0.01044901025096162,
    "OPSiteFingerprint_std_dev_square_co-planar_CN_4": 0.009956279131383094,
    "GaussianSymmFunc_std_dev_G2_80_0": 0.009251893458337674,
    "ElementProperty_MagpieData_mean_NValence": 0.008583006571697967,
    "ElementProperty_MagpieData_mean_NUnfilled": 0.008077006203483976,
    "ElementProperty_MagpieData_avg_dev_Column": 0.008028259282918674,
    "ElementProperty_MagpieData_avg_dev_GSvolume_pa": 0.0077500216457759155,
    "OPSiteFingerprint_mean_linear_CN_2": 0.007664679744999514,
    "ElementProperty_MagpieData_maximum_MendeleevNumber": 0.00746375259358981,
    "ElementProperty_MagpieData_avg_dev_MeltingT": 0.00698452902190473,
    "ElementProperty_MagpieData_maximum_NdValence": 0.0067102465951515,
    "OPSiteFingerprint_mean_trigonal_non-coplanar_CN_3": 0.005550115737048353,
    "AtomicOrbitals_gap_AO": 0.005525644798220814,
    "CoulombMatrix_coulomb_matrix_eig_3": 0.005488147959054389,
    "ElementProperty_MagpieData_mean_Column": 0.005199871458639306,
    "ElementProperty_MagpieData_mean_MendeleevNumber": 0.005184127680632031,
    "TMetalFraction_transition_metal_fraction": 0.005157722849920899,
    "AGNIFingerPrint_std_dev_AGNI_dir=z_eta=8_00e-01": 0.005122860775121803,
    "ElementProperty_MagpieData_maximum_Electronegativity": 0.0050251411158174775,
    "ElementProperty_MagpieData_minimum_GSvolume_pa": 0.004985719750855799,
    "ElementProperty_MagpieData_minimum_Column": 0.004956731107945061,
    "MEGNet_OFMEncoded_v1_72": 0.00483921680557364,
    "ElementProperty_MagpieData_mean_NpValence": 0.004803619437975521,
    "ChemicalOrdering_mean_ordering_parameter_shell_1": 0.00463026377775513
}