{
    "ElementProperty_MagpieData_mean_NpValence": 0.026109954755645193,
    "ElementProperty_MagpieData_maximum_Electronegativity": 0.011550271444927294,
    "ElementProperty_MagpieData_minimum_Number": 0.010993531455663673,
    "ElementProperty_MagpieData_mode_MendeleevNumber": 0.007970220636838457,
    "ElementProperty_MagpieData_maximum_Column": 0.0077279767034999555,
    "ElementFraction_Li": 0.006918390183348182,
    "ElementFraction_O": 0.006444495562852996,
    "ElementProperty_MagpieData_maximum_MendeleevNumber": 0.006117826973390807,
    "ElementProperty_MagpieData_minimum_MendeleevNumber": 0.005987404703655888,
    "ElementProperty_MagpieData_mode_NUnfilled": 0.005190738016068869,
    "ElementProperty_MagpieData_avg_dev_NpValence": 0.005140454574261512,
    "ElementProperty_MagpieData_mode_Number": 0.004403876127862623,
    "ElementFraction_Zn": 0.004304386084929563,
    "MEGNet_OFMEncoded_v1_119": 0.003997244202700773,
    "BandCenter_band_center": 0.003866243538615687,
    "ElementProperty_MagpieData_minimum_MeltingT": 0.003511281397084157,
    "MEGNet_OFMEncoded_v1_122": 0.0034392118802306477,
    "ElementProperty_MagpieData_mode_MeltingT": 0.0028049980267188133,
    "ElementProperty_MagpieData_mean_Electronegativity": 0.0026879810241903384,
    "ElementProperty_MagpieData_mean_Column": 0.002663681164155075,
    "ElementProperty_MagpieData_mean_SpaceGroupNumber": 0.0025568811031341067,
    "ElementFraction_K": 0.0024994788397049044,
    "ElementProperty_MagpieData_maximum_Number": 0.002423701437014345,
    "ElementFraction_Ag": 0.002162571417039986,
    "ElementFraction_Sb": 0.00209047446230418,
    "ElementProperty_MagpieData_minimum_GSvolume_pa": 0.002018979980399971,
    "MEGNet_OFMEncoded_v1_166": 0.0019807897709316832,
    "ElementProperty_MagpieData_maximum_NUnfilled": 0.0019047961696798787,
    "MEGNet_OFMEncoded_v1_97": 0.0018249529425694495,
    "MEGNet_OFMEncoded_v1_188": 0.0018187314500350516
}