{
    "ElementFraction_Mg": 0.042358774670480485,
    "ElementProperty_MagpieData_mode_NpUnfilled": 0.018735825287564428,
    "ElementProperty_MagpieData_mode_SpaceGroupNumber": 0.012058048896241862,
    "ElementProperty_MagpieData_maximum_Electronegativity": 0.011530583802630327,
    "ElementFraction_H": 0.010682108473782351,
    "ElementProperty_MagpieData_maximum_MendeleevNumber": 0.009343129881407572,
    "ElementFraction_Cd": 0.00853780848742307,
    "ElementProperty_MagpieData_mode_GSvolume_pa": 0.007057319757935396,
    "ElementProperty_MagpieData_mode_MendeleevNumber": 0.005778920329329797,
    "ElementProperty_MagpieData_maximum_GSvolume_pa": 0.005301201811934185,
    "ElementProperty_MagpieData_mean_NpUnfilled": 0.005266173398497604,
    "ElementFraction_Ag": 0.004993134348194413,
    "ElementProperty_MagpieData_minimum_Number": 0.004078700407537027,
    "ElementFraction_Li": 0.003770634143778477,
    "ElementFraction_S": 0.0036795794054562654,
    "ElementProperty_MagpieData_maximum_MeltingT": 0.003604798602953743,
    "ElementFraction_Hf": 0.0035720397648575848,
    "ElementFraction_Cr": 0.0035278291504873163,
    "YangSolidSolution_Yang_delta": 0.0034686445432359067,
    "ElementProperty_MagpieData_minimum_CovalentRadius": 0.003215785609231885,
    "ElementProperty_MagpieData_mean_NpValence": 0.003012702528972615,
    "ElementProperty_MagpieData_minimum_Electronegativity": 0.0028705588154735737,
    "ElementFraction_Cu": 0.002845605669966472,
    "ElementFraction_Zn": 0.0027630315947722354,
    "MEGNet_OFMEncoded_v1_97": 0.0027236730387819024,
    "ElementProperty_MagpieData_maximum_NdUnfilled": 0.0026144680925782758,
    "ElementFraction_O": 0.0025401888582234885,
    "TMetalFraction_transition_metal_fraction": 0.002509210499786475,
    "MEGNet_OFMEncoded_v1_82": 0.0024502956168653174,
    "ElementProperty_MagpieData_mode_Column": 0.0024279476254176237
}