{
    "GeneralizedRDF_mean_Gaussian_center=3_0_width=1_0": 0.00023579713690149534,
    "BandCenter_band_center": 0.00010375145231195642,
    "GeneralizedRDF_mean_Gaussian_center=2_0_width=1_0": 8.469611760418696e-05,
    "ElementProperty_MagpieData_mean_Column": 3.79074166374054e-05,
    "ElementProperty_MagpieData_mean_MendeleevNumber": 3.1230721416617116e-05,
    "ElementProperty_MagpieData_mean_NUnfilled": 3.098818274049151e-05,
    "VoronoiFingerprint_mean_Voro_vol_maximum": 2.8001459620411685e-05,
    "GeneralizedRDF_mean_Gaussian_center=5_0_width=1_0": 2.523261320405085e-05,
    "DensityFeatures_packing_fraction": 2.4927316972769674e-05,
    "ElectronegativityDiff_minimum_EN_difference": 2.3669776020160474e-05,
    "AGNIFingerPrint_mean_AGNI_eta=1_60e+01": 2.3598158605570717e-05,
    "BondOrientationParameter_mean_BOOP_Q_l=2": 2.1890264644528997e-05,
    "ElementProperty_MagpieData_avg_dev_NdValence": 2.0202455323032988e-05,
    "ElementProperty_MagpieData_mean_Electronegativity": 1.8612170801309915e-05,
    "ElementProperty_MagpieData_maximum_NUnfilled": 1.747592438698577e-05,
    "OPSiteFingerprint_std_dev_tetrahedral_CN_4": 1.668833008604495e-05,
    "ElectronegativityDiff_mean_EN_difference": 1.653258480182215e-05,
    "VoronoiFingerprint_mean_Voro_dist_mean": 1.62066331757035e-05,
    "TMetalFraction_transition_metal_fraction": 1.4775011797711725e-05,
    "ElementProperty_MagpieData_avg_dev_NUnfilled": 1.3368209561343559e-05,
    "ElementProperty_MagpieData_avg_dev_MendeleevNumber": 1.157117876326962e-05,
    "CrystalNNFingerprint_mean_tetrahedral_CN_4": 1.0726057480645767e-05,
    "ElementProperty_MagpieData_mean_MeltingT": 9.992199574339854e-06,
    "ElementProperty_MagpieData_mean_NpValence": 9.840571989663496e-06,
    "ElementProperty_MagpieData_mode_MendeleevNumber": 9.585481437513178e-06,
    "ElementProperty_MagpieData_mean_CovalentRadius": 9.556766443817109e-06,
    "GaussianSymmFunc_mean_G2_0_05": 9.244580804991742e-06,
    "ElementProperty_MagpieData_avg_dev_Column": 7.367842175874526e-06,
    "MEGNet_OFMEncoded_v1_82": 7.186231990894605e-06,
    "ElementProperty_MagpieData_range_NfUnfilled": 7.118048364101441e-06
}