{
    "MaximumPackingEfficiency_max_packing_efficiency": 0.04242153769726788,
    "AtomicOrbitals_HOMO_energy": 0.03395504208748909,
    "ElementProperty_MagpieData_mean_Column": 0.02961936509391713,
    "ElementProperty_MagpieData_mode_MeltingT": 0.0226221486526496,
    "AtomicOrbitals_gap_AO": 0.01809585001677984,
    "BondOrientationParameter_mean_BOOP_Q_l=3": 0.017677506859055496,
    "DensityFeatures_packing_fraction": 0.016859360001762632,
    "ElectronegativityDiff_maximum_EN_difference": 0.016546261886016843,
    "ElementProperty_MagpieData_avg_dev_Column": 0.015426289137477183,
    "ElementProperty_MagpieData_avg_dev_Electronegativity": 0.015393817120742932,
    "ElectronegativityDiff_std_dev_EN_difference": 0.014893545705934656,
    "CrystalNNFingerprint_mean_octahedral_CN_6": 0.014725545610064185,
    "GeneralizedRDF_mean_Gaussian_center=2_0_width=1_0": 0.014582600763182355,
    "OxidationStates_std_dev_oxidation_state": 0.014122625280079999,
    "GeneralizedRDF_mean_Gaussian_center=9_0_width=1_0": 0.013803175930333445,
    "ElementProperty_MagpieData_maximum_Number": 0.012005344578696219,
    "ElementProperty_MagpieData_mean_NUnfilled": 0.011806714188337905,
    "MEGNet_OFMEncoded_v1_130": 0.010792093917060175,
    "VoronoiFingerprint_mean_Voro_dist_maximum": 0.010392048065013128,
    "ElementFraction_Yb": 0.010167297256037874,
    "GeneralizedRDF_mean_Gaussian_center=7_0_width=1_0": 0.010038853357807468,
    "BondOrientationParameter_mean_BOOP_Q_l=5": 0.009795609084745522,
    "CrystalNNFingerprint_std_dev_body-centered_cubic_CN_8": 0.009702786626251758,
    "MEGNet_OFMEncoded_v1_132": 0.009562347751257043,
    "ElementProperty_MagpieData_mean_Electronegativity": 0.009492280897405914,
    "MEGNet_OFMEncoded_v1_136": 0.009348433293428455,
    "BondFractions_Cu_-_O_bond_frac_": 0.008959001817883464,
    "MEGNet_OFMEncoded_v1_19": 0.008790900551685014,
    "MEGNet_OFMEncoded_v1_105": 0.0086264138996888,
    "MEGNet_OFMEncoded_v1_55": 0.007850277845473893
}