{
    "GeneralizedRDF_mean_Gaussian_center=3_0_width=1_0": 0.0773786804389389,
    "BandCenter_band_center": 0.043987714321150374,
    "GeneralizedRDF_mean_Gaussian_center=2_0_width=1_0": 0.029033392383379146,
    "DensityFeatures_packing_fraction": 0.01640296538691127,
    "ElementProperty_MagpieData_mean_NUnfilled": 0.012199797782326379,
    "ElementProperty_MagpieData_mean_MendeleevNumber": 0.011173971317382483,
    "VoronoiFingerprint_mean_Voro_vol_maximum": 0.010500672166953572,
    "ElectronegativityDiff_mean_EN_difference": 0.009803540960596454,
    "ElementProperty_MagpieData_mean_Column": 0.00937674237539373,
    "GeneralizedRDF_mean_Gaussian_center=5_0_width=1_0": 0.008072333081787437,
    "ElementProperty_MagpieData_avg_dev_NdValence": 0.007834908475259706,
    "ElectronegativityDiff_minimum_EN_difference": 0.007623386307431324,
    "AGNIFingerPrint_mean_AGNI_eta=1_60e+01": 0.006732461680010101,
    "ElementProperty_MagpieData_mode_MeltingT": 0.006119449189215335,
    "TMetalFraction_transition_metal_fraction": 0.006081986682043055,
    "VoronoiFingerprint_mean_Voro_dist_mean": 0.005685917189592925,
    "GeneralizedRDF_mean_Gaussian_center=4_0_width=1_0": 0.004819422695946828,
    "BondOrientationParameter_mean_BOOP_Q_l=2": 0.004709109048093417,
    "ElementProperty_MagpieData_mean_MeltingT": 0.004220393048647089,
    "CrystalNNFingerprint_mean_tetrahedral_CN_4": 0.0041706335797595424,
    "BondOrientationParameter_mean_BOOP_Q_l=1": 0.004057528006767958,
    "OPSiteFingerprint_mean_tetrahedral_CN_4": 0.004023877890170064,
    "ElementProperty_MagpieData_maximum_NUnfilled": 0.0039531875245360565,
    "VoronoiFingerprint_mean_Voro_dist_maximum": 0.003915026820508143,
    "OPSiteFingerprint_std_dev_tetrahedral_CN_4": 0.003875274099388901,
    "ElementProperty_MagpieData_minimum_NUnfilled": 0.0034723920128999068,
    "ElementProperty_MagpieData_mode_MendeleevNumber": 0.003443415967263467,
    "ElementProperty_MagpieData_avg_dev_NUnfilled": 0.0034271586132148184,
    "CrystalNNFingerprint_mean_wt_CN_2": 0.0033816598033882418,
    "ElementProperty_MagpieData_maximum_NfUnfilled": 0.0032603309763960613
}