{
    "DensityFeatures_packing_fraction": 0.01910432967775601,
    "ElementProperty_MagpieData_mean_NUnfilled": 0.013337089141250208,
    "TMetalFraction_transition_metal_fraction": 0.011481464457301785,
    "ValenceOrbital_frac_p_valence_electrons": 0.00975591447693793,
    "ElementProperty_MagpieData_maximum_MendeleevNumber": 0.009483440686704165,
    "ElementProperty_MagpieData_mean_NpValence": 0.008166397558677055,
    "BondOrientationParameter_mean_BOOP_Q_l=2": 0.006371560004872272,
    "MEGNet_OFMEncoded_v1_81": 0.005539941130360774,
    "IonProperty_avg_ionic_char": 0.005065719543837298,
    "CrystalNNFingerprint_mean_linear_CN_2": 0.004849825302593762,
    "AtomicOrbitals_HOMO_energy": 0.004463562729031365,
    "ElementProperty_MagpieData_minimum_Number": 0.004271546017726108,
    "ElementProperty_MagpieData_mean_MendeleevNumber": 0.0042273167906155176,
    "ElementProperty_MagpieData_range_MeltingT": 0.004217325947430148,
    "ElementProperty_MagpieData_avg_dev_Electronegativity": 0.004029975799274532,
    "OPSiteFingerprint_mean_linear_CN_2": 0.0036742593845811578,
    "ElementProperty_MagpieData_mean_NsValence": 0.003597628068558869,
    "MEGNet_OFMEncoded_v1_71": 0.0034271135187176833,
    "ElementProperty_MagpieData_maximum_NdUnfilled": 0.0032008088572303725,
    "AGNIFingerPrint_std_dev_AGNI_dir=z_eta=1_88e+00": 0.0031712667567139236,
    "ElementProperty_MagpieData_range_Electronegativity": 0.003152629181836936,
    "BondFractions_O_-_V_bond_frac_": 0.0031343572005124607,
    "ElementProperty_MagpieData_avg_dev_Column": 0.0030959556837667985,
    "BondOrientationParameter_mean_BOOP_Q_l=1": 0.0029574703960207837,
    "YangSolidSolution_Yang_omega": 0.002931254844287115,
    "BondOrientationParameter_mean_BOOP_Q_l=4": 0.002889595329014244,
    "ElementProperty_MagpieData_maximum_CovalentRadius": 0.00284795891932292,
    "AGNIFingerPrint_std_dev_AGNI_dir=z_eta=2_89e+00": 0.002797639849222372,
    "ElementProperty_MagpieData_range_GSvolume_pa": 0.0027448498964632436,
    "ElementProperty_MagpieData_mean_GSbandgap": 0.0026038871139641966
}