{
    "YangSolidSolution_Yang_delta": 0.020491790584183104,
    "TMetalFraction_transition_metal_fraction": 0.016175199526469744,
    "OxidationStates_std_dev_oxidation_state": 0.015428252801373466,
    "ElementFraction_O": 0.014700781435501308,
    "GaussianSymmFunc_std_dev_G2_80_0": 0.012445302781488707,
    "BondOrientationParameter_mean_BOOP_Q_l=2": 0.011787072999237065,
    "ElementProperty_MagpieData_mean_MeltingT": 0.011649773717288519,
    "ElementProperty_MagpieData_mode_NUnfilled": 0.01100607667541183,
    "ChemicalOrdering_mean_ordering_parameter_shell_3": 0.010661243815500016,
    "AtomicOrbitals_HOMO_energy": 0.00972103550336381,
    "GaussianSymmFunc_mean_G2_80_0": 0.00913440050444146,
    "BondOrientationParameter_mean_BOOP_Q_l=8": 0.008516216196031434,
    "ElementProperty_MagpieData_mode_MeltingT": 0.008373904461802098,
    "ElementProperty_MagpieData_mode_GSvolume_pa": 0.007739070437939332,
    "ElementProperty_MagpieData_minimum_MeltingT": 0.007272966776184361,
    "ElementProperty_MagpieData_avg_dev_GSvolume_pa": 0.006437924797474103,
    "MEGNet_OFMEncoded_v1_88": 0.006409445684559092,
    "ElementProperty_MagpieData_mean_NpValence": 0.006361907855802297,
    "ElementProperty_MagpieData_mean_NdUnfilled": 0.006011855129045071,
    "GeneralizedRDF_mean_Gaussian_center=4_0_width=1_0": 0.005999069791304598,
    "ElementProperty_MagpieData_maximum_Number": 0.005744139585911659,
    "BondOrientationParameter_mean_BOOP_Q_l=3": 0.005674770379160061,
    "ElementProperty_MagpieData_avg_dev_NpValence": 0.005528336060118919,
    "ElementProperty_MagpieData_minimum_GSvolume_pa": 0.005186647735492623,
    "AGNIFingerPrint_std_dev_AGNI_dir=y_eta=2_89e+00": 0.005174294521760866,
    "ElementProperty_MagpieData_range_MendeleevNumber": 0.005153285831914576,
    "ElementProperty_MagpieData_mode_CovalentRadius": 0.005081347011600136,
    "ElementProperty_MagpieData_avg_dev_CovalentRadius": 0.005060368529985698,
    "ChemicalOrdering_mean_ordering_parameter_shell_2": 0.004957660551120452,
    "ElectronegativityDiff_mean_EN_difference": 0.004762482426647198
}