{
    "ElementProperty_MagpieData_range_Column": 0.04392881833210323,
    "BondOrientationParameter_mean_BOOP_Q_l=2": 0.027923423533198252,
    "AtomicOrbitals_HOMO_energy": 0.02487060605175901,
    "TMetalFraction_transition_metal_fraction": 0.022545906608845957,
    "ElementProperty_MagpieData_mean_MendeleevNumber": 0.020917077985273876,
    "ElementProperty_MagpieData_minimum_Electronegativity": 0.016565422732848757,
    "ElementProperty_MagpieData_avg_dev_Electronegativity": 0.015278172348612128,
    "ElementProperty_MagpieData_avg_dev_NpValence": 0.014373418936436847,
    "GeneralizedRDF_mean_Gaussian_center=4_0_width=1_0": 0.014273209600145878,
    "BandCenter_band_center": 0.014222927018263585,
    "BondOrientationParameter_mean_BOOP_Q_l=1": 0.014056908695626407,
    "ElementProperty_MagpieData_mean_NpUnfilled": 0.013946422933678778,
    "ElementProperty_MagpieData_mode_CovalentRadius": 0.013373102277269209,
    "ElementProperty_MagpieData_maximum_NdUnfilled": 0.01291357192053896,
    "ElementProperty_MagpieData_range_MendeleevNumber": 0.012267185363701793,
    "ElementProperty_MagpieData_maximum_CovalentRadius": 0.011766515268828543,
    "IonProperty_avg_ionic_char": 0.011309319945198319,
    "ElementProperty_MagpieData_mean_Row": 0.010945734598200838,
    "MEGNet_OFMEncoded_v1_29": 0.010837696398987712,
    "GeneralizedRDF_mean_Gaussian_center=7_0_width=1_0": 0.010521366281541383,
    "YangSolidSolution_Yang_delta": 0.010161627639877635,
    "StructuralHeterogeneity_mean_neighbor_distance_variation": 0.009737476401143103,
    "ElementProperty_MagpieData_mean_CovalentRadius": 0.009658122803996015,
    "ElementProperty_MagpieData_mean_NdUnfilled": 0.009559085450291913,
    "MEGNet_OFMEncoded_v1_111": 0.009069702755943017,
    "OxidationStates_std_dev_oxidation_state": 0.008984278741166729,
    "MEGNet_OFMEncoded_v1_39": 0.008430592110532747,
    "CrystalNNFingerprint_std_dev_octahedral_CN_6": 0.007984877223834378,
    "ElementProperty_MagpieData_mode_MeltingT": 0.007840307402070076,
    "OPSiteFingerprint_std_dev_sgl_bd_CN_1": 0.00769707338333319
}