{
    "ElementProperty_MagpieData_mean_MendeleevNumber": 0.032434027566123444,
    "ElementProperty_MagpieData_mean_Column": 0.01194984431767998,
    "AtomicOrbitals_LUMO_energy": 0.011322888803481524,
    "ElementProperty_MagpieData_avg_dev_CovalentRadius": 0.010780369915338178,
    "ElementProperty_MagpieData_mean_CovalentRadius": 0.008400930435421073,
    "MEGNet_OFMEncoded_v1_71": 0.008148483889512463,
    "ElementProperty_MagpieData_range_NUnfilled": 0.007822363983090639,
    "CoordinationNumber_std_dev_CN_VoronoiNN": 0.007652443825794401,
    "BondFractions_Mg_-_O_bond_frac_": 0.007414055978279282,
    "ElementProperty_MagpieData_maximum_NpUnfilled": 0.006992824461156731,
    "ElementProperty_MagpieData_minimum_MendeleevNumber": 0.006625021269182797,
    "ElementProperty_MagpieData_avg_dev_NpValence": 0.006416435494059031,
    "YangSolidSolution_Yang_delta": 0.006365479591780818,
    "RadialDistributionFunction_radial_distribution_function_d_1_90": 0.006177538236454939,
    "DensityFeatures_packing_fraction": 0.006064065117909826,
    "ElementProperty_MagpieData_range_CovalentRadius": 0.0060517659929726075,
    "ElementProperty_MagpieData_mode_Electronegativity": 0.006001888099615516,
    "ElementProperty_MagpieData_mean_NdValence": 0.005543971724721209,
    "TMetalFraction_transition_metal_fraction": 0.005281457605533824,
    "StructuralHeterogeneity_mean_absolute_deviation_in_relative_bond_length": 0.005208433034942087,
    "AverageBondLength_std_dev_Average_bond_length": 0.0051470966940084665,
    "ElementProperty_MagpieData_maximum_SpaceGroupNumber": 0.0050513041783541174,
    "ElementProperty_MagpieData_avg_dev_Row": 0.004712918067576664,
    "ElementProperty_MagpieData_maximum_CovalentRadius": 0.004707095078046221,
    "BondOrientationParameter_mean_BOOP_Q_l=4": 0.004698088738504413,
    "ElementProperty_MagpieData_maximum_NUnfilled": 0.004605319337322242,
    "CrystalNNFingerprint_mean_octahedral_CN_6": 0.004583900572645155,
    "MaximumPackingEfficiency_max_packing_efficiency": 0.004441073296482124,
    "ElementProperty_MagpieData_mean_MeltingT": 0.004439070829579211,
    "ElementProperty_MagpieData_maximum_Number": 0.004377043441997189
}