{
    "ElectronegativityDiff_mean_EN_difference": 0.04505494636563586,
    "TMetalFraction_transition_metal_fraction": 0.044348708550497794,
    "AtomicOrbitals_HOMO_energy": 0.030080343332383293,
    "IonProperty_avg_ionic_char": 0.027441708758307537,
    "ChemicalOrdering_mean_ordering_parameter_shell_2": 0.018842067169747363,
    "ElectronegativityDiff_minimum_EN_difference": 0.01325268191264012,
    "ElementProperty_MagpieData_avg_dev_Electronegativity": 0.010395763600110757,
    "LocalPropertyDifference_mean_local_difference_in_Electronegativity": 0.0102665462281578,
    "ElementProperty_MagpieData_mode_GSvolume_pa": 0.010090705867054869,
    "ElementProperty_MagpieData_mode_MeltingT": 0.009007826877868611,
    "BondOrientationParameter_mean_BOOP_Q_l=10": 0.00864700150014643,
    "AtomicOrbitals_gap_AO": 0.008622848395457796,
    "BondOrientationParameter_mean_BOOP_Q_l=2": 0.008391464785482802,
    "ElementProperty_MagpieData_mean_Column": 0.008302368454591053,
    "ElementProperty_MagpieData_avg_dev_CovalentRadius": 0.008245630391501809,
    "AtomicOrbitals_HOMO_element": 0.007855728940826173,
    "CrystalNNFingerprint_std_dev_tetrahedral_CN_4": 0.007772358426736953,
    "MEGNet_OFMEncoded_v1_82": 0.007600817269388483,
    "ElementProperty_MagpieData_mean_MeltingT": 0.0070728793617183434,
    "MEGNet_OFMEncoded_v1_86": 0.007015466800447789,
    "BondOrientationParameter_mean_BOOP_Q_l=8": 0.006451315943024326,
    "MEGNet_OFMEncoded_v1_19": 0.0059741692173330635,
    "MEGNet_OFMEncoded_v1_165": 0.0059478487740433055,
    "ElementProperty_MagpieData_avg_dev_MeltingT": 0.005476644032871609,
    "StructuralHeterogeneity_min_relative_bond_length": 0.005370327072994206,
    "OxidationStates_range_oxidation_state": 0.005188836207596865,
    "MEGNet_OFMEncoded_v1_132": 0.005057079844562334,
    "ElementProperty_MagpieData_mean_MendeleevNumber": 0.005037799470759479,
    "ElementProperty_MagpieData_mode_MendeleevNumber": 0.004894857576201961,
    "ElementProperty_MagpieData_minimum_Electronegativity": 0.004830418294414289
}