{
    "GaussianSymmFunc_mean_G2_80_0": 0.000209354499752024,
    "ElementProperty_MagpieData_mean_NpValence": 0.00014163647985861318,
    "ElementProperty_MagpieData_mean_GSmagmom": 0.00012382863847744608,
    "ElementFraction_Ca": 0.00012140123072283722,
    "ElementFraction_S": 0.00011597253417592221,
    "ElementProperty_MagpieData_avg_dev_CovalentRadius": 0.00010352834841944571,
    "ElementFraction_Yb": 8.469718827037617e-05,
    "ElementProperty_MagpieData_maximum_MendeleevNumber": 8.439876693389928e-05,
    "TMetalFraction_transition_metal_fraction": 8.174878461873648e-05,
    "ElementProperty_MagpieData_mode_GSvolume_pa": 7.724411437116536e-05,
    "ElementFraction_In": 7.539445585112618e-05,
    "ElementFraction_Au": 7.478505090703981e-05,
    "ElementProperty_MagpieData_mean_Column": 7.313238893864322e-05,
    "ElementProperty_MagpieData_mean_GSbandgap": 7.25199541149097e-05,
    "ElementProperty_MagpieData_maximum_CovalentRadius": 7.147302787318926e-05,
    "ElementProperty_MagpieData_mode_GSbandgap": 7.03488967299314e-05,
    "ElementProperty_MagpieData_maximum_SpaceGroupNumber": 6.763196998163297e-05,
    "ElementProperty_MagpieData_minimum_MeltingT": 6.705474284997222e-05,
    "ElementFraction_Y": 6.456246364890968e-05,
    "AGNIFingerPrint_mean_AGNI_eta=8_00e-01": 6.396777600748007e-05,
    "ElementFraction_O": 6.292696937041297e-05,
    "ElementProperty_MagpieData_range_CovalentRadius": 6.110924448087863e-05,
    "ElementProperty_MagpieData_minimum_NUnfilled": 5.9233039130130194e-05,
    "ElementProperty_MagpieData_mode_CovalentRadius": 5.20544844287595e-05,
    "ElementProperty_MagpieData_mode_Number": 5.151968351172439e-05,
    "MEGNet_OFMEncoded_v1_5": 4.4088361106300144e-05,
    "ElementProperty_MagpieData_mean_CovalentRadius": 4.374803674702591e-05,
    "MEGNet_OFMEncoded_v1_147": 4.271431226795927e-05,
    "ElementProperty_MagpieData_mean_NpUnfilled": 4.149830188204782e-05,
    "YangSolidSolution_Yang_delta": 4.126513019766695e-05
}