{
    "ElementProperty_MagpieData_mean_Column": 6.372162552541416e-05,
    "ElementProperty_MagpieData_mean_NpValence": 6.16793261776191e-05,
    "GaussianSymmFunc_mean_G2_80_0": 5.172963762908959e-05,
    "ElementFraction_O": 3.3576815237691595e-05,
    "ElementProperty_MagpieData_maximum_CovalentRadius": 3.264352377437976e-05,
    "ElementFraction_S": 3.155975892978367e-05,
    "ElementProperty_MagpieData_mode_CovalentRadius": 3.0460480182640794e-05,
    "TMetalFraction_transition_metal_fraction": 3.038254187847784e-05,
    "ElementFraction_Ca": 2.891125769596204e-05,
    "ElementFraction_Yb": 2.3390693364494364e-05,
    "ElementProperty_MagpieData_maximum_Column": 2.2851094480410016e-05,
    "ElementProperty_MagpieData_maximum_SpaceGroupNumber": 2.1619492339507624e-05,
    "ElementProperty_MagpieData_minimum_NUnfilled": 2.1385656824475227e-05,
    "ElementProperty_MagpieData_mean_GSmagmom": 2.11316446974315e-05,
    "ElementProperty_MagpieData_avg_dev_CovalentRadius": 2.071285196630122e-05,
    "ElementFraction_Y": 1.8046466609449253e-05,
    "ElementProperty_MagpieData_maximum_MendeleevNumber": 1.7884284620873067e-05,
    "ElementProperty_MagpieData_mode_GSbandgap": 1.7440970271147768e-05,
    "ElementProperty_MagpieData_mean_GSbandgap": 1.718386592287801e-05,
    "ElementFraction_In": 1.583148039916016e-05,
    "ElementFraction_Au": 1.2760350104778935e-05,
    "ElementFraction_Ni": 1.1355653201190176e-05,
    "ElementProperty_MagpieData_minimum_Column": 1.0627748798707103e-05,
    "ElementFraction_K": 1.0503174990079573e-05,
    "ElementProperty_MagpieData_range_CovalentRadius": 1.0451865464146903e-05,
    "AtomicOrbitals_LUMO_element": 1.0346242529045514e-05,
    "ElementProperty_MagpieData_mean_CovalentRadius": 1.0126352420093346e-05,
    "ElementProperty_MagpieData_mean_NpUnfilled": 1.0038663322153033e-05,
    "ElementProperty_MagpieData_mode_Column": 9.647537125338233e-06,
    "ElementProperty_MagpieData_minimum_Number": 9.324264949856306e-06
}