{
    "DensityFeatures_density": 7.345956762210785e-05,
    "ElementProperty_MagpieData_mean_NdValence": 7.054578689001857e-05,
    "CrystalNNFingerprint_mean_tetrahedral_CN_4": 7.035927155227885e-05,
    "TMetalFraction_transition_metal_fraction": 6.574476590554753e-05,
    "ChemicalOrdering_mean_ordering_parameter_shell_2": 5.814618061192257e-05,
    "Miedema_Miedema_deltaH_inter": 4.794625127942521e-05,
    "AtomicOrbitals_HOMO_energy": 4.727359948742927e-05,
    "ElectronegativityDiff_minimum_EN_difference": 4.4325250433791556e-05,
    "ElementProperty_MagpieData_mean_MeltingT": 3.33676407709154e-05,
    "OPSiteFingerprint_std_dev_square_co-planar_CN_4": 3.0258365595826583e-05,
    "ElementProperty_MagpieData_minimum_Column": 2.9904531783001535e-05,
    "BondOrientationParameter_mean_BOOP_Q_l=10": 2.7341050788158833e-05,
    "GeneralizedRDF_mean_Gaussian_center=0_0_width=1_0": 2.7055414693866748e-05,
    "OPSiteFingerprint_std_dev_tetrahedral_CN_4": 2.2740398023726722e-05,
    "CrystalNNFingerprint_mean_body-centered_cubic_CN_8": 2.1241662971467816e-05,
    "AtomicOrbitals_HOMO_element": 2.0565220037069993e-05,
    "BondOrientationParameter_mean_BOOP_Q_l=2": 2.0301272948464484e-05,
    "AGNIFingerPrint_mean_AGNI_eta=8_00e-01": 1.9822835987896842e-05,
    "ElectronegativityDiff_maximum_EN_difference": 1.9208954112348254e-05,
    "ChemicalOrdering_mean_ordering_parameter_shell_3": 1.904459925226018e-05,
    "ElementProperty_MagpieData_avg_dev_Column": 1.887050325587062e-05,
    "AtomicOrbitals_gap_AO": 1.7747442248622426e-05,
    "StructuralHeterogeneity_minimum_neighbor_distance_variation": 1.7441531697500225e-05,
    "OPSiteFingerprint_mean_L-shaped_CN_2": 1.7027415383587845e-05,
    "CoordinationNumber_std_dev_CN_VoronoiNN": 1.6564235334233257e-05,
    "GeneralizedRDF_mean_Gaussian_center=9_0_width=1_0": 1.5293109337506548e-05,
    "ElementProperty_MagpieData_minimum_Electronegativity": 1.4919652498347697e-05,
    "BondOrientationParameter_std_dev_BOOP_Q_l=2": 1.488152568350484e-05,
    "ElementProperty_MagpieData_mean_NdUnfilled": 1.4488435531953924e-05,
    "ElementProperty_MagpieData_range_SpaceGroupNumber": 1.4314781456486191e-05
}