{
    "ElementFraction_O": 0.5025403749435966,
    "ElementProperty_MagpieData_mean_Column": 0.19387925141939252,
    "BondOrientationParameter_mean_BOOP_Q_l=1": 0.16352530337365567,
    "AtomicOrbitals_LUMO_energy": 0.12130859729161993,
    "BondOrientationParameter_mean_BOOP_Q_l=3": 0.08375395249382582,
    "ElementProperty_MagpieData_mean_MendeleevNumber": 0.07717156625882557,
    "AGNIFingerPrint_std_dev_AGNI_dir=y_eta=1_23e+00": 0.07202101526587484,
    "OPSiteFingerprint_mean_tetrahedral_CN_4": 0.07112175091157559,
    "ElementProperty_MagpieData_avg_dev_CovalentRadius": 0.07021611297302699,
    "Stoichiometry_5-norm": 0.06348884794239194,
    "ElementProperty_MagpieData_mean_MeltingT": 0.06160198564413346,
    "ElementProperty_MagpieData_minimum_Column": 0.05893613142554911,
    "AverageBondLength_mean_Average_bond_length": 0.056309568142972534,
    "ElementProperty_MagpieData_maximum_Number": 0.05428074633991048,
    "DensityFeatures_packing_fraction": 0.05167564055275287,
    "ElementProperty_MagpieData_avg_dev_MendeleevNumber": 0.050857717146146036,
    "ElementFraction_Fe": 0.04893290347387114,
    "GeneralizedRDF_mean_Gaussian_center=4_0_width=1_0": 0.046791620112639196,
    "DensityFeatures_density": 0.04660906171494963,
    "AGNIFingerPrint_std_dev_AGNI_dir=y_eta=1_88e+00": 0.041611442961167484,
    "ElementProperty_MagpieData_maximum_NValence": 0.041157640343688004,
    "ElementFraction_V": 0.040296388048991494,
    "AGNIFingerPrint_std_dev_AGNI_dir=z_eta=1_88e+00": 0.03873696706486927,
    "ElementProperty_MagpieData_avg_dev_NpValence": 0.03808664847236277,
    "AGNIFingerPrint_std_dev_AGNI_dir=z_eta=8_00e-01": 0.03805186225176643,
    "AGNIFingerPrint_std_dev_AGNI_dir=y_eta=8_00e-01": 0.03789178436896277,
    "BandCenter_band_center": 0.03769227143238332,
    "AGNIFingerPrint_std_dev_AGNI_dir=z_eta=2_89e+00": 0.03610918323621601,
    "CrystalNNFingerprint_mean_tetrahedral_CN_4": 0.034111291097309454,
    "MEGNet_OFMEncoded_v1_32": 0.03258219668493964
}