{
    "AtomicOrbitals_HOMO_energy": 0.03934724871372667,
    "ElectronegativityDiff_maximum_EN_difference": 0.01957495173545667,
    "ElementProperty_MagpieData_mean_NUnfilled": 0.01469683663302066,
    "TMetalFraction_transition_metal_fraction": 0.009716084162214539,
    "ElectronegativityDiff_minimum_EN_difference": 0.00937784609321546,
    "MEGNet_OFMEncoded_v1_115": 0.009169726419567766,
    "DensityFeatures_packing_fraction": 0.008620244237486793,
    "ElementProperty_MagpieData_avg_dev_NUnfilled": 0.008562464612228957,
    "ElementProperty_MagpieData_mean_MendeleevNumber": 0.007933861634488469,
    "ChemicalOrdering_mean_ordering_parameter_shell_1": 0.007399759669780016,
    "OPSiteFingerprint_std_dev_tetrahedral_CN_4": 0.007186681175556889,
    "AtomicOrbitals_LUMO_energy": 0.007114847645336996,
    "MEGNet_OFMEncoded_v1_74": 0.006719521967872211,
    "MaximumPackingEfficiency_max_packing_efficiency": 0.006475042070292937,
    "ElementProperty_MagpieData_maximum_Number": 0.005963457446898356,
    "ElementProperty_MagpieData_mean_MeltingT": 0.0059624610687472315,
    "ElementProperty_MagpieData_mode_NpUnfilled": 0.005928506035381803,
    "ElementProperty_MagpieData_maximum_MeltingT": 0.005729652814601472,
    "ElementProperty_MagpieData_mean_Column": 0.005618301141898318,
    "ElementProperty_MagpieData_avg_dev_Row": 0.005426144817704947,
    "GeneralizedRDF_mean_Gaussian_center=5_0_width=1_0": 0.005402301766370206,
    "CrystalNNFingerprint_std_dev_q2_CN_12": 0.004946090537659867,
    "ElementProperty_MagpieData_range_MeltingT": 0.004765290845136972,
    "AGNIFingerPrint_mean_AGNI_eta=1_88e+00": 0.004646084243292915,
    "ElementProperty_MagpieData_maximum_GSvolume_pa": 0.004554098159955736,
    "CrystalNNFingerprint_mean_tetrahedral_CN_4": 0.004521237046058671,
    "BondOrientationParameter_mean_BOOP_Q_l=1": 0.004516394189251711,
    "ElementFraction_Yb": 0.004478490935546942,
    "StructuralHeterogeneity_minimum_neighbor_distance_variation": 0.004341383261254338,
    "CrystalNNFingerprint_std_dev_q4_CN_12": 0.004234729544716413
}