{
    "ElementProperty_MagpieData_avg_dev_Electronegativity": 0.035389411208095044,
    "ElementProperty_MagpieData_mean_NpValence": 0.0247294700879278,
    "ElectronegativityDiff_mean_EN_difference": 0.015501179628369815,
    "CrystalNNFingerprint_mean_wt_CN_14": 0.014370715394810465,
    "ElementProperty_MagpieData_mean_MendeleevNumber": 0.01333211392865888,
    "ElementProperty_MagpieData_avg_dev_MendeleevNumber": 0.011985856461926386,
    "ElementProperty_MagpieData_mean_GSvolume_pa": 0.011889270543862145,
    "TMetalFraction_transition_metal_fraction": 0.011421096980613301,
    "ElementProperty_MagpieData_minimum_Electronegativity": 0.010925467250431972,
    "ElementProperty_MagpieData_range_Electronegativity": 0.01047664058946188,
    "GeneralizedRDF_mean_Gaussian_center=6_0_width=1_0": 0.010380226906547562,
    "GeneralizedRDF_mean_Gaussian_center=0_0_width=1_0": 0.009987405489877196,
    "ElementProperty_MagpieData_range_MeltingT": 0.009766194614166154,
    "GeneralizedRDF_mean_Gaussian_center=1_0_width=1_0": 0.009740709313632936,
    "ElementProperty_MagpieData_avg_dev_NpUnfilled": 0.008536615853957862,
    "AGNIFingerPrint_mean_AGNI_eta=1_88e+00": 0.008340159935286156,
    "AtomicOrbitals_gap_AO": 0.007882695183083053,
    "ElementProperty_MagpieData_avg_dev_NpValence": 0.00787991821796095,
    "AtomicOrbitals_LUMO_energy": 0.007749931110870425,
    "MaximumPackingEfficiency_max_packing_efficiency": 0.007371857923912547,
    "ElectronegativityDiff_minimum_EN_difference": 0.007360482984406606,
    "ElementProperty_MagpieData_avg_dev_NUnfilled": 0.0072559898361600405,
    "CrystalNNFingerprint_mean_trigonal_non-coplanar_CN_3": 0.00690804162493011,
    "MEGNet_OFMEncoded_v1_97": 0.006206867004424137,
    "ElementProperty_MagpieData_maximum_NUnfilled": 0.006197159212913568,
    "StructuralHeterogeneity_minimum_neighbor_distance_variation": 0.006189466243467058,
    "ElementProperty_MagpieData_mean_NUnfilled": 0.006071867833811946,
    "ElementProperty_MagpieData_maximum_CovalentRadius": 0.00594664106364143,
    "YangSolidSolution_Yang_omega": 0.00591550185476555,
    "ElementProperty_MagpieData_mean_Column": 0.005846020116982024
}