{
    "MaximumPackingEfficiency_max_packing_efficiency": 0.23758390549863384,
    "BandCenter_band_center": 0.23003322315963431,
    "Stoichiometry_10-norm": 0.18124253036890003,
    "TMetalFraction_transition_metal_fraction": 0.17601139962504198,
    "DensityFeatures_packing_fraction": 0.1190553022401033,
    "MEGNet_OFMEncoded_v1_19": 0.11658950339930492,
    "ElementProperty_MagpieData_maximum_NValence": 0.10665579575421667,
    "ElementProperty_MagpieData_mean_NpValence": 0.09667672676260147,
    "BondOrientationParameter_mean_BOOP_Q_l=1": 0.094423031114062,
    "Stoichiometry_3-norm": 0.09311103209774363,
    "GeneralizedRDF_mean_Gaussian_center=6_0_width=1_0": 0.08236336091581797,
    "GeneralizedRDF_mean_Gaussian_center=4_0_width=1_0": 0.08066882339709261,
    "ElementProperty_MagpieData_mean_MendeleevNumber": 0.08042218330320593,
    "AtomicOrbitals_HOMO_element": 0.08025942196490232,
    "ElementProperty_MagpieData_mean_Electronegativity": 0.0780497572251394,
    "OxidationStates_std_dev_oxidation_state": 0.07147758454492353,
    "AverageBondLength_std_dev_Average_bond_length": 0.07133383577907701,
    "YangSolidSolution_Yang_omega": 0.07121745438819455,
    "ElementProperty_MagpieData_maximum_Number": 0.07047955517863651,
    "GeneralizedRDF_mean_Gaussian_center=3_0_width=1_0": 0.06977841505564686,
    "StructuralHeterogeneity_mean_absolute_deviation_in_relative_bond_length": 0.06305804273549372,
    "GeneralizedRDF_mean_Gaussian_center=7_0_width=1_0": 0.062295683239316314,
    "ElementProperty_MagpieData_mean_CovalentRadius": 0.056395280982290186,
    "ElementFraction_O": 0.054885875883864656,
    "ElementProperty_MagpieData_minimum_CovalentRadius": 0.05439054019359977,
    "CrystalNNFingerprint_std_dev_tetrahedral_CN_4": 0.04872190090948017,
    "ElementProperty_MagpieData_avg_dev_Column": 0.0481504564710948,
    "ElementProperty_MagpieData_maximum_MeltingT": 0.04814678816288511,
    "ElectronegativityDiff_range_EN_difference": 0.04412862581567845,
    "BondOrientationParameter_mean_BOOP_Q_l=7": 0.04398326651744641
}