{
    "ElementProperty_MagpieData_maximum_Electronegativity": 0.06495567043938714,
    "ElementFraction_O": 0.0586524904637364,
    "ElementProperty_MagpieData_mode_MeltingT": 0.04690208659511703,
    "ElementProperty_MagpieData_minimum_MeltingT": 0.029134216970132812,
    "ElementFraction_Au": 0.013109295281239728,
    "ElementProperty_MagpieData_maximum_MeltingT": 0.00811934625939662,
    "ElementProperty_MagpieData_maximum_MendeleevNumber": 0.007893834107924142,
    "ElementFraction_Cu": 0.00774503865767614,
    "ElementFraction_Mn": 0.007672582460570312,
    "ElementProperty_MagpieData_mode_CovalentRadius": 0.007556480446320554,
    "ElementFraction_S": 0.007284744673328239,
    "ElementFraction_Fe": 0.006422834617798741,
    "ElementFraction_Co": 0.0062663533187969364,
    "ElementFraction_Ag": 0.006105227985113734,
    "ElementProperty_MagpieData_mode_Electronegativity": 0.006058071510235926,
    "TMetalFraction_transition_metal_fraction": 0.005248880262234683,
    "AtomicOrbitals_HOMO_energy": 0.004109631342841242,
    "ElementFraction_Cl": 0.0039955678068309694,
    "ElementProperty_MagpieData_mode_GSbandgap": 0.0038849910082677697,
    "ElementProperty_MagpieData_minimum_MendeleevNumber": 0.003685967949767562,
    "ElementProperty_MagpieData_mean_MeltingT": 0.0035246608456604126,
    "ElementFraction_V": 0.003504632091644114,
    "ElementFraction_Ni": 0.00331408073765119,
    "ElementProperty_MagpieData_mode_Column": 0.0032263672561472657,
    "ElementProperty_MagpieData_maximum_NValence": 0.0031741271098486806,
    "ElementProperty_MagpieData_mode_GSvolume_pa": 0.0028950075173294703,
    "ElementProperty_MagpieData_mean_GSmagmom": 0.0028747222464737543,
    "ElementFraction_Ti": 0.0028479651882710104,
    "ElementFraction_Si": 0.0028392474111737544,
    "ElementProperty_MagpieData_mode_Number": 0.0027700018744680546
}