{
    "AverageBondLength_std_dev_Average_bond_length": 0.03508711627993168,
    "BondOrientationParameter_mean_BOOP_Q_l=2": 0.02839876186922357,
    "ElementProperty_MagpieData_avg_dev_CovalentRadius": 0.016458349443867006,
    "CrystalNNFingerprint_mean_wt_CN_6": 0.015475149707859953,
    "MEGNet_OFMEncoded_v1_115": 0.015367984644031343,
    "ElementProperty_MagpieData_mean_NUnfilled": 0.015222560182486576,
    "ElementProperty_MagpieData_range_NdUnfilled": 0.014695761146362002,
    "AtomicOrbitals_LUMO_energy": 0.012374547332028165,
    "BondOrientationParameter_mean_BOOP_Q_l=4": 0.011731094392215332,
    "ElementProperty_MagpieData_mean_MendeleevNumber": 0.011700049386049793,
    "CrystalNNFingerprint_mean_trigonal_planar_CN_3": 0.011558731582327264,
    "ElementProperty_MagpieData_avg_dev_NdValence": 0.011492949163900961,
    "ElectronegativityDiff_mean_EN_difference": 0.010193537182942785,
    "ElementProperty_MagpieData_mean_Column": 0.010189113840646233,
    "GaussianSymmFunc_mean_G4_0_005_4_0_-1_0": 0.010167574965961632,
    "ElementProperty_MagpieData_range_MeltingT": 0.010136377652479236,
    "ElementProperty_MagpieData_avg_dev_NpValence": 0.010073640322020508,
    "MEGNet_OFMEncoded_v1_166": 0.010012541297311937,
    "CrystalNNFingerprint_mean_bent_150_degrees_CN_2": 0.009703081117012343,
    "BondOrientationParameter_mean_BOOP_Q_l=1": 0.009689418681156704,
    "OPSiteFingerprint_std_dev_trigonal_planar_CN_3": 0.009477162377649138,
    "MEGNet_OFMEncoded_v1_129": 0.009346863451510614,
    "ElementFraction_Ni": 0.009235591457829807,
    "MEGNet_OFMEncoded_v1_176": 0.009202391634757928,
    "GaussianSymmFunc_mean_G2_80_0": 0.00919295570395393,
    "ElementProperty_MagpieData_mode_NUnfilled": 0.008990276763391982,
    "BondOrientationParameter_mean_BOOP_Q_l=6": 0.008852779432902788,
    "ElectronegativityDiff_minimum_EN_difference": 0.00881059623580982,
    "CrystalNNFingerprint_mean_linear_CN_2": 0.008547885977349064,
    "ElementProperty_MagpieData_mean_CovalentRadius": 0.008382955434510031
}