{
    "GeneralizedRDF_mean_Gaussian_center=3_0_width=1_0": 0.00028546037901407064,
    "BandCenter_band_center": 0.00012602714635259735,
    "GeneralizedRDF_mean_Gaussian_center=2_0_width=1_0": 0.00010989818172679401,
    "ElementProperty_MagpieData_mean_Column": 4.2873319839296996e-05,
    "ElementProperty_MagpieData_mean_MendeleevNumber": 3.7799060264471644e-05,
    "DensityFeatures_packing_fraction": 3.7679045825398695e-05,
    "VoronoiFingerprint_mean_Voro_vol_maximum": 3.318941460064479e-05,
    "ElementProperty_MagpieData_mean_NUnfilled": 3.199344093663909e-05,
    "AGNIFingerPrint_mean_AGNI_eta=1_60e+01": 2.9381341752140807e-05,
    "GeneralizedRDF_mean_Gaussian_center=5_0_width=1_0": 2.8831198826627887e-05,
    "ElectronegativityDiff_minimum_EN_difference": 2.4754254377002186e-05,
    "ElementProperty_MagpieData_avg_dev_NdValence": 2.2289567557536033e-05,
    "ElementProperty_MagpieData_mean_NpValence": 2.2140576000267144e-05,
    "VoronoiFingerprint_mean_Voro_dist_mean": 1.9172542693323543e-05,
    "ElectronegativityDiff_mean_EN_difference": 1.9158282244583345e-05,
    "TMetalFraction_transition_metal_fraction": 1.848692477051724e-05,
    "ElementProperty_MagpieData_avg_dev_NUnfilled": 1.7483746554582167e-05,
    "ElementProperty_MagpieData_mean_CovalentRadius": 1.5765119065121192e-05,
    "CrystalNNFingerprint_mean_tetrahedral_CN_4": 1.574928417897899e-05,
    "VoronoiFingerprint_mean_Voro_dist_maximum": 1.5680639850742674e-05,
    "OPSiteFingerprint_std_dev_tetrahedral_CN_4": 1.4432390308162238e-05,
    "ElementProperty_MagpieData_maximum_NUnfilled": 1.4351572401940429e-05,
    "OPSiteFingerprint_mean_tetrahedral_CN_4": 1.3098578236691487e-05,
    "ElementProperty_MagpieData_avg_dev_MendeleevNumber": 1.2782111300897727e-05,
    "ElementProperty_MagpieData_maximum_CovalentRadius": 1.2744029172906256e-05,
    "ElementProperty_MagpieData_mean_Electronegativity": 1.2481778914554151e-05,
    "ChemicalOrdering_mean_ordering_parameter_shell_1": 1.1812964100514081e-05,
    "BondOrientationParameter_mean_BOOP_Q_l=2": 1.1576472346408991e-05,
    "GaussianSymmFunc_mean_G2_0_05": 1.1320301527318955e-05,
    "MaximumPackingEfficiency_max_packing_efficiency": 1.1125765763246305e-05
}