{
    "ElementProperty_MagpieData_mode_MeltingT": 0.012764156437918044,
    "ElementFraction_Mg": 0.007275372738791679,
    "MEGNet_OFMEncoded_v1_172": 0.007170829850289079,
    "ElementFraction_K": 0.007017971236063441,
    "ElementProperty_MagpieData_maximum_Electronegativity": 0.006342959736468395,
    "ElementFraction_S": 0.006065092133901136,
    "ElementFraction_Na": 0.005621318374623515,
    "MEGNet_OFMEncoded_v1_63": 0.005218333180704809,
    "ElementFraction_Co": 0.0051577378620332424,
    "ElementProperty_MagpieData_minimum_MeltingT": 0.004647498040175762,
    "ElementProperty_MagpieData_mode_MendeleevNumber": 0.0043174425920750135,
    "ElementFraction_Ca": 0.0039310283735361235,
    "ElementProperty_MagpieData_mode_GSbandgap": 0.0037071185465389106,
    "ElementProperty_MagpieData_maximum_GSbandgap": 0.0036579646420987263,
    "ElementProperty_MagpieData_minimum_Column": 0.0035741906313519933,
    "ElementProperty_MagpieData_mean_NdValence": 0.0034606726522970984,
    "MEGNet_OFMEncoded_v1_119": 0.0032326080501033786,
    "ElementFraction_Zn": 0.003177540294152994,
    "ElementFraction_Cd": 0.0031319116252064806,
    "ElementProperty_MagpieData_mean_NpUnfilled": 0.0031067413988655704,
    "ElementProperty_MagpieData_mode_GSvolume_pa": 0.0029047496818840023,
    "ElementProperty_MagpieData_maximum_MendeleevNumber": 0.0028359253889333838,
    "ElementFraction_Fe": 0.002795583914728099,
    "MEGNet_OFMEncoded_v1_19": 0.0027435828404410163,
    "MEGNet_OFMEncoded_v1_76": 0.00271270049687023,
    "ElementProperty_MagpieData_minimum_Number": 0.0026987885403965337,
    "ElementProperty_MagpieData_maximum_CovalentRadius": 0.002668354995562797,
    "ElementFraction_Se": 0.0025618500834355966,
    "ElementProperty_MagpieData_maximum_NdUnfilled": 0.0023828284849195486,
    "ElementFraction_Cl": 0.002233158039896236
}