{
    "BandCenter_band_center": 0.010598774961822176,
    "AtomicOrbitals_HOMO_element": 0.01000436512488188,
    "BondOrientationParameter_mean_BOOP_Q_l=3": 0.009912953661751525,
    "AGNIFingerPrint_std_dev_AGNI_dir=z_eta=8_00e-01": 0.009766858588109925,
    "OxidationStates_std_dev_oxidation_state": 0.007724465095582083,
    "AGNIFingerPrint_std_dev_AGNI_dir=z_eta=1_23e+00": 0.00684762690860001,
    "MaximumPackingEfficiency_max_packing_efficiency": 0.005827489767591721,
    "GeneralizedRDF_mean_Gaussian_center=0_0_width=1_0": 0.005711503760046003,
    "CrystalNNFingerprint_mean_tetrahedral_CN_4": 0.004379237422057191,
    "ElementProperty_MagpieData_mean_GSvolume_pa": 0.0041614919126425585,
    "StructuralHeterogeneity_min_relative_bond_length": 0.004121586726772611,
    "ElementProperty_MagpieData_mean_MendeleevNumber": 0.004009934913990197,
    "ElectronegativityDiff_minimum_EN_difference": 0.003914689941801904,
    "GaussianSymmFunc_std_dev_G4_0_005_4_0_-1_0": 0.0038671329577944285,
    "AGNIFingerPrint_std_dev_AGNI_dir=y_eta=8_00e-01": 0.003847337083785438,
    "BondOrientationParameter_mean_BOOP_Q_l=8": 0.0038282134807259335,
    "ElementProperty_MagpieData_avg_dev_CovalentRadius": 0.003358810436970741,
    "ElementFraction_O": 0.003230050587993348,
    "OPSiteFingerprint_std_dev_tetrahedral_CN_4": 0.0032147917510624794,
    "ElementProperty_MagpieData_mode_SpaceGroupNumber": 0.00320970070603542,
    "ElementProperty_MagpieData_mean_Column": 0.003106900031274656,
    "AGNIFingerPrint_std_dev_AGNI_dir=z_eta=1_88e+00": 0.003092915128415,
    "ElementProperty_MagpieData_mean_CovalentRadius": 0.002986068793998491,
    "ElementProperty_MagpieData_avg_dev_MendeleevNumber": 0.0029610326027694764,
    "MEGNet_OFMEncoded_v1_106": 0.002952987628213885,
    "ElementProperty_MagpieData_maximum_MeltingT": 0.002947311898091487,
    "SineCoulombMatrix_sine_coulomb_matrix_eig_14": 0.0029169602098896652,
    "ElementProperty_MagpieData_mean_NpValence": 0.002853843844560855,
    "ElementProperty_MagpieData_avg_dev_Column": 0.00261812974099486,
    "DensityFeatures_packing_fraction": 0.002497600609904524
}