{
    "AGNIFingerPrint_mean_AGNI_eta=1_88e+00": 1.3615770530993374,
    "ElementProperty_MagpieData_mode_NUnfilled": 0.36658783249160093,
    "GaussianSymmFunc_mean_G4_0_005_4_0_-1_0": 0.32828063847694877,
    "GeneralizedRDF_mean_Gaussian_center=1_0_width=1_0": 0.24824238456871747,
    "DensityFeatures_packing_fraction": 0.13129142205446376,
    "ElementProperty_MagpieData_maximum_MeltingT": 0.11938471735263431,
    "MEGNet_OFMEncoded_v1_62": 0.11871025704777467,
    "ElementProperty_MagpieData_maximum_MendeleevNumber": 0.11458854080533878,
    "ElementProperty_MagpieData_mode_GSvolume_pa": 0.11200140031232719,
    "MEGNet_OFMEncoded_v1_115": 0.11036098062388312,
    "ElementProperty_MagpieData_mean_MeltingT": 0.10733039007130749,
    "GeneralizedRDF_mean_Gaussian_center=0_0_width=1_0": 0.09365754509657868,
    "ElementFraction_O": 0.08927830841650228,
    "ElementProperty_MagpieData_range_CovalentRadius": 0.08918608823688909,
    "YangSolidSolution_Yang_delta": 0.0866201394308147,
    "MEGNet_OFMEncoded_v1_19": 0.0842166057275783,
    "TMetalFraction_transition_metal_fraction": 0.07286333106512412,
    "BondOrientationParameter_mean_BOOP_Q_l=2": 0.0668000082349809,
    "GaussianSymmFunc_mean_G2_80_0": 0.06495870538920008,
    "BandCenter_band_center": 0.06297156983930823,
    "ElementProperty_MagpieData_maximum_CovalentRadius": 0.06237619098926178,
    "ElectronegativityDiff_minimum_EN_difference": 0.06068803149131014,
    "ElementProperty_MagpieData_mean_Electronegativity": 0.059914595189869746,
    "ElementProperty_MagpieData_maximum_NValence": 0.054480005236038215,
    "ElementProperty_MagpieData_mean_NpUnfilled": 0.05212787752020407,
    "OxidationStates_std_dev_oxidation_state": 0.05119459151776384,
    "ElementProperty_MagpieData_minimum_MendeleevNumber": 0.049458752824260294,
    "ElementProperty_MagpieData_avg_dev_NpUnfilled": 0.04817924639047232,
    "ElementProperty_MagpieData_minimum_Number": 0.047416338512143726,
    "ElementProperty_MagpieData_maximum_NpUnfilled": 0.045208773398665324
}