{
    "ElementProperty_MagpieData_mean_MeltingT": 2.5459858721253374e-06,
    "AtomicOrbitals_HOMO_energy": 1.7244167173632324e-06,
    "ChemicalOrdering_mean_ordering_parameter_shell_2": 1.6813639150415228e-06,
    "ElementProperty_MagpieData_mode_MeltingT": 1.5008893876543324e-06,
    "VoronoiFingerprint_mean_Voro_dist_mean": 1.4842858415646941e-06,
    "ElementProperty_MagpieData_maximum_MeltingT": 1.1634820604799806e-06,
    "ValenceOrbital_frac_d_valence_electrons": 1.1612678249504302e-06,
    "ElementProperty_MagpieData_range_CovalentRadius": 1.1057229547076987e-06,
    "MEGNet_OFMEncoded_v1_47": 1.0932813473426572e-06,
    "ElementProperty_MagpieData_maximum_NdValence": 1.085668227960968e-06,
    "VoronoiFingerprint_mean_Voro_vol_maximum": 1.048053581962076e-06,
    "MEGNet_OFMEncoded_v1_82": 8.302160263305153e-07,
    "ElementProperty_MagpieData_mean_NdValence": 7.867988428401881e-07,
    "BondOrientationParameter_mean_BOOP_Q_l=4": 7.695770978332147e-07,
    "LocalPropertyDifference_mean_local_difference_in_Electronegativity": 7.571310659039825e-07,
    "AtomicOrbitals_HOMO_element": 6.386643079346429e-07,
    "ElectronegativityDiff_minimum_EN_difference": 6.234446540658192e-07,
    "MEGNet_OFMEncoded_v1_100": 5.832419539268351e-07,
    "ElementProperty_MagpieData_mode_NpUnfilled": 5.129925710852837e-07,
    "VoronoiFingerprint_mean_Voro_vol_std_dev": 5.060172445429299e-07,
    "ElementProperty_MagpieData_avg_dev_NUnfilled": 4.976925975729227e-07,
    "BondFractions_Mg_-_O_bond_frac_": 4.725945471722449e-07,
    "BondOrientationParameter_mean_BOOP_Q_l=8": 4.20709315065577e-07,
    "ElementProperty_MagpieData_maximum_Number": 4.1820054920991536e-07,
    "MEGNet_OFMEncoded_v1_181": 4.016286268437271e-07,
    "MEGNet_OFMEncoded_v1_19": 3.4840554546261336e-07,
    "MEGNet_OFMEncoded_v1_98": 2.4742265535574984e-07,
    "CrystalNNFingerprint_mean_wt_CN_14": 2.43282325605858e-07,
    "BondFractions_Cu_-_O_bond_frac_": 1.794888764820751e-07,
    "OPSiteFingerprint_mean_octahedral_CN_6": 1.0260543059886104e-07
}