{
    "GeneralizedRDF_mean_Gaussian_center=1_0_width=1_0": 0.00189473078558642,
    "GaussianSymmFunc_mean_G2_20_0": 0.0012209592640550191,
    "ElementProperty_MagpieData_mode_NUnfilled": 0.0010814226389664091,
    "AGNIFingerPrint_mean_AGNI_eta=1_23e+00": 0.0006327474242950315,
    "ElementProperty_MagpieData_maximum_MeltingT": 0.0003901507300606913,
    "ElementProperty_MagpieData_avg_dev_Column": 0.00033561105978539585,
    "ElementProperty_MagpieData_mean_NpUnfilled": 0.00032090750284218645,
    "BandCenter_band_center": 0.00030246058992310424,
    "OxidationStates_std_dev_oxidation_state": 0.0002812984635863265,
    "ElectronegativityDiff_minimum_EN_difference": 0.0002471214061166962,
    "ElementProperty_MagpieData_avg_dev_Electronegativity": 0.00023296299669536038,
    "GeneralizedRDF_mean_Gaussian_center=5_0_width=1_0": 0.0002185306144324136,
    "ElementProperty_MagpieData_mean_MeltingT": 0.0002051555282437067,
    "ElementFraction_H": 0.00018881270399995537,
    "TMetalFraction_transition_metal_fraction": 0.00017996957242471075,
    "ElementProperty_MagpieData_mean_Electronegativity": 0.00015621129048126387,
    "MEGNet_OFMEncoded_v1_99": 0.00015492713257962302,
    "GeneralizedRDF_mean_Gaussian_center=2_0_width=1_0": 0.00015165931361720272,
    "ElementProperty_MagpieData_minimum_Number": 0.00013721461079374488,
    "GeneralizedRDF_mean_Gaussian_center=8_0_width=1_0": 0.00012961840747650395,
    "ElementProperty_MagpieData_avg_dev_NUnfilled": 0.00012297516284069074,
    "MEGNet_OFMEncoded_v1_87": 0.0001181240474024097,
    "ElementProperty_MagpieData_minimum_CovalentRadius": 0.00011404325556691268,
    "GeneralizedRDF_mean_Gaussian_center=3_0_width=1_0": 0.00011022865266530444,
    "YangSolidSolution_Yang_delta": 0.00010970967273597777,
    "MEGNet_OFMEncoded_v1_15": 0.00010762383856206283,
    "VoronoiFingerprint_mean_Voro_vol_maximum": 9.706735718034305e-05,
    "ElementProperty_MagpieData_minimum_Column": 9.63057067927226e-05,
    "ElementProperty_MagpieData_mean_GSbandgap": 9.562405539167156e-05,
    "ElementProperty_MagpieData_minimum_Electronegativity": 9.50966618335474e-05
}