{
    "ElementProperty_MagpieData_mean_Column": 0.03920877918192521,
    "AGNIFingerPrint_mean_AGNI_eta=8_00e-01": 0.023593714622807186,
    "StructuralHeterogeneity_mean_neighbor_distance_variation": 0.021575024986326095,
    "BandCenter_band_center": 0.02116895729810884,
    "ElementProperty_MagpieData_maximum_MendeleevNumber": 0.018909874143411026,
    "ElementProperty_MagpieData_maximum_SpaceGroupNumber": 0.018645002570178437,
    "ElementFraction_Mn": 0.017684476846538313,
    "CrystalNNFingerprint_mean_pentagonal_pyramidal_CN_6": 0.017372500981383317,
    "MEGNet_OFMEncoded_v1_90": 0.01706595470613975,
    "DensityFeatures_packing_fraction": 0.015724450485850514,
    "GaussianSymmFunc_mean_G2_80_0": 0.01562299464645287,
    "ElementProperty_MagpieData_mean_MendeleevNumber": 0.015381741775456944,
    "ElectronegativityDiff_minimum_EN_difference": 0.0147268611680075,
    "TMetalFraction_transition_metal_fraction": 0.01418644546602567,
    "MEGNet_OFMEncoded_v1_147": 0.013071489942042476,
    "AverageBondAngle_mean_Average_bond_angle": 0.012605685789512568,
    "CrystalNNFingerprint_mean_octahedral_CN_6": 0.012245295624560287,
    "ElementProperty_MagpieData_mean_NpValence": 0.011910621721727466,
    "ElementProperty_MagpieData_mean_GSbandgap": 0.011872531975703732,
    "MEGNet_OFMEncoded_v1_97": 0.010945483889440971,
    "BondOrientationParameter_mean_BOOP_Q_l=6": 0.010861490345017447,
    "BondOrientationParameter_mean_BOOP_Q_l=3": 0.010570129592658102,
    "VoronoiFingerprint_mean_Voro_area_maximum": 0.009964279933127013,
    "MEGNet_OFMEncoded_v1_121": 0.009877711875355365,
    "ElementProperty_MagpieData_avg_dev_MeltingT": 0.009778619558487878,
    "AtomicOrbitals_HOMO_energy": 0.009512159622460279,
    "MEGNet_OFMEncoded_v1_153": 0.009437073051924318,
    "ElementProperty_MagpieData_avg_dev_NpValence": 0.008843550830614237,
    "MEGNet_OFMEncoded_v1_132": 0.008746126399050506,
    "MEGNet_OFMEncoded_v1_109": 0.008263556208855792
}