{
    "ElementProperty_MagpieData_mode_Electronegativity": 0.03572912092282622,
    "ElementProperty_MagpieData_maximum_Electronegativity": 0.024792474551770336,
    "ElementProperty_MagpieData_minimum_Number": 0.018958202693900795,
    "ElementProperty_MagpieData_minimum_NUnfilled": 0.014616635224074455,
    "ElementFraction_Li": 0.013595335941225625,
    "ElementProperty_MagpieData_mean_NpUnfilled": 0.013197053789580145,
    "ElementFraction_Se": 0.012074874766257016,
    "ElementFraction_S": 0.011924966745505153,
    "ElementFraction_In": 0.011615318272652095,
    "ElementProperty_MagpieData_mode_CovalentRadius": 0.011582789283935718,
    "ElementProperty_MagpieData_mean_GSbandgap": 0.01006054469730826,
    "ElementFraction_Zn": 0.009726562038923262,
    "ElementFraction_Ag": 0.009244900553449634,
    "ElementFraction_Al": 0.008949824519504934,
    "ElementProperty_MagpieData_mode_NUnfilled": 0.00883684879948023,
    "ElementFraction_Mn": 0.008178498913731128,
    "ElementProperty_MagpieData_maximum_NValence": 0.0075704787447931085,
    "ElementFraction_Na": 0.007376072936326238,
    "ElementProperty_MagpieData_minimum_CovalentRadius": 0.007044296443258251,
    "ElementFraction_Cl": 0.006732259680788802,
    "ElementProperty_MagpieData_mode_Column": 0.006599631166782279,
    "ElementFraction_Cr": 0.006524746009816399,
    "ElementProperty_MagpieData_maximum_MeltingT": 0.005775489301562106,
    "ElementFraction_Cu": 0.0052196876595002285,
    "ElementProperty_MagpieData_mode_MeltingT": 0.005156147414418716,
    "TMetalFraction_transition_metal_fraction": 0.004900741628747548,
    "ElementFraction_Co": 0.004524358819183048,
    "ElementFraction_Br": 0.004444576300368325,
    "ElementProperty_MagpieData_mean_NUnfilled": 0.004276991176105703,
    "ElementProperty_MagpieData_maximum_GSvolume_pa": 0.004232071575873539
}