{
    "ElementProperty_MagpieData_mode_Number": 2.1835502313225144,
    "ElementProperty_MagpieData_mean_Number": 0.891854082009574,
    "ElementProperty_MagpieData_range_Row": 0.6457688927238834,
    "ElementProperty_MagpieData_mean_Row": 0.5901658962482845,
    "ElementProperty_MagpieData_mode_CovalentRadius": 0.5807508536057645,
    "ElementProperty_MagpieData_maximum_SpaceGroupNumber": 0.5580806143591157,
    "ElementProperty_MagpieData_maximum_Number": 0.5453973357676101,
    "TMetalFraction_transition_metal_fraction": 0.5115255300713972,
    "ElementProperty_MagpieData_avg_dev_AtomicWeight": 0.5027092411551476,
    "ElementProperty_MagpieData_maximum_NdUnfilled": 0.43424761199395245,
    "AtomicOrbitals_LUMO_element": 0.38843172762485606,
    "ElementProperty_MagpieData_avg_dev_Number": 0.3446577444370535,
    "ElementProperty_MagpieData_maximum_GSvolume_pa": 0.3346285899354523,
    "ElementFraction_Pd": 0.32678124880308457,
    "ElementProperty_MagpieData_mean_CovalentRadius": 0.30791245401092987,
    "ElementProperty_MagpieData_mean_NdUnfilled": 0.2989884919173726,
    "ElementProperty_MagpieData_mode_GSvolume_pa": 0.27576869898893414,
    "ElementProperty_MagpieData_minimum_Number": 0.2727480556504895,
    "ElementFraction_Y": 0.2623833049424269,
    "ElementFraction_F": 0.25774212554303777,
    "ElementProperty_MagpieData_mode_NdValence": 0.2431353339808407,
    "ElementFraction_V": 0.23945014047253188,
    "ElementFraction_Cr": 0.2367580637415321,
    "ElementProperty_MagpieData_mean_AtomicWeight": 0.21814698810944497,
    "ElementProperty_MagpieData_mode_MeltingT": 0.21336431168182762,
    "ElementProperty_MagpieData_avg_dev_NdUnfilled": 0.1938355787880797,
    "ElementFraction_Ga": 0.19139045658850068,
    "ElementFraction_Ge": 0.1865116525120224,
    "ElementProperty_MagpieData_maximum_Electronegativity": 0.1837503139648436,
    "ElementProperty_MagpieData_mean_GSbandgap": 0.17830858234759536
}