{
    "ElementFraction_F": 0.01870338224814755,
    "ElementProperty_MagpieData_mean_GSmagmom": 0.017944615497195518,
    "ElementFraction_Pd": 0.014486659317697685,
    "ElementFraction_Mg": 0.01286124422841078,
    "ElementFraction_Na": 0.009929930510172977,
    "ElementFraction_Au": 0.007110630422778101,
    "ElementFraction_Te": 0.005729953506247949,
    "ElementFraction_Co": 0.005559318105423196,
    "ElementFraction_Al": 0.005453994330688924,
    "ElementProperty_MagpieData_mean_NsValence": 0.00539022531234484,
    "ElementFraction_Li": 0.0053408060012803266,
    "ElementProperty_MagpieData_maximum_NValence": 0.0047596741004452,
    "ElementFraction_Rh": 0.0045731125867176795,
    "MEGNet_OFMEncoded_v1_116": 0.004544867893192573,
    "ElementFraction_Ni": 0.00452716186373859,
    "ElementProperty_MagpieData_mode_NValence": 0.0044160992921445,
    "ElementProperty_MagpieData_mode_GSmagmom": 0.003955045784958165,
    "ElementProperty_MagpieData_mode_MeltingT": 0.0039058630625860404,
    "MEGNet_OFMEncoded_v1_46": 0.0038589969657632636,
    "ElementProperty_MagpieData_mode_Number": 0.003822256227260753,
    "ElementFraction_Zn": 0.003536206451090827,
    "ElementFraction_P": 0.003407859876795156,
    "ElementProperty_MagpieData_mean_GSbandgap": 0.0033142888756091315,
    "ElementProperty_MagpieData_maximum_NdUnfilled": 0.0031851552698847507,
    "ElementProperty_MagpieData_mode_MendeleevNumber": 0.003050917664452769,
    "ElementProperty_MagpieData_maximum_CovalentRadius": 0.003039537911838223,
    "MEGNet_OFMEncoded_v1_177": 0.0029928936986077055,
    "ElementFraction_Pt": 0.0029907818243884096,
    "ElementFraction_Br": 0.002955779884235967,
    "ElementFraction_Mo": 0.002775831990676967
}