{
    "ElementFraction_O": 0.0562083295087814,
    "ElementFraction_Mg": 0.037758674268432345,
    "ElementProperty_MagpieData_mode_GSvolume_pa": 0.014955091790004088,
    "ElementFraction_Al": 0.010760029469944138,
    "ElementFraction_Si": 0.008937433859564076,
    "ElementFraction_Co": 0.008914895349163069,
    "ElementFraction_Ni": 0.00862821405379923,
    "ElementProperty_MagpieData_maximum_MeltingT": 0.007924883968325401,
    "ElementFraction_Cu": 0.00735265620577281,
    "ElementFraction_P": 0.006648615885266761,
    "ElementProperty_MagpieData_maximum_Electronegativity": 0.006315415972932429,
    "ElementProperty_MagpieData_mode_Number": 0.005841059308900528,
    "MEGNet_OFMEncoded_v1_119": 0.005521646651775572,
    "ElementProperty_MagpieData_mean_NsValence": 0.005324323213564223,
    "ElementProperty_MagpieData_mode_MeltingT": 0.005265552545855551,
    "ElementProperty_MagpieData_minimum_Number": 0.004765831685770345,
    "ElementProperty_MagpieData_minimum_MeltingT": 0.004740630655352642,
    "ElementProperty_MagpieData_mode_SpaceGroupNumber": 0.004571517537134285,
    "MEGNet_OFMEncoded_v1_188": 0.004001185413712096,
    "MEGNet_OFMEncoded_v1_169": 0.003940535710463463,
    "ElementFraction_Cd": 0.0038530427408909693,
    "ElementFraction_In": 0.0034317376739281245,
    "ElementProperty_MagpieData_maximum_MendeleevNumber": 0.0033544997086071586,
    "ElementFraction_Ta": 0.003336744892942836,
    "ElementFraction_Sn": 0.0030519861028601787,
    "MEGNet_OFMEncoded_v1_10": 0.0029346429056557144,
    "ElementProperty_MagpieData_maximum_NfUnfilled": 0.0028910612067890003,
    "AGNIFingerPrint_std_dev_AGNI_eta=8_00e-01": 0.002605566360347021,
    "ElementProperty_MagpieData_minimum_GSvolume_pa": 0.002522324331855801,
    "ElementProperty_MagpieData_mode_MendeleevNumber": 0.0024308243418809834
}