{
    "ElementProperty_MagpieData_mode_GSvolume_pa": 0.14780596783904199,
    "ElementProperty_MagpieData_avg_dev_GSmagmom": 0.11718864581228997,
    "ElementProperty_MagpieData_maximum_Electronegativity": 0.11337674349205015,
    "ElectronegativityDiff_minimum_EN_difference": 0.07771231569038613,
    "ElementProperty_MagpieData_mode_Electronegativity": 0.05385629814212883,
    "ElementProperty_MagpieData_mean_GSmagmom": 0.05012460591724625,
    "IonProperty_avg_ionic_char": 0.04182855163977967,
    "TMetalFraction_transition_metal_fraction": 0.041322202109322935,
    "BondOrientationParameter_mean_BOOP_Q_l=1": 0.04016705411381244,
    "AGNIFingerPrint_std_dev_AGNI_dir=x_eta=1_88e+00": 0.03730637068779481,
    "AGNIFingerPrint_std_dev_AGNI_dir=z_eta=1_88e+00": 0.036058633620738,
    "AverageBondLength_mean_Average_bond_length": 0.03539181919580769,
    "ElementProperty_MagpieData_maximum_MeltingT": 0.03492105209801726,
    "AtomicOrbitals_HOMO_energy": 0.03336161522106232,
    "ElementProperty_MagpieData_mean_Row": 0.03298963031489298,
    "ElementProperty_MagpieData_maximum_NdUnfilled": 0.03049836942946991,
    "ElementProperty_MagpieData_maximum_Number": 0.029470311115415284,
    "DensityFeatures_density": 0.029468175572979278,
    "ElementProperty_MagpieData_mean_GSvolume_pa": 0.028346539915725763,
    "BondOrientationParameter_std_dev_BOOP_Q_l=1": 0.025641204177563073,
    "ElementFraction_Fe": 0.024598107444610606,
    "AGNIFingerPrint_std_dev_AGNI_dir=y_eta=1_88e+00": 0.022164655568881038,
    "BondFractions_O_-_W_bond_frac_": 0.02191115050953783,
    "AtomicOrbitals_LUMO_element": 0.02153434286427888,
    "DensityFeatures_packing_fraction": 0.021212881270751445,
    "ElementProperty_MagpieData_maximum_GSbandgap": 0.021013405398360357,
    "ElementProperty_MagpieData_mean_Column": 0.01891405652239986,
    "CoordinationNumber_std_dev_CN_VoronoiNN": 0.0180866593215213,
    "AGNIFingerPrint_std_dev_AGNI_eta=1_23e+00": 0.018076122185161875,
    "MEGNet_OFMEncoded_v1_19": 0.01795333405829467
}