{
    "ElectronegativityDiff_minimum_EN_difference": 0.02620027638510552,
    "ElementProperty_MagpieData_range_MeltingT": 0.019845650812068908,
    "GaussianSymmFunc_std_dev_G4_0_005_4_0_-1_0": 0.014305805719897353,
    "TMetalFraction_transition_metal_fraction": 0.01357400935228247,
    "CrystalNNFingerprint_mean_wt_CN_6": 0.011935676680073875,
    "CrystalNNFingerprint_mean_octahedral_CN_6": 0.01181869738364861,
    "MEGNet_OFMEncoded_v1_103": 0.01178254184490698,
    "MEGNet_OFMEncoded_v1_147": 0.011768100188429184,
    "GeneralizedRDF_mean_Gaussian_center=9_0_width=1_0": 0.01109036853600169,
    "MEGNet_OFMEncoded_v1_87": 0.010630195156006678,
    "MaximumPackingEfficiency_max_packing_efficiency": 0.010086935472624375,
    "MEGNet_OFMEncoded_v1_181": 0.00848420029281903,
    "ElementProperty_MagpieData_mode_NUnfilled": 0.008368250854881474,
    "ElementProperty_MagpieData_avg_dev_Column": 0.007805566491772944,
    "DensityFeatures_density": 0.007577046686729611,
    "YangSolidSolution_Yang_omega": 0.007317293943632673,
    "BondFractions_Ni_-_O_bond_frac_": 0.007049811310217698,
    "VoronoiFingerprint_std_dev_Voro_vol_sum": 0.006925096826828971,
    "CrystalNNFingerprint_std_dev_linear_CN_2": 0.006868218099164733,
    "ElementProperty_MagpieData_mean_Column": 0.00683186927816831,
    "CrystalNNFingerprint_mean_hexagonal_planar_CN_6": 0.006781438288862008,
    "ElementProperty_MagpieData_maximum_MeltingT": 0.006756695615543857,
    "GeneralizedRDF_mean_Gaussian_center=2_0_width=1_0": 0.006728901630389113,
    "CrystalNNFingerprint_mean_wt_CN_5": 0.006661271801409643,
    "BondFractions_O_-_V_bond_frac_": 0.006583632428664089,
    "CrystalNNFingerprint_mean_pentagonal_pyramidal_CN_6": 0.006497951059679083,
    "AverageBondLength_std_dev_Average_bond_length": 0.006446039254266209,
    "GeneralizedRDF_mean_Gaussian_center=3_0_width=1_0": 0.006406196483512007,
    "CrystalNNFingerprint_mean_body-centered_cubic_CN_8": 0.006225934334176879,
    "ElementProperty_MagpieData_maximum_MendeleevNumber": 0.006113494606172454
}