{
    "ElementProperty_MagpieData_mode_CovalentRadius": 11.838427658443191,
    "ElementFraction_O": 8.319269293972477,
    "AGNIFingerPrint_mean_AGNI_eta=1_23e+00": 6.912155705974624,
    "GeneralizedRDF_mean_Gaussian_center=1_0_width=1_0": 4.097117499695061,
    "ElementProperty_MagpieData_mean_Electronegativity": 3.6792195568507537,
    "GeneralizedRDF_mean_Gaussian_center=0_0_width=1_0": 3.1797717114315103,
    "BandCenter_band_center": 1.871750833244258,
    "ElementProperty_MagpieData_mean_CovalentRadius": 1.4448143769057002,
    "ElementProperty_MagpieData_maximum_NdValence": 1.3790595231946998,
    "ElementProperty_MagpieData_mean_GSvolume_pa": 1.2050502966288805,
    "GaussianSymmFunc_mean_G2_20_0": 0.8454605673490068,
    "DensityFeatures_packing_fraction": 0.8285218954455513,
    "ElementProperty_MagpieData_avg_dev_GSvolume_pa": 0.8143000402784386,
    "MEGNet_OFMEncoded_v1_63": 0.7322161431538975,
    "ElementProperty_MagpieData_minimum_NUnfilled": 0.6965432740562183,
    "MEGNet_OFMEncoded_v1_149": 0.6408593855787453,
    "ElementProperty_MagpieData_maximum_MeltingT": 0.5948078785952136,
    "ElementProperty_MagpieData_maximum_Number": 0.5625301647423673,
    "ElementProperty_MagpieData_maximum_CovalentRadius": 0.5496981289510561,
    "MEGNet_OFMEncoded_v1_97": 0.5385398898552316,
    "ElementFraction_Mg": 0.5016920353324409,
    "ElementProperty_MagpieData_maximum_GSvolume_pa": 0.5007384329971046,
    "ValenceOrbital_frac_d_valence_electrons": 0.44733137561448744,
    "ElementProperty_MagpieData_mean_NdUnfilled": 0.43917605784404457,
    "ElementProperty_MagpieData_minimum_CovalentRadius": 0.420460336662855,
    "DensityFeatures_density": 0.41386335951207576,
    "ElementFraction_Ca": 0.4060041348831562,
    "ElementProperty_MagpieData_mean_MeltingT": 0.3981193095934818,
    "ElementProperty_MagpieData_mode_Electronegativity": 0.3979117362378521,
    "ElementProperty_MagpieData_maximum_Electronegativity": 0.3954964942044813
}