{
    "ElementProperty_MagpieData_mean_NpValence": 0.0011250122305814614,
    "ElementProperty_MagpieData_mean_Column": 0.0009479925505214913,
    "GaussianSymmFunc_mean_G2_80_0": 0.0008210190003719893,
    "ElementFraction_Ca": 0.0006105647961807276,
    "ElementProperty_MagpieData_mean_GSmagmom": 0.0005958090040886132,
    "ElementProperty_MagpieData_maximum_CovalentRadius": 0.000590143264999219,
    "ElementProperty_MagpieData_maximum_SpaceGroupNumber": 0.0005530992949863309,
    "ElementProperty_MagpieData_maximum_Column": 0.000485221817982008,
    "ElementProperty_MagpieData_mode_CovalentRadius": 0.0004440515518523245,
    "ElementFraction_Yb": 0.0004366445609599824,
    "ElementFraction_Au": 0.0003665823134958499,
    "ElementFraction_In": 0.00033774336506407884,
    "ElementFraction_F": 0.00033680685256395703,
    "ElementProperty_MagpieData_mode_SpaceGroupNumber": 0.0003236002018891388,
    "TMetalFraction_transition_metal_fraction": 0.00031833246930918895,
    "ElementProperty_MagpieData_mode_GSbandgap": 0.000309882393730292,
    "ElementFraction_S": 0.00030755516441484897,
    "ElementProperty_MagpieData_mean_CovalentRadius": 0.00029164539022111805,
    "ElementFraction_Pd": 0.0002795666116171296,
    "ElementFraction_Y": 0.00027864190763328905,
    "ElementProperty_MagpieData_mode_GSvolume_pa": 0.0002681188496880119,
    "ElementProperty_MagpieData_mean_GSvolume_pa": 0.00023981400625295153,
    "MEGNet_OFMEncoded_v1_93": 0.00022143088878764846,
    "ElementProperty_MagpieData_maximum_GSbandgap": 0.000216560664835312,
    "ElementFraction_K": 0.00020023341292831735,
    "ElementProperty_MagpieData_minimum_CovalentRadius": 0.00019506974408890494,
    "ElementProperty_MagpieData_maximum_MendeleevNumber": 0.0001889298615199901,
    "ElementFraction_Ni": 0.0001744939572649466,
    "ElementProperty_MagpieData_avg_dev_CovalentRadius": 0.00017012269839642403,
    "ElementProperty_MagpieData_minimum_NValence": 0.00016695982861916978
}