{
    "ElementProperty_MagpieData_mean_NpValence": 0.02331421510044787,
    "BondOrientationParameter_mean_BOOP_Q_l=2": 0.015186039530832307,
    "ValenceOrbital_frac_p_valence_electrons": 0.012820199581552756,
    "ElementProperty_MagpieData_mean_NUnfilled": 0.012424738484284681,
    "ElementProperty_MagpieData_mean_GSmagmom": 0.008256602242812973,
    "ElementProperty_MagpieData_mode_MendeleevNumber": 0.008045687665538974,
    "ElementProperty_MagpieData_mean_SpaceGroupNumber": 0.00685423126710083,
    "ElementProperty_MagpieData_minimum_MeltingT": 0.006560640296309968,
    "DensityFeatures_packing_fraction": 0.006554555025115862,
    "CoulombMatrix_coulomb_matrix_eig_0": 0.006351993753447788,
    "GaussianSymmFunc_std_dev_G2_20_0": 0.006201942519264218,
    "ElementProperty_MagpieData_maximum_Number": 0.005935414600682857,
    "TMetalFraction_transition_metal_fraction": 0.00589281856951454,
    "ElementProperty_MagpieData_mean_MendeleevNumber": 0.005766726062155671,
    "BondOrientationParameter_mean_BOOP_Q_l=3": 0.005740516589116739,
    "ElementProperty_MagpieData_mean_MeltingT": 0.0055899439973047145,
    "ElementProperty_MagpieData_mean_NsValence": 0.005404060745827931,
    "ElectronegativityDiff_minimum_EN_difference": 0.005317568264019756,
    "ElementProperty_MagpieData_avg_dev_NpUnfilled": 0.004862109339125985,
    "ElementProperty_MagpieData_mode_GSvolume_pa": 0.00478685102551095,
    "BondOrientationParameter_std_dev_BOOP_Q_l=1": 0.004749994132013257,
    "BondOrientationParameter_mean_BOOP_Q_l=9": 0.004739229238308228,
    "RadialDistributionFunction_radial_distribution_function_d_1_90": 0.004616923853670278,
    "AverageBondLength_std_dev_Average_bond_length": 0.00459984072802131,
    "AtomicOrbitals_LUMO_energy": 0.004596902603891909,
    "OxidationStates_std_dev_oxidation_state": 0.00457330762579171,
    "YangSolidSolution_Yang_delta": 0.004449580018252813,
    "OPSiteFingerprint_mean_q6_CN_12": 0.004258279104127242,
    "ElementProperty_MagpieData_maximum_NValence": 0.003956889828590067,
    "StructuralHeterogeneity_minimum_neighbor_distance_variation": 0.003823693401905048
}