{
    "GeneralizedRDF_mean_Gaussian_center=3_0_width=1_0": 0.007320763847171853,
    "BandCenter_band_center": 0.0036660391465132675,
    "GeneralizedRDF_mean_Gaussian_center=2_0_width=1_0": 0.0028820957112410503,
    "DensityFeatures_packing_fraction": 0.001069105217258008,
    "ElementProperty_MagpieData_mean_Column": 0.0009085260355383087,
    "ElementProperty_MagpieData_mean_NUnfilled": 0.0008310087790372359,
    "ElectronegativityDiff_minimum_EN_difference": 0.0007042416333086143,
    "ElementProperty_MagpieData_mean_MendeleevNumber": 0.0006817084818856301,
    "GaussianSymmFunc_mean_G2_0_05": 0.0006647217869946262,
    "VoronoiFingerprint_mean_Voro_vol_maximum": 0.0006502370858978562,
    "AGNIFingerPrint_mean_AGNI_eta=1_60e+01": 0.0006499233676235944,
    "GeneralizedRDF_mean_Gaussian_center=5_0_width=1_0": 0.0006145211067935008,
    "ElementProperty_MagpieData_avg_dev_NUnfilled": 0.0005303044738815442,
    "ElectronegativityDiff_mean_EN_difference": 0.0005062607481711412,
    "BondOrientationParameter_mean_BOOP_Q_l=2": 0.0004970942865814963,
    "ElementProperty_MagpieData_avg_dev_NdValence": 0.00048000916044532905,
    "CrystalNNFingerprint_mean_tetrahedral_CN_4": 0.0004725223586471128,
    "ElementProperty_MagpieData_maximum_CovalentRadius": 0.00043752924274237284,
    "VoronoiFingerprint_mean_Voro_dist_mean": 0.0004043137665339545,
    "TMetalFraction_transition_metal_fraction": 0.0003907577584387713,
    "OPSiteFingerprint_std_dev_tetrahedral_CN_4": 0.00036780374549921465,
    "ElementProperty_MagpieData_maximum_MendeleevNumber": 0.0003653187303042062,
    "ElementProperty_MagpieData_mean_MeltingT": 0.00035940190044864406,
    "OPSiteFingerprint_mean_tetrahedral_CN_4": 0.0003401067177614597,
    "BondOrientationParameter_mean_BOOP_Q_l=3": 0.00031694291657517753,
    "ElementProperty_MagpieData_avg_dev_MendeleevNumber": 0.0003080178947196173,
    "VoronoiFingerprint_mean_Voro_dist_maximum": 0.0003070621210591479,
    "ElementProperty_MagpieData_mean_NpValence": 0.00030647910693171963,
    "ElementProperty_MagpieData_maximum_NUnfilled": 0.0002943895540000908,
    "ElementProperty_MagpieData_minimum_NUnfilled": 0.0002923355971653672
}