{
    "GeneralizedRDF_mean_Gaussian_center=1_0_width=1_0": 0.005004068882918692,
    "ElementProperty_MagpieData_mode_NUnfilled": 0.0017293559877205053,
    "GaussianSymmFunc_mean_G2_20_0": 0.0012960122878117317,
    "ElementProperty_MagpieData_maximum_MeltingT": 0.0008414649065343196,
    "AGNIFingerPrint_mean_AGNI_eta=1_23e+00": 0.0007321236049632005,
    "OxidationStates_std_dev_oxidation_state": 0.000719701006802963,
    "ElementFraction_O": 0.0005786350620965674,
    "GeneralizedRDF_mean_Gaussian_center=0_0_width=1_0": 0.0005629861210634792,
    "AGNIFingerPrint_mean_AGNI_eta=1_88e+00": 0.0005623473870532849,
    "ElementProperty_MagpieData_avg_dev_Column": 0.0004997902332371477,
    "ElementProperty_MagpieData_mean_NpUnfilled": 0.00048611439777336595,
    "ElementFraction_H": 0.00047355304871648526,
    "ElementProperty_MagpieData_mean_Electronegativity": 0.0004389607683929236,
    "ElectronegativityDiff_minimum_EN_difference": 0.00043169251855652635,
    "ElementProperty_MagpieData_mean_MeltingT": 0.0004045209688067872,
    "GeneralizedRDF_mean_Gaussian_center=2_0_width=1_0": 0.0003773260782513911,
    "BandCenter_band_center": 0.00037484778179409716,
    "MEGNet_OFMEncoded_v1_99": 0.00033386050810614375,
    "TMetalFraction_transition_metal_fraction": 0.00031476804833717854,
    "MEGNet_OFMEncoded_v1_87": 0.00028987928325301316,
    "ElementProperty_MagpieData_minimum_CovalentRadius": 0.0002896531705688988,
    "AGNIFingerPrint_std_dev_AGNI_dir=x_eta=1_23e+00": 0.0002681739560148393,
    "ElementProperty_MagpieData_minimum_Column": 0.00024160739932276926,
    "GeneralizedRDF_mean_Gaussian_center=3_0_width=1_0": 0.00023543969289916206,
    "ElementProperty_MagpieData_mean_NdValence": 0.00021869034012375618,
    "YangSolidSolution_Yang_delta": 0.0002101594778260748,
    "ElementFraction_Mn": 0.00019450856830725098,
    "GeneralizedRDF_mean_Gaussian_center=5_0_width=1_0": 0.0001870093954494862,
    "MEGNet_OFMEncoded_v1_15": 0.0001826335733029977,
    "ElementProperty_MagpieData_mean_NdUnfilled": 0.00017205573483502942
}