{
    "ElementProperty_MagpieData_maximum_Electronegativity": 0.029239538007215782,
    "ElementProperty_MagpieData_mode_Electronegativity": 0.025617465420205862,
    "ElementProperty_MagpieData_mode_GSvolume_pa": 0.019285075883605857,
    "ElementProperty_MagpieData_maximum_GSbandgap": 0.013990050650760767,
    "ElementFraction_Ge": 0.013523588519033578,
    "ElementProperty_MagpieData_mode_NValence": 0.013247132669671074,
    "ElementProperty_MagpieData_mode_NUnfilled": 0.012043213238270149,
    "ElementProperty_MagpieData_maximum_NpUnfilled": 0.010814734132840537,
    "ElementFraction_Bi": 0.010615959305970922,
    "ElementProperty_MagpieData_maximum_MeltingT": 0.01059653421618359,
    "ElementFraction_Sn": 0.010373293306933516,
    "ElementFraction_Co": 0.008867613489221663,
    "ElementFraction_S": 0.008737470555910192,
    "MEGNet_OFMEncoded_v1_48": 0.008371692314558877,
    "ElementFraction_Cr": 0.008368764423491385,
    "ElementProperty_MagpieData_mode_MeltingT": 0.007866239559037244,
    "ElementFraction_Ag": 0.007781761970828365,
    "ElementProperty_MagpieData_mean_NfValence": 0.007279987503235159,
    "AtomicOrbitals_HOMO_energy": 0.006680301530977062,
    "VoronoiFingerprint_mean_Voro_vol_maximum": 0.006055405927188367,
    "OxidationStates_minimum_oxidation_state": 0.0059548087171521925,
    "MEGNet_OFMEncoded_v1_158": 0.005623929653236721,
    "ElementProperty_MagpieData_minimum_MeltingT": 0.005618705097162145,
    "ElementProperty_MagpieData_maximum_CovalentRadius": 0.005340057115259957,
    "ElementFraction_Au": 0.0053190378437676135,
    "ElementFraction_Y": 0.005018900180672504,
    "MEGNet_OFMEncoded_v1_64": 0.004911569694127806,
    "DensityFeatures_density": 0.00485231299118432,
    "ElementProperty_MagpieData_maximum_NfValence": 0.004747172140163455,
    "ElementFraction_Sb": 0.004534567681922593
}