{
    "ElementProperty_MagpieData_avg_dev_Electronegativity": 0.03499982920004358,
    "ElementProperty_MagpieData_maximum_MeltingT": 0.021097190820338004,
    "ElementProperty_MagpieData_mode_NUnfilled": 0.007342624804991464,
    "AtomicOrbitals_HOMO_energy": 0.006472909609749033,
    "ElementProperty_MagpieData_mean_MeltingT": 0.006469241259003142,
    "ElementProperty_MagpieData_avg_dev_MeltingT": 0.005589710517608839,
    "ElementProperty_MagpieData_mean_NpValence": 0.0047884014327609845,
    "GeneralizedRDF_mean_Gaussian_center=2_0_width=1_0": 0.00423364599713328,
    "ElementProperty_MagpieData_mean_NdUnfilled": 0.004174348127819939,
    "DensityFeatures_packing_fraction": 0.003941380016186007,
    "ElementProperty_MagpieData_avg_dev_NpValence": 0.003905072036631848,
    "ElementProperty_MagpieData_mean_Column": 0.0038808358216148005,
    "ElementProperty_MagpieData_avg_dev_NpUnfilled": 0.0038283842684831673,
    "MEGNet_OFMEncoded_v1_166": 0.003760482758892962,
    "ElementProperty_MagpieData_minimum_GSvolume_pa": 0.0037521626348840267,
    "ElectronegativityDiff_mean_EN_difference": 0.0036258134185051315,
    "ElementProperty_MagpieData_avg_dev_GSvolume_pa": 0.003599075991669513,
    "OxidationStates_range_oxidation_state": 0.003270054680711062,
    "TMetalFraction_transition_metal_fraction": 0.003237304612634259,
    "ElementProperty_MagpieData_mean_NUnfilled": 0.0029764895517528493,
    "MEGNet_OFMEncoded_v1_115": 0.002917936440426556,
    "ElementProperty_MagpieData_mean_MendeleevNumber": 0.002909072684824091,
    "OPSiteFingerprint_std_dev_sgl_bd_CN_1": 0.002875845336985332,
    "ElementProperty_MagpieData_mode_MendeleevNumber": 0.00276944048643645,
    "BondOrientationParameter_mean_BOOP_Q_l=2": 0.0027464740190016584,
    "GeneralizedRDF_mean_Gaussian_center=6_0_width=1_0": 0.0027227743581317277,
    "ElementProperty_MagpieData_mode_Electronegativity": 0.0026641196466780062,
    "CrystalNNFingerprint_mean_hexagonal_planar_CN_6": 0.0025362647478061402,
    "GeneralizedRDF_mean_Gaussian_center=8_0_width=1_0": 0.0025157609158757755,
    "ElementProperty_MagpieData_mode_NpUnfilled": 0.0024465852425985027
}