{
    "ElementProperty_MagpieData_mean_NpUnfilled": 0.014728006932050073,
    "OPSiteFingerprint_mean_octahedral_CN_6": 0.014221035907217334,
    "ElementProperty_MagpieData_mean_MendeleevNumber": 0.012938902754576135,
    "StructuralHeterogeneity_mean_neighbor_distance_variation": 0.012410420851849029,
    "ElementProperty_MagpieData_mean_Column": 0.01059623021728196,
    "MaximumPackingEfficiency_max_packing_efficiency": 0.010594336071718316,
    "ElementProperty_MagpieData_maximum_Number": 0.009594108812430911,
    "ValenceOrbital_frac_p_valence_electrons": 0.008597018594698561,
    "ElementProperty_MagpieData_mean_NdUnfilled": 0.008314330752815874,
    "ElectronegativityDiff_minimum_EN_difference": 0.008173156815007201,
    "ElementProperty_MagpieData_mean_CovalentRadius": 0.007849917527111661,
    "ElementProperty_MagpieData_mean_GSmagmom": 0.0077565986917180006,
    "Stoichiometry_3-norm": 0.007468336067201447,
    "AverageBondLength_std_dev_Average_bond_length": 0.00722650072619351,
    "AGNIFingerPrint_std_dev_AGNI_eta=8_00e-01": 0.00713615290639276,
    "StructuralHeterogeneity_maximum_neighbor_distance_variation": 0.006814346208644664,
    "TMetalFraction_transition_metal_fraction": 0.006685370992735587,
    "ElementProperty_MagpieData_maximum_MendeleevNumber": 0.006366864214709772,
    "BondOrientationParameter_mean_BOOP_Q_l=3": 0.006333941594057356,
    "AtomicOrbitals_HOMO_element": 0.006262005723575387,
    "ElementProperty_MagpieData_mean_MeltingT": 0.006230528163469166,
    "ElementFraction_Li": 0.006191778421933993,
    "ElementProperty_MagpieData_avg_dev_MeltingT": 0.005979760674711535,
    "DensityFeatures_packing_fraction": 0.005712800039006941,
    "CrystalNNFingerprint_mean_octahedral_CN_6": 0.005674491634980315,
    "CrystalNNFingerprint_std_dev_wt_CN_14": 0.005585774197406734,
    "MEGNet_OFMEncoded_v1_18": 0.005580821246846785,
    "MEGNet_OFMEncoded_v1_168": 0.0055802692694182495,
    "AtomicOrbitals_LUMO_energy": 0.005478665718800425,
    "MEGNet_OFMEncoded_v1_97": 0.005361112671668838
}