{
    "ElementProperty_MagpieData_mode_Number": 0.0010030982197545579,
    "ElementFraction_S": 0.0008855730062090694,
    "ElementProperty_MagpieData_mode_CovalentRadius": 0.0007600236166156308,
    "ElementProperty_MagpieData_mean_Column": 0.0006414728999918273,
    "ElementProperty_MagpieData_mean_CovalentRadius": 0.0006149800211293829,
    "GaussianSymmFunc_mean_G2_80_0": 0.0005459970489446436,
    "ElementFraction_Ca": 0.0005373417097630499,
    "ElementProperty_MagpieData_avg_dev_CovalentRadius": 0.0004567604093364834,
    "ElementFraction_O": 0.000436757452579023,
    "ElementProperty_MagpieData_range_CovalentRadius": 0.00043489248067202723,
    "TMetalFraction_transition_metal_fraction": 0.00042824166572616896,
    "ElementFraction_In": 0.00041557874853687034,
    "ElementProperty_MagpieData_mean_NpValence": 0.0004100748740364533,
    "ElementProperty_MagpieData_maximum_Column": 0.0003873840828852754,
    "ElementFraction_Yb": 0.00037457217899146135,
    "ElementProperty_MagpieData_maximum_SpaceGroupNumber": 0.0003685848138281366,
    "ElementProperty_MagpieData_minimum_CovalentRadius": 0.0003536985334442938,
    "ElementProperty_MagpieData_mean_GSbandgap": 0.0003263831353571167,
    "YangSolidSolution_Yang_delta": 0.0003150773080035995,
    "ElementFraction_Au": 0.0002991088462955344,
    "ElementFraction_Y": 0.00029781561162366783,
    "ElementProperty_MagpieData_avg_dev_GSmagmom": 0.00028500271038102215,
    "ElementProperty_MagpieData_maximum_CovalentRadius": 0.00028442716905364843,
    "ElementProperty_MagpieData_mode_GSvolume_pa": 0.00028157365927382544,
    "AtomicOrbitals_LUMO_element": 0.00027246650101028883,
    "ElementProperty_MagpieData_mode_NValence": 0.00026138317221453475,
    "ElementFraction_K": 0.00024606160603741085,
    "ElementFraction_Ni": 0.0002434169569673185,
    "ElementProperty_MagpieData_mode_MeltingT": 0.00023607893232721605,
    "ElementFraction_Bi": 0.00022152421722955123
}