{
    "TMetalFraction_transition_metal_fraction": 0.0754535463185085,
    "ValenceOrbital_frac_p_valence_electrons": 0.07378540576109813,
    "OxidationStates_maximum_oxidation_state": 0.02878094317986698,
    "ElementProperty_MagpieData_maximum_NdUnfilled": 0.02767905696374369,
    "YangSolidSolution_Yang_delta": 0.022673194523671204,
    "ElectronegativityDiff_mean_EN_difference": 0.02253428300751273,
    "ValenceOrbital_frac_d_valence_electrons": 0.019532653341058477,
    "DensityFeatures_packing_fraction": 0.018360124389018465,
    "ElementProperty_MagpieData_mean_Electronegativity": 0.017337338370832404,
    "AtomicOrbitals_gap_AO": 0.016891024480191225,
    "ElementFraction_Fe": 0.01615737536672826,
    "CrystalNNFingerprint_mean_octahedral_CN_6": 0.015886051052033508,
    "ElectronegativityDiff_minimum_EN_difference": 0.014185280186700974,
    "ElementProperty_MagpieData_mean_NUnfilled": 0.01352562085800759,
    "ElementProperty_MagpieData_mean_CovalentRadius": 0.013479019926217604,
    "ElementProperty_MagpieData_range_CovalentRadius": 0.013325065452650503,
    "CrystalNNFingerprint_mean_trigonal_non-coplanar_CN_3": 0.012571764836670715,
    "GaussianSymmFunc_std_dev_G2_80_0": 0.012522157510620004,
    "ElementProperty_MagpieData_mean_NpUnfilled": 0.012279116493088016,
    "ElectronegativityDiff_std_dev_EN_difference": 0.012214467025377812,
    "ElectronegativityDiff_maximum_EN_difference": 0.012037414268397583,
    "ElementProperty_MagpieData_maximum_Number": 0.011895114135364017,
    "OxidationStates_std_dev_oxidation_state": 0.011762188086215307,
    "ElementProperty_MagpieData_maximum_CovalentRadius": 0.011444388563418064,
    "CrystalNNFingerprint_std_dev_octahedral_CN_6": 0.011417828827735585,
    "ElementProperty_MagpieData_avg_dev_MeltingT": 0.011377213425584128,
    "AtomicOrbitals_HOMO_energy": 0.01095093249949098,
    "MEGNet_OFMEncoded_v1_122": 0.010768680396056635,
    "BondOrientationParameter_mean_BOOP_Q_l=7": 0.0107335345215904,
    "MEGNet_OFMEncoded_v1_79": 0.010525073186520526
}