{
    "ElementProperty_MagpieData_mean_MeltingT": 1.362907413587459,
    "ElementProperty_MagpieData_mode_MeltingT": 0.922470568149913,
    "ElementProperty_MagpieData_minimum_MeltingT": 0.8682830964006654,
    "ElementProperty_MagpieData_mean_GSvolume_pa": 0.6778963555411506,
    "GaussianSymmFunc_mean_G2_20_0": 0.49327909439052264,
    "ElementProperty_MagpieData_avg_dev_Electronegativity": 0.3493634037955125,
    "ElementProperty_MagpieData_mean_NpUnfilled": 0.3284484130321664,
    "ElementFraction_S": 0.30032669705749526,
    "TMetalFraction_transition_metal_fraction": 0.2845159212213258,
    "ElementProperty_MagpieData_avg_dev_MendeleevNumber": 0.28450933902870446,
    "ElementProperty_MagpieData_avg_dev_GSmagmom": 0.2789065392483863,
    "ElementProperty_MagpieData_mode_NUnfilled": 0.270041542283253,
    "MEGNet_OFMEncoded_v1_48": 0.24458887874973922,
    "MEGNet_OFMEncoded_v1_111": 0.2337075081885024,
    "ElementProperty_MagpieData_mean_GSmagmom": 0.23296560716375692,
    "MEGNet_OFMEncoded_v1_19": 0.20978492956656242,
    "MEGNet_OFMEncoded_v1_180": 0.20743959285099497,
    "ElementProperty_MagpieData_maximum_MeltingT": 0.20210409614889419,
    "ElectronegativityDiff_minimum_EN_difference": 0.20088489745774135,
    "GeneralizedRDF_mean_Gaussian_center=2_0_width=1_0": 0.20051412606618807,
    "ElementProperty_MagpieData_avg_dev_NdUnfilled": 0.18579107473159615,
    "MEGNet_OFMEncoded_v1_75": 0.1807776615683835,
    "ElementFraction_H": 0.1766541106519357,
    "ElementProperty_MagpieData_maximum_NdValence": 0.16787574579388018,
    "BondFractions_O_-_W_bond_frac_": 0.1659686446158951,
    "ElementProperty_MagpieData_avg_dev_CovalentRadius": 0.15716036037236317,
    "ElementProperty_MagpieData_maximum_NUnfilled": 0.15474052709778943,
    "ElementProperty_MagpieData_avg_dev_Column": 0.15230583268716522,
    "ElementProperty_MagpieData_minimum_CovalentRadius": 0.13458644752077573,
    "ElementProperty_MagpieData_mean_Column": 0.12975560356384921
}