{
    "GeneralizedRDF_mean_Gaussian_center=1_0_width=1_0": 0.0007199411656575807,
    "GaussianSymmFunc_mean_G2_20_0": 0.0001648453323337329,
    "ElementProperty_MagpieData_mode_NpUnfilled": 0.00015744573310567806,
    "ElementProperty_MagpieData_mode_NUnfilled": 7.522627916442366e-05,
    "ElementProperty_MagpieData_mean_NpUnfilled": 6.832621620310778e-05,
    "ElementProperty_MagpieData_maximum_MeltingT": 6.642478552616817e-05,
    "ElectronegativityDiff_minimum_EN_difference": 5.687755760815153e-05,
    "ElementProperty_MagpieData_avg_dev_Column": 5.582551752611761e-05,
    "OxidationStates_std_dev_oxidation_state": 5.086935798043552e-05,
    "GeneralizedRDF_mean_Gaussian_center=6_0_width=1_0": 4.982501065547709e-05,
    "AGNIFingerPrint_mean_AGNI_eta=1_88e+00": 4.426615855195109e-05,
    "TMetalFraction_transition_metal_fraction": 4.332436759217273e-05,
    "ElementProperty_MagpieData_avg_dev_Electronegativity": 4.2446131427499377e-05,
    "MEGNet_OFMEncoded_v1_99": 3.8062202918611156e-05,
    "GeneralizedRDF_mean_Gaussian_center=3_0_width=1_0": 3.760774342530518e-05,
    "BandCenter_band_center": 3.3523297726834056e-05,
    "ElementProperty_MagpieData_minimum_CovalentRadius": 3.3020338355077516e-05,
    "ElementProperty_MagpieData_minimum_Column": 3.105164429183426e-05,
    "GeneralizedRDF_mean_Gaussian_center=2_0_width=1_0": 2.694613067752074e-05,
    "AGNIFingerPrint_std_dev_AGNI_dir=z_eta=8_00e-01": 2.4444074239017557e-05,
    "ElementProperty_MagpieData_mean_MeltingT": 2.4012875497057107e-05,
    "MEGNet_OFMEncoded_v1_63": 2.3023247187335077e-05,
    "ElementProperty_MagpieData_minimum_Number": 2.283702153678451e-05,
    "IonProperty_avg_ionic_char": 2.2400067101566266e-05,
    "ElementProperty_MagpieData_minimum_NUnfilled": 2.135772286730144e-05,
    "ElementProperty_MagpieData_mean_NpValence": 2.099343838978737e-05,
    "ElementProperty_MagpieData_range_MeltingT": 2.003948413622556e-05,
    "MEGNet_OFMEncoded_v1_87": 1.8853051984633714e-05,
    "VoronoiFingerprint_mean_Voro_vol_maximum": 1.859041920025664e-05,
    "GeneralizedRDF_mean_Gaussian_center=5_0_width=1_0": 1.843307803981913e-05
}