{
    "GeneralizedRDF_mean_Gaussian_center=3_0_width=1_0": 0.00518924841461772,
    "BandCenter_band_center": 0.0025260617458714657,
    "GeneralizedRDF_mean_Gaussian_center=2_0_width=1_0": 0.001844625526798932,
    "DensityFeatures_packing_fraction": 0.0008006632275776121,
    "ElementProperty_MagpieData_mean_NUnfilled": 0.0006463949191993453,
    "ElementProperty_MagpieData_mean_Column": 0.0005722177984298168,
    "AGNIFingerPrint_mean_AGNI_eta=1_60e+01": 0.000550573253848352,
    "VoronoiFingerprint_mean_Voro_vol_maximum": 0.0005179147863442451,
    "ElementProperty_MagpieData_mean_Electronegativity": 0.0005041548939365791,
    "GeneralizedRDF_mean_Gaussian_center=5_0_width=1_0": 0.0004893396879072175,
    "ElementProperty_MagpieData_mean_MendeleevNumber": 0.00043499265739123594,
    "GaussianSymmFunc_mean_G2_0_05": 0.0003978656325762805,
    "ElementProperty_MagpieData_avg_dev_NdValence": 0.00038987207339221877,
    "ElectronegativityDiff_minimum_EN_difference": 0.00038823772111606735,
    "ElectronegativityDiff_mean_EN_difference": 0.00037293471806002117,
    "TMetalFraction_transition_metal_fraction": 0.00036426392405748703,
    "OPSiteFingerprint_std_dev_tetrahedral_CN_4": 0.0003515984032133717,
    "VoronoiFingerprint_mean_Voro_dist_mean": 0.00031281148502301684,
    "ElementProperty_MagpieData_mean_CovalentRadius": 0.0003109900645443792,
    "BondOrientationParameter_mean_BOOP_Q_l=2": 0.00031010601750182,
    "ElementProperty_MagpieData_maximum_CovalentRadius": 0.00025667965327569634,
    "ElementProperty_MagpieData_avg_dev_NUnfilled": 0.0002566304217303235,
    "ElementProperty_MagpieData_mean_MeltingT": 0.0002365459873328183,
    "CrystalNNFingerprint_mean_tetrahedral_CN_4": 0.00021528780948210687,
    "ElementProperty_MagpieData_minimum_Number": 0.00021286325726422594,
    "ElementProperty_MagpieData_avg_dev_MendeleevNumber": 0.00020391667992805416,
    "AtomicOrbitals_LUMO_energy": 0.00018475852135992237,
    "ElectronegativityDiff_std_dev_EN_difference": 0.0001792175378131328,
    "ElementProperty_MagpieData_maximum_NUnfilled": 0.00017466000200304076,
    "ElementProperty_MagpieData_minimum_NUnfilled": 0.00017354486417845867
}