{
    "AverageBondLength_mean_Average_bond_length": 0.01889306731509729,
    "BondOrientationParameter_mean_BOOP_Q_l=10": 0.01765519448892779,
    "ChemicalOrdering_mean_ordering_parameter_shell_2": 0.014829952507158939,
    "AGNIFingerPrint_mean_AGNI_eta=8_00e-01": 0.011827126915947691,
    "GaussianSymmFunc_mean_G2_20_0": 0.01133506356925376,
    "StructuralHeterogeneity_minimum_neighbor_distance_variation": 0.01107114712638685,
    "ElectronegativityDiff_minimum_EN_difference": 0.010707378577846342,
    "ElementProperty_MagpieData_mean_Column": 0.01055945931852691,
    "OPSiteFingerprint_std_dev_tetrahedral_CN_4": 0.008089038256618504,
    "MEGNet_OFMEncoded_v1_119": 0.0077964909594397825,
    "MEGNet_OFMEncoded_v1_40": 0.007453594211953033,
    "TMetalFraction_transition_metal_fraction": 0.007164433312913076,
    "ElementProperty_MagpieData_mean_NUnfilled": 0.0070180358833769945,
    "OPSiteFingerprint_std_dev_octahedral_CN_6": 0.00689713246440895,
    "ElementProperty_MagpieData_avg_dev_MendeleevNumber": 0.006399219511994309,
    "CoordinationNumber_std_dev_CN_VoronoiNN": 0.006245780395709382,
    "ElementProperty_MagpieData_mean_MeltingT": 0.006234665406199437,
    "ElementProperty_MagpieData_avg_dev_Column": 0.005784194525438609,
    "MEGNet_OFMEncoded_v1_55": 0.005752383435115725,
    "BondOrientationParameter_std_dev_BOOP_Q_l=2": 0.005689516118161518,
    "BondOrientationParameter_mean_BOOP_Q_l=7": 0.005654058566336802,
    "CrystalNNFingerprint_std_dev_trigonal_planar_CN_3": 0.005495326431608125,
    "CrystalNNFingerprint_mean_wt_CN_2": 0.005381858792275229,
    "BondOrientationParameter_mean_BOOP_Q_l=4": 0.005231618488423157,
    "CrystalNNFingerprint_mean_octahedral_CN_6": 0.0051591460013913105,
    "CrystalNNFingerprint_mean_body-centered_cubic_CN_8": 0.0050183477232629,
    "Miedema_Miedema_deltaH_inter": 0.0050046623071483345,
    "CrystalNNFingerprint_mean_trigonal_pyramidal_CN_4": 0.004853183096907408,
    "ChemicalOrdering_mean_ordering_parameter_shell_3": 0.004851544415758777,
    "MEGNet_OFMEncoded_v1_19": 0.004813454790332483
}