{
    "ElementProperty_MagpieData_mean_NdUnfilled": 0.21801403218711723,
    "MEGNet_OFMEncoded_v1_69": 0.13460182942294535,
    "ElementProperty_MagpieData_mean_MeltingT": 0.08939239642573563,
    "ElementProperty_MagpieData_mean_NdValence": 0.0873899742886999,
    "ElementProperty_MagpieData_maximum_MeltingT": 0.0681826787091334,
    "ElementProperty_MagpieData_mean_Column": 0.06744705631725317,
    "ElementProperty_MagpieData_maximum_NdValence": 0.06341708784624353,
    "ElementProperty_MagpieData_mean_NUnfilled": 0.0585020664274923,
    "MEGNet_OFMEncoded_v1_115": 0.04788600785664327,
    "GeneralizedRDF_mean_Gaussian_center=2_0_width=1_0": 0.04612403207500191,
    "ElementProperty_MagpieData_avg_dev_MeltingT": 0.041896139208537055,
    "DensityFeatures_packing_fraction": 0.04065302059981328,
    "ElectronegativityDiff_minimum_EN_difference": 0.03940577105441247,
    "ElementProperty_MagpieData_minimum_Electronegativity": 0.03937049093955757,
    "ElementProperty_MagpieData_mean_NpValence": 0.038927729612846164,
    "ElementProperty_MagpieData_mode_MeltingT": 0.038635985170444316,
    "AtomicOrbitals_HOMO_element": 0.03849748167706898,
    "ElementProperty_MagpieData_maximum_NUnfilled": 0.03775861662093931,
    "ElementProperty_MagpieData_maximum_Column": 0.03679975952129591,
    "ElementFraction_S": 0.035676247561010226,
    "ElementProperty_MagpieData_avg_dev_CovalentRadius": 0.03471466042835647,
    "ElementProperty_MagpieData_mode_CovalentRadius": 0.03314689343610343,
    "ElementProperty_MagpieData_mean_NpUnfilled": 0.032221600027231075,
    "ElementProperty_MagpieData_maximum_Electronegativity": 0.02885744125514772,
    "ElementProperty_MagpieData_range_MeltingT": 0.028471960307902253,
    "ElementProperty_MagpieData_range_GSbandgap": 0.02682533063808046,
    "DensityFeatures_density": 0.026729000328418913,
    "VoronoiFingerprint_mean_Voro_area_maximum": 0.02613454344237914,
    "MEGNet_OFMEncoded_v1_169": 0.026113776626573618,
    "ElementProperty_MagpieData_mode_Column": 0.02483255452690298
}