{
    "GeneralizedRDF_mean_Gaussian_center=1_0_width=1_0": 0.000218788943322908,
    "GaussianSymmFunc_mean_G2_20_0": 5.154543527047506e-05,
    "ElementProperty_MagpieData_mode_NpUnfilled": 4.663743326822675e-05,
    "ElementProperty_MagpieData_mode_NUnfilled": 3.359400913509359e-05,
    "ElementProperty_MagpieData_maximum_MeltingT": 2.6233899827642683e-05,
    "OxidationStates_std_dev_oxidation_state": 2.4436439797707636e-05,
    "ElementProperty_MagpieData_mean_Electronegativity": 2.310583081843077e-05,
    "GeneralizedRDF_mean_Gaussian_center=5_0_width=1_0": 1.5894354289284346e-05,
    "ElementProperty_MagpieData_minimum_CovalentRadius": 1.3219579778805535e-05,
    "ElementFraction_O": 1.2023146127141862e-05,
    "MEGNet_OFMEncoded_v1_99": 1.1979430012012526e-05,
    "ElementFraction_H": 1.1968649999816942e-05,
    "ElementProperty_MagpieData_mean_NpUnfilled": 1.1580335092235141e-05,
    "ElectronegativityDiff_minimum_EN_difference": 1.1508278910432085e-05,
    "MEGNet_OFMEncoded_v1_6": 1.1124750492155096e-05,
    "ElementProperty_MagpieData_mean_MeltingT": 1.1106816709478795e-05,
    "GeneralizedRDF_mean_Gaussian_center=2_0_width=1_0": 9.899800137016705e-06,
    "ElementProperty_MagpieData_avg_dev_MeltingT": 9.75469399617018e-06,
    "MEGNet_OFMEncoded_v1_164": 9.59133689807659e-06,
    "ElectronegativityDiff_mean_EN_difference": 9.467360305032383e-06,
    "ElementProperty_MagpieData_mean_NpValence": 9.29006673274409e-06,
    "MEGNet_OFMEncoded_v1_87": 9.14089750820986e-06,
    "ElementProperty_MagpieData_avg_dev_Column": 9.10545439493922e-06,
    "AGNIFingerPrint_mean_AGNI_eta=1_88e+00": 8.244072125222549e-06,
    "BandCenter_band_center": 8.230485052734046e-06,
    "TMetalFraction_transition_metal_fraction": 7.288173588778413e-06,
    "VoronoiFingerprint_mean_Voro_dist_minimum": 7.22664337439408e-06,
    "AGNIFingerPrint_mean_AGNI_eta=1_23e+00": 7.223363179906664e-06,
    "ElementProperty_MagpieData_maximum_NpUnfilled": 6.926811471141177e-06,
    "ElementProperty_MagpieData_minimum_Number": 6.2453275939593976e-06
}