{
    "IonProperty_avg_ionic_char": 0.09265739006226396,
    "ElementProperty_MagpieData_avg_dev_Electronegativity": 0.05122191680198582,
    "ElementProperty_MagpieData_avg_dev_NdValence": 0.03463547345735829,
    "ElementProperty_MagpieData_mean_MeltingT": 0.028237668328481392,
    "MEGNet_OFMEncoded_v1_62": 0.024616869437623024,
    "ElementProperty_MagpieData_avg_dev_CovalentRadius": 0.022539211445122585,
    "ElementProperty_MagpieData_maximum_NdValence": 0.020495617488138666,
    "ElementProperty_MagpieData_maximum_MeltingT": 0.019736877427584856,
    "ElementProperty_MagpieData_mean_CovalentRadius": 0.018362957925276095,
    "DensityFeatures_packing_fraction": 0.016431957126010775,
    "ElementProperty_MagpieData_mean_MendeleevNumber": 0.015810823740744762,
    "ElementProperty_MagpieData_maximum_Electronegativity": 0.015474691135781097,
    "MEGNet_OFMEncoded_v1_167": 0.014522400335808096,
    "ValenceOrbital_frac_d_valence_electrons": 0.014314301475821313,
    "ElementProperty_MagpieData_minimum_Column": 0.013592721457511045,
    "DensityFeatures_density": 0.013333728066826997,
    "ElementProperty_MagpieData_mean_NdValence": 0.013219757436955235,
    "MEGNet_OFMEncoded_v1_79": 0.012969939163890854,
    "ElementProperty_MagpieData_mode_MeltingT": 0.012417862576139593,
    "BondOrientationParameter_mean_BOOP_Q_l=3": 0.011923468202696815,
    "MEGNet_OFMEncoded_v1_139": 0.011610834059539837,
    "ElementProperty_MagpieData_mean_Electronegativity": 0.011570218928498313,
    "ElectronegativityDiff_minimum_EN_difference": 0.011423874738491173,
    "ElementProperty_MagpieData_range_Column": 0.011362848879608898,
    "YangSolidSolution_Yang_omega": 0.011127464491664303,
    "ElementProperty_MagpieData_maximum_CovalentRadius": 0.010909142432309773,
    "TMetalFraction_transition_metal_fraction": 0.010840353944311642,
    "MEGNet_OFMEncoded_v1_19": 0.010596635541742706,
    "ElementProperty_MagpieData_avg_dev_NUnfilled": 0.010332841728999535,
    "MEGNet_OFMEncoded_v1_99": 0.010276555709325662
}