{
    "GeneralizedRDF_mean_Gaussian_center=1_0_width=1_0": 0.0009879971399481598,
    "GaussianSymmFunc_mean_G2_20_0": 0.0008133105521983654,
    "ElementProperty_MagpieData_mode_NUnfilled": 0.0005592308067880856,
    "AGNIFingerPrint_mean_AGNI_eta=1_23e+00": 0.00039806403014605487,
    "ElementProperty_MagpieData_maximum_MeltingT": 0.00022574741510232227,
    "ElementProperty_MagpieData_mean_NpUnfilled": 0.00018815415227473015,
    "OxidationStates_std_dev_oxidation_state": 0.00018411531398523863,
    "AGNIFingerPrint_mean_AGNI_eta=1_88e+00": 0.00018396943071834,
    "ElementProperty_MagpieData_mean_Electronegativity": 0.00014295177812607594,
    "ElectronegativityDiff_minimum_EN_difference": 0.00014084193432873943,
    "ElementProperty_MagpieData_mean_MeltingT": 0.00013929927832833587,
    "ElementFraction_O": 0.00013825385302911272,
    "ElementProperty_MagpieData_avg_dev_Column": 0.0001298417594967447,
    "BandCenter_band_center": 0.00011484662480563455,
    "ElementProperty_MagpieData_mean_NpValence": 0.00011452128982904921,
    "ElementFraction_H": 0.0001125799226884131,
    "GeneralizedRDF_mean_Gaussian_center=5_0_width=1_0": 0.00010730316379270889,
    "ElementProperty_MagpieData_minimum_Number": 0.00010405309689771618,
    "ElementProperty_MagpieData_avg_dev_Electronegativity": 9.479096341355947e-05,
    "ElementProperty_MagpieData_avg_dev_MeltingT": 9.403176793101295e-05,
    "GeneralizedRDF_mean_Gaussian_center=2_0_width=1_0": 9.331242888725055e-05,
    "MEGNet_OFMEncoded_v1_99": 8.024094232864294e-05,
    "ElementProperty_MagpieData_minimum_Column": 7.967727585354055e-05,
    "MEGNet_OFMEncoded_v1_15": 7.373501231919056e-05,
    "TMetalFraction_transition_metal_fraction": 7.131122452888462e-05,
    "MEGNet_OFMEncoded_v1_87": 6.868113975969063e-05,
    "GeneralizedRDF_mean_Gaussian_center=8_0_width=1_0": 6.208926054310468e-05,
    "YangSolidSolution_Yang_delta": 5.739950136058118e-05,
    "ElementProperty_MagpieData_mean_NdValence": 5.372122098943175e-05,
    "ElementProperty_MagpieData_minimum_NUnfilled": 5.3131875438303016e-05
}