{
    "ElementProperty_MagpieData_avg_dev_NpValence": 0.0371350521754912,
    "ElementProperty_MagpieData_mode_NpUnfilled": 0.03424193744019166,
    "ElectronegativityDiff_minimum_EN_difference": 0.03403816155147159,
    "ElementProperty_MagpieData_mean_NpValence": 0.03241201612173261,
    "GeneralizedRDF_mean_Gaussian_center=5_0_width=1_0": 0.03161074601592034,
    "ElementProperty_MagpieData_minimum_CovalentRadius": 0.03056498510080539,
    "GaussianSymmFunc_mean_G4_0_005_4_0_-1_0": 0.025597019632004045,
    "ElementProperty_MagpieData_avg_dev_Column": 0.02365663894953377,
    "TMetalFraction_transition_metal_fraction": 0.023499785083684065,
    "ElementProperty_MagpieData_maximum_MeltingT": 0.022510540860868938,
    "AGNIFingerPrint_mean_AGNI_eta=1_88e+00": 0.022248041914997154,
    "CrystalNNFingerprint_mean_wt_CN_14": 0.021406407662639463,
    "VoronoiFingerprint_mean_Voro_vol_maximum": 0.021210877838526526,
    "ElementProperty_MagpieData_maximum_NValence": 0.019890855153986753,
    "ElementProperty_MagpieData_mean_NpUnfilled": 0.01918270379877797,
    "AtomicOrbitals_HOMO_energy": 0.018862446309289373,
    "ElementProperty_MagpieData_avg_dev_MendeleevNumber": 0.018657423676192112,
    "ChemEnvSiteFingerprint_mean_C:8": 0.01830339283138976,
    "Stoichiometry_0-norm": 0.018247984557310498,
    "ElementProperty_MagpieData_mean_Column": 0.018140636825750754,
    "ElementProperty_MagpieData_mean_MendeleevNumber": 0.016501677102468405,
    "MEGNet_OFMEncoded_v1_118": 0.013642160015190084,
    "ElementProperty_MagpieData_avg_dev_NdUnfilled": 0.013008483738873316,
    "AverageBondLength_std_dev_Average_bond_length": 0.012985417780337743,
    "MEGNet_OFMEncoded_v1_18": 0.01285268246821717,
    "ValenceOrbital_frac_d_valence_electrons": 0.012765390792180396,
    "MEGNet_OFMEncoded_v1_72": 0.012195133825895831,
    "ElementProperty_MagpieData_mean_MeltingT": 0.012102677042152843,
    "GaussianSymmFunc_std_dev_G2_80_0": 0.012092076626763437,
    "ElementProperty_MagpieData_maximum_Number": 0.011599248112645604
}