{
    "ElementProperty_MagpieData_minimum_CovalentRadius": 2.545674606315215,
    "ElementProperty_MagpieData_mean_CovalentRadius": 1.036595806521059,
    "ElementProperty_MagpieData_mean_Column": 0.9446171002306735,
    "ElementProperty_MagpieData_mode_CovalentRadius": 0.7750816366518973,
    "ElementProperty_MagpieData_maximum_CovalentRadius": 0.57856344942885,
    "ElementProperty_MagpieData_maximum_GSbandgap": 0.549603926999384,
    "GaussianSymmFunc_mean_G2_80_0": 0.515499991819925,
    "ElementFraction_Mg": 0.39096998098307795,
    "ElementProperty_MagpieData_avg_dev_CovalentRadius": 0.3867035799527906,
    "BandCenter_band_center": 0.3729188282786864,
    "ElementProperty_MagpieData_mode_Electronegativity": 0.35947998427298916,
    "ElementProperty_MagpieData_minimum_NUnfilled": 0.3274341820261864,
    "ElementFraction_Ca": 0.2678983095613653,
    "ElementProperty_MagpieData_mean_GSbandgap": 0.25364756138370614,
    "AGNIFingerPrint_mean_AGNI_eta=8_00e-01": 0.2500669171375744,
    "ElementProperty_MagpieData_maximum_MeltingT": 0.23056658457822332,
    "ElementProperty_MagpieData_maximum_NpUnfilled": 0.2136129285057233,
    "ElementProperty_MagpieData_avg_dev_NpUnfilled": 0.21263929019648145,
    "ElementFraction_In": 0.19511307229687452,
    "GeneralizedRDF_mean_Gaussian_center=0_0_width=1_0": 0.18391210876185876,
    "TMetalFraction_transition_metal_fraction": 0.1836041649901951,
    "MEGNet_OFMEncoded_v1_132": 0.17765068530619266,
    "ElementProperty_MagpieData_mean_Electronegativity": 0.17191738361707928,
    "ElementFraction_Yb": 0.16724058804722847,
    "AtomicOrbitals_LUMO_energy": 0.16424557196403186,
    "ElementFraction_Cd": 0.16240775928394852,
    "ElementProperty_MagpieData_minimum_GSvolume_pa": 0.1433604664662979,
    "ElementProperty_MagpieData_mode_Number": 0.13802174143387486,
    "MEGNet_OFMEncoded_v1_167": 0.12696427518693254,
    "ElementProperty_MagpieData_maximum_NValence": 0.12521497917205782
}