{
    "ElementProperty_MagpieData_minimum_Electronegativity": 0.017173573478839414,
    "ElementProperty_MagpieData_mean_GSvolume_pa": 0.011617480644609726,
    "ElementFraction_In": 0.011579037650769142,
    "ElementProperty_MagpieData_maximum_NValence": 0.00838440036746411,
    "ElementProperty_MagpieData_minimum_MeltingT": 0.008337263423885681,
    "ElementFraction_Na": 0.007736724301150485,
    "ElementProperty_MagpieData_mode_MeltingT": 0.007299598933036001,
    "ElementProperty_MagpieData_avg_dev_GSvolume_pa": 0.005768632082887387,
    "ElementProperty_MagpieData_maximum_NfUnfilled": 0.004565292570581235,
    "MEGNet_OFMEncoded_v1_181": 0.004502888679427025,
    "ElementProperty_MagpieData_maximum_CovalentRadius": 0.004436559959826756,
    "ElementProperty_MagpieData_mean_NpUnfilled": 0.0042236188000998355,
    "TMetalFraction_transition_metal_fraction": 0.003960154910008644,
    "ElementProperty_MagpieData_maximum_GSvolume_pa": 0.0038292033884710416,
    "ElementProperty_MagpieData_mean_SpaceGroupNumber": 0.0035422104639736794,
    "ElementProperty_MagpieData_mode_NValence": 0.003527430797711796,
    "ElementProperty_MagpieData_maximum_Number": 0.0034019356267685264,
    "ElementProperty_MagpieData_mode_GSvolume_pa": 0.003355720856374464,
    "GaussianSymmFunc_mean_G4_0_005_4_0_-1_0": 0.0031856007648666186,
    "ElementFraction_Sb": 0.003129010846441851,
    "AGNIFingerPrint_mean_AGNI_eta=8_00e-01": 0.0031083644258239613,
    "ElementProperty_MagpieData_mode_CovalentRadius": 0.003044925804849845,
    "ElementProperty_MagpieData_maximum_MendeleevNumber": 0.002998136497311018,
    "ElementProperty_MagpieData_mode_Column": 0.002818771709027024,
    "ElementFraction_S": 0.0027986308952456054,
    "ElementFraction_Al": 0.0027901955979395794,
    "ElementProperty_MagpieData_mean_NfUnfilled": 0.0026945973021572484,
    "ElementFraction_Sr": 0.0026713478285484826,
    "ElementFraction_Te": 0.002450335961472341,
    "MEGNet_OFMEncoded_v1_93": 0.0024215391849691406
}