{
    "GaussianSymmFunc_mean_G2_20_0": 0.002668185877335983,
    "GeneralizedRDF_mean_Gaussian_center=1_0_width=1_0": 0.0021478144361828824,
    "ElementProperty_MagpieData_mode_NUnfilled": 0.001173639033960295,
    "AGNIFingerPrint_mean_AGNI_eta=1_23e+00": 0.0005949697329900195,
    "ElementFraction_O": 0.000568638107523406,
    "ElementProperty_MagpieData_maximum_MeltingT": 0.0005212531979573365,
    "ElementFraction_H": 0.0003391889863815856,
    "ElementProperty_MagpieData_mean_MeltingT": 0.0003386976401051669,
    "OxidationStates_std_dev_oxidation_state": 0.00032708512446501297,
    "GeneralizedRDF_mean_Gaussian_center=2_0_width=1_0": 0.0003180276014202887,
    "ElementProperty_MagpieData_mean_Electronegativity": 0.0003110018962246017,
    "ElementProperty_MagpieData_mean_NpUnfilled": 0.00027843051270990527,
    "AGNIFingerPrint_mean_AGNI_eta=1_88e+00": 0.0002776008364507471,
    "MEGNet_OFMEncoded_v1_87": 0.0002622761105366866,
    "ElectronegativityDiff_minimum_EN_difference": 0.00024639607238204623,
    "MEGNet_OFMEncoded_v1_99": 0.00024245247826216123,
    "GeneralizedRDF_mean_Gaussian_center=5_0_width=1_0": 0.00023468655251741467,
    "ElementProperty_MagpieData_avg_dev_MeltingT": 0.00021419578342535172,
    "TMetalFraction_transition_metal_fraction": 0.00021013696222133582,
    "ElementProperty_MagpieData_avg_dev_Column": 0.00020779172598123802,
    "MEGNet_OFMEncoded_v1_16": 0.00019704637767643124,
    "BandCenter_band_center": 0.00017206565370741898,
    "ElementProperty_MagpieData_avg_dev_Electronegativity": 0.00015727750952468272,
    "GeneralizedRDF_mean_Gaussian_center=8_0_width=1_0": 0.00015173999804380528,
    "ElementProperty_MagpieData_minimum_CovalentRadius": 0.00014720889993579547,
    "MEGNet_OFMEncoded_v1_137": 0.0001341492067259199,
    "ElementProperty_MagpieData_minimum_Number": 0.00013291957797959366,
    "ElementProperty_MagpieData_minimum_NUnfilled": 0.0001311817016192533,
    "ElementProperty_MagpieData_minimum_Column": 0.00012426790429082452,
    "ElementFraction_N": 0.00012232631656355908
}