{
    "ElementProperty_MagpieData_maximum_MeltingT": 0.04832169097991223,
    "GeneralizedRDF_std_dev_Gaussian_center=0_0_width=1_0": 0.04158028340550567,
    "TMetalFraction_transition_metal_fraction": 0.03975567782686986,
    "ElementProperty_MagpieData_mean_NdUnfilled": 0.036421061356758364,
    "OPSiteFingerprint_std_dev_sgl_bd_CN_1": 0.03579655986414989,
    "ElementProperty_MagpieData_maximum_MendeleevNumber": 0.03140018702531888,
    "ElementProperty_MagpieData_range_GSvolume_pa": 0.03092776210473982,
    "ElementProperty_MagpieData_mean_MeltingT": 0.029843278788555746,
    "ElementProperty_MagpieData_minimum_MendeleevNumber": 0.023957140405797724,
    "VoronoiFingerprint_std_dev_Voro_dist_minimum": 0.023758021494130626,
    "AGNIFingerPrint_std_dev_AGNI_eta=1_23e+00": 0.023505006696781357,
    "AtomicOrbitals_HOMO_energy": 0.022693618762016664,
    "MEGNet_OFMEncoded_v1_107": 0.018959541681069655,
    "ElementProperty_MagpieData_mode_GSvolume_pa": 0.01803806576352813,
    "ElementProperty_MagpieData_avg_dev_GSvolume_pa": 0.017129266713997258,
    "ElectronegativityDiff_maximum_EN_difference": 0.01659609812136961,
    "OxidationStates_range_oxidation_state": 0.016351715829698233,
    "CrystalNNFingerprint_mean_wt_CN_14": 0.014704186414471548,
    "ElementProperty_MagpieData_maximum_NUnfilled": 0.014384380236323914,
    "ElementProperty_MagpieData_avg_dev_CovalentRadius": 0.014210788070300972,
    "ElementProperty_MagpieData_mean_MendeleevNumber": 0.012962797218828075,
    "CrystalNNFingerprint_mean_q2_CN_12": 0.012451039352395585,
    "ElementProperty_MagpieData_maximum_NpUnfilled": 0.011785040541385865,
    "MEGNet_OFMEncoded_v1_118": 0.011743864766811565,
    "ElementProperty_MagpieData_avg_dev_NdUnfilled": 0.011612834563045913,
    "ElementProperty_MagpieData_range_CovalentRadius": 0.011457533844870315,
    "ElementProperty_MagpieData_mean_Electronegativity": 0.011316729331418461,
    "IonProperty_avg_ionic_char": 0.011212948095545579,
    "ElectronegativityDiff_minimum_EN_difference": 0.010865937037488053,
    "DensityFeatures_packing_fraction": 0.010360081261329408
}