{
    "ElementProperty_MagpieData_maximum_MendeleevNumber": 2.997575028043503,
    "ElementProperty_MagpieData_mean_NpValence": 2.19241738201978,
    "MEGNet_OFMEncoded_v1_147": 1.9848365648805795,
    "ElementProperty_MagpieData_mode_GSvolume_pa": 1.6922762773748092,
    "MEGNet_OFMEncoded_v1_132": 1.665853976634399,
    "ElementProperty_MagpieData_avg_dev_NpUnfilled": 1.487014435552087,
    "MEGNet_OFMEncoded_v1_93": 1.2471090313368531,
    "ElementFraction_Mg": 1.1367906914993093,
    "ElementProperty_MagpieData_maximum_NpUnfilled": 0.9266915479609052,
    "ElementProperty_MagpieData_mean_NdUnfilled": 0.9033067758292337,
    "ElementProperty_MagpieData_maximum_MeltingT": 0.8934160978985922,
    "MEGNet_OFMEncoded_v1_63": 0.8485252473255411,
    "ElementProperty_MagpieData_mode_MeltingT": 0.815136878910492,
    "ElementProperty_MagpieData_minimum_Number": 0.737680713434077,
    "ElementProperty_MagpieData_maximum_CovalentRadius": 0.5431706226629499,
    "ElementProperty_MagpieData_maximum_NdUnfilled": 0.5273888005923446,
    "ElementFraction_Al": 0.441479712963955,
    "AverageBondLength_mean_Average_bond_length": 0.4333523424224034,
    "ElementProperty_MagpieData_mean_NpUnfilled": 0.43251919465259653,
    "TMetalFraction_transition_metal_fraction": 0.41659188095900246,
    "MEGNet_OFMEncoded_v1_64": 0.40240062505746976,
    "ElementProperty_MagpieData_avg_dev_NpValence": 0.38480792476721254,
    "ElementProperty_MagpieData_avg_dev_NdUnfilled": 0.37834457606405963,
    "MEGNet_OFMEncoded_v1_172": 0.3644303590936262,
    "GeneralizedRDF_mean_Gaussian_center=3_0_width=1_0": 0.35409683660546243,
    "ElementProperty_MagpieData_mode_MendeleevNumber": 0.31864317247638574,
    "MEGNet_OFMEncoded_v1_169": 0.31374360713503463,
    "ElementProperty_MagpieData_mean_NValence": 0.2701263626134071,
    "ElementFraction_Se": 0.26938665974775466,
    "ElementProperty_MagpieData_mode_NUnfilled": 0.25722881873560594
}