{
    "ElementProperty_MagpieData_minimum_Column": 0.05017380516656483,
    "ElementProperty_MagpieData_mean_MeltingT": 0.037355301235191936,
    "ElementProperty_MagpieData_mean_NpValence": 0.02762601153218944,
    "ElementProperty_MagpieData_mean_MendeleevNumber": 0.02199008716368237,
    "OPSiteFingerprint_mean_trigonal_non-coplanar_CN_3": 0.021930930333609547,
    "ElementProperty_MagpieData_mean_NdUnfilled": 0.021812733757294846,
    "ElementFraction_Mn": 0.02134062324622176,
    "OPSiteFingerprint_std_dev_trigonal_non-coplanar_CN_3": 0.02111964614144178,
    "ElementProperty_MagpieData_mean_NdValence": 0.01985451881036825,
    "ElementProperty_MagpieData_maximum_MendeleevNumber": 0.01844012072367615,
    "ValenceOrbital_frac_p_valence_electrons": 0.01691725406043886,
    "ElectronegativityDiff_minimum_EN_difference": 0.015999727288758273,
    "OxidationStates_std_dev_oxidation_state": 0.015490692350063425,
    "ElementProperty_MagpieData_avg_dev_Column": 0.014290883946087416,
    "ElementFraction_O": 0.013000749970309217,
    "ElementProperty_MagpieData_avg_dev_MeltingT": 0.012802798441355531,
    "ElementProperty_MagpieData_minimum_MendeleevNumber": 0.0124623599892489,
    "ElementProperty_MagpieData_mean_Electronegativity": 0.01207260409675214,
    "ElementProperty_MagpieData_mean_Column": 0.011850900390784451,
    "MaximumPackingEfficiency_max_packing_efficiency": 0.011738342316760781,
    "ElementProperty_MagpieData_avg_dev_NpUnfilled": 0.011280090226871318,
    "MEGNet_OFMEncoded_v1_100": 0.011218384709685895,
    "ElementFraction_Ni": 0.010716769810257902,
    "ElementProperty_MagpieData_maximum_MeltingT": 0.010688243757616333,
    "MEGNet_OFMEncoded_v1_115": 0.010668367938112126,
    "ElementProperty_MagpieData_maximum_NUnfilled": 0.010483911253211745,
    "StructuralHeterogeneity_min_relative_bond_length": 0.010351195299665062,
    "ElementProperty_MagpieData_avg_dev_Row": 0.009724675477216706,
    "BondOrientationParameter_mean_BOOP_Q_l=4": 0.009628449759283245,
    "MEGNet_OFMEncoded_v1_71": 0.009587385096992713
}