{
    "TMetalFraction_transition_metal_fraction": 0.020973058337368598,
    "ElementProperty_MagpieData_mean_SpaceGroupNumber": 0.01147653580075234,
    "ElementFraction_Ga": 0.010776820393231348,
    "ElementFraction_Se": 0.00923525414635195,
    "ElementProperty_MagpieData_maximum_MendeleevNumber": 0.007926027571485214,
    "ElementProperty_MagpieData_mode_Number": 0.00774814466596524,
    "ElementFraction_Cu": 0.007383431212905933,
    "ElementFraction_P": 0.007131877767306712,
    "ElementProperty_MagpieData_maximum_Electronegativity": 0.006903350437013977,
    "ElementProperty_MagpieData_maximum_GSbandgap": 0.006823269635217721,
    "ElementProperty_MagpieData_mode_NValence": 0.006575038719318803,
    "ValenceOrbital_frac_s_valence_electrons": 0.006023614488999197,
    "ElementProperty_MagpieData_minimum_SpaceGroupNumber": 0.004729453656579876,
    "ElementProperty_MagpieData_minimum_Column": 0.00459042661899425,
    "ElementProperty_MagpieData_mean_GSbandgap": 0.004487123918923687,
    "GaussianSymmFunc_mean_G2_20_0": 0.00435771895103033,
    "ElementProperty_MagpieData_maximum_NValence": 0.004346012612002497,
    "ElementProperty_MagpieData_mode_MendeleevNumber": 0.004041123074340976,
    "ElementFraction_B": 0.0036857191229044345,
    "ElementProperty_MagpieData_minimum_Number": 0.003496261237378839,
    "ElementProperty_MagpieData_maximum_CovalentRadius": 0.0034646637577652947,
    "ElementProperty_MagpieData_minimum_Electronegativity": 0.003417655307340217,
    "ElementProperty_MagpieData_maximum_NUnfilled": 0.0030481446090332193,
    "ElementProperty_MagpieData_mean_Column": 0.0028932119014058446,
    "ElementFraction_Mn": 0.0027263022814503312,
    "ElementFraction_Co": 0.0027025725108430184,
    "ElementFraction_Ge": 0.0026904312802376366,
    "ElementFraction_Li": 0.002589146312418267,
    "ElementFraction_V": 0.00253248383238415,
    "ElementProperty_MagpieData_maximum_Number": 0.002463586437601686
}