{
    "GeneralizedRDF_mean_Gaussian_center=3_0_width=1_0": 0.03968556861311553,
    "BandCenter_band_center": 0.019447996005726595,
    "GeneralizedRDF_mean_Gaussian_center=2_0_width=1_0": 0.0179405045092029,
    "DensityFeatures_packing_fraction": 0.0063170216077025115,
    "ElementProperty_MagpieData_mean_MendeleevNumber": 0.006135635279039236,
    "ElementProperty_MagpieData_mean_NUnfilled": 0.005793214376278378,
    "ElectronegativityDiff_minimum_EN_difference": 0.005201770650188526,
    "ElementProperty_MagpieData_mean_Column": 0.005158607926881162,
    "ElementProperty_MagpieData_avg_dev_NdValence": 0.005034126428890191,
    "ElementProperty_MagpieData_mean_Electronegativity": 0.004925033036398056,
    "GeneralizedRDF_mean_Gaussian_center=5_0_width=1_0": 0.003652697664411541,
    "VoronoiFingerprint_mean_Voro_vol_maximum": 0.0034659105599850713,
    "BondOrientationParameter_mean_BOOP_Q_l=2": 0.003350198045637003,
    "OPSiteFingerprint_std_dev_tetrahedral_CN_4": 0.003279350791886206,
    "ElectronegativityDiff_mean_EN_difference": 0.0031551472818365264,
    "TMetalFraction_transition_metal_fraction": 0.002881991685048492,
    "AGNIFingerPrint_mean_AGNI_eta=1_60e+01": 0.002704471833548563,
    "ElementProperty_MagpieData_avg_dev_NUnfilled": 0.0026349108882266384,
    "ElementProperty_MagpieData_maximum_NUnfilled": 0.0025013888812349247,
    "VoronoiFingerprint_mean_Voro_dist_mean": 0.0025011892604773836,
    "GeneralizedRDF_mean_Gaussian_center=4_0_width=1_0": 0.002475347140703305,
    "ElementProperty_MagpieData_minimum_Number": 0.0022112883418337823,
    "ElementProperty_MagpieData_mode_MeltingT": 0.002166252326983744,
    "ElementProperty_MagpieData_mean_MeltingT": 0.002158857269627234,
    "ElementProperty_MagpieData_maximum_MendeleevNumber": 0.0019132847469172903,
    "ElementProperty_MagpieData_maximum_CovalentRadius": 0.0018460419059599287,
    "AGNIFingerPrint_mean_AGNI_eta=6_80e+00": 0.0016622923468447002,
    "BondOrientationParameter_mean_BOOP_Q_l=1": 0.001644368840598677,
    "ElementProperty_MagpieData_avg_dev_MendeleevNumber": 0.0016394273685179739,
    "CrystalNNFingerprint_mean_wt_CN_2": 0.0016030815132431978
}