{
    "TMetalFraction_transition_metal_fraction": 0.29856707131216503,
    "MaximumPackingEfficiency_max_packing_efficiency": 0.2885668413585765,
    "GeneralizedRDF_mean_Gaussian_center=3_0_width=1_0": 0.2594570886370139,
    "GeneralizedRDF_mean_Gaussian_center=2_0_width=1_0": 0.18072832560949934,
    "ElementProperty_MagpieData_mean_NUnfilled": 0.16379772374139562,
    "DensityFeatures_density": 0.15232196490913164,
    "ElementProperty_MagpieData_mean_GSvolume_pa": 0.0924888396591244,
    "ElementProperty_MagpieData_mode_NUnfilled": 0.08477443088512158,
    "ElementProperty_MagpieData_minimum_MendeleevNumber": 0.07106459106669935,
    "MEGNet_OFMEncoded_v1_163": 0.062397912905111215,
    "ElementProperty_MagpieData_maximum_NdValence": 0.05245417511682227,
    "ElementProperty_MagpieData_mean_GSbandgap": 0.052419881656187266,
    "ElementProperty_MagpieData_mean_MeltingT": 0.04821221074970215,
    "VoronoiFingerprint_mean_Voro_dist_std_dev": 0.046907738968184925,
    "ElementProperty_MagpieData_mean_NsValence": 0.044432025311735616,
    "ElementProperty_MagpieData_maximum_Electronegativity": 0.043034682097795825,
    "ElementProperty_MagpieData_avg_dev_GSmagmom": 0.04253577658019075,
    "GeneralizedRDF_mean_Gaussian_center=4_0_width=1_0": 0.04195381615064305,
    "ElementProperty_MagpieData_minimum_Electronegativity": 0.03842589939148503,
    "ElectronegativityDiff_minimum_EN_difference": 0.037715599722928955,
    "BondOrientationParameter_mean_BOOP_Q_l=2": 0.03629262056169678,
    "ElementProperty_MagpieData_mean_NpUnfilled": 0.03511350973523983,
    "GeneralizedRDF_mean_Gaussian_center=6_0_width=1_0": 0.03448153991742086,
    "ElementProperty_MagpieData_maximum_NpUnfilled": 0.03379862744539079,
    "VoronoiFingerprint_mean_Voro_dist_maximum": 0.03328449169488922,
    "MEGNet_OFMEncoded_v1_19": 0.03203120157323693,
    "ElementProperty_MagpieData_maximum_GSvolume_pa": 0.030332593156376444,
    "AverageBondLength_std_dev_Average_bond_length": 0.030186411000174527,
    "ValenceOrbital_frac_s_valence_electrons": 0.029986630717577463,
    "GaussianSymmFunc_std_dev_G2_80_0": 0.029475807335170762
}