{
    "ElementProperty_MagpieData_maximum_CovalentRadius": 0.0030809463398061504,
    "GaussianSymmFunc_mean_G2_80_0": 0.00271564040280928,
    "AGNIFingerPrint_mean_AGNI_eta=8_00e-01": 0.0022849427678415394,
    "ElementFraction_Ca": 0.0021070346973463437,
    "ElementProperty_MagpieData_mean_NpValence": 0.0021010812957364218,
    "ElementProperty_MagpieData_mean_Column": 0.001913633081278726,
    "ElementFraction_Yb": 0.0015678304878320524,
    "ElementProperty_MagpieData_maximum_SpaceGroupNumber": 0.0015651961644927068,
    "ElementProperty_MagpieData_mode_GSbandgap": 0.001400941886444859,
    "TMetalFraction_transition_metal_fraction": 0.0013137472680885523,
    "ElementProperty_MagpieData_mode_Number": 0.0012320063154127128,
    "ElementFraction_In": 0.0012208577017827822,
    "ElementProperty_MagpieData_avg_dev_CovalentRadius": 0.0011812154951941435,
    "ElementFraction_S": 0.0011501335594188175,
    "ElementProperty_MagpieData_maximum_MendeleevNumber": 0.0010927723157767466,
    "ElementFraction_F": 0.0010804210719045017,
    "ElementFraction_Y": 0.0010572853855496077,
    "MEGNet_OFMEncoded_v1_5": 0.0010320814689250704,
    "ElementFraction_Au": 0.0010169410881965587,
    "ElementProperty_MagpieData_minimum_NUnfilled": 0.0009862359611113687,
    "ElementProperty_MagpieData_mode_CovalentRadius": 0.0009415697535002628,
    "ElementProperty_MagpieData_mean_CovalentRadius": 0.000930882710979685,
    "ElementFraction_Ni": 0.0007805982370936987,
    "ElementProperty_MagpieData_avg_dev_GSmagmom": 0.0007653241983530101,
    "ElementFraction_O": 0.000757419893377461,
    "MEGNet_OFMEncoded_v1_147": 0.0007185403915663724,
    "ElementFraction_K": 0.0006862578768195355,
    "ElementProperty_MagpieData_mean_GSmagmom": 0.0006723565140763411,
    "ElementProperty_MagpieData_maximum_GSbandgap": 0.0006394574175022983,
    "ElementFraction_Mg": 0.0006348123711221632
}