{
    "ElementProperty_MagpieData_mean_MeltingT": 0.00011350295980287376,
    "TMetalFraction_transition_metal_fraction": 9.460526201842826e-05,
    "ElementProperty_MagpieData_avg_dev_NpValence": 8.96805518813268e-05,
    "ElementProperty_MagpieData_minimum_Electronegativity": 6.850628148835708e-05,
    "GeneralizedRDF_mean_Gaussian_center=5_0_width=1_0": 6.59707518666594e-05,
    "ElementProperty_MagpieData_maximum_NdValence": 6.037158433303343e-05,
    "ElementProperty_MagpieData_avg_dev_NpUnfilled": 5.77762152404603e-05,
    "ElementProperty_MagpieData_maximum_MeltingT": 5.5529270894512026e-05,
    "ElementProperty_MagpieData_range_MeltingT": 5.36961119883431e-05,
    "ValenceOrbital_frac_d_valence_electrons": 4.485540057720103e-05,
    "CrystalNNFingerprint_mean_linear_CN_2": 3.9910005124735416e-05,
    "BondOrientationParameter_std_dev_BOOP_Q_l=1": 3.7904073789022223e-05,
    "ElementProperty_MagpieData_maximum_Number": 3.788586490442858e-05,
    "ElementProperty_MagpieData_avg_dev_NdValence": 3.5828573707439035e-05,
    "VoronoiFingerprint_std_dev_Voro_vol_mean": 3.484187875794847e-05,
    "ElementProperty_MagpieData_mode_NdValence": 3.470052889325118e-05,
    "GeneralizedRDF_mean_Gaussian_center=4_0_width=1_0": 3.075103562676181e-05,
    "ElementProperty_MagpieData_minimum_MendeleevNumber": 3.057416880102167e-05,
    "OPSiteFingerprint_std_dev_q6_CN_12": 3.0438228398082127e-05,
    "ElementProperty_MagpieData_maximum_CovalentRadius": 2.9435380377806965e-05,
    "CrystalNNFingerprint_mean_q6_CN_12": 2.71529921224465e-05,
    "OPSiteFingerprint_mean_bent_150_degrees_CN_2": 2.6479642247889313e-05,
    "VoronoiFingerprint_mean_Voro_vol_maximum": 2.5947286407540524e-05,
    "ElementProperty_MagpieData_mean_NdUnfilled": 2.583820797797243e-05,
    "ElementProperty_MagpieData_avg_dev_Column": 2.399688527179084e-05,
    "AtomicOrbitals_LUMO_energy": 2.3917879379410027e-05,
    "Stoichiometry_2-norm": 2.361549293742146e-05,
    "MEGNet_OFMEncoded_v1_5": 2.3593162724498033e-05,
    "ElementFraction_Cr": 2.3011857909515127e-05,
    "ElementProperty_MagpieData_minimum_Number": 2.221223380380804e-05
}