{
    "GeneralizedRDF_mean_Gaussian_center=3_0_width=1_0": 0.028778486654119702,
    "GeneralizedRDF_mean_Gaussian_center=2_0_width=1_0": 0.014377164122845225,
    "DensityFeatures_packing_fraction": 0.0124896673169139,
    "BandCenter_band_center": 0.010955108089719206,
    "ElementProperty_MagpieData_mean_MendeleevNumber": 0.009825079760318108,
    "ElementProperty_MagpieData_mean_Column": 0.009437805219084968,
    "ElectronegativityDiff_minimum_EN_difference": 0.006243179922250575,
    "ElementProperty_MagpieData_mean_NUnfilled": 0.005585140634131913,
    "VoronoiFingerprint_mean_Voro_dist_maximum": 0.005299281981664772,
    "ElementProperty_MagpieData_mean_CovalentRadius": 0.005115381134445349,
    "TMetalFraction_transition_metal_fraction": 0.004993186279035669,
    "ElementProperty_MagpieData_avg_dev_NdValence": 0.004704696831946038,
    "ElementProperty_MagpieData_maximum_MendeleevNumber": 0.004165453481963933,
    "GaussianSymmFunc_mean_G4_0_005_1_0_1_0": 0.004111044249485631,
    "ElementProperty_MagpieData_mean_MeltingT": 0.004054734967820214,
    "CrystalNNFingerprint_mean_tetrahedral_CN_4": 0.003919109266506317,
    "ElementProperty_MagpieData_avg_dev_NUnfilled": 0.003884104640001176,
    "AverageBondLength_mean_Average_bond_length": 0.0037571945707392247,
    "ElectronegativityDiff_mean_EN_difference": 0.0036510545798297887,
    "GeneralizedRDF_mean_Gaussian_center=5_0_width=1_0": 0.0034396457477883476,
    "ElementProperty_MagpieData_mode_MeltingT": 0.003293081591525432,
    "BondOrientationParameter_mean_BOOP_Q_l=2": 0.003177195843078038,
    "GeneralizedRDF_mean_Gaussian_center=6_0_width=1_0": 0.003047199869917085,
    "MaximumPackingEfficiency_max_packing_efficiency": 0.0027954655734161106,
    "VoronoiFingerprint_mean_Voro_vol_maximum": 0.0027503025294883343,
    "ElementProperty_MagpieData_mean_NdUnfilled": 0.0025446023203669495,
    "GeneralizedRDF_mean_Gaussian_center=9_0_width=1_0": 0.002385435492107123,
    "ElementProperty_MagpieData_minimum_Electronegativity": 0.0023525317552172322,
    "ElectronegativityDiff_std_dev_EN_difference": 0.0023174364226012205,
    "ElementProperty_MagpieData_maximum_NUnfilled": 0.0022181965892759514
}