{
    "ElementFraction_O": 0.09980295523470332,
    "ElementProperty_MagpieData_mean_GSmagmom": 0.024373383982523027,
    "ElementProperty_MagpieData_mode_SpaceGroupNumber": 0.013050635001156993,
    "ElementProperty_MagpieData_mode_GSvolume_pa": 0.011375218304413542,
    "MEGNet_OFMEncoded_v1_68": 0.011046428415622693,
    "MEGNet_OFMEncoded_v1_76": 0.010897611182532196,
    "ElementFraction_Mn": 0.010069225129973325,
    "ElementProperty_MagpieData_maximum_CovalentRadius": 0.00996404003951278,
    "TMetalFraction_transition_metal_fraction": 0.009199937465176186,
    "ElementProperty_MagpieData_maximum_MeltingT": 0.008990466177848133,
    "MEGNet_OFMEncoded_v1_71": 0.008862692588269681,
    "ElementProperty_MagpieData_minimum_GSvolume_pa": 0.008808069433545725,
    "ElementFraction_Ga": 0.008136718556298307,
    "ElementFraction_Cu": 0.007800694235938242,
    "MEGNet_OFMEncoded_v1_14": 0.007784521560038308,
    "ElementProperty_MagpieData_minimum_MendeleevNumber": 0.00684961893464835,
    "ElementProperty_MagpieData_maximum_GSbandgap": 0.00673546243199907,
    "MEGNet_OFMEncoded_v1_99": 0.006646951715558853,
    "ElementFraction_Au": 0.0065365427994485996,
    "ElementProperty_MagpieData_maximum_GSvolume_pa": 0.00584015621229461,
    "MEGNet_OFMEncoded_v1_115": 0.005703190046071758,
    "ElementProperty_MagpieData_minimum_SpaceGroupNumber": 0.005646658425763833,
    "ElementFraction_Sr": 0.005230138193940288,
    "ElementProperty_MagpieData_mean_Column": 0.004153615150600491,
    "MEGNet_OFMEncoded_v1_86": 0.0040082118189954784,
    "ElementFraction_W": 0.0037247424273761567,
    "ElementFraction_Co": 0.0036112516891428316,
    "ElementFraction_Mg": 0.0034128865447922343,
    "ElementFraction_Ag": 0.0033629023811557763,
    "ElementFraction_N": 0.0032612383809213037
}