{
    "ValenceOrbital_frac_p_valence_electrons": 0.0597575336107643,
    "ElementProperty_MagpieData_mode_MeltingT": 0.027563600756878383,
    "TMetalFraction_transition_metal_fraction": 0.0262851320906032,
    "ElementProperty_MagpieData_mean_NpValence": 0.022337630747809638,
    "MEGNet_OFMEncoded_v1_82": 0.019894717987478504,
    "MaximumPackingEfficiency_max_packing_efficiency": 0.019536966962852495,
    "AGNIFingerPrint_std_dev_AGNI_dir=z_eta=8_00e-01": 0.01680229352764075,
    "MEGNet_OFMEncoded_v1_76": 0.014477544692209788,
    "BondOrientationParameter_mean_BOOP_Q_l=4": 0.014272722065444478,
    "DensityFeatures_packing_fraction": 0.013767049115645172,
    "MEGNet_OFMEncoded_v1_18": 0.013545709111120326,
    "StructuralHeterogeneity_mean_neighbor_distance_variation": 0.011789571103192049,
    "ElementProperty_MagpieData_mean_NpUnfilled": 0.01142820210697427,
    "AtomicOrbitals_HOMO_energy": 0.010769226090255076,
    "ElementProperty_MagpieData_avg_dev_Column": 0.010297020603168653,
    "ElementProperty_MagpieData_mean_NUnfilled": 0.0101379952728951,
    "GaussianSymmFunc_mean_G2_80_0": 0.009767052425383536,
    "ElectronegativityDiff_minimum_EN_difference": 0.00905757912106103,
    "ElementProperty_MagpieData_mean_Column": 0.008442042819764838,
    "DensityFeatures_density": 0.008052551661982384,
    "ElementProperty_MagpieData_avg_dev_NpValence": 0.007941891059920042,
    "ElementProperty_MagpieData_mean_GSbandgap": 0.007917046224271522,
    "BondOrientationParameter_mean_BOOP_Q_l=1": 0.00791238932983526,
    "ElementProperty_MagpieData_maximum_MendeleevNumber": 0.007700104096544276,
    "ElementProperty_MagpieData_avg_dev_MeltingT": 0.0076977969109810656,
    "BondOrientationParameter_std_dev_BOOP_Q_l=6": 0.007477306999404979,
    "ElementProperty_MagpieData_maximum_MeltingT": 0.007300672491802825,
    "AGNIFingerPrint_std_dev_AGNI_dir=x_eta=1_23e+00": 0.007279484378808214,
    "BondOrientationParameter_mean_BOOP_Q_l=3": 0.00712304775362698,
    "AGNIFingerPrint_std_dev_AGNI_dir=x_eta=8_00e-01": 0.0067753471370841775
}