{
    "ElementProperty_MagpieData_mode_Number": 0.03466384335273446,
    "MEGNet_OFMEncoded_v1_69": 0.030387403715071173,
    "ElementFraction_S": 0.029230633830391886,
    "ElementProperty_MagpieData_minimum_SpaceGroupNumber": 0.028052521022771018,
    "ElementFraction_F": 0.024850838626052772,
    "ElementProperty_MagpieData_mode_MendeleevNumber": 0.02268539257777285,
    "ElementFraction_Ge": 0.015155598026917403,
    "ElementProperty_MagpieData_maximum_MeltingT": 0.013246259188046129,
    "MEGNet_OFMEncoded_v1_34": 0.01039823697400109,
    "ElementProperty_MagpieData_maximum_MendeleevNumber": 0.009722381262100923,
    "ElementProperty_MagpieData_mode_NUnfilled": 0.008571871395787616,
    "ElementProperty_MagpieData_mode_NpUnfilled": 0.008217194190576909,
    "ElementProperty_MagpieData_maximum_Number": 0.007309290135195671,
    "ElementFraction_Au": 0.006558220440530582,
    "ElementFraction_Br": 0.00645220180959887,
    "ElementProperty_MagpieData_mode_CovalentRadius": 0.006398510584401092,
    "ElementFraction_P": 0.0063871006141298205,
    "ElementFraction_Sn": 0.006203448800692706,
    "ElementProperty_MagpieData_mean_NsUnfilled": 0.005941822575592666,
    "ElementProperty_MagpieData_minimum_CovalentRadius": 0.005921395871153789,
    "ElementProperty_MagpieData_mode_MeltingT": 0.005463449121195399,
    "ElementFraction_K": 0.0053257825673494455,
    "ElementFraction_Cr": 0.005241266171962625,
    "ElementFraction_Pd": 0.005224086107797212,
    "AtomicOrbitals_LUMO_element": 0.0050695322069578075,
    "ElementProperty_MagpieData_mode_SpaceGroupNumber": 0.005054089458785787,
    "ElementFraction_B": 0.004859296828305405,
    "MEGNet_OFMEncoded_v1_111": 0.004723227378958412,
    "ValenceOrbital_frac_s_valence_electrons": 0.004352708763663165,
    "ElementFraction_Ca": 0.0041360701875144
}