{
    "GeneralizedRDF_mean_Gaussian_center=3_0_width=1_0": 0.0016883471600590337,
    "BandCenter_band_center": 0.0007759483597336295,
    "GeneralizedRDF_mean_Gaussian_center=2_0_width=1_0": 0.0006200706721095814,
    "ElementProperty_MagpieData_mean_MendeleevNumber": 0.00023644382312774993,
    "DensityFeatures_packing_fraction": 0.0002155095907136824,
    "ElementProperty_MagpieData_mean_Column": 0.00020796172486991268,
    "ElementProperty_MagpieData_mean_NUnfilled": 0.0001800475291733619,
    "GeneralizedRDF_mean_Gaussian_center=5_0_width=1_0": 0.0001798025711673366,
    "VoronoiFingerprint_mean_Voro_vol_maximum": 0.00016500222739563398,
    "AGNIFingerPrint_mean_AGNI_eta=1_60e+01": 0.00015687714670410555,
    "BondOrientationParameter_mean_BOOP_Q_l=2": 0.00014777493656575435,
    "ElectronegativityDiff_mean_EN_difference": 0.00013860730914023791,
    "ElementProperty_MagpieData_mean_NpValence": 0.00013252910607181774,
    "GaussianSymmFunc_mean_G2_0_05": 0.00012966289607519474,
    "ElementProperty_MagpieData_avg_dev_NdValence": 0.0001271316607849402,
    "ElectronegativityDiff_minimum_EN_difference": 0.00012510951062169958,
    "VoronoiFingerprint_mean_Voro_dist_mean": 0.000120541542043116,
    "ElementProperty_MagpieData_mean_Electronegativity": 0.00011406562057810256,
    "CrystalNNFingerprint_mean_tetrahedral_CN_4": 0.00010256016446393559,
    "OPSiteFingerprint_std_dev_tetrahedral_CN_4": 0.0001010013790283319,
    "ElementProperty_MagpieData_avg_dev_NUnfilled": 9.7039986797053e-05,
    "TMetalFraction_transition_metal_fraction": 9.653974270603024e-05,
    "ElementProperty_MagpieData_mean_CovalentRadius": 9.517942884404082e-05,
    "ElementProperty_MagpieData_maximum_NUnfilled": 8.424359705498347e-05,
    "ElementProperty_MagpieData_avg_dev_MendeleevNumber": 8.359676344005739e-05,
    "ElementProperty_MagpieData_mean_MeltingT": 7.398001099725487e-05,
    "MEGNet_OFMEncoded_v1_17": 7.35968446186742e-05,
    "ElementProperty_MagpieData_maximum_CovalentRadius": 7.02808679591309e-05,
    "ElectronegativityDiff_std_dev_EN_difference": 6.691078789531765e-05,
    "BondOrientationParameter_mean_BOOP_Q_l=3": 6.558004478396032e-05
}