{
    "TMetalFraction_transition_metal_fraction": 0.028616064955701542,
    "ElementProperty_MagpieData_minimum_MeltingT": 0.025209895222223645,
    "ElementProperty_MagpieData_mode_MeltingT": 0.02433920424735559,
    "ElementFraction_S": 0.017861462880182342,
    "ElementProperty_MagpieData_mean_GSmagmom": 0.01576176051176488,
    "ElementFraction_Li": 0.013621150955375071,
    "ElementFraction_Ca": 0.010871051237777698,
    "ElementProperty_MagpieData_range_CovalentRadius": 0.010869578894129346,
    "ElementProperty_MagpieData_maximum_GSvolume_pa": 0.010720182611046385,
    "MEGNet_OFMEncoded_v1_51": 0.01022041607585972,
    "ElementFraction_F": 0.00970881515985693,
    "ElementFraction_Zn": 0.008694901053188795,
    "ElementProperty_MagpieData_maximum_SpaceGroupNumber": 0.008652283488384486,
    "ElementProperty_MagpieData_mean_MeltingT": 0.008197300849464193,
    "MEGNet_OFMEncoded_v1_171": 0.005920268473802031,
    "ElementProperty_MagpieData_maximum_MendeleevNumber": 0.005845953900107053,
    "AGNIFingerPrint_mean_AGNI_eta=1_23e+00": 0.005562244130749728,
    "ElementFraction_Rb": 0.005040165748797027,
    "ElementFraction_In": 0.004524568189610714,
    "ElementProperty_MagpieData_mode_CovalentRadius": 0.004444209232056816,
    "ElementProperty_MagpieData_maximum_GSmagmom": 0.004273539698772779,
    "ElementProperty_MagpieData_mean_SpaceGroupNumber": 0.0041503826121714275,
    "ElementProperty_MagpieData_maximum_NValence": 0.004146721013823,
    "ElementFraction_Ta": 0.004131181372299459,
    "AtomicOrbitals_HOMO_energy": 0.004014097340915955,
    "BondFractions_Li_-_O_bond_frac_": 0.0038345062404604394,
    "GeneralizedRDF_mean_Gaussian_center=0_0_width=1_0": 0.0037233042634412642,
    "ElementProperty_MagpieData_maximum_MeltingT": 0.003442070061665943,
    "ElementFraction_Co": 0.0032444950707316038,
    "ElementProperty_MagpieData_maximum_NdUnfilled": 0.003219770081384123
}