{
    "ElementProperty_MagpieData_maximum_Column": 0.059795283931353284,
    "ElementProperty_MagpieData_mode_MeltingT": 0.047353384763436625,
    "MEGNet_OFMEncoded_v1_172": 0.036456502891925806,
    "CrystalNNFingerprint_mean_tetrahedral_CN_4": 0.029251913583292048,
    "ElementProperty_MagpieData_mode_MendeleevNumber": 0.02173648210856158,
    "VoronoiFingerprint_mean_Voro_dist_std_dev": 0.02030980608888546,
    "BondOrientationParameter_mean_BOOP_Q_l=3": 0.017861231818685396,
    "OxidationStates_std_dev_oxidation_state": 0.014123696958134127,
    "ElementProperty_MagpieData_mean_NdUnfilled": 0.013876034502258031,
    "GeneralizedRDF_mean_Gaussian_center=3_0_width=1_0": 0.013043038629205165,
    "StructuralHeterogeneity_minimum_neighbor_distance_variation": 0.010962794441988546,
    "ElementProperty_MagpieData_mean_NpValence": 0.010734477295913333,
    "OxidationStates_range_oxidation_state": 0.010695721958119454,
    "ElementProperty_MagpieData_avg_dev_NUnfilled": 0.010495081216272288,
    "ElementProperty_MagpieData_avg_dev_NpValence": 0.009776268451352996,
    "ElementProperty_MagpieData_range_MeltingT": 0.009742448886547038,
    "CrystalNNFingerprint_mean_q6_CN_12": 0.009524421902464213,
    "MEGNet_OFMEncoded_v1_102": 0.00935172320472122,
    "TMetalFraction_transition_metal_fraction": 0.00926433668482563,
    "VoronoiFingerprint_mean_Voro_area_std_dev": 0.009257503963646755,
    "XRDPowderPattern_xrd_27": 0.00899644460099115,
    "ChemicalOrdering_mean_ordering_parameter_shell_1": 0.008643354598376837,
    "ElectronegativityDiff_minimum_EN_difference": 0.008619699063206428,
    "ElementProperty_MagpieData_mean_NpUnfilled": 0.008600607521314611,
    "ElementProperty_MagpieData_mode_GSvolume_pa": 0.008456647914557304,
    "OPSiteFingerprint_mean_q6_CN_12": 0.00832743805199549,
    "ElementProperty_MagpieData_maximum_MendeleevNumber": 0.008178316428093866,
    "OPSiteFingerprint_std_dev_tetrahedral_CN_4": 0.007863106155404774,
    "BondFractions_Ni_-_O_bond_frac_": 0.007858757267628406,
    "MEGNet_OFMEncoded_v1_76": 0.007858575754372944
}