{
    "MaximumPackingEfficiency_max_packing_efficiency": 0.015314205801260035,
    "ValenceOrbital_frac_p_valence_electrons": 0.008809635224391285,
    "DensityFeatures_packing_fraction": 0.007411590937485944,
    "DensityFeatures_density": 0.006097218984473709,
    "ElementProperty_MagpieData_maximum_MendeleevNumber": 0.005123140388891858,
    "TMetalFraction_transition_metal_fraction": 0.0049282550495382445,
    "ElementProperty_MagpieData_mode_MendeleevNumber": 0.004624475702592995,
    "ElementProperty_MagpieData_maximum_Electronegativity": 0.004603051660936585,
    "ElementProperty_MagpieData_minimum_Number": 0.004252704383988987,
    "AtomicOrbitals_LUMO_energy": 0.0040330577353269925,
    "ElementProperty_MagpieData_mean_Column": 0.004002181407196846,
    "AtomicOrbitals_HOMO_energy": 0.0039280653361922595,
    "ChemicalOrdering_mean_ordering_parameter_shell_3": 0.0035203527198010213,
    "CoordinationNumber_std_dev_CN_VoronoiNN": 0.0034259675633994758,
    "OPSiteFingerprint_mean_linear_CN_2": 0.0034001905634416384,
    "OPSiteFingerprint_std_dev_L-shaped_CN_2": 0.003316667055286093,
    "ElectronegativityDiff_std_dev_EN_difference": 0.0032313555217552384,
    "ElementProperty_MagpieData_minimum_GSvolume_pa": 0.003136916444414264,
    "AGNIFingerPrint_std_dev_AGNI_dir=y_eta=1_23e+00": 0.0030159382131957494,
    "AGNIFingerPrint_std_dev_AGNI_eta=1_88e+00": 0.0029892951719238644,
    "ElementProperty_MagpieData_range_CovalentRadius": 0.0029233146157452467,
    "ElementProperty_MagpieData_avg_dev_Electronegativity": 0.00285998983923853,
    "ElementProperty_MagpieData_maximum_Number": 0.002684187096805178,
    "VoronoiFingerprint_mean_Symmetry_index_4": 0.002565705267268296,
    "BondOrientationParameter_mean_BOOP_Q_l=2": 0.002435517937434632,
    "GaussianSymmFunc_std_dev_G2_80_0": 0.0023995102505710427,
    "OPSiteFingerprint_std_dev_hexagonal_pyramidal_CN_7": 0.002349558643615809,
    "ElementProperty_MagpieData_mode_Number": 0.002287448231661206,
    "ChemicalOrdering_mean_ordering_parameter_shell_1": 0.0022011812117235107,
    "ElementProperty_MagpieData_avg_dev_CovalentRadius": 0.0021757523058670188
}