{
    "MaximumPackingEfficiency_max_packing_efficiency": 0.04015454310273333,
    "ElementProperty_MagpieData_mean_NpUnfilled": 0.02232867094255655,
    "ElementProperty_MagpieData_avg_dev_Electronegativity": 0.0184675151438376,
    "ElementProperty_MagpieData_maximum_NdValence": 0.017975993122505248,
    "CrystalNNFingerprint_mean_hexagonal_planar_CN_6": 0.01642115583640314,
    "TMetalFraction_transition_metal_fraction": 0.016255305853370365,
    "CrystalNNFingerprint_mean_body-centered_cubic_CN_8": 0.014353233070727282,
    "CrystalNNFingerprint_mean_q6_CN_12": 0.012984020292657852,
    "AGNIFingerPrint_mean_AGNI_eta=1_88e+00": 0.012175910659925798,
    "ElementProperty_MagpieData_mean_MeltingT": 0.01211136558940922,
    "ChemEnvSiteFingerprint_mean_C:8": 0.011486561075603027,
    "GeneralizedRDF_mean_Gaussian_center=3_0_width=1_0": 0.011269789748356013,
    "AverageBondAngle_std_dev_Average_bond_angle": 0.011037184038333737,
    "CrystalNNFingerprint_mean_octahedral_CN_6": 0.011006688787469802,
    "CrystalNNFingerprint_mean_wt_CN_6": 0.010516805498604447,
    "ElementProperty_MagpieData_mean_NdUnfilled": 0.010488582797365729,
    "AtomicOrbitals_HOMO_energy": 0.010428690229870256,
    "VoronoiFingerprint_mean_Voro_vol_mean": 0.010151302060723412,
    "ElementProperty_MagpieData_mean_Column": 0.010138976743764645,
    "ElementProperty_MagpieData_mode_NUnfilled": 0.009999407285430488,
    "YangSolidSolution_Yang_omega": 0.00997364544745271,
    "ElementProperty_MagpieData_mean_SpaceGroupNumber": 0.009957237352562019,
    "SineCoulombMatrix_sine_coulomb_matrix_eig_2": 0.009888707232272302,
    "GeneralizedRDF_mean_Gaussian_center=7_0_width=1_0": 0.009626376436454882,
    "ElementProperty_MagpieData_minimum_Electronegativity": 0.009193721898025461,
    "ValenceOrbital_frac_s_valence_electrons": 0.008476838472265543,
    "VoronoiFingerprint_std_dev_Voro_area_sum": 0.008298150623441218,
    "ElementProperty_MagpieData_mode_Electronegativity": 0.008091377180202336,
    "ElementProperty_MagpieData_range_Column": 0.007975513328104032,
    "CrystalNNFingerprint_mean_wt_CN_14": 0.007970720868281845
}