{
    "DensityFeatures_density": 0.0005180065479990547,
    "TMetalFraction_transition_metal_fraction": 0.00048722270181650356,
    "CrystalNNFingerprint_mean_tetrahedral_CN_4": 0.0003820170423648083,
    "Miedema_Miedema_deltaH_inter": 0.00030891616622589303,
    "ElementProperty_MagpieData_mean_NdValence": 0.00028323167838819615,
    "ChemicalOrdering_mean_ordering_parameter_shell_2": 0.0002718226973962687,
    "ElectronegativityDiff_minimum_EN_difference": 0.00021412232603372537,
    "BondOrientationParameter_mean_BOOP_Q_l=10": 0.0001745791014763701,
    "ElementProperty_MagpieData_minimum_Column": 0.00017445487184312045,
    "OPSiteFingerprint_std_dev_square_co-planar_CN_4": 0.0001504018278985421,
    "AtomicOrbitals_HOMO_energy": 0.00014665630910441115,
    "AGNIFingerPrint_std_dev_AGNI_dir=z_eta=8_00e-01": 0.0001442482449762366,
    "OPSiteFingerprint_mean_body-centered_cubic_CN_8": 0.00013971614855355505,
    "StructuralHeterogeneity_min_relative_bond_length": 0.00013846872928948445,
    "ElementProperty_MagpieData_avg_dev_Column": 0.000131515462448062,
    "OPSiteFingerprint_std_dev_tetrahedral_CN_4": 0.00013037483052770222,
    "GeneralizedRDF_mean_Gaussian_center=0_0_width=1_0": 0.00012781050887618925,
    "ElectronegativityDiff_maximum_EN_difference": 0.00012763579482430633,
    "ElementProperty_MagpieData_mode_GSvolume_pa": 0.0001256425153079881,
    "BondOrientationParameter_mean_BOOP_Q_l=6": 0.00011851679764770565,
    "ElementProperty_MagpieData_range_SpaceGroupNumber": 0.00011583561528075224,
    "CoordinationNumber_std_dev_CN_VoronoiNN": 0.00011351581602984507,
    "ElementFraction_O": 0.00011235088803333252,
    "ChemicalOrdering_mean_ordering_parameter_shell_3": 0.00011207272507888415,
    "AtomicOrbitals_HOMO_element": 0.00010988053094923203,
    "ValenceOrbital_frac_d_valence_electrons": 0.00010296305761246628,
    "AtomicOrbitals_gap_AO": 8.715061750199731e-05,
    "ElementProperty_MagpieData_mean_NdUnfilled": 8.70802022390824e-05,
    "ElementProperty_MagpieData_mean_NpValence": 8.289738829476886e-05,
    "GeneralizedRDF_mean_Gaussian_center=9_0_width=1_0": 8.278029466534588e-05
}