{
    "GaussianSymmFunc_mean_G2_20_0": 0.00355972275690129,
    "ElementProperty_MagpieData_mode_NUnfilled": 0.0015631365049944583,
    "AGNIFingerPrint_mean_AGNI_eta=1_23e+00": 0.0010138046822890387,
    "GeneralizedRDF_mean_Gaussian_center=1_0_width=1_0": 0.0009826797636837328,
    "ElementProperty_MagpieData_maximum_MeltingT": 0.0006272375634754103,
    "ElementProperty_MagpieData_mean_NpUnfilled": 0.0004266438371189513,
    "GeneralizedRDF_mean_Gaussian_center=5_0_width=1_0": 0.0003652062592801969,
    "ElementProperty_MagpieData_avg_dev_Column": 0.0003479696583377252,
    "ElectronegativityDiff_minimum_EN_difference": 0.00034562482215578345,
    "OxidationStates_std_dev_oxidation_state": 0.0003291730427863096,
    "ElementProperty_MagpieData_mean_MeltingT": 0.0002825363928537201,
    "GeneralizedRDF_mean_Gaussian_center=2_0_width=1_0": 0.00026504746111463706,
    "MEGNet_OFMEncoded_v1_99": 0.00025425648967407436,
    "BandCenter_band_center": 0.00023219207163663517,
    "ElementProperty_MagpieData_minimum_Number": 0.000227464729400035,
    "GeneralizedRDF_mean_Gaussian_center=9_0_width=1_0": 0.00021867166632429238,
    "ElementProperty_MagpieData_mean_Column": 0.0002184387566523298,
    "YangSolidSolution_Yang_delta": 0.0002090715946317075,
    "ElementFraction_H": 0.0002073672825800459,
    "MEGNet_OFMEncoded_v1_87": 0.00020494943059407725,
    "TMetalFraction_transition_metal_fraction": 0.00019118251264943392,
    "ElementProperty_MagpieData_avg_dev_Electronegativity": 0.00018992177304402556,
    "ElementProperty_MagpieData_minimum_CovalentRadius": 0.0001830080477498019,
    "GeneralizedRDF_mean_Gaussian_center=8_0_width=1_0": 0.00017106959488051912,
    "ElementFraction_O": 0.00017005758978600485,
    "MEGNet_OFMEncoded_v1_15": 0.00016912935117006415,
    "ElementProperty_MagpieData_mean_Electronegativity": 0.0001665682626973517,
    "ElementProperty_MagpieData_mean_NpValence": 0.00016305846282264013,
    "ElementProperty_MagpieData_maximum_NpUnfilled": 0.00015249360294044076,
    "ElementFraction_Mn": 0.00013401510064595297
}