{
    "OxidationStates_minimum_oxidation_state": 0.024485313632670553,
    "ElementProperty_MagpieData_mean_CovalentRadius": 0.020158268059151434,
    "ElementProperty_MagpieData_mode_NUnfilled": 0.015132610441866503,
    "ElementProperty_MagpieData_mean_NpValence": 0.014031768039456527,
    "TMetalFraction_transition_metal_fraction": 0.013072479633618992,
    "ElementProperty_MagpieData_mean_NpUnfilled": 0.01028510625558474,
    "ElementProperty_MagpieData_avg_dev_CovalentRadius": 0.008379183335130247,
    "AtomicOrbitals_HOMO_energy": 0.008354487569704168,
    "ElementProperty_MagpieData_avg_dev_Column": 0.007116765134808504,
    "AverageBondLength_mean_Average_bond_length": 0.006381167713239408,
    "ElementProperty_MagpieData_avg_dev_MendeleevNumber": 0.005808125225567225,
    "ElementProperty_MagpieData_avg_dev_MeltingT": 0.005378267847842366,
    "ElementProperty_MagpieData_avg_dev_NpValence": 0.005277942962946624,
    "OxidationStates_std_dev_oxidation_state": 0.0052330596298211015,
    "ElementProperty_MagpieData_avg_dev_GSvolume_pa": 0.005156627246317936,
    "MEGNet_OFMEncoded_v1_18": 0.005110847896423557,
    "MEGNet_OFMEncoded_v1_102": 0.0050921219971853315,
    "ElementProperty_MagpieData_maximum_CovalentRadius": 0.0048907727845271054,
    "ElementProperty_MagpieData_mean_MendeleevNumber": 0.0047587994746000365,
    "ElectronegativityDiff_minimum_EN_difference": 0.004726672785474501,
    "BandCenter_band_center": 0.004690845840565211,
    "BondOrientationParameter_mean_BOOP_Q_l=1": 0.004556049701848388,
    "OPSiteFingerprint_std_dev_octahedral_CN_6": 0.004347187452609217,
    "DensityFeatures_packing_fraction": 0.004281307370227423,
    "GaussianSymmFunc_mean_G4_0_005_4_0_-1_0": 0.004108422499371575,
    "CoordinationNumber_std_dev_CN_VoronoiNN": 0.003922853774028527,
    "ElementProperty_MagpieData_range_Electronegativity": 0.003739204207265045,
    "BondOrientationParameter_std_dev_BOOP_Q_l=4": 0.0035124443744393025,
    "OPSiteFingerprint_std_dev_sgl_bd_CN_1": 0.0034170365776590825,
    "ElementProperty_MagpieData_avg_dev_Electronegativity": 0.003405777946806839
}