{
    "TMetalFraction_transition_metal_fraction": 0.0003311135270655965,
    "ElementProperty_MagpieData_maximum_Electronegativity": 0.0003283030534988387,
    "ElementProperty_MagpieData_mode_Electronegativity": 0.00027359344347210207,
    "AtomicOrbitals_HOMO_energy": 0.0002516232023718288,
    "ElectronegativityDiff_mean_EN_difference": 0.00021574607807409868,
    "ElectronegativityDiff_minimum_EN_difference": 0.00016347362185050812,
    "ElementProperty_MagpieData_mode_GSvolume_pa": 0.00011026488666652868,
    "GeneralizedRDF_mean_Gaussian_center=5_0_width=1_0": 0.00010213526596624745,
    "GeneralizedRDF_mean_Gaussian_center=7_0_width=1_0": 0.00010078727688493852,
    "ElementProperty_MagpieData_maximum_NdUnfilled": 9.695448817739804e-05,
    "ElementProperty_MagpieData_mean_Electronegativity": 9.579179980378141e-05,
    "ElementProperty_MagpieData_avg_dev_NUnfilled": 9.034036699445802e-05,
    "Stoichiometry_0-norm": 9.033317178130465e-05,
    "AtomicOrbitals_HOMO_element": 8.931932840158134e-05,
    "MEGNet_OFMEncoded_v1_82": 8.885397165945836e-05,
    "ElementProperty_MagpieData_maximum_MeltingT": 8.491423928443872e-05,
    "ElementProperty_MagpieData_mean_NdUnfilled": 7.262826775873105e-05,
    "OPSiteFingerprint_mean_sgl_bd_CN_1": 7.007655959481959e-05,
    "YangSolidSolution_Yang_omega": 6.67914977536468e-05,
    "OxidationStates_maximum_oxidation_state": 6.458548874609235e-05,
    "ElementProperty_MagpieData_avg_dev_NpValence": 6.411795817423121e-05,
    "ElementProperty_MagpieData_mean_MeltingT": 6.37945928409673e-05,
    "ElementProperty_MagpieData_mean_NdValence": 6.366027039077143e-05,
    "RadialDistributionFunction_radial_distribution_function_d_1_90": 6.012400521852442e-05,
    "BondOrientationParameter_std_dev_BOOP_Q_l=6": 5.9833593241509615e-05,
    "MEGNet_OFMEncoded_v1_125": 5.7309140782010124e-05,
    "BondOrientationParameter_mean_BOOP_Q_l=4": 5.562734695199801e-05,
    "MEGNet_OFMEncoded_v1_63": 5.468936728640049e-05,
    "ValenceOrbital_frac_d_valence_electrons": 5.453508237534989e-05,
    "GaussianSymmFunc_mean_G4_0_005_4_0_-1_0": 5.443203708526374e-05
}