{
    "ValenceOrbital_frac_p_valence_electrons": 0.044221575719270205,
    "ElementProperty_MagpieData_mean_NpValence": 0.02197788078045623,
    "ElementProperty_MagpieData_maximum_MendeleevNumber": 0.019935829539101287,
    "ElementProperty_MagpieData_maximum_NUnfilled": 0.017066183456830232,
    "ElementFraction_H": 0.012465271955919064,
    "DensityFeatures_packing_fraction": 0.012434084263981425,
    "AtomicOrbitals_HOMO_energy": 0.012340158412844181,
    "MEGNet_OFMEncoded_v1_62": 0.011864754021520625,
    "ElementProperty_MagpieData_mean_MeltingT": 0.011463124418539222,
    "MEGNet_OFMEncoded_v1_63": 0.011242309764071583,
    "AGNIFingerPrint_std_dev_AGNI_eta=8_00e-01": 0.01105551092797659,
    "ElementProperty_MagpieData_avg_dev_GSmagmom": 0.009821693036889791,
    "ElementProperty_MagpieData_maximum_SpaceGroupNumber": 0.00976275249080634,
    "ElementProperty_MagpieData_mean_CovalentRadius": 0.009628144113850882,
    "BondOrientationParameter_mean_BOOP_Q_l=9": 0.00870459847000658,
    "AverageBondAngle_mean_Average_bond_angle": 0.00863268177262286,
    "ElementFraction_Mn": 0.008370260505455186,
    "AtomicOrbitals_gap_AO": 0.008115619974915587,
    "YangSolidSolution_Yang_omega": 0.007919303735026043,
    "BondOrientationParameter_mean_BOOP_Q_l=6": 0.007886545388866755,
    "ElementProperty_MagpieData_mean_MendeleevNumber": 0.007863515713326592,
    "ElementProperty_MagpieData_mean_GSbandgap": 0.0075859477899133075,
    "ElementProperty_MagpieData_mean_NpUnfilled": 0.007521009569917148,
    "MaximumPackingEfficiency_max_packing_efficiency": 0.007404221219849654,
    "ElementProperty_MagpieData_avg_dev_Column": 0.007369774784302844,
    "ElementProperty_MagpieData_avg_dev_NdValence": 0.007234891765716793,
    "ElementProperty_MagpieData_avg_dev_NdUnfilled": 0.0071364573729174995,
    "GaussianSymmFunc_std_dev_G2_20_0": 0.007115781778799385,
    "OxidationStates_std_dev_oxidation_state": 0.006925850251048693,
    "ElementProperty_MagpieData_minimum_Electronegativity": 0.006780131532099486
}