{
    "AtomicOrbitals_HOMO_energy": 0.05984124360946769,
    "TMetalFraction_transition_metal_fraction": 0.05101595456159495,
    "ChemicalOrdering_mean_ordering_parameter_shell_2": 0.03224787533720418,
    "YangSolidSolution_Yang_delta": 0.028501544498558025,
    "ElementProperty_MagpieData_range_Electronegativity": 0.02840437352924195,
    "ElementProperty_MagpieData_avg_dev_Electronegativity": 0.025567605104527272,
    "BondOrientationParameter_mean_BOOP_Q_l=10": 0.025272008978684583,
    "CrystalNNFingerprint_mean_wt_CN_14": 0.024115007905110973,
    "BondOrientationParameter_mean_BOOP_Q_l=8": 0.019933086921482965,
    "CrystalNNFingerprint_std_dev_tetrahedral_CN_4": 0.01954328116179575,
    "AtomicOrbitals_gap_AO": 0.019381502945834805,
    "ElementProperty_MagpieData_maximum_NUnfilled": 0.018051378173426894,
    "ElementProperty_MagpieData_mode_MendeleevNumber": 0.017908123236094538,
    "ElementProperty_MagpieData_avg_dev_NpValence": 0.017199610433237304,
    "ElectronegativityDiff_minimum_EN_difference": 0.015670411285204414,
    "MEGNet_OFMEncoded_v1_79": 0.015406706894018787,
    "ElementProperty_MagpieData_mean_MeltingT": 0.01527628458995033,
    "AtomicPackingEfficiency_dist_from_3_clusters__APE____0_010": 0.014343893630307098,
    "OxidationStates_maximum_oxidation_state": 0.013859245196764673,
    "ElementProperty_MagpieData_maximum_MendeleevNumber": 0.013042319624415509,
    "ChemicalOrdering_mean_ordering_parameter_shell_1": 0.012551294548353027,
    "CrystalNNFingerprint_mean_wt_CN_6": 0.012164100926944284,
    "ElementProperty_MagpieData_mean_GSvolume_pa": 0.012150988442697139,
    "ElementProperty_MagpieData_avg_dev_Column": 0.011868706120703723,
    "MEGNet_OFMEncoded_v1_33": 0.01181625875369429,
    "ElementProperty_MagpieData_range_GSvolume_pa": 0.011775696056427209,
    "ElementProperty_MagpieData_mean_MendeleevNumber": 0.011507008669378354,
    "ElementProperty_MagpieData_maximum_CovalentRadius": 0.01138146043507888,
    "ElementProperty_MagpieData_mean_Column": 0.011327310456749845,
    "OPSiteFingerprint_std_dev_tetrahedral_CN_4": 0.011195608771180377
}