{
    "ElementProperty_MagpieData_mode_Number": 0.09794467416010964,
    "ElementProperty_MagpieData_minimum_Number": 0.03922577804162708,
    "ElementFraction_Cu": 0.018929108400729287,
    "ElementProperty_MagpieData_minimum_GSvolume_pa": 0.015297744186990588,
    "ElementFraction_Cr": 0.014583899039718122,
    "ElementFraction_Co": 0.014053069019769443,
    "ElementFraction_S": 0.012495466940680803,
    "ElementFraction_O": 0.011491789361410659,
    "ElementProperty_MagpieData_mode_NUnfilled": 0.011308286976695683,
    "ElementFraction_Y": 0.010735476048037661,
    "ElementProperty_MagpieData_maximum_MeltingT": 0.010193453773417934,
    "ElementProperty_MagpieData_minimum_SpaceGroupNumber": 0.008520760604474781,
    "ElementProperty_MagpieData_maximum_MendeleevNumber": 0.008184298206808022,
    "MEGNet_OFMEncoded_v1_71": 0.007448897193512274,
    "MEGNet_OFMEncoded_v1_172": 0.007400550908473847,
    "ElementFraction_Al": 0.007040233443938222,
    "ElementFraction_Se": 0.005861738815961274,
    "MEGNet_OFMEncoded_v1_80": 0.005772984130724472,
    "ElementFraction_P": 0.005753176929272657,
    "ElementFraction_F": 0.005738770331688006,
    "MEGNet_OFMEncoded_v1_93": 0.005579352923759708,
    "ElementProperty_MagpieData_maximum_NUnfilled": 0.00539689857931714,
    "ElementProperty_MagpieData_minimum_Column": 0.005379942566390252,
    "AverageBondLength_mean_Average_bond_length": 0.005263821561860534,
    "MEGNet_OFMEncoded_v1_63": 0.005175218540103859,
    "ElementFraction_V": 0.00502968835414776,
    "AtomicOrbitals_HOMO_energy": 0.005009593868001273,
    "ElementProperty_MagpieData_maximum_CovalentRadius": 0.004994018875948234,
    "ElementProperty_MagpieData_maximum_Electronegativity": 0.004823952617791013,
    "MEGNet_OFMEncoded_v1_33": 0.004814851062378643
}