{
    "TMetalFraction_transition_metal_fraction": 0.00022914080534064564,
    "ElementProperty_MagpieData_maximum_Electronegativity": 0.00022443711822144706,
    "AtomicOrbitals_HOMO_energy": 0.00015266303498626786,
    "ElectronegativityDiff_minimum_EN_difference": 9.540076690395546e-05,
    "ElectronegativityDiff_mean_EN_difference": 8.181566333437517e-05,
    "ElementProperty_MagpieData_mode_GSvolume_pa": 8.117712915023865e-05,
    "MEGNet_OFMEncoded_v1_82": 6.379147848537471e-05,
    "Stoichiometry_0-norm": 6.354912480871887e-05,
    "ElementProperty_MagpieData_maximum_MeltingT": 5.417352673027146e-05,
    "ElementProperty_MagpieData_maximum_NdUnfilled": 5.4029159950210466e-05,
    "MEGNet_OFMEncoded_v1_63": 5.249388589331032e-05,
    "ElementProperty_MagpieData_mode_Electronegativity": 4.9449096493422214e-05,
    "GeneralizedRDF_mean_Gaussian_center=2_0_width=1_0": 4.934753193952059e-05,
    "ElementProperty_MagpieData_mean_NdUnfilled": 4.805521510633549e-05,
    "OPSiteFingerprint_mean_sgl_bd_CN_1": 4.244965782723275e-05,
    "ValenceOrbital_frac_d_valence_electrons": 3.877480242166347e-05,
    "AtomicOrbitals_HOMO_element": 3.865905148480802e-05,
    "BondOrientationParameter_mean_BOOP_Q_l=4": 3.680645184080153e-05,
    "ElementProperty_MagpieData_avg_dev_NpValence": 3.613520901238211e-05,
    "GeneralizedRDF_mean_Gaussian_center=3_0_width=1_0": 3.52628388024927e-05,
    "ElementProperty_MagpieData_maximum_MendeleevNumber": 3.372738585666481e-05,
    "ElementProperty_MagpieData_minimum_Electronegativity": 3.2813581010190506e-05,
    "GeneralizedRDF_mean_Gaussian_center=7_0_width=1_0": 3.1935267868253876e-05,
    "ElementProperty_MagpieData_mode_MeltingT": 3.167609646886101e-05,
    "ElementProperty_MagpieData_mean_GSvolume_pa": 3.155028944541174e-05,
    "BondOrientationParameter_mean_BOOP_Q_l=8": 3.117915927214525e-05,
    "RadialDistributionFunction_radial_distribution_function_d_1_90": 3.062591814670992e-05,
    "OxidationStates_maximum_oxidation_state": 3.0311650454802133e-05,
    "ChemicalOrdering_mean_ordering_parameter_shell_1": 3.0002084992229023e-05,
    "ChemicalOrdering_mean_ordering_parameter_shell_2": 2.8978021869164058e-05
}