{
    "ElementProperty_MagpieData_minimum_CovalentRadius": 2.6196615696272186e-05,
    "ElementFraction_Ca": 1.43740820850657e-05,
    "ElementFraction_F": 1.2095414284113087e-05,
    "ElementProperty_MagpieData_maximum_SpaceGroupNumber": 1.179684116418095e-05,
    "ElementFraction_Yb": 9.130060172101863e-06,
    "ElementProperty_MagpieData_maximum_GSbandgap": 9.029043299727998e-06,
    "ElementFraction_Se": 7.889373955401418e-06,
    "ElementFraction_Au": 7.777152169974018e-06,
    "ElementFraction_In": 7.6251626645237615e-06,
    "ElementProperty_MagpieData_maximum_NpUnfilled": 7.604368824465594e-06,
    "ElementProperty_MagpieData_mean_GSmagmom": 7.498539839196444e-06,
    "ElementProperty_MagpieData_mode_GSbandgap": 7.296710942208574e-06,
    "ElementProperty_MagpieData_maximum_CovalentRadius": 7.281528287969083e-06,
    "ElementFraction_Pd": 6.0070935399415635e-06,
    "ElementFraction_Y": 5.537024843017818e-06,
    "MEGNet_OFMEncoded_v1_93": 5.302786940281566e-06,
    "ElementFraction_K": 4.780406884676284e-06,
    "GeneralizedRDF_mean_Gaussian_center=0_0_width=1_0": 4.246979822215147e-06,
    "ElementFraction_Mg": 4.193934416667728e-06,
    "ElementProperty_MagpieData_mode_GSvolume_pa": 4.183443648452509e-06,
    "MEGNet_OFMEncoded_v1_5": 4.093549123073907e-06,
    "ElementFraction_Bi": 3.7648398040848425e-06,
    "ElementProperty_MagpieData_mode_MeltingT": 3.6121267024427337e-06,
    "ElementProperty_MagpieData_minimum_Electronegativity": 3.5826141497880746e-06,
    "MEGNet_OFMEncoded_v1_167": 3.446930137857691e-06,
    "ElementProperty_MagpieData_mode_SpaceGroupNumber": 3.3863712400868045e-06,
    "ElementFraction_Nb": 3.2040669960371103e-06,
    "ElementProperty_MagpieData_mode_CovalentRadius": 3.190721571220121e-06,
    "ElementProperty_MagpieData_avg_dev_NpValence": 3.089402465494906e-06,
    "ElementProperty_MagpieData_maximum_GSvolume_pa": 3.0497103222056322e-06
}