{
    "DensityFeatures_density": 0.029264913721426925,
    "OxidationStates_maximum_oxidation_state": 0.02400985521852639,
    "ElementProperty_MagpieData_mean_GSmagmom": 0.016935288696322263,
    "ElementProperty_MagpieData_mean_Column": 0.01648314374959415,
    "AtomicOrbitals_HOMO_energy": 0.015221743286022752,
    "ElementProperty_MagpieData_mean_Number": 0.013776579928546275,
    "ElementProperty_MagpieData_maximum_CovalentRadius": 0.013610237771064728,
    "MEGNet_OFMEncoded_v1_100": 0.012663556973427786,
    "ElementProperty_MagpieData_avg_dev_Row": 0.012595351142738525,
    "ElementProperty_MagpieData_maximum_MendeleevNumber": 0.012021742043892484,
    "BondOrientationParameter_mean_BOOP_Q_l=6": 0.011558349679733943,
    "ElementProperty_MagpieData_avg_dev_NpUnfilled": 0.011388788160324528,
    "CrystalNNFingerprint_mean_octahedral_CN_6": 0.01078034522493762,
    "MaximumPackingEfficiency_max_packing_efficiency": 0.010294734239782034,
    "CrystalNNFingerprint_mean_pentagonal_pyramidal_CN_6": 0.009214248873329885,
    "OPSiteFingerprint_std_dev_q6_CN_10": 0.009179255174503279,
    "DensityFeatures_packing_fraction": 0.00901534130670175,
    "ElementProperty_MagpieData_mean_NpValence": 0.008570898152756221,
    "ElementProperty_MagpieData_mean_MeltingT": 0.008279556108430269,
    "GeneralizedRDF_mean_Gaussian_center=5_0_width=1_0": 0.007832216876654384,
    "ElementProperty_MagpieData_mean_NdUnfilled": 0.007692337346524461,
    "ElementProperty_MagpieData_mean_MendeleevNumber": 0.007680919049618818,
    "OPSiteFingerprint_std_dev_trigonal_planar_CN_3": 0.007432713232811953,
    "ElementProperty_MagpieData_avg_dev_CovalentRadius": 0.007215557078383254,
    "MEGNet_OFMEncoded_v1_18": 0.0071885760466045825,
    "OPSiteFingerprint_mean_octahedral_CN_6": 0.007166084289042057,
    "ElementProperty_MagpieData_mode_GSbandgap": 0.0071074626638169,
    "OxidationStates_std_dev_oxidation_state": 0.006948785510599613,
    "ElementProperty_MagpieData_mode_NdUnfilled": 0.006820540484112776,
    "BondOrientationParameter_mean_BOOP_Q_l=3": 0.006742918580520759
}