{
    "OxidationStates_std_dev_oxidation_state": 0.01494987055133702,
    "ElementProperty_MagpieData_mode_GSvolume_pa": 0.013391862415947878,
    "ElementProperty_MagpieData_mean_MeltingT": 0.012490842380245922,
    "YangSolidSolution_Yang_omega": 0.012338279479249809,
    "ElementProperty_MagpieData_minimum_GSvolume_pa": 0.009773117875418878,
    "BondOrientationParameter_mean_BOOP_Q_l=5": 0.00908164647247884,
    "GaussianSymmFunc_mean_G2_80_0": 0.007643358538967406,
    "GaussianSymmFunc_std_dev_G2_80_0": 0.007004498004396401,
    "ElementFraction_Mn": 0.006836961906099362,
    "CrystalNNFingerprint_mean_octahedral_CN_6": 0.00676842399620243,
    "CrystalNNFingerprint_mean_body-centered_cubic_CN_8": 0.0062545128842453925,
    "StructuralHeterogeneity_mean_absolute_deviation_in_relative_bond_length": 0.0061292756913971696,
    "AtomicOrbitals_HOMO_energy": 0.005828723097581213,
    "ElementProperty_MagpieData_mode_MeltingT": 0.005666574421194084,
    "ElementProperty_MagpieData_mean_NpValence": 0.005544988219271931,
    "ElementProperty_MagpieData_maximum_Number": 0.005412588842311252,
    "BondOrientationParameter_mean_BOOP_Q_l=1": 0.0045512841337945874,
    "ElementProperty_MagpieData_maximum_Electronegativity": 0.00446683521675885,
    "ElementProperty_MagpieData_maximum_MeltingT": 0.0042916085578937006,
    "StructuralHeterogeneity_maximum_neighbor_distance_variation": 0.004225882025424471,
    "DensityFeatures_packing_fraction": 0.003927374501435387,
    "ElementProperty_MagpieData_mean_SpaceGroupNumber": 0.00391887093238992,
    "AverageBondLength_std_dev_Average_bond_length": 0.003871702358385144,
    "ElementProperty_MagpieData_mean_NpUnfilled": 0.0038551281193698276,
    "MEGNet_OFMEncoded_v1_33": 0.003729668881129157,
    "CrystalNNFingerprint_mean_wt_CN_1": 0.003718133628658844,
    "ElementProperty_MagpieData_maximum_MendeleevNumber": 0.003644840874029222,
    "TMetalFraction_transition_metal_fraction": 0.0036447258050981003,
    "ElementProperty_MagpieData_mean_Column": 0.0035108876353222005,
    "CrystalNNFingerprint_mean_wt_CN_6": 0.003450529171970061
}