{
    "ElementProperty_MagpieData_mean_MendeleevNumber": 0.032557150354811736,
    "ElementProperty_MagpieData_range_MeltingT": 0.02492694428819764,
    "ElementProperty_MagpieData_avg_dev_Column": 0.018511144252635364,
    "ElementProperty_MagpieData_mean_MeltingT": 0.018346377699974086,
    "ElementProperty_MagpieData_maximum_CovalentRadius": 0.017316458240871472,
    "ElementProperty_MagpieData_mean_NpUnfilled": 0.016925587081444645,
    "ElementFraction_O": 0.016684550919205777,
    "BondOrientationParameter_mean_BOOP_Q_l=6": 0.015353277052075462,
    "GaussianSymmFunc_mean_G2_20_0": 0.014828879871279649,
    "MEGNet_OFMEncoded_v1_18": 0.013559694624710931,
    "VoronoiFingerprint_mean_Voro_vol_maximum": 0.012934175825466809,
    "Stoichiometry_10-norm": 0.012730247462686436,
    "VoronoiFingerprint_mean_Voro_vol_std_dev": 0.012227361361066669,
    "ElementProperty_MagpieData_mean_CovalentRadius": 0.012188764286465318,
    "ElementProperty_MagpieData_mode_GSvolume_pa": 0.01218161025074723,
    "CrystalNNFingerprint_mean_q6_CN_12": 0.011657608478819971,
    "ElementProperty_MagpieData_mean_Column": 0.011552756402109609,
    "CrystalNNFingerprint_mean_bent_150_degrees_CN_2": 0.011355042942373956,
    "BondOrientationParameter_mean_BOOP_Q_l=8": 0.011001254684875419,
    "OPSiteFingerprint_mean_pentagonal_pyramidal_CN_6": 0.010906982100429681,
    "TMetalFraction_transition_metal_fraction": 0.010449178278741969,
    "ElementProperty_MagpieData_range_Column": 0.010134980372155189,
    "BondOrientationParameter_mean_BOOP_Q_l=1": 0.010065770152847387,
    "ElectronegativityDiff_mean_EN_difference": 0.009745226688894194,
    "ElementProperty_MagpieData_avg_dev_NpUnfilled": 0.008747550473124364,
    "ElementProperty_MagpieData_avg_dev_NUnfilled": 0.008579812028284693,
    "ElementProperty_MagpieData_mean_NpValence": 0.008470186066603484,
    "BondFractions_Mn_-_O_bond_frac_": 0.0081982961818316,
    "ElementProperty_MagpieData_range_CovalentRadius": 0.007809587112149718,
    "ElementProperty_MagpieData_avg_dev_CovalentRadius": 0.007796415789110135
}