{
    "GaussianSymmFunc_mean_G2_20_0": 0.0014711873153184355,
    "GeneralizedRDF_mean_Gaussian_center=1_0_width=1_0": 0.0011992839635682508,
    "ElementProperty_MagpieData_mode_NUnfilled": 0.0006961166645805455,
    "AGNIFingerPrint_mean_AGNI_eta=1_23e+00": 0.0005659146357205545,
    "AGNIFingerPrint_mean_AGNI_eta=1_88e+00": 0.0004598662519648626,
    "ElementProperty_MagpieData_maximum_MeltingT": 0.0003114090457347268,
    "OxidationStates_std_dev_oxidation_state": 0.0002829401090986694,
    "ElementFraction_O": 0.000266203819459752,
    "ElementProperty_MagpieData_mean_NpUnfilled": 0.00024276102182342396,
    "ElementProperty_MagpieData_mean_MeltingT": 0.0002025730194858533,
    "ElementProperty_MagpieData_mean_Electronegativity": 0.00015449086571315995,
    "GeneralizedRDF_mean_Gaussian_center=2_0_width=1_0": 0.00015412189935548598,
    "MEGNet_OFMEncoded_v1_87": 0.00014782446374572895,
    "ElementFraction_H": 0.00014272929004755829,
    "BandCenter_band_center": 0.00013385694582090745,
    "ElectronegativityDiff_minimum_EN_difference": 0.00013115943147167398,
    "ElementProperty_MagpieData_avg_dev_MeltingT": 0.00012997291303959557,
    "AverageBondLength_mean_Average_bond_length": 0.0001236785869623276,
    "ElementProperty_MagpieData_minimum_Number": 0.00011452215304719585,
    "ElementProperty_MagpieData_avg_dev_Column": 0.00011102831970948322,
    "TMetalFraction_transition_metal_fraction": 0.00010828975927610226,
    "MEGNet_OFMEncoded_v1_99": 0.00010018196371301126,
    "VoronoiFingerprint_mean_Voro_vol_maximum": 9.842228772607261e-05,
    "MEGNet_OFMEncoded_v1_16": 9.839717156893147e-05,
    "ElementFraction_Mn": 9.835936642544616e-05,
    "ElementProperty_MagpieData_minimum_Column": 9.806679296037631e-05,
    "ElementProperty_MagpieData_mean_SpaceGroupNumber": 9.314609098605832e-05,
    "ElementProperty_MagpieData_mean_Column": 9.106790772305932e-05,
    "ElementProperty_MagpieData_avg_dev_Electronegativity": 8.373731634962772e-05,
    "ElementProperty_MagpieData_minimum_SpaceGroupNumber": 8.318271732364218e-05
}