{
    "ElementProperty_MagpieData_mean_NdValence": 0.07529119891908012,
    "TMetalFraction_transition_metal_fraction": 0.0367304163737554,
    "ElementProperty_MagpieData_avg_dev_Column": 0.02890144477535987,
    "ElementProperty_MagpieData_range_Column": 0.024578239319238086,
    "YangSolidSolution_Yang_omega": 0.016192512452420496,
    "ValenceOrbital_frac_s_valence_electrons": 0.014814654088381892,
    "AGNIFingerPrint_std_dev_AGNI_eta=8_00e-01": 0.014773676448162496,
    "ElementProperty_MagpieData_mode_Number": 0.014315629122759842,
    "ElementProperty_MagpieData_avg_dev_Electronegativity": 0.01362646499848069,
    "Miedema_Miedema_deltaH_ss_min": 0.013420832891487515,
    "ElementProperty_MagpieData_maximum_NUnfilled": 0.013246687970201048,
    "ElementProperty_MagpieData_mean_NpValence": 0.0125017739373874,
    "ElementProperty_MagpieData_mean_MendeleevNumber": 0.011955220346740951,
    "ElementProperty_MagpieData_maximum_NValence": 0.0117592383174563,
    "ElementProperty_MagpieData_maximum_Number": 0.01146031380090805,
    "ElementProperty_MagpieData_mean_SpaceGroupNumber": 0.011351091008645472,
    "MaximumPackingEfficiency_max_packing_efficiency": 0.011086694329199367,
    "GaussianSymmFunc_mean_G2_80_0": 0.010230638159725781,
    "ElementProperty_MagpieData_range_MeltingT": 0.009818684371160824,
    "BondOrientationParameter_std_dev_BOOP_Q_l=4": 0.009566739087313453,
    "IonProperty_avg_ionic_char": 0.00921899566267153,
    "CrystalNNFingerprint_mean_wt_CN_6": 0.008521933146763269,
    "MEGNet_OFMEncoded_v1_113": 0.00848112579045831,
    "ElementProperty_MagpieData_mean_NpUnfilled": 0.008442088745434307,
    "AtomicOrbitals_LUMO_energy": 0.00802791292807494,
    "VoronoiFingerprint_std_dev_Voro_dist_mean": 0.007975332197179772,
    "BondOrientationParameter_mean_BOOP_Q_l=10": 0.0074160441341115,
    "VoronoiFingerprint_mean_Symmetry_index_6": 0.007395204921746561,
    "ElementProperty_MagpieData_mean_Electronegativity": 0.007222357119135037,
    "ElementProperty_MagpieData_avg_dev_NdUnfilled": 0.00707733896383943
}