{
    "GeneralizedRDF_mean_Gaussian_center=3_0_width=1_0": 0.00028633468289624835,
    "BandCenter_band_center": 0.00013690481821710624,
    "GeneralizedRDF_mean_Gaussian_center=2_0_width=1_0": 0.00012471081465906407,
    "DensityFeatures_packing_fraction": 4.4743659180269744e-05,
    "VoronoiFingerprint_mean_Voro_vol_maximum": 3.649681491606213e-05,
    "AGNIFingerPrint_mean_AGNI_eta=1_60e+01": 3.421288382903291e-05,
    "ElementProperty_MagpieData_mean_Column": 3.376844459488626e-05,
    "ElementProperty_MagpieData_mean_NUnfilled": 3.307644299076992e-05,
    "ElementProperty_MagpieData_mean_Electronegativity": 3.250295847423826e-05,
    "ElectronegativityDiff_minimum_EN_difference": 3.200572656945742e-05,
    "GeneralizedRDF_mean_Gaussian_center=5_0_width=1_0": 2.6577735975922275e-05,
    "ElementProperty_MagpieData_mean_MendeleevNumber": 2.486023994481974e-05,
    "ElementProperty_MagpieData_avg_dev_NdValence": 2.265695866380687e-05,
    "TMetalFraction_transition_metal_fraction": 2.1888341645980398e-05,
    "OPSiteFingerprint_std_dev_tetrahedral_CN_4": 2.0399338443219965e-05,
    "VoronoiFingerprint_mean_Voro_dist_mean": 1.8403844088040152e-05,
    "BondOrientationParameter_mean_BOOP_Q_l=2": 1.734169399279114e-05,
    "VoronoiFingerprint_mean_Voro_dist_maximum": 1.7013509108568977e-05,
    "ElementProperty_MagpieData_maximum_NUnfilled": 1.698427366513917e-05,
    "ElementProperty_MagpieData_avg_dev_NUnfilled": 1.6303911839668953e-05,
    "ElectronegativityDiff_mean_EN_difference": 1.587517993823621e-05,
    "ElementProperty_MagpieData_mode_MendeleevNumber": 1.4891594989879862e-05,
    "CrystalNNFingerprint_mean_tetrahedral_CN_4": 1.3327745758244002e-05,
    "MaximumPackingEfficiency_max_packing_efficiency": 1.3235239173868012e-05,
    "ElementProperty_MagpieData_avg_dev_MendeleevNumber": 1.2932846747237308e-05,
    "ElementProperty_MagpieData_mean_CovalentRadius": 1.1914583229433236e-05,
    "CrystalNNFingerprint_mean_wt_CN_2": 1.0981594845959865e-05,
    "ElementProperty_MagpieData_mean_NpValence": 1.0728904744728094e-05,
    "ElementProperty_MagpieData_mean_MeltingT": 1.057855751427981e-05,
    "AverageBondLength_mean_Average_bond_length": 1.0540710966680574e-05
}