{
    "GeneralizedRDF_mean_Gaussian_center=3_0_width=1_0": 0.000913473348062595,
    "BandCenter_band_center": 0.000406746598545089,
    "GeneralizedRDF_mean_Gaussian_center=2_0_width=1_0": 0.00037414202100862675,
    "ElementProperty_MagpieData_mean_Electronegativity": 0.00013399168225692725,
    "DensityFeatures_packing_fraction": 0.00012310861834233773,
    "ElementProperty_MagpieData_mean_Column": 0.00011248045499764318,
    "ElementProperty_MagpieData_mean_NUnfilled": 0.00010588149969392289,
    "VoronoiFingerprint_mean_Voro_vol_maximum": 8.902453994157873e-05,
    "GeneralizedRDF_mean_Gaussian_center=5_0_width=1_0": 8.838694656315445e-05,
    "AGNIFingerPrint_mean_AGNI_eta=1_60e+01": 8.361565706316017e-05,
    "ElementProperty_MagpieData_avg_dev_NdValence": 8.085258671612065e-05,
    "ElectronegativityDiff_minimum_EN_difference": 8.01633387776364e-05,
    "ElectronegativityDiff_mean_EN_difference": 6.75544711199286e-05,
    "BondOrientationParameter_mean_BOOP_Q_l=2": 6.67963347012935e-05,
    "TMetalFraction_transition_metal_fraction": 6.538311594042394e-05,
    "ElementProperty_MagpieData_mean_MendeleevNumber": 6.297348358794247e-05,
    "VoronoiFingerprint_mean_Voro_dist_mean": 5.661133216700975e-05,
    "MaximumPackingEfficiency_max_packing_efficiency": 5.135094238055868e-05,
    "ElementProperty_MagpieData_mean_MeltingT": 4.845279110030307e-05,
    "OPSiteFingerprint_std_dev_tetrahedral_CN_4": 4.8261277381957e-05,
    "ElementProperty_MagpieData_avg_dev_NUnfilled": 4.767991279863928e-05,
    "GaussianSymmFunc_mean_G2_0_05": 4.751313973953378e-05,
    "ElementProperty_MagpieData_mean_NpValence": 4.52888455493348e-05,
    "GeneralizedRDF_mean_Gaussian_center=4_0_width=1_0": 4.240258273746693e-05,
    "CrystalNNFingerprint_mean_wt_CN_2": 3.847316750980118e-05,
    "VoronoiFingerprint_mean_Voro_dist_maximum": 3.7961944382240796e-05,
    "ElementProperty_MagpieData_maximum_NUnfilled": 3.604614193391793e-05,
    "MEGNet_OFMEncoded_v1_172": 3.521351556840161e-05,
    "ElementProperty_MagpieData_avg_dev_MendeleevNumber": 3.520607000931646e-05,
    "ChemicalOrdering_mean_ordering_parameter_shell_1": 3.4939074308566596e-05
}