{
    "ElementProperty_MagpieData_mean_Column": 0.00039827031068029984,
    "GaussianSymmFunc_mean_G2_80_0": 0.0003143539245247378,
    "ElementProperty_MagpieData_maximum_CovalentRadius": 0.000284912026439579,
    "ElementProperty_MagpieData_mean_NpValence": 0.00025074416079752445,
    "ElementFraction_Ca": 0.0002127503457357331,
    "TMetalFraction_transition_metal_fraction": 0.00018636995532859816,
    "ElementProperty_MagpieData_maximum_SpaceGroupNumber": 0.00017265812741602168,
    "ElementFraction_Yb": 0.0001467270523179857,
    "ElementFraction_S": 0.00014641360729943136,
    "ElementProperty_MagpieData_mode_GSbandgap": 0.00013806195862913498,
    "ElementFraction_In": 0.00012927186178655415,
    "ElementProperty_MagpieData_mode_CovalentRadius": 0.0001256903821597306,
    "ElementProperty_MagpieData_maximum_Column": 0.0001156839116257957,
    "ElementProperty_MagpieData_mean_GSmagmom": 0.00011249883708768215,
    "ElementFraction_Au": 0.00010305812177763306,
    "ElementProperty_MagpieData_avg_dev_CovalentRadius": 9.49447583019162e-05,
    "ElementProperty_MagpieData_minimum_NUnfilled": 9.485499712556924e-05,
    "ElementFraction_Y": 9.265693998126946e-05,
    "ElementProperty_MagpieData_mean_CovalentRadius": 9.21081380284359e-05,
    "ElementProperty_MagpieData_mode_GSvolume_pa": 8.997922800384771e-05,
    "ElementProperty_MagpieData_mode_SpaceGroupNumber": 8.588906273217406e-05,
    "ElementProperty_MagpieData_maximum_MendeleevNumber": 8.143248099213314e-05,
    "ElementProperty_MagpieData_mode_Column": 8.067329493849178e-05,
    "ElementFraction_Ni": 8.052589370824407e-05,
    "ElementFraction_F": 7.995235051080432e-05,
    "MEGNet_OFMEncoded_v1_5": 7.510850823180842e-05,
    "ElementProperty_MagpieData_range_CovalentRadius": 7.190032230803584e-05,
    "ElementProperty_MagpieData_maximum_GSbandgap": 6.889363831852525e-05,
    "ElementProperty_MagpieData_maximum_MeltingT": 6.721493172705682e-05,
    "ElementProperty_MagpieData_minimum_MendeleevNumber": 6.573060028061799e-05
}