{
    "GeneralizedRDF_mean_Gaussian_center=1_0_width=1_0": 0.0014268680016485573,
    "GaussianSymmFunc_mean_G2_20_0": 0.0014075428148980992,
    "ElementProperty_MagpieData_mode_NUnfilled": 0.0009999096116241916,
    "AGNIFingerPrint_mean_AGNI_eta=1_23e+00": 0.0005734868677328672,
    "ElementProperty_MagpieData_maximum_MeltingT": 0.00040317374440816385,
    "ElementFraction_H": 0.00024487501215752176,
    "OxidationStates_std_dev_oxidation_state": 0.00023703605787242095,
    "ElementProperty_MagpieData_mean_NpUnfilled": 0.0002369396247140921,
    "ElementFraction_O": 0.00022404689466220352,
    "AGNIFingerPrint_mean_AGNI_eta=1_88e+00": 0.00021245541390706627,
    "GeneralizedRDF_mean_Gaussian_center=2_0_width=1_0": 0.00020508443038002891,
    "ElementProperty_MagpieData_mean_MeltingT": 0.00019120331233289336,
    "MEGNet_OFMEncoded_v1_87": 0.0001676452126881664,
    "ElementProperty_MagpieData_minimum_Column": 0.00016307752163806805,
    "GeneralizedRDF_mean_Gaussian_center=5_0_width=1_0": 0.00014982628364477,
    "ElementProperty_MagpieData_minimum_CovalentRadius": 0.0001495303534896458,
    "ElectronegativityDiff_minimum_EN_difference": 0.00014925737812052504,
    "ElementProperty_MagpieData_mean_Electronegativity": 0.00014047991515140157,
    "MEGNet_OFMEncoded_v1_99": 0.0001326291471559451,
    "GeneralizedRDF_mean_Gaussian_center=0_0_width=1_0": 0.00012730749999285298,
    "GeneralizedRDF_mean_Gaussian_center=8_0_width=1_0": 0.0001241010534069485,
    "ElementProperty_MagpieData_avg_dev_Column": 0.0001195114937788493,
    "ElementProperty_MagpieData_avg_dev_Electronegativity": 0.00011300652120544548,
    "MEGNet_OFMEncoded_v1_15": 0.00010516304793015272,
    "ElementProperty_MagpieData_mean_GSbandgap": 9.656123698159883e-05,
    "TMetalFraction_transition_metal_fraction": 9.296560833666932e-05,
    "GeneralizedRDF_mean_Gaussian_center=9_0_width=1_0": 9.294362967437757e-05,
    "MEGNet_OFMEncoded_v1_6": 8.847736187738986e-05,
    "ElementProperty_MagpieData_mean_NdValence": 8.456530821256208e-05,
    "AGNIFingerPrint_std_dev_AGNI_dir=z_eta=8_00e-01": 8.451039958890269e-05
}