{
    "BondOrientationParameter_mean_BOOP_Q_l=3": 0.01065887323543274,
    "AGNIFingerPrint_mean_AGNI_eta=1_23e+00": 0.009918097611918399,
    "OPSiteFingerprint_std_dev_tetrahedral_CN_4": 0.009901012330696325,
    "AtomicOrbitals_HOMO_energy": 0.009114204218057113,
    "ElementProperty_MagpieData_minimum_Number": 0.008973810713623742,
    "GeneralizedRDF_mean_Gaussian_center=0_0_width=1_0": 0.008344401313161965,
    "VoronoiFingerprint_mean_Voro_dist_minimum": 0.007724915509749853,
    "ElementProperty_MagpieData_mean_NUnfilled": 0.007025456259913897,
    "OPSiteFingerprint_std_dev_square_co-planar_CN_4": 0.006907464582392799,
    "AtomicOrbitals_HOMO_element": 0.006684535353181944,
    "CrystalNNFingerprint_mean_tetrahedral_CN_4": 0.006679375315999491,
    "ElementProperty_MagpieData_mode_Column": 0.0061411400435393984,
    "OxidationStates_std_dev_oxidation_state": 0.005971508496307099,
    "ElementProperty_MagpieData_mean_NpUnfilled": 0.005139373086877313,
    "ElementProperty_MagpieData_maximum_MendeleevNumber": 0.005093700310524103,
    "CoordinationNumber_std_dev_CN_VoronoiNN": 0.004993179060251838,
    "ElementProperty_MagpieData_minimum_MendeleevNumber": 0.0048845971012728895,
    "BondOrientationParameter_std_dev_BOOP_Q_l=2": 0.004824531020844701,
    "ElementProperty_MagpieData_minimum_GSvolume_pa": 0.004684380258768019,
    "BondOrientationParameter_mean_BOOP_Q_l=10": 0.004641898624936269,
    "ElementProperty_MagpieData_avg_dev_CovalentRadius": 0.004580354636690613,
    "ElementProperty_MagpieData_mode_MendeleevNumber": 0.00454862344259941,
    "ElementProperty_MagpieData_mean_Electronegativity": 0.004140092889940913,
    "AverageBondLength_mean_Average_bond_length": 0.004039591190669399,
    "MEGNet_OFMEncoded_v1_147": 0.004002804610989645,
    "DensityFeatures_density": 0.003906364114145524,
    "MEGNet_OFMEncoded_v1_118": 0.0038662897074389314,
    "GaussianSymmFunc_mean_G2_20_0": 0.0037325530727665744,
    "ElementProperty_MagpieData_mean_MeltingT": 0.003690889481251028,
    "ElementProperty_MagpieData_mode_Electronegativity": 0.0036897408734346392
}