{
    "ElementFraction_S": 0.0008346653921796993,
    "ElementProperty_MagpieData_mode_Number": 0.0006280495687362123,
    "ElementProperty_MagpieData_mean_NpValence": 0.0006247926525560314,
    "GaussianSymmFunc_mean_G2_80_0": 0.00045230625401991115,
    "ElementFraction_Ca": 0.0004474856659266472,
    "ElementProperty_MagpieData_mode_CovalentRadius": 0.00041234771844733946,
    "TMetalFraction_transition_metal_fraction": 0.000397863914174202,
    "ElementProperty_MagpieData_mean_Column": 0.0003800651929343534,
    "ElementProperty_MagpieData_maximum_SpaceGroupNumber": 0.0003672295331231934,
    "ElementFraction_Yb": 0.00031629838180519696,
    "ElementFraction_In": 0.0003009699528940206,
    "ElementProperty_MagpieData_range_CovalentRadius": 0.00028227584307045065,
    "ElementProperty_MagpieData_minimum_NUnfilled": 0.0002653455118881945,
    "ElementProperty_MagpieData_maximum_Column": 0.0002643032055243887,
    "ElementProperty_MagpieData_maximum_CovalentRadius": 0.0002639414165651562,
    "ElementProperty_MagpieData_mean_GSbandgap": 0.00024686718467748625,
    "ElementProperty_MagpieData_avg_dev_CovalentRadius": 0.00023769732942943464,
    "YangSolidSolution_Yang_delta": 0.00023545998791631555,
    "ElementProperty_MagpieData_minimum_NValence": 0.00021744433031942588,
    "ElementFraction_Y": 0.0002163028204042351,
    "ElementProperty_MagpieData_mean_GSmagmom": 0.00021489290861200638,
    "ElementFraction_Ni": 0.0001987870791458407,
    "MEGNet_OFMEncoded_v1_93": 0.00019566213734317154,
    "GeneralizedRDF_mean_Gaussian_center=0_0_width=1_0": 0.00019487440039294375,
    "ElementFraction_Au": 0.00019464998488983654,
    "ElementFraction_O": 0.00019088999499919157,
    "ElementFraction_K": 0.00018568624997899699,
    "ElementProperty_MagpieData_minimum_CovalentRadius": 0.0001802490474462849,
    "ElementProperty_MagpieData_avg_dev_Column": 0.00017898821838994547,
    "MEGNet_OFMEncoded_v1_24": 0.00017743814061343838
}