{
    "ElementProperty_MagpieData_maximum_MendeleevNumber": 6.71960615845438,
    "ElementProperty_MagpieData_mean_NpValence": 6.2380239069344565,
    "ElementProperty_MagpieData_mode_GSvolume_pa": 2.686066976795088,
    "ElementProperty_MagpieData_minimum_Number": 1.6501245253593342,
    "ElementProperty_MagpieData_mean_AtomicWeight": 0.8307181100855059,
    "ElementProperty_MagpieData_mode_Number": 0.8207214775305856,
    "ValenceOrbital_frac_p_valence_electrons": 0.8152479944574273,
    "ElementProperty_MagpieData_avg_dev_NpValence": 0.7628765726062084,
    "ElementProperty_MagpieData_mean_GSmagmom": 0.6679646409185314,
    "OxidationStates_std_dev_oxidation_state": 0.6420396588914514,
    "DensityFeatures_packing_fraction": 0.6397488060848775,
    "ElementProperty_MagpieData_mean_NpUnfilled": 0.6209210250876964,
    "ElementProperty_MagpieData_maximum_Number": 0.5905087718695554,
    "GeneralizedRDF_mean_Gaussian_center=7_0_width=1_0": 0.5843120536337233,
    "ElementProperty_MagpieData_minimum_GSvolume_pa": 0.5805243963357123,
    "ElementProperty_MagpieData_maximum_Electronegativity": 0.5760436711733737,
    "ElementProperty_MagpieData_mode_MendeleevNumber": 0.5366771204067657,
    "AverageBondLength_mean_Average_bond_length": 0.49868008935783525,
    "GeneralizedRDF_mean_Gaussian_center=3_0_width=1_0": 0.4745702682913965,
    "ElementProperty_MagpieData_avg_dev_Row": 0.45568636524208583,
    "ElementProperty_MagpieData_mean_GSbandgap": 0.4395804269623771,
    "ElementFraction_Al": 0.43457037439498325,
    "GeneralizedRDF_mean_Gaussian_center=2_0_width=1_0": 0.43106553584705853,
    "ElementProperty_MagpieData_avg_dev_GSbandgap": 0.425197996128658,
    "MEGNet_OFMEncoded_v1_119": 0.41747523863472463,
    "ElementFraction_P": 0.41384414813700365,
    "ElementFraction_Cd": 0.40620507133789896,
    "ElementProperty_MagpieData_maximum_GSbandgap": 0.39099876013984936,
    "ElementProperty_MagpieData_mean_GSvolume_pa": 0.36359583144911745,
    "ElementProperty_MagpieData_maximum_CovalentRadius": 0.3484545461415463
}