{
    "ElementProperty_MagpieData_mean_MeltingT": 0.1392649847134648,
    "MaximumPackingEfficiency_max_packing_efficiency": 0.06954723510848566,
    "GeneralizedRDF_mean_Gaussian_center=4_0_width=1_0": 0.053253727342239966,
    "DensityFeatures_packing_fraction": 0.050482634643470116,
    "GeneralizedRDF_mean_Gaussian_center=3_0_width=1_0": 0.04428679802725376,
    "TMetalFraction_transition_metal_fraction": 0.04360931059394362,
    "GeneralizedRDF_mean_Gaussian_center=2_0_width=1_0": 0.043467725390265596,
    "ElementProperty_MagpieData_mode_GSvolume_pa": 0.043227772963600614,
    "ElementProperty_MagpieData_mean_NdUnfilled": 0.04092024660030827,
    "VoronoiFingerprint_mean_Voro_dist_maximum": 0.03862412184170951,
    "ElementProperty_MagpieData_avg_dev_Electronegativity": 0.03826654110873017,
    "OPSiteFingerprint_mean_sgl_bd_CN_1": 0.03634794252739926,
    "GeneralizedRDF_mean_Gaussian_center=5_0_width=1_0": 0.02982815559521389,
    "ElementProperty_MagpieData_avg_dev_MeltingT": 0.025949025049835407,
    "VoronoiFingerprint_mean_Voro_dist_mean": 0.023178504787915406,
    "CrystalNNFingerprint_mean_wt_CN_1": 0.023003264068731457,
    "ElementProperty_MagpieData_avg_dev_Column": 0.022996509895261696,
    "GlobalSymmetryFeatures_spacegroup_num": 0.021472574042610194,
    "AtomicOrbitals_gap_AO": 0.020244929490266156,
    "ElectronegativityDiff_mean_EN_difference": 0.019700986065882144,
    "ElementProperty_MagpieData_mode_MendeleevNumber": 0.019655408047850743,
    "ElementProperty_MagpieData_mode_NUnfilled": 0.018900296329810953,
    "ElectronegativityDiff_minimum_EN_difference": 0.017341516676374756,
    "YangSolidSolution_Yang_delta": 0.01654833607836076,
    "ElementProperty_MagpieData_avg_dev_CovalentRadius": 0.016106362128937207,
    "ElementProperty_MagpieData_avg_dev_NUnfilled": 0.01589209736708974,
    "ElementProperty_MagpieData_mean_GSmagmom": 0.01520776092359537,
    "ElementProperty_MagpieData_mean_GSbandgap": 0.015063278668946484,
    "AverageBondLength_mean_Average_bond_length": 0.014849128219905462,
    "GaussianSymmFunc_mean_G2_80_0": 0.014601679565155694
}