{
    "ElementProperty_MagpieData_maximum_CovalentRadius": 0.8527496396591793,
    "ElementProperty_MagpieData_mean_CovalentRadius": 0.5913469460866136,
    "ElementProperty_MagpieData_avg_dev_CovalentRadius": 0.515812230281387,
    "ElementProperty_MagpieData_mode_CovalentRadius": 0.5059788472909462,
    "ElementProperty_MagpieData_mean_Column": 0.4926572002872128,
    "ElementProperty_MagpieData_mode_GSvolume_pa": 0.44013432580626755,
    "ElementProperty_MagpieData_minimum_Electronegativity": 0.3749803398001147,
    "ElementProperty_MagpieData_minimum_CovalentRadius": 0.3674018380281921,
    "DensityFeatures_packing_fraction": 0.32089514500296784,
    "ElementProperty_MagpieData_mean_Electronegativity": 0.2809097317232766,
    "ElementProperty_MagpieData_maximum_MendeleevNumber": 0.2766105143925911,
    "ElementProperty_MagpieData_mean_NsValence": 0.23670823105290253,
    "ElementProperty_MagpieData_mean_MendeleevNumber": 0.22858854797483505,
    "ElementProperty_MagpieData_maximum_SpaceGroupNumber": 0.22557411652172346,
    "ElementProperty_MagpieData_mode_Electronegativity": 0.20026135469160297,
    "ElementProperty_MagpieData_minimum_SpaceGroupNumber": 0.19709460891189548,
    "ElementFraction_Y": 0.1941383388759455,
    "ElementProperty_MagpieData_maximum_Electronegativity": 0.18557415254500353,
    "ElementProperty_MagpieData_mode_Number": 0.18054891689754102,
    "ElementProperty_MagpieData_mean_NdValence": 0.17883501024200174,
    "ElementProperty_MagpieData_mode_SpaceGroupNumber": 0.14285900482864053,
    "ElementProperty_MagpieData_mean_GSbandgap": 0.13109504232416708,
    "MEGNet_OFMEncoded_v1_172": 0.13053005573275456,
    "ElementProperty_MagpieData_maximum_NdValence": 0.12555410301958306,
    "ElementFraction_Ca": 0.12480145611646326,
    "ElementFraction_Se": 0.11988506462530296,
    "ElementProperty_MagpieData_mean_MeltingT": 0.11910789742160496,
    "ElementProperty_MagpieData_mean_NfUnfilled": 0.11161554852541215,
    "MEGNet_OFMEncoded_v1_69": 0.10605003894274334,
    "ElementProperty_MagpieData_maximum_Number": 0.1033208228328454
}