{
    "ElementProperty_MagpieData_minimum_CovalentRadius": 0.4584417846465649,
    "ValenceOrbital_frac_d_valence_electrons": 0.3062064796065197,
    "TMetalFraction_transition_metal_fraction": 0.23629849169715156,
    "ElementProperty_MagpieData_maximum_MeltingT": 0.21981357630805023,
    "CrystalNNFingerprint_mean_tetrahedral_CN_4": 0.1759390874049344,
    "ElementProperty_MagpieData_avg_dev_Electronegativity": 0.16233457344302954,
    "ElectronegativityDiff_minimum_EN_difference": 0.14359855008275618,
    "ElectronegativityDiff_mean_EN_difference": 0.1276294047937775,
    "AverageBondLength_mean_Average_bond_length": 0.09749075310971558,
    "ElementProperty_MagpieData_avg_dev_NpValence": 0.09097211184033205,
    "ElementProperty_MagpieData_maximum_CovalentRadius": 0.08678308142524156,
    "MEGNet_OFMEncoded_v1_79": 0.07545202732239349,
    "ElementProperty_MagpieData_maximum_NUnfilled": 0.07118096727600849,
    "BondFractions_O_-_V_bond_frac_": 0.06068460873343288,
    "MEGNet_OFMEncoded_v1_160": 0.06024902890855569,
    "GeneralizedRDF_mean_Gaussian_center=2_0_width=1_0": 0.05945522946950735,
    "ElementProperty_MagpieData_mean_Column": 0.05904422164927851,
    "ElementProperty_MagpieData_mean_MeltingT": 0.05731858658368969,
    "ElementProperty_MagpieData_mean_Electronegativity": 0.057107523986685164,
    "BondFractions_O_-_W_bond_frac_": 0.05641899868886409,
    "ElementProperty_MagpieData_avg_dev_Column": 0.05612072217820565,
    "MEGNet_OFMEncoded_v1_102": 0.05571802031362536,
    "CrystalNNFingerprint_mean_trigonal_planar_CN_3": 0.05545860712828687,
    "ElementProperty_MagpieData_maximum_NpUnfilled": 0.05529295879076531,
    "MEGNet_OFMEncoded_v1_33": 0.0552870097031149,
    "OxidationStates_std_dev_oxidation_state": 0.05493560107674527,
    "ElementProperty_MagpieData_avg_dev_MeltingT": 0.05338425019160135,
    "CoordinationNumber_std_dev_CN_VoronoiNN": 0.05154902106722108,
    "ElementProperty_MagpieData_range_CovalentRadius": 0.05020121894261633,
    "ElementProperty_MagpieData_mean_MendeleevNumber": 0.049478107484918495
}