{
    "ElementProperty_MagpieData_maximum_GSbandgap": 0.016460441516588604,
    "ElementFraction_Cu": 0.014479886718022658,
    "ElementProperty_MagpieData_mode_Electronegativity": 0.010410412927029296,
    "ElementProperty_MagpieData_mode_GSbandgap": 0.008932180410662533,
    "ElementFraction_Y": 0.007860523215999204,
    "ElementProperty_MagpieData_mode_CovalentRadius": 0.007386135696944366,
    "ElementProperty_MagpieData_maximum_Electronegativity": 0.0073174017140210275,
    "ElementFraction_Ni": 0.006937375793304224,
    "ElementFraction_Pd": 0.00644194406564596,
    "ElementFraction_O": 0.006352965918979584,
    "ElementFraction_Li": 0.006333366448887298,
    "ElementFraction_Co": 0.006210955698866705,
    "ElementFraction_Sr": 0.005599373248642765,
    "ElementProperty_MagpieData_mean_GSbandgap": 0.005210143519506526,
    "ElementFraction_Ti": 0.005166196569813623,
    "ElementFraction_Se": 0.005124548170223148,
    "ElementFraction_B": 0.004801762531247527,
    "ElementProperty_MagpieData_maximum_MeltingT": 0.004437079380716826,
    "ElementFraction_Ca": 0.004179718551581525,
    "ElementProperty_MagpieData_maximum_SpaceGroupNumber": 0.004140891973827709,
    "ElementProperty_MagpieData_mode_MeltingT": 0.004088417192848908,
    "MEGNet_OFMEncoded_v1_65": 0.0036948628204163344,
    "MEGNet_OFMEncoded_v1_13": 0.0036691694731898553,
    "ElementFraction_Cr": 0.0036537932973343575,
    "ElementProperty_MagpieData_minimum_GSvolume_pa": 0.0035961235513957807,
    "ElementProperty_MagpieData_range_CovalentRadius": 0.0035729680851007565,
    "ElementProperty_MagpieData_minimum_MendeleevNumber": 0.003386046468882011,
    "ElementFraction_F": 0.002745377320625849,
    "ElementProperty_MagpieData_mean_NsValence": 0.002709272137351663,
    "ElementFraction_Zn": 0.0025800729318761354
}