{
    "GeneralizedRDF_mean_Gaussian_center=3_0_width=1_0": 0.000846819986091683,
    "BandCenter_band_center": 0.0003808605057335844,
    "GeneralizedRDF_mean_Gaussian_center=2_0_width=1_0": 0.00032378271585316434,
    "DensityFeatures_packing_fraction": 0.00014798133338136518,
    "ElementProperty_MagpieData_mean_Column": 0.00011662866083461047,
    "ElementProperty_MagpieData_mean_MendeleevNumber": 0.00010946514816549768,
    "ElementProperty_MagpieData_mean_NUnfilled": 0.00010265936914648814,
    "AGNIFingerPrint_mean_AGNI_eta=1_60e+01": 9.168710562561235e-05,
    "ElementProperty_MagpieData_mean_NpValence": 8.820626292021182e-05,
    "ElectronegativityDiff_minimum_EN_difference": 8.390990621742705e-05,
    "GeneralizedRDF_mean_Gaussian_center=5_0_width=1_0": 8.257029053351511e-05,
    "VoronoiFingerprint_mean_Voro_vol_maximum": 8.008524463365328e-05,
    "ElementProperty_MagpieData_mean_Electronegativity": 7.895994276232806e-05,
    "ElementProperty_MagpieData_avg_dev_NdValence": 6.975232642080562e-05,
    "GaussianSymmFunc_mean_G2_0_05": 6.661425760866045e-05,
    "VoronoiFingerprint_mean_Voro_dist_mean": 5.9781748932391346e-05,
    "ElementProperty_MagpieData_avg_dev_NUnfilled": 5.792744071099091e-05,
    "BondOrientationParameter_mean_BOOP_Q_l=2": 5.433756897734519e-05,
    "ElectronegativityDiff_mean_EN_difference": 5.1903746505505924e-05,
    "OPSiteFingerprint_std_dev_tetrahedral_CN_4": 5.028188783683985e-05,
    "ElementProperty_MagpieData_mean_MeltingT": 4.7936600682098425e-05,
    "ElementProperty_MagpieData_mean_CovalentRadius": 4.707232555020707e-05,
    "ElementProperty_MagpieData_maximum_NUnfilled": 4.612341521653309e-05,
    "ElementProperty_MagpieData_avg_dev_MendeleevNumber": 4.5353633012906853e-05,
    "TMetalFraction_transition_metal_fraction": 4.354597007292773e-05,
    "CrystalNNFingerprint_mean_tetrahedral_CN_4": 3.728008016231179e-05,
    "CrystalNNFingerprint_mean_wt_CN_2": 3.557641699450485e-05,
    "ValenceOrbital_frac_d_valence_electrons": 3.2105636685207274e-05,
    "ElementProperty_MagpieData_mean_NdUnfilled": 2.925343974662671e-05,
    "OPSiteFingerprint_mean_tetrahedral_CN_4": 2.8975944626755882e-05
}