{
    "ElementProperty_MagpieData_mean_NUnfilled": 5.47402847472655,
    "ElementProperty_MagpieData_mode_MendeleevNumber": 3.0874240171929745,
    "ElementProperty_MagpieData_mode_NUnfilled": 2.98906675023663,
    "ElementProperty_MagpieData_minimum_MeltingT": 1.674536502025891,
    "ElementProperty_MagpieData_mode_Column": 1.4399273536394068,
    "ElementProperty_MagpieData_mode_Number": 1.3418654571526436,
    "ElementProperty_MagpieData_minimum_CovalentRadius": 1.1742768491176903,
    "ElementProperty_MagpieData_mode_CovalentRadius": 1.0691124840594524,
    "ElementProperty_MagpieData_minimum_NUnfilled": 1.0503086108299229,
    "ElementProperty_MagpieData_mean_Electronegativity": 1.0082711584822768,
    "ElementProperty_MagpieData_mean_NsValence": 0.994095513326161,
    "ElementProperty_MagpieData_mean_CovalentRadius": 0.9740456585969932,
    "ElementProperty_MagpieData_maximum_MeltingT": 0.8294159584590941,
    "ElementProperty_MagpieData_avg_dev_NdUnfilled": 0.7748116749545797,
    "ElementProperty_MagpieData_avg_dev_CovalentRadius": 0.7388493366273751,
    "ElementProperty_MagpieData_maximum_CovalentRadius": 0.7305788714958502,
    "ValenceOrbital_frac_d_valence_electrons": 0.6663377855179231,
    "TMetalFraction_transition_metal_fraction": 0.6483465974523179,
    "ElementProperty_MagpieData_maximum_NdValence": 0.6362516554895128,
    "ElementProperty_MagpieData_maximum_MendeleevNumber": 0.5907229676811919,
    "ElementProperty_MagpieData_avg_dev_Row": 0.5819127741207089,
    "ElementProperty_MagpieData_minimum_MendeleevNumber": 0.5137427675441252,
    "ElementFraction_Au": 0.492776626491843,
    "ElementProperty_MagpieData_avg_dev_Column": 0.4560596426071371,
    "ElementProperty_MagpieData_maximum_GSbandgap": 0.45348057125527597,
    "ElementProperty_MagpieData_mean_NpUnfilled": 0.4480284759894048,
    "ElementFraction_O": 0.4379125410256358,
    "ElementProperty_MagpieData_mean_NdValence": 0.40595678723974077,
    "ElementProperty_MagpieData_mean_NdUnfilled": 0.3994429584531163,
    "ElementProperty_MagpieData_mean_Column": 0.39097848266794505
}