{
    "TMetalFraction_transition_metal_fraction": 0.9501654944054416,
    "ElementProperty_MagpieData_mean_MeltingT": 0.4298964569539538,
    "DensityFeatures_density": 0.3710869490395343,
    "GeneralizedRDF_mean_Gaussian_center=2_0_width=1_0": 0.34810879950014945,
    "ElementProperty_MagpieData_mode_NUnfilled": 0.3070459730974413,
    "GaussianSymmFunc_mean_G4_0_005_1_0_1_0": 0.23230756610742284,
    "GeneralizedRDF_mean_Gaussian_center=3_0_width=1_0": 0.199007502100264,
    "ElementProperty_MagpieData_avg_dev_Electronegativity": 0.19354847990024748,
    "GeneralizedRDF_mean_Gaussian_center=9_0_width=1_0": 0.1736772585603504,
    "ElementProperty_MagpieData_minimum_NUnfilled": 0.17343346729377787,
    "ElementProperty_MagpieData_maximum_MeltingT": 0.16302242305354153,
    "GeneralizedRDF_mean_Gaussian_center=7_0_width=1_0": 0.16141542079373,
    "VoronoiFingerprint_mean_Voro_dist_mean": 0.15242432116418103,
    "OPSiteFingerprint_std_dev_tetrahedral_CN_4": 0.14913810111753795,
    "AtomicOrbitals_HOMO_energy": 0.14151767727177839,
    "ElementProperty_MagpieData_mean_NpValence": 0.14149708917708553,
    "ElementProperty_MagpieData_minimum_Electronegativity": 0.14044580261514927,
    "BondOrientationParameter_mean_BOOP_Q_l=2": 0.12126407329451826,
    "ElementProperty_MagpieData_avg_dev_GSvolume_pa": 0.11853234832107992,
    "OPSiteFingerprint_std_dev_square_co-planar_CN_4": 0.11562028157864021,
    "ElectronegativityDiff_mean_EN_difference": 0.10778389783913621,
    "CrystalNNFingerprint_mean_tetrahedral_CN_4": 0.10728828744287652,
    "AGNIFingerPrint_std_dev_AGNI_eta=1_23e+00": 0.1072025421891807,
    "BondOrientationParameter_mean_BOOP_Q_l=5": 0.10685301592698737,
    "ValenceOrbital_frac_p_valence_electrons": 0.10203952465981309,
    "GaussianSymmFunc_mean_G4_0_005_4_0_1_0": 0.09621919285313592,
    "ChemicalOrdering_mean_ordering_parameter_shell_2": 0.09600264764080602,
    "OPSiteFingerprint_mean_body-centered_cubic_CN_8": 0.0921663942120977,
    "ElementProperty_MagpieData_mode_MeltingT": 0.09201435644855688,
    "ElementProperty_MagpieData_mean_NdValence": 0.09174777609169754
}