{
    "TMetalFraction_transition_metal_fraction": 0.2659406930878304,
    "MaximumPackingEfficiency_max_packing_efficiency": 0.21104057896730452,
    "ElementProperty_MagpieData_mean_MendeleevNumber": 0.20981789623215166,
    "ElementProperty_MagpieData_maximum_Electronegativity": 0.19833041024372078,
    "BandCenter_band_center": 0.15795105608504506,
    "GeneralizedRDF_mean_Gaussian_center=2_0_width=1_0": 0.12054388867592722,
    "BondOrientationParameter_mean_BOOP_Q_l=1": 0.10750342772495837,
    "MEGNet_OFMEncoded_v1_102": 0.09300345701901822,
    "GaussianSymmFunc_mean_G2_80_0": 0.08554929575470123,
    "ElementFraction_P": 0.07290640934541526,
    "GeneralizedRDF_mean_Gaussian_center=3_0_width=1_0": 0.06591496941554298,
    "ElementProperty_MagpieData_maximum_NValence": 0.06569460552870483,
    "MEGNet_OFMEncoded_v1_94": 0.062600327326143,
    "AGNIFingerPrint_std_dev_AGNI_dir=x_eta=1_88e+00": 0.061241776081824045,
    "DensityFeatures_density": 0.058447220824731666,
    "ElementProperty_MagpieData_maximum_NdValence": 0.05754459200583641,
    "ElementProperty_MagpieData_mean_NUnfilled": 0.05387647816875472,
    "ElementProperty_MagpieData_avg_dev_NsValence": 0.04969129802306121,
    "ElementProperty_MagpieData_mode_NValence": 0.049019720759166586,
    "MEGNet_OFMEncoded_v1_79": 0.04727574112259665,
    "ElementProperty_MagpieData_mean_NpUnfilled": 0.04667156335873923,
    "ElementProperty_MagpieData_mean_NpValence": 0.046240134634169046,
    "ElementProperty_MagpieData_mean_Electronegativity": 0.04521192388385751,
    "YangSolidSolution_Yang_delta": 0.044629367121671794,
    "ValenceOrbital_frac_p_valence_electrons": 0.04450975289905812,
    "Stoichiometry_2-norm": 0.04201520201878967,
    "ElementProperty_MagpieData_maximum_MendeleevNumber": 0.04200538686401587,
    "DensityFeatures_packing_fraction": 0.04106073039040362,
    "AGNIFingerPrint_std_dev_AGNI_dir=y_eta=1_88e+00": 0.04043022329536331,
    "AGNIFingerPrint_std_dev_AGNI_dir=z_eta=1_88e+00": 0.04017543789723152
}