{
    "ElementProperty_MagpieData_mode_MeltingT": 0.00022286315952128573,
    "ElementFraction_Ca": 0.00021496782224002072,
    "ElementFraction_Yb": 0.00019275527792112784,
    "ElementFraction_Se": 0.00018504887199175348,
    "ElementFraction_F": 0.0001361884855794094,
    "ElementProperty_MagpieData_maximum_GSbandgap": 0.00010574896950278639,
    "ElementProperty_MagpieData_maximum_MendeleevNumber": 0.00010265174826940373,
    "ElementFraction_Au": 0.00010145954658224331,
    "ElementFraction_Mg": 9.67341454217272e-05,
    "ElementFraction_Pd": 8.983842053124668e-05,
    "ElementProperty_MagpieData_maximum_SpaceGroupNumber": 8.72277317101085e-05,
    "ElementFraction_Y": 8.659799646011303e-05,
    "ElementFraction_In": 8.374656954470101e-05,
    "ElementProperty_MagpieData_maximum_CovalentRadius": 7.903590424107181e-05,
    "ElementFraction_Co": 7.291628400470157e-05,
    "ElementProperty_MagpieData_minimum_MeltingT": 7.223591568551259e-05,
    "ElementFraction_Gd": 7.095001441412014e-05,
    "ElementFraction_K": 6.990056977045065e-05,
    "ElementProperty_MagpieData_mode_Number": 6.944928461673885e-05,
    "ElementProperty_MagpieData_maximum_NpUnfilled": 6.931480896747185e-05,
    "ElementFraction_Ni": 6.649851081054874e-05,
    "AGNIFingerPrint_mean_AGNI_eta=1_23e+00": 6.629971675746827e-05,
    "ElementFraction_Mn": 6.346474893148779e-05,
    "MEGNet_OFMEncoded_v1_93": 6.214250576715723e-05,
    "ElementProperty_MagpieData_mean_GSmagmom": 5.7750730462060015e-05,
    "ElementFraction_Nb": 5.362881962344829e-05,
    "MEGNet_OFMEncoded_v1_5": 5.097280509458077e-05,
    "ElementProperty_MagpieData_mode_GSvolume_pa": 4.887873590810302e-05,
    "ElementProperty_MagpieData_minimum_MendeleevNumber": 4.795465613266071e-05,
    "ElementFraction_P": 4.666611665852964e-05
}