{
    "AGNIFingerPrint_mean_AGNI_eta=1_88e+00": 0.03242325320685791,
    "ElementProperty_MagpieData_mode_MeltingT": 0.021774698957613546,
    "ElementFraction_P": 0.015400749845024885,
    "ElementFraction_Cu": 0.01472801412016087,
    "ElementProperty_MagpieData_mode_Number": 0.012678679719792323,
    "ElementProperty_MagpieData_minimum_MeltingT": 0.01249949871755213,
    "GaussianSymmFunc_mean_G2_20_0": 0.011245954769975563,
    "ElementFraction_Pd": 0.011146186915480995,
    "ElementFraction_Cr": 0.011143545269966302,
    "ElementProperty_MagpieData_maximum_MendeleevNumber": 0.009958956671841105,
    "GeneralizedRDF_mean_Gaussian_center=5_0_width=1_0": 0.009809849058943953,
    "ElementFraction_Ag": 0.008547446778288595,
    "ElementProperty_MagpieData_minimum_GSvolume_pa": 0.007941443512881723,
    "ElementProperty_MagpieData_mode_SpaceGroupNumber": 0.00781359370783858,
    "ElementProperty_MagpieData_mode_Electronegativity": 0.0068725539481165705,
    "ElementProperty_MagpieData_mode_NUnfilled": 0.006627598450406133,
    "ElementFraction_Br": 0.006445117655936576,
    "BandCenter_band_center": 0.006126753528226692,
    "ElementFraction_Al": 0.006113911918027227,
    "ElementProperty_MagpieData_mode_NValence": 0.005895391607558657,
    "ElementProperty_MagpieData_mean_Electronegativity": 0.005849830315095338,
    "ElementFraction_Cd": 0.005054617537956614,
    "ElementFraction_F": 0.004938501172050954,
    "GeneralizedRDF_mean_Gaussian_center=6_0_width=1_0": 0.004864031572745533,
    "ElementFraction_S": 0.004767707248371692,
    "ElementFraction_Ge": 0.004594238535299663,
    "ElementProperty_MagpieData_maximum_GSbandgap": 0.0045279408845187155,
    "ValenceOrbital_frac_d_valence_electrons": 0.004435328200578614,
    "ElementProperty_MagpieData_maximum_Number": 0.004394430763798909,
    "ElementProperty_MagpieData_avg_dev_GSvolume_pa": 0.00437787175892676
}