{
    "BondOrientationParameter_mean_BOOP_Q_l=2": 0.017720461841529492,
    "TMetalFraction_transition_metal_fraction": 0.013341628112284403,
    "AverageBondLength_std_dev_Average_bond_length": 0.011718394516462215,
    "GeneralizedRDF_std_dev_Gaussian_center=3_0_width=1_0": 0.011678533697652599,
    "ElementProperty_MagpieData_mode_NpUnfilled": 0.0103050995600706,
    "BondOrientationParameter_mean_BOOP_Q_l=9": 0.009818379859755658,
    "ElementProperty_MagpieData_mean_SpaceGroupNumber": 0.008162556990521607,
    "ElementProperty_MagpieData_maximum_MeltingT": 0.00773948726563506,
    "ChemicalOrdering_mean_ordering_parameter_shell_2": 0.007045064735219695,
    "OxidationStates_std_dev_oxidation_state": 0.0068565922879772175,
    "ElementProperty_MagpieData_mean_MendeleevNumber": 0.006786868651644149,
    "ElementProperty_MagpieData_avg_dev_MeltingT": 0.006611855446647813,
    "ElementProperty_MagpieData_mean_NpUnfilled": 0.006087249650534727,
    "BondOrientationParameter_mean_BOOP_Q_l=1": 0.00600506404204546,
    "ElementProperty_MagpieData_avg_dev_GSmagmom": 0.005978421004323659,
    "StructuralHeterogeneity_mean_neighbor_distance_variation": 0.0059782686551650395,
    "ChemicalOrdering_mean_ordering_parameter_shell_3": 0.0059579698026335885,
    "ElectronegativityDiff_maximum_EN_difference": 0.00585845105248041,
    "Stoichiometry_10-norm": 0.005829066150953911,
    "CrystalNNFingerprint_std_dev_trigonal_planar_CN_3": 0.005719576512636476,
    "OPSiteFingerprint_std_dev_bent_150_degrees_CN_2": 0.0056715956329242215,
    "ElementProperty_MagpieData_avg_dev_NpValence": 0.0056630026925068595,
    "BondFractions_Cu_-_O_bond_frac_": 0.005647322841418004,
    "AGNIFingerPrint_std_dev_AGNI_dir=y_eta=8_00e-01": 0.0055817086285029896,
    "ElementFraction_O": 0.0052436092303567786,
    "CrystalNNFingerprint_mean_wt_CN_2": 0.004923968899246707,
    "CrystalNNFingerprint_mean_octahedral_CN_6": 0.0049040523611343905,
    "AtomicOrbitals_HOMO_energy": 0.004814923608292926,
    "AGNIFingerPrint_std_dev_AGNI_dir=z_eta=1_88e+00": 0.004703819676656135,
    "AtomicOrbitals_LUMO_energy": 0.004523120079951287
}