{
    "ElementProperty_MagpieData_mean_NUnfilled": 0.05300211776005177,
    "ElementProperty_MagpieData_maximum_MeltingT": 0.02600996751991878,
    "GaussianSymmFunc_mean_G2_80_0": 0.01930425235188541,
    "MEGNet_OFMEncoded_v1_59": 0.019211574158706352,
    "ElementFraction_O": 0.01832190253808164,
    "ElementProperty_MagpieData_mean_NpUnfilled": 0.018232695311351837,
    "ElementProperty_MagpieData_mode_MeltingT": 0.015477417911661543,
    "ElementProperty_MagpieData_mean_NpValence": 0.015262561011883077,
    "ElementProperty_MagpieData_mean_NdUnfilled": 0.014581780416722069,
    "TMetalFraction_transition_metal_fraction": 0.014428273306533011,
    "YangSolidSolution_Yang_delta": 0.013211761612413714,
    "ElementProperty_MagpieData_maximum_Number": 0.012620086629711123,
    "ElementProperty_MagpieData_mean_MendeleevNumber": 0.0126104927845914,
    "OxidationStates_maximum_oxidation_state": 0.01217688479733286,
    "ElementProperty_MagpieData_avg_dev_NpUnfilled": 0.01136054339828785,
    "ElectronegativityDiff_minimum_EN_difference": 0.01129848800664171,
    "DensityFeatures_density": 0.010426675443080676,
    "ElementProperty_MagpieData_avg_dev_Electronegativity": 0.009470201379134522,
    "OxidationStates_minimum_oxidation_state": 0.009340286121820484,
    "BondOrientationParameter_std_dev_BOOP_Q_l=3": 0.009002138377825646,
    "OPSiteFingerprint_mean_tetrahedral_CN_4": 0.008943702742021347,
    "ElementProperty_MagpieData_maximum_Electronegativity": 0.008939721079410821,
    "ElectronegativityDiff_maximum_EN_difference": 0.008785728234722739,
    "MaximumPackingEfficiency_max_packing_efficiency": 0.008755103477292296,
    "ElementFraction_Fe": 0.008735232499193198,
    "ElementProperty_MagpieData_avg_dev_CovalentRadius": 0.008579758958075641,
    "AtomicOrbitals_HOMO_energy": 0.008571338435139375,
    "ElementProperty_MagpieData_mean_Column": 0.008522585633759315,
    "BondOrientationParameter_mean_BOOP_Q_l=4": 0.008434991827719946,
    "OxidationStates_std_dev_oxidation_state": 0.008386601722381834
}