{
    "GeneralizedRDF_mean_Gaussian_center=3_0_width=1_0": 0.003360910717841831,
    "GeneralizedRDF_mean_Gaussian_center=2_0_width=1_0": 0.0015376948082440841,
    "BandCenter_band_center": 0.0014648907626785249,
    "DensityFeatures_packing_fraction": 0.0006976272757814864,
    "ElementProperty_MagpieData_mean_MendeleevNumber": 0.0005496908133698519,
    "ElementProperty_MagpieData_mean_Column": 0.00048393066069211797,
    "ElementProperty_MagpieData_mean_NUnfilled": 0.0004038394884177441,
    "VoronoiFingerprint_mean_Voro_vol_maximum": 0.00033937584479124916,
    "GeneralizedRDF_mean_Gaussian_center=5_0_width=1_0": 0.0003380794904419913,
    "AGNIFingerPrint_mean_AGNI_eta=1_60e+01": 0.000316488138215121,
    "BondOrientationParameter_mean_BOOP_Q_l=2": 0.00029321845632320485,
    "ElectronegativityDiff_minimum_EN_difference": 0.00029240153542068524,
    "ElementProperty_MagpieData_mean_CovalentRadius": 0.00025726755691447394,
    "ElementProperty_MagpieData_avg_dev_NUnfilled": 0.00025334538824733736,
    "ElectronegativityDiff_mean_EN_difference": 0.0002531805364694438,
    "ElementProperty_MagpieData_mean_NpValence": 0.0002287024001527748,
    "TMetalFraction_transition_metal_fraction": 0.00022334806702990352,
    "ElementProperty_MagpieData_avg_dev_NdValence": 0.00021929383929432316,
    "OPSiteFingerprint_std_dev_tetrahedral_CN_4": 0.00018752142740689122,
    "VoronoiFingerprint_mean_Voro_dist_mean": 0.00018184150392563746,
    "VoronoiFingerprint_mean_Voro_dist_maximum": 0.0001739071053166404,
    "ElementProperty_MagpieData_maximum_NUnfilled": 0.00016979652277555868,
    "GeneralizedRDF_mean_Gaussian_center=4_0_width=1_0": 0.0001636429230885426,
    "OPSiteFingerprint_mean_tetrahedral_CN_4": 0.000163282523699507,
    "GaussianSymmFunc_mean_G2_0_05": 0.00016167358115154484,
    "ElementProperty_MagpieData_mean_MeltingT": 0.00015719030986894222,
    "CrystalNNFingerprint_mean_tetrahedral_CN_4": 0.00015626808130573508,
    "ElementProperty_MagpieData_avg_dev_MendeleevNumber": 0.00015070108763416774,
    "MEGNet_OFMEncoded_v1_93": 0.0001470273107134814,
    "ElementProperty_MagpieData_maximum_MendeleevNumber": 0.00013345304839698332
}