{
    "DensityFeatures_density": 0.02056606298256717,
    "ElementProperty_MagpieData_maximum_GSbandgap": 0.01841505708490882,
    "ElementProperty_MagpieData_minimum_SpaceGroupNumber": 0.018001998766089797,
    "ElementProperty_MagpieData_mean_NfUnfilled": 0.01608434405896641,
    "ElementFraction_Ca": 0.013815078999817997,
    "ElementProperty_MagpieData_mode_SpaceGroupNumber": 0.013475527436394772,
    "ElementProperty_MagpieData_maximum_CovalentRadius": 0.013179122554697635,
    "ElementFraction_In": 0.011056277810347459,
    "ElementProperty_MagpieData_maximum_Number": 0.01061664154523356,
    "ElementProperty_MagpieData_maximum_MeltingT": 0.010538588766696791,
    "MEGNet_OFMEncoded_v1_48": 0.010302844427632362,
    "MEGNet_OFMEncoded_v1_116": 0.00919020646601576,
    "ElementProperty_MagpieData_maximum_NValence": 0.00910687960759411,
    "ElementProperty_MagpieData_mean_GSmagmom": 0.009029368417776828,
    "ElementProperty_MagpieData_mode_MeltingT": 0.008961626057682363,
    "ElementFraction_Si": 0.007526143242602612,
    "ElementProperty_MagpieData_minimum_MendeleevNumber": 0.007415055190695625,
    "ElementProperty_MagpieData_mean_GSbandgap": 0.006961515622863193,
    "ElementFraction_Al": 0.006885697939859009,
    "ElementProperty_MagpieData_mode_Number": 0.0066451416389467785,
    "ElementFraction_Ni": 0.006499183769552936,
    "ElementFraction_Sn": 0.006328163885722998,
    "MEGNet_OFMEncoded_v1_69": 0.005827842101654828,
    "ElementProperty_MagpieData_mode_GSvolume_pa": 0.00565989889016037,
    "ElementProperty_MagpieData_mode_GSbandgap": 0.005639242626475229,
    "ElementProperty_MagpieData_minimum_GSvolume_pa": 0.0054420906878178705,
    "ElementProperty_MagpieData_range_NfUnfilled": 0.005420990826168167,
    "ElementProperty_MagpieData_minimum_NValence": 0.00538598008910782,
    "ElementProperty_MagpieData_mode_CovalentRadius": 0.005012516782649456,
    "ElementProperty_MagpieData_mean_CovalentRadius": 0.004989808002507929
}