{
    "ElementProperty_MagpieData_maximum_GSbandgap": 0.023599098713049018,
    "ElementProperty_MagpieData_mode_MeltingT": 0.013365975844620704,
    "ElementProperty_MagpieData_mode_GSbandgap": 0.009595352387916327,
    "ElementFraction_Pd": 0.008486614743642786,
    "ElementProperty_MagpieData_mean_NpUnfilled": 0.007645513758798765,
    "ElementFraction_Ta": 0.006996058428234471,
    "ElementProperty_MagpieData_maximum_NpUnfilled": 0.005478198470213536,
    "ElementProperty_MagpieData_minimum_MeltingT": 0.005205165331692023,
    "ElementProperty_MagpieData_minimum_Electronegativity": 0.004883583165841305,
    "TMetalFraction_transition_metal_fraction": 0.004855089267664751,
    "ElementFraction_Sb": 0.0046389051726723595,
    "AtomicOrbitals_LUMO_energy": 0.004183055478467539,
    "ElementProperty_MagpieData_maximum_NValence": 0.004043784027866308,
    "ElementFraction_N": 0.003917789374397496,
    "ElementFraction_Al": 0.00380450295166007,
    "ElementProperty_MagpieData_mode_GSvolume_pa": 0.00378237664479122,
    "ElementProperty_MagpieData_mean_GSbandgap": 0.0037367908164097456,
    "ElementFraction_Se": 0.0036354032523481347,
    "ElementProperty_MagpieData_mode_Electronegativity": 0.0036280801875292956,
    "ElementFraction_Li": 0.003146017705415307,
    "MEGNet_OFMEncoded_v1_91": 0.0029736661906523813,
    "ElementProperty_MagpieData_maximum_MendeleevNumber": 0.0029010904583144704,
    "ElementProperty_MagpieData_maximum_CovalentRadius": 0.00282778201095383,
    "ElementFraction_Cl": 0.002740761504948306,
    "ElementProperty_MagpieData_maximum_MeltingT": 0.002701789019834875,
    "AtomicOrbitals_HOMO_energy": 0.002543643793682348,
    "ElementFraction_Sr": 0.002442442203432443,
    "ElementProperty_MagpieData_mean_NsUnfilled": 0.0024095566431510257,
    "ElementProperty_MagpieData_mode_MendeleevNumber": 0.002313056060461174,
    "OxidationStates_std_dev_oxidation_state": 0.0022661137433107347
}