{
    "ElementFraction_F": 0.026914342978657278,
    "ElementFraction_S": 0.021248992298554686,
    "TMetalFraction_transition_metal_fraction": 0.019435116071354352,
    "ElementProperty_MagpieData_maximum_MeltingT": 0.015409829579505145,
    "ElementProperty_MagpieData_mean_NsValence": 0.012304277776776043,
    "ElementFraction_Ba": 0.012288984076332833,
    "ElementProperty_MagpieData_mean_GSmagmom": 0.0122550982617197,
    "ElementFraction_P": 0.008350604418511069,
    "ElementProperty_MagpieData_mode_MeltingT": 0.008209304723671325,
    "ElementProperty_MagpieData_minimum_MendeleevNumber": 0.008034292740951968,
    "ElementProperty_MagpieData_maximum_NUnfilled": 0.0069499472974295816,
    "MEGNet_OFMEncoded_v1_104": 0.006448208677885176,
    "ElementProperty_MagpieData_mean_GSbandgap": 0.006363861888210051,
    "ElementFraction_Li": 0.005716532338891724,
    "ElementProperty_MagpieData_mode_GSvolume_pa": 0.0056980576826924905,
    "ElementProperty_MagpieData_mode_SpaceGroupNumber": 0.0056920722600147505,
    "MEGNet_OFMEncoded_v1_100": 0.005649121291496968,
    "ElementFraction_Mo": 0.004957433664510703,
    "ElementFraction_Cd": 0.004225237099924931,
    "ElementProperty_MagpieData_mode_NValence": 0.004122465667080338,
    "ElementFraction_K": 0.004014038006316167,
    "ElementFraction_Mg": 0.0039925473461240035,
    "ElementProperty_MagpieData_minimum_GSvolume_pa": 0.003915126137430498,
    "ElementFraction_Se": 0.0038823515136126624,
    "ElementProperty_MagpieData_minimum_Electronegativity": 0.003846817681921051,
    "ElementProperty_MagpieData_maximum_Number": 0.003535936649529447,
    "ElementFraction_B": 0.0034901327366102606,
    "ElementProperty_MagpieData_mode_CovalentRadius": 0.003464413724009147,
    "ElementFraction_Au": 0.003351103075866498,
    "MEGNet_OFMEncoded_v1_27": 0.003322518704485373
}