{
    "GeneralizedRDF_mean_Gaussian_center=3_0_width=1_0": 0.0005851943441444304,
    "BandCenter_band_center": 0.00024188190307525897,
    "GeneralizedRDF_mean_Gaussian_center=2_0_width=1_0": 0.00022519873173808006,
    "DensityFeatures_packing_fraction": 8.9896521748673e-05,
    "ElementProperty_MagpieData_mean_Column": 8.833794530717487e-05,
    "ElementProperty_MagpieData_mean_MendeleevNumber": 8.774597756060767e-05,
    "ElementProperty_MagpieData_mean_Electronegativity": 8.569241361831266e-05,
    "GeneralizedRDF_mean_Gaussian_center=5_0_width=1_0": 6.597921079765869e-05,
    "ElementProperty_MagpieData_mean_NUnfilled": 6.490480779730373e-05,
    "ElectronegativityDiff_minimum_EN_difference": 5.780010222832071e-05,
    "VoronoiFingerprint_mean_Voro_vol_maximum": 5.6038057383775535e-05,
    "AGNIFingerPrint_mean_AGNI_eta=1_60e+01": 5.264401541451124e-05,
    "VoronoiFingerprint_mean_Voro_dist_mean": 4.388025049896304e-05,
    "TMetalFraction_transition_metal_fraction": 4.3015730348541296e-05,
    "ElementProperty_MagpieData_avg_dev_NdValence": 4.231555699785664e-05,
    "BondOrientationParameter_mean_BOOP_Q_l=2": 4.1960159132719105e-05,
    "OPSiteFingerprint_std_dev_tetrahedral_CN_4": 4.022722680153813e-05,
    "CrystalNNFingerprint_mean_tetrahedral_CN_4": 3.877940459433455e-05,
    "ElectronegativityDiff_mean_EN_difference": 3.823766867524234e-05,
    "ElementProperty_MagpieData_mean_CovalentRadius": 3.465020183053954e-05,
    "ElementProperty_MagpieData_mean_NpValence": 3.36493779149878e-05,
    "ElementProperty_MagpieData_avg_dev_NUnfilled": 3.313805251344374e-05,
    "ElementProperty_MagpieData_mean_MeltingT": 3.1718496292372714e-05,
    "ElementProperty_MagpieData_avg_dev_MendeleevNumber": 3.0951891089994364e-05,
    "GaussianSymmFunc_mean_G2_0_05": 2.887284337229595e-05,
    "GaussianSymmFunc_mean_G4_0_005_1_0_1_0": 2.7476929260668156e-05,
    "ElementProperty_MagpieData_maximum_NUnfilled": 2.3641750170998437e-05,
    "ValenceOrbital_frac_d_valence_electrons": 2.305229844456574e-05,
    "CrystalNNFingerprint_mean_wt_CN_2": 2.2497118578127357e-05,
    "ElementProperty_MagpieData_maximum_MendeleevNumber": 2.2102301181750387e-05
}