{
    "ElementProperty_MagpieData_mean_MeltingT": 0.017139703005118197,
    "ElementProperty_MagpieData_mean_NUnfilled": 0.012773164658100456,
    "ElementProperty_MagpieData_minimum_NUnfilled": 0.011619119847820566,
    "ElementProperty_MagpieData_mean_NpUnfilled": 0.01139085161199673,
    "ElementProperty_MagpieData_maximum_CovalentRadius": 0.01006938516621219,
    "OPSiteFingerprint_mean_sgl_bd_CN_1": 0.009655632228024673,
    "DensityFeatures_packing_fraction": 0.008465049461565831,
    "OxidationStates_std_dev_oxidation_state": 0.008314224344394166,
    "ElementProperty_MagpieData_maximum_GSvolume_pa": 0.008206585243494949,
    "ElementProperty_MagpieData_maximum_MendeleevNumber": 0.0075536232157233,
    "ElementProperty_MagpieData_maximum_MeltingT": 0.007424225827658981,
    "GeneralizedRDF_mean_Gaussian_center=1_0_width=1_0": 0.007306907599213166,
    "MEGNet_OFMEncoded_v1_24": 0.007260198198122974,
    "BondOrientationParameter_mean_BOOP_Q_l=1": 0.0072182219571040405,
    "GaussianSymmFunc_mean_G2_20_0": 0.006595912833521728,
    "GeneralizedRDF_mean_Gaussian_center=2_0_width=1_0": 0.006170644586126311,
    "ElementProperty_MagpieData_mode_NdUnfilled": 0.005747005566283424,
    "ElementProperty_MagpieData_avg_dev_MeltingT": 0.005615226627493844,
    "ElementProperty_MagpieData_mode_MeltingT": 0.00555425696417623,
    "MEGNet_OFMEncoded_v1_100": 0.0054895235020722775,
    "ElementProperty_MagpieData_maximum_NpUnfilled": 0.0054730889860939895,
    "OPSiteFingerprint_mean_q6_CN_12": 0.005166776326665162,
    "ElementProperty_MagpieData_avg_dev_NpValence": 0.005158786083093156,
    "CrystalNNFingerprint_mean_q6_CN_12": 0.005096087232457763,
    "CrystalNNFingerprint_mean_body-centered_cubic_CN_8": 0.005015912043477695,
    "ElementProperty_MagpieData_minimum_Electronegativity": 0.004807795077832413,
    "StructuralHeterogeneity_maximum_neighbor_distance_variation": 0.004800927151764429,
    "ElementProperty_MagpieData_mean_NpValence": 0.004792302973869573,
    "MEGNet_OFMEncoded_v1_8": 0.0045826506469449114,
    "ElementProperty_MagpieData_avg_dev_GSmagmom": 0.004325699514351308
}