{
    "GeneralizedRDF_mean_Gaussian_center=3_0_width=1_0": 0.0017055482153431436,
    "BandCenter_band_center": 0.0007333917767045039,
    "GeneralizedRDF_mean_Gaussian_center=2_0_width=1_0": 0.0006044394563140578,
    "ElementProperty_MagpieData_mean_Electronegativity": 0.0003550539267881826,
    "DensityFeatures_packing_fraction": 0.00028731026921836774,
    "GeneralizedRDF_mean_Gaussian_center=5_0_width=1_0": 0.00023391548232729135,
    "ElementProperty_MagpieData_mean_Column": 0.00023275877270680982,
    "ElementProperty_MagpieData_mean_NUnfilled": 0.00020878774644137596,
    "VoronoiFingerprint_mean_Voro_vol_maximum": 0.00020017937968577044,
    "ElementProperty_MagpieData_mean_MendeleevNumber": 0.0001930332261132704,
    "VoronoiFingerprint_mean_Voro_dist_mean": 0.00015542474698049486,
    "ElectronegativityDiff_minimum_EN_difference": 0.00015449264110604583,
    "AGNIFingerPrint_mean_AGNI_eta=1_60e+01": 0.0001481665881965252,
    "ElectronegativityDiff_mean_EN_difference": 0.00013683282153300735,
    "BondOrientationParameter_mean_BOOP_Q_l=2": 0.00012380963761470816,
    "ElementProperty_MagpieData_avg_dev_NdValence": 0.0001123428307465276,
    "TMetalFraction_transition_metal_fraction": 0.00010983495882913189,
    "ElementProperty_MagpieData_avg_dev_NUnfilled": 0.00010791618657881281,
    "CrystalNNFingerprint_mean_tetrahedral_CN_4": 0.00010343971162811632,
    "ElementProperty_MagpieData_maximum_NdValence": 9.374888351026707e-05,
    "ElementProperty_MagpieData_maximum_NUnfilled": 9.23592624629609e-05,
    "ElementProperty_MagpieData_avg_dev_MendeleevNumber": 9.031731755295315e-05,
    "ValenceOrbital_frac_d_valence_electrons": 8.814259645383849e-05,
    "GeneralizedRDF_mean_Gaussian_center=4_0_width=1_0": 8.710400977362893e-05,
    "ElementProperty_MagpieData_mean_MeltingT": 8.351522627488956e-05,
    "OPSiteFingerprint_std_dev_tetrahedral_CN_4": 8.225857225630149e-05,
    "ElementProperty_MagpieData_mean_NpValence": 8.036665349268963e-05,
    "ElementProperty_MagpieData_mean_CovalentRadius": 7.553380270854256e-05,
    "BondOrientationParameter_mean_BOOP_Q_l=1": 6.904942139552787e-05,
    "ElementProperty_MagpieData_maximum_NfUnfilled": 6.860369528901249e-05
}