{
    "ElementProperty_MagpieData_avg_dev_NpValence": 0.05750519916635611,
    "ElementProperty_MagpieData_mean_NpValence": 0.027992399003623356,
    "ElementProperty_MagpieData_maximum_MendeleevNumber": 0.02296909695186393,
    "ElementProperty_MagpieData_mean_MendeleevNumber": 0.019692783062377074,
    "GeneralizedRDF_mean_Gaussian_center=2_0_width=1_0": 0.019220533298050166,
    "MEGNet_OFMEncoded_v1_71": 0.016265553821503888,
    "AtomicOrbitals_LUMO_energy": 0.016130024192557005,
    "ElementProperty_MagpieData_avg_dev_MendeleevNumber": 0.014597745670518665,
    "TMetalFraction_transition_metal_fraction": 0.013908545755376825,
    "ElementProperty_MagpieData_maximum_MeltingT": 0.012329801086216468,
    "ValenceOrbital_frac_d_valence_electrons": 0.010984052451240137,
    "ElectronegativityDiff_std_dev_EN_difference": 0.01073741875218983,
    "ElementProperty_MagpieData_mean_GSbandgap": 0.01050464437082584,
    "ElementProperty_MagpieData_avg_dev_Column": 0.00959703704558999,
    "ElementProperty_MagpieData_mean_NUnfilled": 0.009374213641592138,
    "MEGNet_OFMEncoded_v1_121": 0.009029466764882182,
    "ElementProperty_MagpieData_mode_Number": 0.008876798101669624,
    "ElementProperty_MagpieData_maximum_NUnfilled": 0.0081720661067519,
    "AverageBondLength_std_dev_Average_bond_length": 0.007709932548860878,
    "ElectronegativityDiff_mean_EN_difference": 0.007504210783807358,
    "GaussianSymmFunc_std_dev_G4_0_005_4_0_-1_0": 0.007394245580877344,
    "ElementProperty_MagpieData_avg_dev_MeltingT": 0.007232141224361078,
    "ElementProperty_MagpieData_avg_dev_NUnfilled": 0.007049681237660098,
    "ElementProperty_MagpieData_maximum_NdValence": 0.006988301933017505,
    "MEGNet_OFMEncoded_v1_147": 0.006957275692940134,
    "MEGNet_OFMEncoded_v1_76": 0.006928898414054333,
    "Miedema_Miedema_deltaH_inter": 0.006860999005216428,
    "Miedema_Miedema_deltaH_ss_min": 0.006806050100956181,
    "OPSiteFingerprint_mean_tetrahedral_CN_4": 0.006562873320380473,
    "DensityFeatures_packing_fraction": 0.006466058350065395
}