{
    "ElementProperty_MagpieData_mode_Electronegativity": 1.3744269158993088,
    "ElementProperty_MagpieData_maximum_Electronegativity": 0.5573217945350636,
    "ElementFraction_O": 0.33343692628310445,
    "ElementProperty_MagpieData_mean_Electronegativity": 0.24855029913088839,
    "ElementProperty_MagpieData_mode_CovalentRadius": 0.1848940638371365,
    "ElementProperty_MagpieData_avg_dev_MeltingT": 0.13563301307267492,
    "ElementProperty_MagpieData_mean_NpValence": 0.13437175740897309,
    "ElementProperty_MagpieData_avg_dev_NValence": 0.13123642461793417,
    "ElementProperty_MagpieData_maximum_NdValence": 0.11732591075547803,
    "MEGNet_OFMEncoded_v1_11": 0.09225491945159182,
    "MEGNet_OFMEncoded_v1_111": 0.08592771686385094,
    "ElementProperty_MagpieData_mean_GSmagmom": 0.06858395127569529,
    "ValenceOrbital_frac_p_valence_electrons": 0.0680407648868796,
    "ElementProperty_MagpieData_minimum_Number": 0.06724446397653548,
    "ElementProperty_MagpieData_avg_dev_NdUnfilled": 0.06603808561192469,
    "ElementProperty_MagpieData_maximum_MeltingT": 0.06458706343480236,
    "AGNIFingerPrint_mean_AGNI_eta=8_00e-01": 0.0613700739318805,
    "YangSolidSolution_Yang_delta": 0.05900984299285927,
    "DensityFeatures_density": 0.057483483988378874,
    "ElementProperty_MagpieData_avg_dev_GSmagmom": 0.0573227888391144,
    "ElementProperty_MagpieData_mean_NUnfilled": 0.05680214165994782,
    "ElementProperty_MagpieData_mean_NpUnfilled": 0.05600624899488277,
    "TMetalFraction_transition_metal_fraction": 0.05550510546744104,
    "ElementProperty_MagpieData_mode_Column": 0.05520339854406815,
    "ElementProperty_MagpieData_mean_Column": 0.05392392686865062,
    "ElementProperty_MagpieData_mean_MeltingT": 0.04929185081301786,
    "MEGNet_OFMEncoded_v1_134": 0.04897898628916863,
    "ElementProperty_MagpieData_mean_NsValence": 0.04846305997791795,
    "ElementProperty_MagpieData_avg_dev_Column": 0.04720154923958139,
    "GeneralizedRDF_mean_Gaussian_center=4_0_width=1_0": 0.041661532046225254
}