{
    "AGNIFingerPrint_mean_AGNI_eta=8_00e-01": 0.00045828255329641976,
    "ElementProperty_MagpieData_mean_Column": 0.0003826760464758559,
    "ElementProperty_MagpieData_maximum_CovalentRadius": 0.0003559667548231849,
    "ElementProperty_MagpieData_mean_NpValence": 0.00028421826538866973,
    "ElementFraction_S": 0.00023565006513944894,
    "ElementFraction_Ca": 0.00023040837789411764,
    "ElementProperty_MagpieData_mean_GSmagmom": 0.0002132535160645187,
    "ElementProperty_MagpieData_avg_dev_CovalentRadius": 0.00020739029935605384,
    "TMetalFraction_transition_metal_fraction": 0.0001994628789416183,
    "ElementProperty_MagpieData_mode_CovalentRadius": 0.00018307561199035015,
    "ElementFraction_Yb": 0.0001618412280309492,
    "ElementProperty_MagpieData_minimum_NUnfilled": 0.0001558127673495665,
    "ElementFraction_In": 0.00014864901676019143,
    "ElementProperty_MagpieData_maximum_SpaceGroupNumber": 0.00014125566625367895,
    "ElementProperty_MagpieData_mode_GSbandgap": 0.00014019352550208078,
    "GaussianSymmFunc_mean_G2_80_0": 0.0001321155386615973,
    "ElementProperty_MagpieData_mean_GSbandgap": 0.00012225170862395902,
    "ElementFraction_Au": 0.00011971399157113016,
    "ElementFraction_Y": 0.00011893982252747252,
    "ElementProperty_MagpieData_minimum_MendeleevNumber": 0.00010317684074585832,
    "MEGNet_OFMEncoded_v1_147": 0.00010085007024013173,
    "ElementProperty_MagpieData_mode_GSvolume_pa": 9.771289701335314e-05,
    "ElementProperty_MagpieData_maximum_MendeleevNumber": 9.509181716781878e-05,
    "ElementFraction_Ni": 9.298199211955624e-05,
    "ElementProperty_MagpieData_mode_Column": 8.770739766936595e-05,
    "MEGNet_OFMEncoded_v1_5": 8.643111142553727e-05,
    "ElementProperty_MagpieData_mean_CovalentRadius": 8.534434161614737e-05,
    "ElementFraction_K": 8.021937762957182e-05,
    "GeneralizedRDF_mean_Gaussian_center=0_0_width=1_0": 7.804915742039536e-05,
    "ElementProperty_MagpieData_mean_Electronegativity": 7.273772762528966e-05
}