{
    "ElementFraction_O": 0.00961907569179185,
    "ElementFraction_F": 0.0025358772741769305,
    "ElementFraction_Pt": 0.002510453291557596,
    "ElementProperty_MagpieData_maximum_Electronegativity": 0.0015119233040087926,
    "ElementProperty_MagpieData_mode_GSvolume_pa": 0.0012993041107927168,
    "MEGNet_OFMEncoded_v1_68": 0.0009469295701607544,
    "ElementFraction_Ru": 0.0007477181496638916,
    "ElementFraction_Au": 0.0006303874879345783,
    "ElementFraction_Cu": 0.0006271374205694273,
    "MEGNet_OFMEncoded_v1_71": 0.0005979520093612637,
    "ElementFraction_W": 0.00041388379676929635,
    "ElementProperty_MagpieData_maximum_NValence": 0.00040222156918229594,
    "ElementFraction_Co": 0.0003734304839846455,
    "ElementFraction_S": 0.0003198734956349916,
    "Stoichiometry_10-norm": 0.00029923152332399,
    "ElementFraction_Ta": 0.0002294529080635897,
    "ElementProperty_MagpieData_maximum_NdUnfilled": 0.00018884192874190625,
    "ElementProperty_MagpieData_mode_CovalentRadius": 0.0001884344444803439,
    "ElementProperty_MagpieData_mean_GSbandgap": 0.0001856693229254418,
    "ElementProperty_MagpieData_mode_AtomicWeight": 0.00017263378684354044,
    "ElementFraction_Sr": 0.0001692336590862192,
    "ElementProperty_MagpieData_mode_NValence": 0.00016622778655639846,
    "ElementFraction_Ir": 0.0001650938616397266,
    "ElementProperty_MagpieData_mode_MeltingT": 0.00016440916628444316,
    "ElementProperty_MagpieData_maximum_MeltingT": 0.00015199811076652286,
    "ElementFraction_B": 0.00015141115892215525,
    "ElementFraction_Re": 0.0001450836442698101,
    "TMetalFraction_transition_metal_fraction": 0.00013924064471450517,
    "ElementFraction_Fe": 0.0001384451443758319,
    "ElementProperty_MagpieData_mode_Number": 0.00013826560586770856
}