{
    "GaussianSymmFunc_std_dev_G2_80_0": 0.08569425683039969,
    "GaussianSymmFunc_mean_G2_80_0": 0.06982665299471123,
    "ElementProperty_MagpieData_minimum_GSvolume_pa": 0.06741077476090554,
    "ElementProperty_MagpieData_mean_CovalentRadius": 0.06546658942701528,
    "ElementProperty_MagpieData_maximum_NdUnfilled": 0.057064740015643586,
    "GeneralizedRDF_mean_Gaussian_center=3_0_width=1_0": 0.046501922636249846,
    "Stoichiometry_2-norm": 0.03587791323324007,
    "ElementProperty_MagpieData_mean_MendeleevNumber": 0.035608133028108835,
    "OxidationStates_std_dev_oxidation_state": 0.03350884743753578,
    "ElementProperty_MagpieData_minimum_Electronegativity": 0.032059685255303096,
    "ElementProperty_MagpieData_mean_MeltingT": 0.030150845631466226,
    "ElementProperty_MagpieData_mode_GSvolume_pa": 0.029909125113657568,
    "ElementProperty_MagpieData_mean_Column": 0.02961153237848369,
    "AtomicOrbitals_HOMO_energy": 0.029165826055901033,
    "ElementProperty_MagpieData_mean_NpUnfilled": 0.02750100322383232,
    "ElementProperty_MagpieData_mean_NUnfilled": 0.02725086843506413,
    "MEGNet_OFMEncoded_v1_166": 0.0251220111448439,
    "ElementProperty_MagpieData_maximum_MeltingT": 0.02469022574339215,
    "ElementProperty_MagpieData_mean_SpaceGroupNumber": 0.02457094154879214,
    "ElementFraction_Ni": 0.023977978369645894,
    "ElementProperty_MagpieData_avg_dev_Column": 0.023752759087262768,
    "TMetalFraction_transition_metal_fraction": 0.022319783227950432,
    "ElementProperty_MagpieData_avg_dev_CovalentRadius": 0.021547017386376585,
    "CrystalNNFingerprint_mean_cuboctahedral_CN_12": 0.0215297831230833,
    "ElementProperty_MagpieData_avg_dev_NpValence": 0.020984439233648174,
    "MEGNet_OFMEncoded_v1_154": 0.020023070716218894,
    "ElectronegativityDiff_std_dev_EN_difference": 0.01922766578745018,
    "ElementProperty_MagpieData_mean_NdUnfilled": 0.018991008342328874,
    "ElementProperty_MagpieData_maximum_NUnfilled": 0.01891340305331874,
    "ElementProperty_MagpieData_avg_dev_MeltingT": 0.018829428057502016
}