{
    "ElementProperty_MagpieData_mean_GSmagmom": 0.013427455306198927,
    "ElementFraction_Cd": 0.011168221708257752,
    "ElementFraction_Mg": 0.008315934844335697,
    "ElementProperty_MagpieData_minimum_Number": 0.007793462137343101,
    "ElementProperty_MagpieData_mean_NpUnfilled": 0.006712810826993455,
    "ElementProperty_MagpieData_mode_Number": 0.006013964373877832,
    "ElementProperty_MagpieData_maximum_GSbandgap": 0.0059311968150346185,
    "ElementProperty_MagpieData_minimum_Electronegativity": 0.005904599722912116,
    "ElementProperty_MagpieData_maximum_Number": 0.005381660535070426,
    "ElementProperty_MagpieData_maximum_MeltingT": 0.005027767703725764,
    "ElementFraction_Cu": 0.00456344572296378,
    "ElementProperty_MagpieData_mean_GSbandgap": 0.004119458364814005,
    "ElementFraction_Ba": 0.004097188946652175,
    "ElementFraction_Na": 0.004002780353011727,
    "ElementFraction_In": 0.0036882876332806048,
    "ElementProperty_MagpieData_minimum_GSvolume_pa": 0.003651088289064091,
    "ElementProperty_MagpieData_mode_GSvolume_pa": 0.0034616904411490443,
    "MEGNet_OFMEncoded_v1_48": 0.003212040559038024,
    "ElementFraction_Ti": 0.003123105583434825,
    "ElementFraction_Pd": 0.0028355175350994327,
    "ElementFraction_Hf": 0.002763710144355391,
    "ElementProperty_MagpieData_minimum_MeltingT": 0.0026685487739989766,
    "ElementProperty_MagpieData_mode_GSmagmom": 0.002654192320297172,
    "ElementFraction_H": 0.0025617128745636297,
    "ElementProperty_MagpieData_mode_Electronegativity": 0.0024655169031229498,
    "ElementProperty_MagpieData_mode_MeltingT": 0.0023281568498624,
    "YangSolidSolution_Yang_omega": 0.0022454679098170838,
    "TMetalFraction_transition_metal_fraction": 0.0021103957922222446,
    "ElementFraction_Zr": 0.002102975160930341,
    "AtomicOrbitals_LUMO_energy": 0.0020582808932905513
}