{
    "GeneralizedRDF_mean_Gaussian_center=3_0_width=1_0": 0.007517983990621101,
    "BandCenter_band_center": 0.004317136486426952,
    "GeneralizedRDF_mean_Gaussian_center=2_0_width=1_0": 0.00407316081535564,
    "DensityFeatures_packing_fraction": 0.0014488048648728152,
    "ElementProperty_MagpieData_mean_Column": 0.0014262178197216768,
    "ElementProperty_MagpieData_mean_MendeleevNumber": 0.0012196694807800432,
    "VoronoiFingerprint_mean_Voro_vol_maximum": 0.0011944298596960517,
    "ElectronegativityDiff_mean_EN_difference": 0.0011839457819472154,
    "VoronoiFingerprint_mean_Voro_dist_mean": 0.0008772252739534873,
    "ElementProperty_MagpieData_mean_NUnfilled": 0.0008147471247921371,
    "ElectronegativityDiff_minimum_EN_difference": 0.0007841106390961716,
    "ElementProperty_MagpieData_avg_dev_NdValence": 0.0007242914451621306,
    "ElementProperty_MagpieData_mean_Electronegativity": 0.0007011473229158799,
    "GeneralizedRDF_mean_Gaussian_center=5_0_width=1_0": 0.0006537886358390673,
    "OPSiteFingerprint_std_dev_tetrahedral_CN_4": 0.000647888356049714,
    "BondOrientationParameter_mean_BOOP_Q_l=2": 0.0006182035774574279,
    "ElementProperty_MagpieData_maximum_NUnfilled": 0.0005701714379871939,
    "TMetalFraction_transition_metal_fraction": 0.0005602169710400447,
    "VoronoiFingerprint_mean_Voro_dist_maximum": 0.0005230089652787928,
    "ElementProperty_MagpieData_mean_NdUnfilled": 0.0005107460872148956,
    "ElementProperty_MagpieData_mode_MendeleevNumber": 0.0005039174297743842,
    "ElementProperty_MagpieData_avg_dev_NUnfilled": 0.00048420464484212725,
    "ElementProperty_MagpieData_mode_MeltingT": 0.00043423423543619764,
    "ElementProperty_MagpieData_maximum_NdValence": 0.0004333181507755404,
    "ElementProperty_MagpieData_mean_NpValence": 0.00043262654977244526,
    "CrystalNNFingerprint_mean_wt_CN_2": 0.00042106448471006984,
    "ElectronegativityDiff_std_dev_EN_difference": 0.0004116647542077794,
    "AGNIFingerPrint_mean_AGNI_eta=1_04e+01": 0.00041145422918765915,
    "GeneralizedRDF_mean_Gaussian_center=6_0_width=1_0": 0.00040784271262900084,
    "ChemicalOrdering_mean_ordering_parameter_shell_1": 0.00040205687170578836
}