{
    "ElementFraction_H": 0.024680990260941824,
    "ElementProperty_MagpieData_maximum_MeltingT": 0.010494016340166225,
    "ElementProperty_MagpieData_maximum_GSbandgap": 0.010034413644627385,
    "ElementFraction_Au": 0.007765524121653763,
    "ElementProperty_MagpieData_mode_GSbandgap": 0.006817363778361791,
    "ElementProperty_MagpieData_mode_SpaceGroupNumber": 0.00585725101307076,
    "ElementProperty_MagpieData_minimum_Number": 0.005799265325019922,
    "ElementProperty_MagpieData_minimum_Electronegativity": 0.005704333261240212,
    "ElementProperty_MagpieData_mode_Electronegativity": 0.005409848798838527,
    "ElementProperty_MagpieData_maximum_SpaceGroupNumber": 0.004870680633523727,
    "ElementProperty_MagpieData_mean_SpaceGroupNumber": 0.004005519761770355,
    "ElementFraction_Li": 0.00389506637321031,
    "ElementProperty_MagpieData_mode_CovalentRadius": 0.003741205390411896,
    "ElementFraction_Pd": 0.0036527108929450356,
    "ElementFraction_Cr": 0.0036117586798970645,
    "ElementProperty_MagpieData_mean_GSmagmom": 0.002915917698069043,
    "ElementProperty_MagpieData_mode_MeltingT": 0.0029119594317270434,
    "ElementProperty_MagpieData_mean_NsValence": 0.002844842230864132,
    "MEGNet_OFMEncoded_v1_129": 0.0026804297353519545,
    "ElementFraction_Bi": 0.002672792000291545,
    "ElementFraction_Sc": 0.0024599722754111908,
    "ElementProperty_MagpieData_minimum_MendeleevNumber": 0.0024415707947175467,
    "AtomicOrbitals_HOMO_energy": 0.0024275021057470914,
    "ElementProperty_MagpieData_maximum_NValence": 0.0023407693259066874,
    "ElementProperty_MagpieData_mode_MendeleevNumber": 0.002340027082173417,
    "ElementFraction_Ni": 0.002294454204086608,
    "ElementProperty_MagpieData_mode_Number": 0.0022817749303551678,
    "ElementFraction_Rb": 0.00222655430368163,
    "ElementProperty_MagpieData_maximum_CovalentRadius": 0.0021985915724772463,
    "ElementProperty_MagpieData_minimum_CovalentRadius": 0.0021348071555739286
}