{
    "TMetalFraction_transition_metal_fraction": 0.02728578560859911,
    "ElementFraction_Mn": 0.020368760261809272,
    "ElementProperty_MagpieData_avg_dev_GSbandgap": 0.017072301615661107,
    "ElementProperty_MagpieData_mode_NUnfilled": 0.016832895444581254,
    "ElementProperty_MagpieData_mean_MeltingT": 0.016072336609237833,
    "DensityFeatures_packing_fraction": 0.014707608927499794,
    "ElementProperty_MagpieData_minimum_NUnfilled": 0.013664254942613037,
    "ElementProperty_MagpieData_maximum_Electronegativity": 0.013347393445090802,
    "ElementProperty_MagpieData_mean_GSmagmom": 0.013315376677987618,
    "ElementProperty_MagpieData_mean_NdUnfilled": 0.012108558498992086,
    "ElementProperty_MagpieData_mean_NUnfilled": 0.010340799718061136,
    "ElementProperty_MagpieData_mode_MeltingT": 0.010296735669871923,
    "IonProperty_avg_ionic_char": 0.010124905244814415,
    "ElementProperty_MagpieData_maximum_Number": 0.010045760849009265,
    "ElementProperty_MagpieData_avg_dev_CovalentRadius": 0.010030358007374736,
    "StructuralHeterogeneity_mean_neighbor_distance_variation": 0.01002727912450871,
    "ElementProperty_MagpieData_mean_CovalentRadius": 0.00994486358953038,
    "ElementProperty_MagpieData_maximum_MeltingT": 0.009718451974355481,
    "LocalPropertyDifference_mean_local_difference_in_Electronegativity": 0.008385485881257995,
    "GeneralizedRDF_mean_Gaussian_center=3_0_width=1_0": 0.008055750405240973,
    "CrystalNNFingerprint_std_dev_octahedral_CN_6": 0.007608635479085166,
    "MEGNet_OFMEncoded_v1_55": 0.007529642665640557,
    "BondOrientationParameter_mean_BOOP_Q_l=3": 0.007288258328686463,
    "MaximumPackingEfficiency_max_packing_efficiency": 0.007272219481811772,
    "AGNIFingerPrint_std_dev_AGNI_dir=z_eta=1_88e+00": 0.00713432990121642,
    "ElementFraction_Mg": 0.007031060824914874,
    "ElementProperty_MagpieData_mean_GSbandgap": 0.0069775640453931765,
    "MEGNet_OFMEncoded_v1_108": 0.0069181824372837675,
    "ElementProperty_MagpieData_maximum_CovalentRadius": 0.006765942422702232,
    "AGNIFingerPrint_std_dev_AGNI_dir=z_eta=4_43e+00": 0.006041379397324029
}