{
    "ElementProperty_MagpieData_mode_Electronegativity": 0.035624597856162885,
    "OxidationStates_minimum_oxidation_state": 0.01756708410099914,
    "BondOrientationParameter_mean_BOOP_Q_l=2": 0.011734126125732179,
    "OPSiteFingerprint_mean_sgl_bd_CN_1": 0.011683103555559286,
    "AtomicOrbitals_HOMO_energy": 0.011609624997968634,
    "ElementProperty_MagpieData_mode_MeltingT": 0.011236986722252356,
    "ElementProperty_MagpieData_range_MeltingT": 0.011146592588843244,
    "LocalPropertyDifference_std_dev_local_difference_in_Electronegativity": 0.010665022933927487,
    "MEGNet_OFMEncoded_v1_93": 0.010335121171595928,
    "ElementProperty_MagpieData_mode_NUnfilled": 0.009045373327953089,
    "VoronoiFingerprint_std_dev_Voro_dist_mean": 0.009028953307294448,
    "BondOrientationParameter_mean_BOOP_Q_l=1": 0.008892752171139334,
    "MEGNet_OFMEncoded_v1_24": 0.007143801002456337,
    "ElementProperty_MagpieData_avg_dev_GSvolume_pa": 0.006961996602276389,
    "OxidationStates_std_dev_oxidation_state": 0.006683233900575073,
    "ElementProperty_MagpieData_maximum_NValence": 0.006500346655262177,
    "ElementFraction_Yb": 0.006449704450964263,
    "MaximumPackingEfficiency_max_packing_efficiency": 0.00643406899098753,
    "OPSiteFingerprint_std_dev_square_co-planar_CN_4": 0.006346612726974515,
    "CrystalNNFingerprint_std_dev_wt_CN_14": 0.0060691317875999915,
    "ElementFraction_F": 0.006061524303023113,
    "MEGNet_OFMEncoded_v1_62": 0.005795695118652729,
    "AGNIFingerPrint_std_dev_AGNI_dir=z_eta=2_89e+00": 0.00570408179074658,
    "VoronoiFingerprint_std_dev_Voro_area_sum": 0.005642225242292453,
    "ValenceOrbital_frac_d_valence_electrons": 0.0056017737120281,
    "ElementProperty_MagpieData_mean_NpValence": 0.005362347583244997,
    "ElementProperty_MagpieData_maximum_CovalentRadius": 0.005246690775573328,
    "StructuralHeterogeneity_min_relative_bond_length": 0.005224420584246324,
    "ElementProperty_MagpieData_maximum_NUnfilled": 0.0051325701934599255,
    "ElementProperty_MagpieData_mean_Column": 0.005129034657501367
}