{
    "GeneralizedRDF_mean_Gaussian_center=3_0_width=1_0": 0.007445088018344554,
    "BandCenter_band_center": 0.0032054801027053053,
    "GeneralizedRDF_mean_Gaussian_center=2_0_width=1_0": 0.0024996642796880123,
    "ElementProperty_MagpieData_mean_NUnfilled": 0.0009852866932398238,
    "ElementProperty_MagpieData_mean_Column": 0.0008448787127025086,
    "ElementProperty_MagpieData_mean_MendeleevNumber": 0.000831385262597488,
    "DensityFeatures_packing_fraction": 0.0008219637416847997,
    "GeneralizedRDF_mean_Gaussian_center=5_0_width=1_0": 0.0007532962860124154,
    "AGNIFingerPrint_mean_AGNI_eta=1_60e+01": 0.0007370356162353037,
    "VoronoiFingerprint_mean_Voro_vol_maximum": 0.0006584618440669899,
    "ElectronegativityDiff_minimum_EN_difference": 0.0006426177625525332,
    "TMetalFraction_transition_metal_fraction": 0.0005840512391074115,
    "ElementProperty_MagpieData_mean_Electronegativity": 0.0005496049588153738,
    "ElementProperty_MagpieData_avg_dev_NdValence": 0.0004753421770217217,
    "ElectronegativityDiff_mean_EN_difference": 0.00045702899384189767,
    "VoronoiFingerprint_mean_Voro_dist_mean": 0.00042165423964356463,
    "ElementProperty_MagpieData_mean_MeltingT": 0.0003725772068357365,
    "ElementProperty_MagpieData_maximum_MendeleevNumber": 0.0003675365472836855,
    "ElementProperty_MagpieData_avg_dev_NUnfilled": 0.0003562130719316325,
    "BondOrientationParameter_mean_BOOP_Q_l=2": 0.00035197289964408073,
    "GaussianSymmFunc_mean_G2_0_05": 0.00034742634640817435,
    "OPSiteFingerprint_std_dev_tetrahedral_CN_4": 0.00034397335046124766,
    "ElementProperty_MagpieData_minimum_Number": 0.00032384273504232276,
    "MaximumPackingEfficiency_max_packing_efficiency": 0.00030452919316475096,
    "ChemicalOrdering_mean_ordering_parameter_shell_1": 0.00029759434292404196,
    "ElementProperty_MagpieData_mean_NpValence": 0.00028781006256208794,
    "OPSiteFingerprint_mean_tetrahedral_CN_4": 0.00028677795514866865,
    "ElementProperty_MagpieData_avg_dev_MendeleevNumber": 0.00027642637230466266,
    "ElementProperty_MagpieData_mean_CovalentRadius": 0.00027348918606156256,
    "ElementProperty_MagpieData_mode_MendeleevNumber": 0.0002693508976498055
}