{
    "GeneralizedRDF_mean_Gaussian_center=3_0_width=1_0": 0.0004193608417003136,
    "GeneralizedRDF_mean_Gaussian_center=2_0_width=1_0": 0.00035636592407813414,
    "DensityFeatures_packing_fraction": 0.00028296018108739184,
    "ElementProperty_MagpieData_mean_MendeleevNumber": 0.0002667005094993784,
    "ElementProperty_MagpieData_mean_Column": 0.00025504341975956493,
    "VoronoiFingerprint_mean_Voro_dist_maximum": 0.00017768799779882435,
    "TMetalFraction_transition_metal_fraction": 0.00015444692126790732,
    "BandCenter_band_center": 0.00011784599284113576,
    "ElementProperty_MagpieData_mean_NpValence": 8.826029472265446e-05,
    "ElectronegativityDiff_minimum_EN_difference": 8.777202341925936e-05,
    "MaximumPackingEfficiency_max_packing_efficiency": 8.03115137968543e-05,
    "ElementProperty_MagpieData_mean_GSvolume_pa": 7.320510354839295e-05,
    "ElementProperty_MagpieData_mean_NUnfilled": 7.211653331506905e-05,
    "ElectronegativityDiff_mean_EN_difference": 7.119757827516335e-05,
    "GeneralizedRDF_mean_Gaussian_center=5_0_width=1_0": 6.766446583627123e-05,
    "CrystalNNFingerprint_mean_tetrahedral_CN_4": 6.26113029314244e-05,
    "BondOrientationParameter_mean_BOOP_Q_l=2": 6.122165984412334e-05,
    "VoronoiFingerprint_mean_Voro_dist_mean": 5.437688862654855e-05,
    "GeneralizedRDF_mean_Gaussian_center=4_0_width=1_0": 5.12694362612642e-05,
    "ElectronegativityDiff_std_dev_EN_difference": 4.945890279727616e-05,
    "ElementProperty_MagpieData_mean_CovalentRadius": 4.791989477889271e-05,
    "ElementProperty_MagpieData_avg_dev_NpValence": 4.5472656155215314e-05,
    "BondOrientationParameter_mean_BOOP_Q_l=1": 3.987888758953042e-05,
    "ElementProperty_MagpieData_avg_dev_NUnfilled": 3.6635859235984755e-05,
    "ElementProperty_MagpieData_avg_dev_MendeleevNumber": 3.6031241894854395e-05,
    "CrystalNNFingerprint_mean_wt_CN_2": 3.548139125037574e-05,
    "AGNIFingerPrint_mean_AGNI_eta=1_60e+01": 3.532957982240033e-05,
    "ElementProperty_MagpieData_maximum_NdValence": 3.3330149783823746e-05,
    "AverageBondLength_mean_Average_bond_length": 3.237200995698351e-05,
    "ElementProperty_MagpieData_range_NUnfilled": 3.0279435740858918e-05
}