{
    "ElementProperty_MagpieData_mode_GSvolume_pa": 0.03217934214311284,
    "ElementFraction_O": 0.009441362451247657,
    "ElementProperty_MagpieData_minimum_GSvolume_pa": 0.006426906111482706,
    "ElementProperty_MagpieData_mode_CovalentRadius": 0.004754163994214334,
    "ElementFraction_V": 0.00468988725571222,
    "MEGNet_OFMEncoded_v1_18": 0.004328998263089559,
    "ElementFraction_Fe": 0.003565455438071351,
    "ElementFraction_P": 0.0034769462126048602,
    "ElementFraction_N": 0.0034331626805550255,
    "ElementFraction_Pd": 0.0034281450998543475,
    "ElementProperty_MagpieData_minimum_SpaceGroupNumber": 0.003218527599657201,
    "ElementFraction_Br": 0.00292858229621313,
    "ElementFraction_Tl": 0.002761228284152563,
    "ElementProperty_MagpieData_minimum_NUnfilled": 0.0026946627812810234,
    "ElementFraction_Cr": 0.002562035290944915,
    "MEGNet_OFMEncoded_v1_163": 0.0025376916970302884,
    "ElementFraction_B": 0.002475668178172421,
    "ElementFraction_Cu": 0.002370378730706914,
    "MEGNet_OFMEncoded_v1_93": 0.002298930378496893,
    "ElementFraction_Ge": 0.002248533380459131,
    "ElementProperty_MagpieData_maximum_Electronegativity": 0.002082928328922944,
    "ElementFraction_Ba": 0.0019142484848637103,
    "MEGNet_OFMEncoded_v1_71": 0.0019018010221666156,
    "Stoichiometry_10-norm": 0.001853394588274116,
    "AtomicOrbitals_LUMO_energy": 0.0018475625643193945,
    "ElementProperty_MagpieData_maximum_NValence": 0.001836899629912161,
    "ElementFraction_S": 0.0018337463946778074,
    "MEGNet_OFMEncoded_v1_76": 0.0016248026570258281,
    "ElementProperty_MagpieData_maximum_MendeleevNumber": 0.0015619674295858504,
    "ElementProperty_MagpieData_minimum_CovalentRadius": 0.0014223567250986474
}