{
    "GeneralizedRDF_mean_Gaussian_center=3_0_width=1_0": 0.0015035746410689897,
    "BandCenter_band_center": 0.0008541484228770007,
    "GeneralizedRDF_mean_Gaussian_center=2_0_width=1_0": 0.0007028867230574301,
    "DensityFeatures_packing_fraction": 0.00023826286767774334,
    "ElementProperty_MagpieData_mean_Column": 0.00022275994900772185,
    "ElementProperty_MagpieData_mean_NUnfilled": 0.0002117622639655203,
    "BondOrientationParameter_mean_BOOP_Q_l=2": 0.00017140965101974877,
    "AGNIFingerPrint_mean_AGNI_eta=1_60e+01": 0.00016280199853519394,
    "ElementProperty_MagpieData_mean_MendeleevNumber": 0.00014830147597842206,
    "ElectronegativityDiff_mean_EN_difference": 0.0001466533232784978,
    "GeneralizedRDF_mean_Gaussian_center=5_0_width=1_0": 0.00014596140832477659,
    "VoronoiFingerprint_mean_Voro_vol_maximum": 0.00014499640269966283,
    "ElectronegativityDiff_minimum_EN_difference": 0.00013990896693583913,
    "VoronoiFingerprint_mean_Voro_dist_mean": 0.00011870569669275429,
    "ElementProperty_MagpieData_mean_Electronegativity": 0.0001175105602952797,
    "GaussianSymmFunc_mean_G2_0_05": 0.00010471591871915165,
    "OPSiteFingerprint_std_dev_tetrahedral_CN_4": 9.695282688028059e-05,
    "ElementProperty_MagpieData_avg_dev_MendeleevNumber": 9.416518200379079e-05,
    "ElementProperty_MagpieData_avg_dev_NdValence": 9.401613009933369e-05,
    "ElementProperty_MagpieData_avg_dev_NUnfilled": 8.996456272086201e-05,
    "TMetalFraction_transition_metal_fraction": 8.806656505757544e-05,
    "ElementProperty_MagpieData_mean_MeltingT": 7.849846259256768e-05,
    "CrystalNNFingerprint_mean_tetrahedral_CN_4": 7.558798722222422e-05,
    "Miedema_Miedema_deltaH_amor": 7.237163310269823e-05,
    "ElementProperty_MagpieData_mode_MendeleevNumber": 6.888135332343607e-05,
    "ElementProperty_MagpieData_range_NdValence": 6.590746028503377e-05,
    "ElementProperty_MagpieData_mean_NpValence": 6.331908794817028e-05,
    "ValenceOrbital_frac_d_valence_electrons": 6.0822467278783736e-05,
    "ElementProperty_MagpieData_maximum_CovalentRadius": 6.011745290105653e-05,
    "ElementProperty_MagpieData_mean_CovalentRadius": 5.971354768356573e-05
}