{
    "ElementFraction_Cu": 0.2234859513884419,
    "ElementProperty_MagpieData_mode_GSvolume_pa": 0.20710987956311427,
    "ElementFraction_Cd": 0.18163790846013184,
    "MEGNet_OFMEncoded_v1_172": 0.1723258560922123,
    "ElementFraction_Mg": 0.16747383362728513,
    "ElementProperty_MagpieData_mode_MeltingT": 0.1569364625848651,
    "ElementProperty_MagpieData_minimum_Number": 0.1450143151495919,
    "ElementProperty_MagpieData_maximum_NValence": 0.13391341392988776,
    "OxidationStates_minimum_oxidation_state": 0.13381095116258893,
    "ElementFraction_In": 0.13086324319161013,
    "MEGNet_OFMEncoded_v1_33": 0.1271973206533744,
    "ElementProperty_MagpieData_mode_Number": 0.12489369096896091,
    "ElementProperty_MagpieData_maximum_Number": 0.1124215208015422,
    "MEGNet_OFMEncoded_v1_7": 0.10828946754641873,
    "ElementFraction_Ba": 0.10715152185779414,
    "ElementProperty_MagpieData_maximum_NUnfilled": 0.10648941995355905,
    "ElementFraction_Ga": 0.09567868699090351,
    "MEGNet_OFMEncoded_v1_76": 0.09563983081992396,
    "ElementFraction_Mn": 0.09469278532808502,
    "ElementFraction_Li": 0.09072166778121919,
    "ElementProperty_MagpieData_mode_NUnfilled": 0.0898862326602482,
    "ElementFraction_Pd": 0.08671663416803516,
    "ElementFraction_Al": 0.0819476636147939,
    "ElementFraction_Ge": 0.07978788380459322,
    "ElementFraction_S": 0.0797300500332674,
    "ElementProperty_MagpieData_maximum_GSvolume_pa": 0.0740178273134795,
    "ElementProperty_MagpieData_mode_CovalentRadius": 0.07291928763750384,
    "ElementFraction_Y": 0.07194138147596227,
    "DensityFeatures_density": 0.07169904871829683,
    "MEGNet_OFMEncoded_v1_169": 0.07117066285610023
}