{
    "ElementProperty_MagpieData_maximum_MendeleevNumber": 1.497123268569801,
    "ElementFraction_F": 0.9845613041854921,
    "ElementFraction_Mg": 0.5549502318873275,
    "ElementProperty_MagpieData_minimum_NUnfilled": 0.49955621813489304,
    "ElementProperty_MagpieData_mean_MendeleevNumber": 0.43419892177277175,
    "ElementProperty_MagpieData_minimum_MendeleevNumber": 0.41466495436602474,
    "ElementProperty_MagpieData_avg_dev_MendeleevNumber": 0.41381111532560577,
    "ElementFraction_Al": 0.36792154907615765,
    "ElementFraction_Cr": 0.3352025733226693,
    "ElementProperty_MagpieData_maximum_NValence": 0.32574246097505705,
    "ElementProperty_MagpieData_mode_MendeleevNumber": 0.3059310650898345,
    "ElementProperty_MagpieData_maximum_GSbandgap": 0.295371799932186,
    "ElementProperty_MagpieData_maximum_NdUnfilled": 0.22000870461712907,
    "ElementFraction_Zn": 0.19404944945422933,
    "ElementProperty_MagpieData_range_Electronegativity": 0.18310214881028497,
    "ElementProperty_MagpieData_mean_NpUnfilled": 0.18307993087918353,
    "ElementProperty_MagpieData_mode_Number": 0.1739954974265094,
    "ElementProperty_MagpieData_minimum_SpaceGroupNumber": 0.16618625161053985,
    "ElementFraction_Ge": 0.16560548214151244,
    "ElementProperty_MagpieData_minimum_Number": 0.16379875238995234,
    "ElementProperty_MagpieData_maximum_CovalentRadius": 0.1625415255232919,
    "ElementProperty_MagpieData_mean_NUnfilled": 0.15219048925142423,
    "ElementProperty_MagpieData_mode_SpaceGroupNumber": 0.15129431583068548,
    "TMetalFraction_transition_metal_fraction": 0.15026802892375304,
    "ElementProperty_MagpieData_mean_SpaceGroupNumber": 0.14872242475377825,
    "ElementFraction_Ni": 0.1474071393523652,
    "ElementProperty_MagpieData_avg_dev_NValence": 0.1407211072504753,
    "ElementProperty_MagpieData_mode_Electronegativity": 0.13834037491620627,
    "MEGNet_OFMEncoded_v1_140": 0.13415840107452764,
    "MEGNet_OFMEncoded_v1_108": 0.13380820569748544
}