{
    "GaussianSymmFunc_std_dev_G2_80_0": 2.19654816813894e-06,
    "ValenceOrbital_frac_p_valence_electrons": 2.0441566164511234e-06,
    "DensityFeatures_density": 1.7706250341938628e-06,
    "ElementProperty_MagpieData_range_MeltingT": 1.7271825633728918e-06,
    "ElementProperty_MagpieData_avg_dev_Column": 1.1451294403974612e-06,
    "MaximumPackingEfficiency_max_packing_efficiency": 1.058019939342506e-06,
    "OPSiteFingerprint_mean_body-centered_cubic_CN_8": 8.074241043093224e-07,
    "ElementProperty_MagpieData_minimum_Column": 7.555721461616782e-07,
    "ElementProperty_MagpieData_range_Electronegativity": 7.381210040078736e-07,
    "OPSiteFingerprint_mean_q6_CN_12": 6.833224831507186e-07,
    "Miedema_Miedema_deltaH_amor": 6.666736899966403e-07,
    "GaussianSymmFunc_std_dev_G2_20_0": 5.583587113268125e-07,
    "ElementProperty_MagpieData_range_Column": 5.286043619772618e-07,
    "BondOrientationParameter_mean_BOOP_Q_l=6": 4.3109609380447595e-07,
    "BondFractions_Mn_-_O_bond_frac_": 4.1255949483604344e-07,
    "ElementFraction_Mn": 3.821826024824858e-07,
    "CrystalNNFingerprint_mean_q6_CN_9": 2.7998416665791095e-07,
    "BandCenter_band_center": 1.7243213023269807e-07,
    "ElementFraction_B": 1.5553151076083492e-07,
    "ElementProperty_MagpieData_maximum_Electronegativity": 4.6211224644243944e-08,
    "ElementFraction_Mg": 1.8093983273183012e-08,
    "ElementFraction_Pa": 0.0,
    "ElementFraction_Md": 0.0,
    "ElementFraction_Fm": 0.0,
    "ElementFraction_Es": 0.0,
    "ElementFraction_Cf": 0.0,
    "ElementFraction_Bk": 0.0,
    "ElementFraction_Cm": 0.0,
    "ElementFraction_Am": 0.0,
    "ElementFraction_Pu": 0.0
}