{
    "ElementProperty_MagpieData_maximum_CovalentRadius": 0.7996654784809765,
    "ElementProperty_MagpieData_mean_GSmagmom": 0.6373000427889571,
    "ElementFraction_Au": 0.5012050286699843,
    "ElementFraction_Cu": 0.4011472202982995,
    "ElementFraction_F": 0.3934008899528687,
    "ElementProperty_MagpieData_minimum_Number": 0.3291059299296555,
    "ElementFraction_Ag": 0.32610872801018614,
    "ElementProperty_MagpieData_minimum_CovalentRadius": 0.32292220388118675,
    "ElementProperty_MagpieData_mode_CovalentRadius": 0.315009045877269,
    "ElementProperty_MagpieData_maximum_Number": 0.27465544222360566,
    "ElementProperty_MagpieData_minimum_NUnfilled": 0.2547829711963868,
    "ValenceOrbital_frac_d_valence_electrons": 0.22862268793323445,
    "ElementProperty_MagpieData_maximum_MeltingT": 0.22580998053247792,
    "ElementProperty_MagpieData_mode_GSvolume_pa": 0.22114748526507277,
    "ElementProperty_MagpieData_mode_NUnfilled": 0.19965191826412235,
    "ElementProperty_MagpieData_mean_NUnfilled": 0.1995168220341758,
    "ElementFraction_As": 0.19410397518582045,
    "ElementFraction_S": 0.17460029350654155,
    "ElementProperty_MagpieData_mode_NdValence": 0.17019676006176435,
    "ElementFraction_Co": 0.16425421684100075,
    "ElementFraction_Bi": 0.1629243283631914,
    "ElementProperty_MagpieData_maximum_NValence": 0.1469840201615049,
    "ElementProperty_MagpieData_mode_Number": 0.14405823053677844,
    "ElementFraction_Ti": 0.1360877673620679,
    "ElementFraction_Ca": 0.13594289688858116,
    "AtomicOrbitals_LUMO_energy": 0.1328307674317103,
    "ElementFraction_Se": 0.1294835007638908,
    "ElementProperty_MagpieData_avg_dev_NfValence": 0.11380294791733958,
    "ElementProperty_MagpieData_avg_dev_CovalentRadius": 0.10474540655092482,
    "ElementFraction_Mo": 0.1043826646007091
}