{
    "MaximumPackingEfficiency_max_packing_efficiency": 0.07562850523609158,
    "DensityFeatures_density": 0.061312447178786714,
    "ElementProperty_MagpieData_mean_NpUnfilled": 0.0547202116702962,
    "ValenceOrbital_frac_d_valence_electrons": 0.042210595635502564,
    "ElementProperty_MagpieData_range_Electronegativity": 0.04191771396733657,
    "TMetalFraction_transition_metal_fraction": 0.03623393200225624,
    "ElementProperty_MagpieData_maximum_MeltingT": 0.035473715779929985,
    "OPSiteFingerprint_mean_sgl_bd_CN_1": 0.03195227991017135,
    "ElementProperty_MagpieData_mean_Column": 0.030511608056627063,
    "GaussianSymmFunc_std_dev_G2_80_0": 0.027824229458274116,
    "DensityFeatures_packing_fraction": 0.026709149066755703,
    "ElementFraction_O": 0.02207004432740707,
    "OPSiteFingerprint_std_dev_bent_150_degrees_CN_2": 0.021357256031996803,
    "ElementProperty_MagpieData_minimum_Column": 0.02127744695733116,
    "GeneralizedRDF_mean_Gaussian_center=2_0_width=1_0": 0.021154875839354364,
    "CoordinationNumber_std_dev_CN_VoronoiNN": 0.02067274678818945,
    "CrystalNNFingerprint_mean_wt_CN_14": 0.02057168755208731,
    "ElementProperty_MagpieData_avg_dev_Column": 0.020229175977205912,
    "BondOrientationParameter_mean_BOOP_Q_l=9": 0.01992516310905708,
    "ElementProperty_MagpieData_mean_MendeleevNumber": 0.01923568012280238,
    "GaussianSymmFunc_std_dev_G4_0_005_4_0_-1_0": 0.018463129556674694,
    "AtomicOrbitals_gap_AO": 0.01805787094430853,
    "ElectronegativityDiff_maximum_EN_difference": 0.017924499329877084,
    "IonProperty_avg_ionic_char": 0.01776674242557767,
    "ElementProperty_MagpieData_maximum_NUnfilled": 0.01751682676317266,
    "VoronoiFingerprint_mean_Voro_area_maximum": 0.01736044321487571,
    "ElementProperty_MagpieData_avg_dev_NUnfilled": 0.017024917720628068,
    "ElementProperty_MagpieData_minimum_Number": 0.016946838706790562,
    "ElementProperty_MagpieData_range_MeltingT": 0.016827792418644617,
    "BondOrientationParameter_mean_BOOP_Q_l=8": 0.016825126828069085
}