{
    "GeneralizedRDF_mean_Gaussian_center=3_0_width=1_0": 0.0004372738528168008,
    "BandCenter_band_center": 0.00020228529386459576,
    "GeneralizedRDF_mean_Gaussian_center=2_0_width=1_0": 0.00018322042059436692,
    "ElementProperty_MagpieData_mean_Electronegativity": 6.0019715898743955e-05,
    "DensityFeatures_packing_fraction": 5.985855996897222e-05,
    "VoronoiFingerprint_mean_Voro_vol_maximum": 5.3212412813631164e-05,
    "ElementProperty_MagpieData_mean_MendeleevNumber": 5.243123390032021e-05,
    "ElementProperty_MagpieData_mean_NUnfilled": 5.140262325152249e-05,
    "ElementProperty_MagpieData_mean_Column": 5.049879635445513e-05,
    "ElectronegativityDiff_minimum_EN_difference": 4.020513259240507e-05,
    "VoronoiFingerprint_mean_Voro_dist_mean": 3.962462114952253e-05,
    "AGNIFingerPrint_mean_AGNI_eta=1_60e+01": 3.90023347949798e-05,
    "GeneralizedRDF_mean_Gaussian_center=5_0_width=1_0": 3.763233306761272e-05,
    "ElectronegativityDiff_mean_EN_difference": 3.527193803066241e-05,
    "ElementProperty_MagpieData_avg_dev_NdValence": 3.188450877801129e-05,
    "BondOrientationParameter_mean_BOOP_Q_l=2": 2.955747061672545e-05,
    "ElementProperty_MagpieData_avg_dev_NUnfilled": 2.7963292083958392e-05,
    "OPSiteFingerprint_std_dev_tetrahedral_CN_4": 2.631774132342549e-05,
    "ElementProperty_MagpieData_mean_CovalentRadius": 2.621027304147921e-05,
    "TMetalFraction_transition_metal_fraction": 2.6010642485974057e-05,
    "ElementProperty_MagpieData_mode_MeltingT": 2.4500990208348554e-05,
    "ElementProperty_MagpieData_mean_NpValence": 2.192285026519746e-05,
    "ElectronegativityDiff_std_dev_EN_difference": 2.07061800547198e-05,
    "ElementProperty_MagpieData_maximum_NUnfilled": 2.067223401805508e-05,
    "GeneralizedRDF_mean_Gaussian_center=4_0_width=1_0": 2.043729437284048e-05,
    "ElementProperty_MagpieData_mean_MeltingT": 1.9886977471717295e-05,
    "CrystalNNFingerprint_mean_tetrahedral_CN_4": 1.9236284567579706e-05,
    "ElementProperty_MagpieData_minimum_Number": 1.910521468355092e-05,
    "ElementProperty_MagpieData_minimum_Electronegativity": 1.81011323301178e-05,
    "ChemicalOrdering_mean_ordering_parameter_shell_1": 1.793481074286183e-05
}