{
    "ElementProperty_MagpieData_mode_CovalentRadius": 0.010377963267135894,
    "ElementProperty_MagpieData_minimum_CovalentRadius": 0.005925688749156746,
    "ElementProperty_MagpieData_mode_Number": 0.005517668164224073,
    "CrystalNNFingerprint_mean_octahedral_CN_6": 0.004484485299814044,
    "CrystalNNFingerprint_mean_trigonal_planar_CN_3": 0.0033680600172445153,
    "ElementProperty_MagpieData_avg_dev_NpValence": 0.0028485489266705257,
    "ElementProperty_MagpieData_mean_NpValence": 0.002673087904188457,
    "TMetalFraction_transition_metal_fraction": 0.0025219583350189864,
    "AGNIFingerPrint_std_dev_AGNI_dir=y_eta=8_00e-01": 0.002446093059335133,
    "ElementProperty_MagpieData_maximum_MeltingT": 0.002428850440506028,
    "ElementProperty_MagpieData_mean_NpUnfilled": 0.0022535198146961303,
    "AGNIFingerPrint_std_dev_AGNI_dir=y_eta=1_23e+00": 0.00219464591254903,
    "ElementProperty_MagpieData_mean_Column": 0.0018875201146152443,
    "AtomicOrbitals_HOMO_element": 0.0018761317283649138,
    "CrystalNNFingerprint_mean_pentagonal_pyramidal_CN_6": 0.00173575755413778,
    "ElementProperty_MagpieData_maximum_Number": 0.001710690001393969,
    "ElectronegativityDiff_minimum_EN_difference": 0.0016708186517773768,
    "BondOrientationParameter_mean_BOOP_Q_l=9": 0.001592831340764272,
    "StructuralHeterogeneity_minimum_neighbor_distance_variation": 0.0015876967206923298,
    "AverageBondAngle_mean_Average_bond_angle": 0.001474306119990711,
    "MEGNet_OFMEncoded_v1_128": 0.001473097065379401,
    "GeneralizedRDF_mean_Gaussian_center=0_0_width=1_0": 0.0014478091457415696,
    "OPSiteFingerprint_mean_tetrahedral_CN_4": 0.0014410257656065728,
    "ElementProperty_MagpieData_avg_dev_MeltingT": 0.0014270746009811825,
    "ElementProperty_MagpieData_avg_dev_GSbandgap": 0.0014093265829707422,
    "MaximumPackingEfficiency_max_packing_efficiency": 0.0013645319480924643,
    "ElementProperty_MagpieData_maximum_GSvolume_pa": 0.0013375095626173854,
    "ElementFraction_Pu": 0.0013280299168665327,
    "GeneralizedRDF_mean_Gaussian_center=2_0_width=1_0": 0.0013235860372011,
    "MEGNet_OFMEncoded_v1_107": 0.0013079772365361493
}