{
    "ElementProperty_MagpieData_minimum_MeltingT": 0.010281098790134828,
    "ElementProperty_MagpieData_minimum_Number": 0.00753486759650902,
    "ElementProperty_MagpieData_mode_MeltingT": 0.007084492000938098,
    "ElementFraction_Li": 0.006496221834207502,
    "ElementProperty_MagpieData_mode_GSbandgap": 0.0035997875951843065,
    "ElementProperty_MagpieData_mean_GSbandgap": 0.003154610030363359,
    "ElementFraction_Se": 0.0024849199669615863,
    "ElementProperty_MagpieData_mode_MendeleevNumber": 0.0017725478218132153,
    "ElementFraction_S": 0.0016517593413764066,
    "ElementFraction_F": 0.0013654141083719925,
    "ElementFraction_H": 0.0013593693811189346,
    "AtomicPackingEfficiency_dist_from_1_clusters__APE____0_010": 0.0012355079203893993,
    "ElementProperty_MagpieData_mean_GSmagmom": 0.0012192718958858812,
    "ElementFraction_Te": 0.0007751845403262288,
    "ElementProperty_MagpieData_mode_Number": 0.0007083220810991721,
    "ElementProperty_MagpieData_mode_CovalentRadius": 0.0006218975463158195,
    "ElementProperty_MagpieData_mode_GSvolume_pa": 0.0005975754157486302,
    "ElementFraction_Na": 0.0005156586409121426,
    "ElementProperty_MagpieData_maximum_MendeleevNumber": 0.0005074303499527836,
    "ElementProperty_MagpieData_avg_dev_GSmagmom": 0.0005036308118007295,
    "ElementProperty_MagpieData_mean_NpUnfilled": 0.0004958006780872219,
    "ElementProperty_MagpieData_minimum_NValence": 0.00047505728137372844,
    "Stoichiometry_10-norm": 0.0004128722924277771,
    "AtomicOrbitals_LUMO_energy": 0.000409355167268595,
    "MEGNet_OFMEncoded_v1_93": 0.00040005610940205575,
    "ElementFraction_Mn": 0.0003999122838689245,
    "ElementFraction_As": 0.00039768540327853887,
    "ElementProperty_MagpieData_maximum_GSmagmom": 0.00038497236582293767,
    "ElementFraction_Be": 0.0003822819524462281,
    "ElementProperty_MagpieData_mean_Row": 0.0003784793919595861
}