{
    "ValenceOrbital_frac_p_valence_electrons": 0.02916915130943802,
    "OxidationStates_minimum_oxidation_state": 0.019065331836254345,
    "TMetalFraction_transition_metal_fraction": 0.01796591454658718,
    "CrystalNNFingerprint_mean_tetrahedral_CN_4": 0.010471659651533674,
    "ElementProperty_MagpieData_mode_CovalentRadius": 0.009698695406215478,
    "ElementProperty_MagpieData_range_CovalentRadius": 0.00953095511043861,
    "ElementProperty_MagpieData_mean_MendeleevNumber": 0.00928195530581613,
    "AtomicOrbitals_HOMO_element": 0.008196433658186892,
    "YangSolidSolution_Yang_omega": 0.007537073759248435,
    "ElementProperty_MagpieData_avg_dev_NpValence": 0.007291233575394413,
    "AGNIFingerPrint_std_dev_AGNI_dir=y_eta=1_23e+00": 0.00686130626005263,
    "GaussianSymmFunc_mean_G2_20_0": 0.006442634285256285,
    "OxidationStates_range_oxidation_state": 0.006372918413105173,
    "AtomicOrbitals_gap_AO": 0.006337296095334934,
    "ElementProperty_MagpieData_range_MeltingT": 0.0059349917804147265,
    "ElementProperty_MagpieData_avg_dev_MeltingT": 0.0059044783309984755,
    "AtomicOrbitals_HOMO_energy": 0.005897038070644907,
    "MEGNet_OFMEncoded_v1_116": 0.005818514897599169,
    "MEGNet_OFMEncoded_v1_94": 0.005657681352797344,
    "ElementProperty_MagpieData_mean_Column": 0.005527427507449566,
    "BandCenter_band_center": 0.005287461097162377,
    "ElementProperty_MagpieData_avg_dev_NpUnfilled": 0.005154283225225738,
    "OxidationStates_maximum_oxidation_state": 0.005031310318922821,
    "BondOrientationParameter_mean_BOOP_Q_l=9": 0.004938769211581491,
    "ElementProperty_MagpieData_maximum_MeltingT": 0.004879373072096927,
    "ElementProperty_MagpieData_avg_dev_NUnfilled": 0.004652255085864471,
    "BondOrientationParameter_mean_BOOP_Q_l=6": 0.004355401098570054,
    "ElementProperty_MagpieData_mean_NpValence": 0.004342539313334037,
    "ElementProperty_MagpieData_mean_GSbandgap": 0.00422809778670219,
    "StructuralHeterogeneity_mean_absolute_deviation_in_relative_bond_length": 0.004059228182403245
}