{
    "GeneralizedRDF_mean_Gaussian_center=1_0_width=1_0": 0.0037354187630597112,
    "AGNIFingerPrint_mean_AGNI_eta=1_23e+00": 0.0012363832009069835,
    "ElementProperty_MagpieData_mode_NUnfilled": 0.001226485476458918,
    "ElementProperty_MagpieData_mean_NpUnfilled": 0.0006188034616041831,
    "ElementProperty_MagpieData_maximum_MeltingT": 0.0005376268109450114,
    "OxidationStates_std_dev_oxidation_state": 0.0004558139915962896,
    "AGNIFingerPrint_mean_AGNI_eta=1_88e+00": 0.00042665739340496425,
    "ElementProperty_MagpieData_avg_dev_Column": 0.0003435499198406731,
    "GaussianSymmFunc_mean_G2_20_0": 0.0003180222546756931,
    "GeneralizedRDF_mean_Gaussian_center=2_0_width=1_0": 0.00029956190259146397,
    "ElementProperty_MagpieData_avg_dev_Electronegativity": 0.00028986875337116974,
    "ElementFraction_O": 0.0002887309986065332,
    "ElementProperty_MagpieData_mean_MeltingT": 0.0002575583240785972,
    "ElementProperty_MagpieData_minimum_CovalentRadius": 0.000257053221828775,
    "ElectronegativityDiff_minimum_EN_difference": 0.0002530124370625841,
    "TMetalFraction_transition_metal_fraction": 0.00020030965296432106,
    "BandCenter_band_center": 0.0001964320492428273,
    "ElementFraction_H": 0.00019000763662384987,
    "MEGNet_OFMEncoded_v1_87": 0.00018845925250055213,
    "ElementProperty_MagpieData_mean_NpValence": 0.00018242194939239594,
    "GeneralizedRDF_mean_Gaussian_center=3_0_width=1_0": 0.00017922784710572035,
    "ElementProperty_MagpieData_minimum_Column": 0.00017495151322543986,
    "AverageBondLength_mean_Average_bond_length": 0.00016932868164811694,
    "ElementProperty_MagpieData_mean_Electronegativity": 0.00016484322754354962,
    "ElementProperty_MagpieData_avg_dev_NpUnfilled": 0.0001638969650998101,
    "MEGNet_OFMEncoded_v1_6": 0.00015936845298378515,
    "MEGNet_OFMEncoded_v1_99": 0.00015762045089646724,
    "AGNIFingerPrint_std_dev_AGNI_dir=z_eta=8_00e-01": 0.0001551216181965267,
    "ElementProperty_MagpieData_minimum_Number": 0.0001551069714857568,
    "YangSolidSolution_Yang_delta": 0.00013800742374163585
}