{
    "OxidationStates_std_dev_oxidation_state": 0.011866548376413733,
    "ElementProperty_MagpieData_avg_dev_MendeleevNumber": 0.011646314933148568,
    "ElementProperty_MagpieData_maximum_MendeleevNumber": 0.010308499519198168,
    "ElementProperty_MagpieData_mean_MendeleevNumber": 0.009549351888996936,
    "ElementProperty_MagpieData_avg_dev_CovalentRadius": 0.007475017587157787,
    "ElementProperty_MagpieData_mean_GSbandgap": 0.006449717076219747,
    "BondOrientationParameter_mean_BOOP_Q_l=1": 0.005633818400847536,
    "YangSolidSolution_Yang_delta": 0.005121688618935254,
    "ElementFraction_O": 0.005120347895129675,
    "OPSiteFingerprint_std_dev_q6_CN_12": 0.004875593541286545,
    "ElementProperty_MagpieData_mean_NpUnfilled": 0.004829124743950882,
    "MEGNet_OFMEncoded_v1_24": 0.004775369287988993,
    "CrystalNNFingerprint_std_dev_trigonal_planar_CN_3": 0.004731193866652471,
    "ElementFraction_Mn": 0.004180786573779349,
    "GaussianSymmFunc_std_dev_G4_0_005_1_0_-1_0": 0.004176928297080194,
    "ElementProperty_MagpieData_maximum_MeltingT": 0.004124791538761264,
    "ElementProperty_MagpieData_mean_MeltingT": 0.004028582511963486,
    "ElementProperty_MagpieData_maximum_NdValence": 0.003995004260407515,
    "SineCoulombMatrix_sine_coulomb_matrix_eig_5": 0.003943836134348217,
    "ElementFraction_H": 0.003939618236965512,
    "OPSiteFingerprint_std_dev_trigonal_planar_CN_3": 0.0038938817638033128,
    "ElementProperty_MagpieData_mean_Electronegativity": 0.003858695438124893,
    "BondOrientationParameter_mean_BOOP_Q_l=5": 0.003785454817781389,
    "Stoichiometry_7-norm": 0.003693345495891285,
    "TMetalFraction_transition_metal_fraction": 0.00362905458236588,
    "ElectronegativityDiff_maximum_EN_difference": 0.003332103281551398,
    "ElementProperty_MagpieData_mode_MendeleevNumber": 0.003302394884696977,
    "ElementProperty_MagpieData_range_MeltingT": 0.003221802441238126,
    "AtomicOrbitals_LUMO_energy": 0.0031722794304474425,
    "AverageBondLength_std_dev_Average_bond_length": 0.0031328455126841278
}