{
    "ElementProperty_MagpieData_mode_GSvolume_pa": 0.02279361793714906,
    "ElementFraction_Mg": 0.016121556817913038,
    "ElementProperty_MagpieData_mode_NUnfilled": 0.01578977611137789,
    "ElementProperty_MagpieData_minimum_MeltingT": 0.01203096216246741,
    "ElementFraction_Sr": 0.010965891297327425,
    "ElementProperty_MagpieData_maximum_GSvolume_pa": 0.008375828567957508,
    "ElementFraction_In": 0.007897548058200764,
    "ValenceOrbital_frac_p_valence_electrons": 0.007825520061890218,
    "ElementProperty_MagpieData_mode_Number": 0.007550779587702881,
    "ElementProperty_MagpieData_avg_dev_GSvolume_pa": 0.006687243803541242,
    "ElementProperty_MagpieData_maximum_CovalentRadius": 0.0065496092247676555,
    "ElementFraction_V": 0.006382459192581917,
    "ElementProperty_MagpieData_mean_NpUnfilled": 0.006137631375995368,
    "AtomicOrbitals_LUMO_energy": 0.00606274986413104,
    "ElementProperty_MagpieData_minimum_Number": 0.00594350260713199,
    "ElementFraction_Li": 0.005876593910485217,
    "ElementProperty_MagpieData_mean_NsUnfilled": 0.005843321555906329,
    "ElementProperty_MagpieData_minimum_GSvolume_pa": 0.005810035886932938,
    "ElementProperty_MagpieData_maximum_MeltingT": 0.005557139087595946,
    "ElementFraction_Au": 0.005382293615278443,
    "ElementProperty_MagpieData_mean_GSvolume_pa": 0.0044524728152254235,
    "ElementFraction_K": 0.0043610006053860905,
    "ElementFraction_Cd": 0.00424995416987727,
    "ElementFraction_Zn": 0.003901542531931494,
    "ElementFraction_Ag": 0.003663151935568027,
    "ElementFraction_Ca": 0.0035677325686935897,
    "ElementProperty_MagpieData_mean_NUnfilled": 0.0035233844185988614,
    "ElementFraction_U": 0.00351711685313578,
    "ElementFraction_Cl": 0.00322517193779901,
    "ElementProperty_MagpieData_maximum_NdUnfilled": 0.003072525590838172
}