{
    "ElementProperty_MagpieData_mean_Electronegativity": 0.0494833215105656,
    "ElementProperty_MagpieData_maximum_Electronegativity": 0.02580068341817341,
    "ElementProperty_MagpieData_mode_MeltingT": 0.020720778488820556,
    "TMetalFraction_transition_metal_fraction": 0.01993551921036689,
    "ElementProperty_MagpieData_mode_Electronegativity": 0.017266709465745485,
    "ElementProperty_MagpieData_mean_MeltingT": 0.015275230582842792,
    "ElementProperty_MagpieData_maximum_CovalentRadius": 0.014040150430927621,
    "ElementProperty_MagpieData_minimum_Electronegativity": 0.013771468588757765,
    "ElementProperty_MagpieData_maximum_MendeleevNumber": 0.01357756086177066,
    "ElementProperty_MagpieData_mean_MendeleevNumber": 0.013291669013813246,
    "ElementProperty_MagpieData_mean_NpValence": 0.012485410535326221,
    "ElementProperty_MagpieData_range_NUnfilled": 0.012354118447131326,
    "ElementProperty_MagpieData_maximum_NUnfilled": 0.011994408754543098,
    "CrystalNNFingerprint_mean_hexagonal_planar_CN_6": 0.010994674181483323,
    "CoordinationNumber_std_dev_CN_VoronoiNN": 0.010632576007959851,
    "ElementProperty_MagpieData_maximum_NValence": 0.01050947078902005,
    "ElementProperty_MagpieData_avg_dev_GSvolume_pa": 0.01038355258087826,
    "BondOrientationParameter_mean_BOOP_Q_l=5": 0.01024216033545055,
    "CrystalNNFingerprint_mean_wt_CN_14": 0.009742917993512335,
    "ElementProperty_MagpieData_minimum_MeltingT": 0.009584824823203013,
    "ElectronegativityDiff_minimum_EN_difference": 0.009496292078279135,
    "ElementProperty_MagpieData_mode_NpUnfilled": 0.009410689076789571,
    "AverageBondAngle_std_dev_Average_bond_angle": 0.009170999922950677,
    "ElementProperty_MagpieData_mean_NUnfilled": 0.00915024278245618,
    "MEGNet_OFMEncoded_v1_93": 0.009028773291212997,
    "ElementProperty_MagpieData_range_Column": 0.00880530854109968,
    "BondOrientationParameter_mean_BOOP_Q_l=2": 0.008431424262776075,
    "ElectronegativityDiff_maximum_EN_difference": 0.008332536475222252,
    "ElementProperty_MagpieData_mode_MendeleevNumber": 0.008075091091755499,
    "ElementProperty_MagpieData_maximum_Number": 0.00805748226166726
}