{
    "TMetalFraction_transition_metal_fraction": 0.06445677736346303,
    "AverageBondLength_std_dev_Average_bond_length": 0.05531898528224424,
    "ElementProperty_MagpieData_mode_NUnfilled": 0.042664646687038274,
    "MaximumPackingEfficiency_max_packing_efficiency": 0.04122634656054651,
    "ElementProperty_MagpieData_avg_dev_NdValence": 0.03302045085546359,
    "BondOrientationParameter_mean_BOOP_Q_l=2": 0.03155245325441506,
    "ElectronegativityDiff_minimum_EN_difference": 0.025044518264705704,
    "ElementProperty_MagpieData_minimum_Electronegativity": 0.024729727750264583,
    "AGNIFingerPrint_std_dev_AGNI_dir=x_eta=8_00e-01": 0.02305236249729814,
    "DensityFeatures_packing_fraction": 0.022424505887159645,
    "AtomicOrbitals_LUMO_energy": 0.021950711109118694,
    "OxidationStates_maximum_oxidation_state": 0.02019281865219866,
    "ElementProperty_MagpieData_mean_MeltingT": 0.020054967391747735,
    "GeneralizedRDF_mean_Gaussian_center=9_0_width=1_0": 0.01974569337980506,
    "GeneralizedRDF_mean_Gaussian_center=3_0_width=1_0": 0.01958005188685496,
    "ElementProperty_MagpieData_maximum_Number": 0.019459393921896214,
    "MEGNet_OFMEncoded_v1_79": 0.01751329654157472,
    "BondOrientationParameter_mean_BOOP_Q_l=5": 0.01666938599658061,
    "ElementProperty_MagpieData_range_NdValence": 0.01658044074538175,
    "MEGNet_OFMEncoded_v1_133": 0.016283854810424155,
    "ElementProperty_MagpieData_maximum_CovalentRadius": 0.015628065627329654,
    "ElementProperty_MagpieData_maximum_NpUnfilled": 0.015333255897010187,
    "ElementProperty_MagpieData_mean_Electronegativity": 0.015306772712321361,
    "XRDPowderPattern_xrd_42": 0.01523613269811793,
    "ElementProperty_MagpieData_avg_dev_MeltingT": 0.014762345864219978,
    "MEGNet_OFMEncoded_v1_157": 0.014678756252942949,
    "AGNIFingerPrint_std_dev_AGNI_dir=x_eta=1_23e+00": 0.014308874371515559,
    "GeneralizedRDF_mean_Gaussian_center=2_0_width=1_0": 0.01406041426365605,
    "ElementProperty_MagpieData_minimum_MeltingT": 0.013986717768444885,
    "AGNIFingerPrint_std_dev_AGNI_dir=z_eta=8_00e-01": 0.013859304543935488
}