{
    "ElementProperty_MagpieData_mean_NdValence": 0.07793554121510397,
    "ValenceOrbital_frac_p_valence_electrons": 0.07112167112398195,
    "ElementProperty_MagpieData_mean_Column": 0.04452287659344958,
    "TMetalFraction_transition_metal_fraction": 0.03806670794573337,
    "MEGNet_OFMEncoded_v1_132": 0.036169014074816035,
    "BondOrientationParameter_mean_BOOP_Q_l=4": 0.03370581120540287,
    "DensityFeatures_density": 0.02768347063452683,
    "OxidationStates_std_dev_oxidation_state": 0.02707664094477301,
    "MaximumPackingEfficiency_max_packing_efficiency": 0.026906556024449566,
    "ElementFraction_Mn": 0.025981432949184542,
    "AverageBondAngle_std_dev_Average_bond_angle": 0.025318440125689772,
    "ValenceOrbital_frac_d_valence_electrons": 0.024882751381252913,
    "ElementProperty_MagpieData_maximum_Number": 0.021978934127615864,
    "CoordinationNumber_std_dev_CN_VoronoiNN": 0.02128205836082072,
    "AtomicOrbitals_HOMO_element": 0.019850758089755973,
    "ElementFraction_O": 0.01972961171429623,
    "CrystalNNFingerprint_mean_cuboctahedral_CN_12": 0.018974949631988376,
    "ElementProperty_MagpieData_maximum_CovalentRadius": 0.018536851856317253,
    "ElectronegativityDiff_mean_EN_difference": 0.017922341265346402,
    "MEGNet_OFMEncoded_v1_86": 0.01720187801252104,
    "CrystalNNFingerprint_mean_q6_CN_12": 0.0170791837383273,
    "OPSiteFingerprint_mean_octahedral_CN_6": 0.016531275288674395,
    "ElementProperty_MagpieData_range_Electronegativity": 0.015392203314298431,
    "StructuralHeterogeneity_mean_absolute_deviation_in_relative_bond_length": 0.015134994921024571,
    "IonProperty_avg_ionic_char": 0.013648011013352846,
    "GaussianSymmFunc_mean_G2_80_0": 0.01290424386763211,
    "ElementProperty_MagpieData_maximum_MendeleevNumber": 0.012471548296019054,
    "ElementProperty_MagpieData_mean_MendeleevNumber": 0.012382240576646808,
    "ElementProperty_MagpieData_avg_dev_MendeleevNumber": 0.01231265355542861,
    "BondOrientationParameter_mean_BOOP_Q_l=2": 0.01166497422188107
}