{
    "GeneralizedRDF_mean_Gaussian_center=3_0_width=1_0": 0.0013739716612566624,
    "BandCenter_band_center": 0.0006720648436803348,
    "GeneralizedRDF_mean_Gaussian_center=2_0_width=1_0": 0.0006054276022049192,
    "DensityFeatures_packing_fraction": 0.0002075994091498641,
    "ElementProperty_MagpieData_mean_NUnfilled": 0.00019400873608753006,
    "ElementProperty_MagpieData_mean_Column": 0.0001837403669927906,
    "AGNIFingerPrint_mean_AGNI_eta=1_60e+01": 0.00014183918353420625,
    "ElementProperty_MagpieData_mean_MendeleevNumber": 0.00012709193849511836,
    "VoronoiFingerprint_mean_Voro_vol_maximum": 0.00012706343577132453,
    "ElectronegativityDiff_minimum_EN_difference": 0.00012132214115769511,
    "GeneralizedRDF_mean_Gaussian_center=5_0_width=1_0": 0.0001174813253820884,
    "ElementProperty_MagpieData_avg_dev_NdValence": 0.00011151360976053006,
    "ElementProperty_MagpieData_mean_NpValence": 9.680091407720242e-05,
    "BondOrientationParameter_mean_BOOP_Q_l=2": 9.004670061830946e-05,
    "ElectronegativityDiff_mean_EN_difference": 8.949468060048177e-05,
    "ElementProperty_MagpieData_mean_Electronegativity": 8.770703761136314e-05,
    "ElementProperty_MagpieData_mean_MeltingT": 8.67838303061594e-05,
    "TMetalFraction_transition_metal_fraction": 8.677801306103999e-05,
    "VoronoiFingerprint_mean_Voro_dist_mean": 8.18569596715393e-05,
    "CrystalNNFingerprint_mean_tetrahedral_CN_4": 8.15304074310267e-05,
    "ElementProperty_MagpieData_avg_dev_MendeleevNumber": 7.550436744726637e-05,
    "ElementProperty_MagpieData_mean_CovalentRadius": 6.8019304260734e-05,
    "OPSiteFingerprint_std_dev_tetrahedral_CN_4": 6.617210400004721e-05,
    "ElementProperty_MagpieData_avg_dev_NUnfilled": 6.609345420104396e-05,
    "ElementProperty_MagpieData_mean_NdUnfilled": 6.461524832945206e-05,
    "GaussianSymmFunc_mean_G2_0_05": 6.149750810788478e-05,
    "ElementProperty_MagpieData_mode_MendeleevNumber": 6.011462756150379e-05,
    "ChemicalOrdering_mean_ordering_parameter_shell_1": 5.956587601820462e-05,
    "ElementProperty_MagpieData_maximum_CovalentRadius": 5.131669689489833e-05,
    "ElementProperty_MagpieData_minimum_NUnfilled": 5.056965143081797e-05
}