{
    "ElementProperty_MagpieData_mean_NdValence": 6.705757777175343e-05,
    "DensityFeatures_density": 6.486136922412908e-05,
    "CrystalNNFingerprint_mean_tetrahedral_CN_4": 6.268273297212731e-05,
    "TMetalFraction_transition_metal_fraction": 6.0277815506591576e-05,
    "ElectronegativityDiff_minimum_EN_difference": 5.230755003894667e-05,
    "ChemicalOrdering_mean_ordering_parameter_shell_2": 5.089297808060755e-05,
    "ElementProperty_MagpieData_minimum_Column": 5.0871835028854576e-05,
    "Miedema_Miedema_deltaH_inter": 4.3111162067574104e-05,
    "AtomicOrbitals_HOMO_energy": 3.2558502750646685e-05,
    "BondOrientationParameter_mean_BOOP_Q_l=10": 2.7112554842298883e-05,
    "ElementProperty_MagpieData_mean_MeltingT": 2.662120593487028e-05,
    "OPSiteFingerprint_std_dev_square_co-planar_CN_4": 2.621844666843501e-05,
    "OPSiteFingerprint_std_dev_tetrahedral_CN_4": 2.4371706517750294e-05,
    "ElementFraction_O": 2.1919303531069174e-05,
    "GeneralizedRDF_mean_Gaussian_center=0_0_width=1_0": 2.185504874757453e-05,
    "GeneralizedRDF_std_dev_Gaussian_center=0_0_width=1_0": 1.993395397772829e-05,
    "ElementProperty_MagpieData_minimum_Electronegativity": 1.9736488274212944e-05,
    "StructuralHeterogeneity_min_relative_bond_length": 1.817025947392145e-05,
    "AtomicOrbitals_HOMO_element": 1.7718930731968545e-05,
    "AtomicOrbitals_gap_AO": 1.759278432198447e-05,
    "GlobalSymmetryFeatures_spacegroup_num": 1.6213317738381774e-05,
    "ElectronegativityDiff_maximum_EN_difference": 1.6194824140618953e-05,
    "ElementProperty_MagpieData_mean_NpValence": 1.5819298627625007e-05,
    "BondOrientationParameter_mean_BOOP_Q_l=2": 1.5570051111044276e-05,
    "ChemicalOrdering_mean_ordering_parameter_shell_3": 1.555165050365953e-05,
    "CrystalNNFingerprint_mean_rectangular_see-saw-like_CN_4": 1.5494867298149563e-05,
    "OPSiteFingerprint_mean_L-shaped_CN_2": 1.503539571733208e-05,
    "BondOrientationParameter_mean_BOOP_Q_l=6": 1.5008397116209973e-05,
    "ElementProperty_MagpieData_mode_GSvolume_pa": 1.4402020737170672e-05,
    "AGNIFingerPrint_mean_AGNI_eta=8_00e-01": 1.3142906534256244e-05
}