{
    "GaussianSymmFunc_mean_G2_20_0": 0.004680859219203109,
    "ElementProperty_MagpieData_mode_NUnfilled": 0.001979314305076964,
    "AGNIFingerPrint_mean_AGNI_eta=1_23e+00": 0.0010048943469737404,
    "ElementProperty_MagpieData_maximum_MeltingT": 0.0007103758924831648,
    "GeneralizedRDF_mean_Gaussian_center=0_0_width=1_0": 0.000657114628772238,
    "ElementProperty_MagpieData_mean_NpUnfilled": 0.0005403675970519308,
    "ElementProperty_MagpieData_avg_dev_Column": 0.0004965844132936456,
    "AGNIFingerPrint_mean_AGNI_eta=1_88e+00": 0.0004828957770038342,
    "ElementProperty_MagpieData_mean_MeltingT": 0.0004563489845248559,
    "ElectronegativityDiff_minimum_EN_difference": 0.00045223794643547705,
    "ElementProperty_MagpieData_mean_Electronegativity": 0.00043543535181731255,
    "ElementFraction_O": 0.0004297617420135283,
    "OxidationStates_std_dev_oxidation_state": 0.00041418978613551105,
    "GeneralizedRDF_mean_Gaussian_center=2_0_width=1_0": 0.0003615159626266128,
    "ElementFraction_H": 0.00033634333492009737,
    "GeneralizedRDF_mean_Gaussian_center=5_0_width=1_0": 0.00030201780780016044,
    "ElementProperty_MagpieData_minimum_CovalentRadius": 0.0002990408344246206,
    "MEGNet_OFMEncoded_v1_99": 0.0002749292178612229,
    "TMetalFraction_transition_metal_fraction": 0.00027260029989632035,
    "GeneralizedRDF_mean_Gaussian_center=6_0_width=1_0": 0.0002703136859774567,
    "GeneralizedRDF_mean_Gaussian_center=8_0_width=1_0": 0.0002498601276097958,
    "ElementProperty_MagpieData_avg_dev_Electronegativity": 0.00024097831012568144,
    "ElementProperty_MagpieData_minimum_Column": 0.0002389708655060987,
    "ElementProperty_MagpieData_minimum_Number": 0.0002314569438587923,
    "GeneralizedRDF_mean_Gaussian_center=1_0_width=1_0": 0.0002244785772258354,
    "BandCenter_band_center": 0.00022333958781872815,
    "MEGNet_OFMEncoded_v1_15": 0.00022321115273810888,
    "ElementProperty_MagpieData_avg_dev_MeltingT": 0.0002000765126048617,
    "ElementProperty_MagpieData_mean_Column": 0.00018501831108531298,
    "MEGNet_OFMEncoded_v1_6": 0.00018477086383320476
}