{
    "ElectronegativityDiff_mean_EN_difference": 0.0891322353767399,
    "ElectronegativityDiff_minimum_EN_difference": 0.04708736552115945,
    "ValenceOrbital_frac_p_valence_electrons": 0.039454366214917685,
    "TMetalFraction_transition_metal_fraction": 0.03524289807598959,
    "ChemicalOrdering_mean_ordering_parameter_shell_1": 0.032286530150488324,
    "ElementProperty_MagpieData_maximum_NUnfilled": 0.028134736209027872,
    "ElementProperty_MagpieData_mean_NpValence": 0.02550729868068986,
    "ElementProperty_MagpieData_mean_Electronegativity": 0.024389648078491068,
    "ElementProperty_MagpieData_mean_NpUnfilled": 0.024116317476919613,
    "BondOrientationParameter_mean_BOOP_Q_l=2": 0.02271864715775321,
    "ElementProperty_MagpieData_minimum_MendeleevNumber": 0.02219148759791363,
    "BondOrientationParameter_mean_BOOP_Q_l=1": 0.021758741112233155,
    "ElementProperty_MagpieData_maximum_MeltingT": 0.021680213453246944,
    "ElementProperty_MagpieData_avg_dev_Electronegativity": 0.021483149789322444,
    "ChemicalOrdering_mean_ordering_parameter_shell_2": 0.02100326680763695,
    "GeneralizedRDF_mean_Gaussian_center=3_0_width=1_0": 0.018237913312513534,
    "CrystalNNFingerprint_mean_tetrahedral_CN_4": 0.017100054408758766,
    "BondFractions_Ni_-_O_bond_frac_": 0.016760386535719964,
    "ElementProperty_MagpieData_avg_dev_Column": 0.016754812979931956,
    "AtomicOrbitals_LUMO_energy": 0.015037127690632078,
    "MEGNet_OFMEncoded_v1_118": 0.014884871533209129,
    "OPSiteFingerprint_mean_q6_CN_12": 0.01480598320015588,
    "GeneralizedRDF_mean_Gaussian_center=2_0_width=1_0": 0.014464826782049415,
    "ElementProperty_MagpieData_mode_Electronegativity": 0.014064807960316781,
    "ElementProperty_MagpieData_avg_dev_NValence": 0.013631472555271692,
    "ElementProperty_MagpieData_mean_Row": 0.01354947045241987,
    "AtomicOrbitals_HOMO_energy": 0.013366825117957863,
    "ElementProperty_MagpieData_mean_NValence": 0.013244795726084014,
    "ElementProperty_MagpieData_mode_CovalentRadius": 0.012751793762043247,
    "AtomicOrbitals_gap_AO": 0.012749873987777315
}