{
    "TMetalFraction_transition_metal_fraction": 0.02957617593531334,
    "CrystalNNFingerprint_mean_hexagonal_planar_CN_6": 0.022043571845280586,
    "AGNIFingerPrint_std_dev_AGNI_eta=1_23e+00": 0.021465086798208088,
    "ElementProperty_MagpieData_mean_NpValence": 0.021304044845497704,
    "ValenceOrbital_frac_d_valence_electrons": 0.021168969112036046,
    "AtomicOrbitals_gap_AO": 0.02048217154692886,
    "CrystalNNFingerprint_mean_tetrahedral_CN_4": 0.018304997625292627,
    "ElementProperty_MagpieData_range_MeltingT": 0.017852265181448022,
    "GaussianSymmFunc_std_dev_G2_20_0": 0.016915842905721956,
    "ElementProperty_MagpieData_mean_NpUnfilled": 0.01543114254317257,
    "BondOrientationParameter_mean_BOOP_Q_l=6": 0.01492665904421033,
    "ElectronegativityDiff_minimum_EN_difference": 0.014421789571884476,
    "MEGNet_OFMEncoded_v1_153": 0.013464053084578698,
    "ElementProperty_MagpieData_mode_NUnfilled": 0.013297703258050148,
    "ElementProperty_MagpieData_mode_MeltingT": 0.012933265893330893,
    "ElementProperty_MagpieData_mean_GSmagmom": 0.012616304538835839,
    "GeneralizedRDF_mean_Gaussian_center=0_0_width=1_0": 0.012558428804193606,
    "ElementProperty_MagpieData_mean_Column": 0.012460378571068475,
    "VoronoiFingerprint_mean_Symmetry_index_5": 0.012182512587310101,
    "IonProperty_avg_ionic_char": 0.01050182734885953,
    "CrystalNNFingerprint_mean_wt_CN_6": 0.010039767153451803,
    "MEGNet_OFMEncoded_v1_129": 0.009963437887759479,
    "ElementProperty_MagpieData_mode_CovalentRadius": 0.009816512742782479,
    "ElementProperty_MagpieData_mean_NUnfilled": 0.008350578999821527,
    "ChemicalOrdering_mean_ordering_parameter_shell_2": 0.008323790905895558,
    "Stoichiometry_3-norm": 0.008317156147297318,
    "MEGNet_OFMEncoded_v1_79": 0.008304328005303264,
    "MEGNet_OFMEncoded_v1_74": 0.008301608325830313,
    "ElementProperty_MagpieData_mode_GSvolume_pa": 0.008168117387686165,
    "CrystalNNFingerprint_mean_pentagonal_pyramidal_CN_6": 0.0080724737006607
}