{
    "GaussianSymmFunc_mean_G2_80_0": 0.059766362155699054,
    "TMetalFraction_transition_metal_fraction": 0.05944699190596585,
    "ElementProperty_MagpieData_minimum_NValence": 0.048324428198515026,
    "ElementProperty_MagpieData_mean_MendeleevNumber": 0.04120632503710052,
    "BandCenter_band_center": 0.039450084978310054,
    "ElementProperty_MagpieData_avg_dev_NpUnfilled": 0.03530341089826891,
    "ElementProperty_MagpieData_minimum_Column": 0.03391864181393499,
    "ElectronegativityDiff_minimum_EN_difference": 0.03357686918949259,
    "ElementProperty_MagpieData_avg_dev_Column": 0.03236532706972997,
    "ElementProperty_MagpieData_mean_Column": 0.032308752138572136,
    "ElementProperty_MagpieData_mean_NdValence": 0.024755361578743498,
    "CrystalNNFingerprint_mean_tetrahedral_CN_4": 0.023139069548751855,
    "OPSiteFingerprint_std_dev_tetrahedral_CN_4": 0.022293572963225133,
    "GeneralizedRDF_mean_Gaussian_center=2_0_width=1_0": 0.02199884511002577,
    "OPSiteFingerprint_mean_tetrahedral_CN_4": 0.021516740182361757,
    "ElementProperty_MagpieData_maximum_CovalentRadius": 0.02108492734333253,
    "DensityFeatures_packing_fraction": 0.020739898146644318,
    "ElementProperty_MagpieData_mean_NpValence": 0.02070062524039189,
    "ElementProperty_MagpieData_maximum_NpUnfilled": 0.020641265210344477,
    "ElementProperty_MagpieData_maximum_Number": 0.02000987467110982,
    "ValenceOrbital_frac_s_valence_electrons": 0.018335671783281368,
    "ElementProperty_MagpieData_mode_MeltingT": 0.01819525375965535,
    "ValenceOrbital_frac_p_valence_electrons": 0.01788612668955333,
    "ElementProperty_MagpieData_mean_NValence": 0.017447791161118376,
    "ElementProperty_MagpieData_mean_MeltingT": 0.016890589668624084,
    "ElectronegativityDiff_mean_EN_difference": 0.016827094586148422,
    "ElementProperty_MagpieData_mean_NUnfilled": 0.015902955107093702,
    "ElementProperty_MagpieData_range_Electronegativity": 0.014789236200188726,
    "MEGNet_OFMEncoded_v1_147": 0.0147810783131565,
    "ElementProperty_MagpieData_mode_Number": 0.013818729369966993
}