{
    "ElementFraction_O": 0.07155070437954048,
    "ElementProperty_MagpieData_maximum_Electronegativity": 0.02080581377558014,
    "ElementProperty_MagpieData_mode_GSvolume_pa": 0.011072811882584934,
    "ElementFraction_Cu": 0.009825259403428425,
    "ElementProperty_MagpieData_mode_MeltingT": 0.007127391639157734,
    "ElementFraction_F": 0.004074582201730047,
    "ElementProperty_MagpieData_minimum_MeltingT": 0.004026707094381041,
    "ElementFraction_N": 0.0037180773281665297,
    "TMetalFraction_transition_metal_fraction": 0.0035202603014979498,
    "ElementProperty_MagpieData_minimum_Number": 0.0034590269106586644,
    "ElementFraction_P": 0.0033131226339584018,
    "ElementProperty_MagpieData_mode_CovalentRadius": 0.0030856189017168167,
    "MEGNet_OFMEncoded_v1_68": 0.0021959132280801666,
    "MEGNet_OFMEncoded_v1_19": 0.002131917176815913,
    "ElementFraction_H": 0.002009152784555528,
    "MEGNet_OFMEncoded_v1_119": 0.0019181688443718815,
    "ElementProperty_MagpieData_maximum_MendeleevNumber": 0.0018085216379672565,
    "ElementProperty_MagpieData_mode_NpUnfilled": 0.0017448582943689914,
    "ElementProperty_MagpieData_mode_Electronegativity": 0.0017128814587467145,
    "MEGNet_OFMEncoded_v1_63": 0.0016409322428324984,
    "MEGNet_OFMEncoded_v1_71": 0.0015550825784981152,
    "ElementFraction_Ni": 0.0015260774965909964,
    "Stoichiometry_5-norm": 0.001475262920752784,
    "ElementProperty_MagpieData_mean_GSbandgap": 0.0013723065432480904,
    "ElementProperty_MagpieData_avg_dev_GSbandgap": 0.0013298143905027201,
    "ElementFraction_As": 0.0013239917186854038,
    "ElementProperty_MagpieData_minimum_CovalentRadius": 0.0012533720060743559,
    "MEGNet_OFMEncoded_v1_97": 0.00122812874197114,
    "ElementFraction_Ba": 0.0012205005201026777,
    "ElementProperty_MagpieData_mean_Electronegativity": 0.0012060605127239782
}