{
    "GeneralizedRDF_mean_Gaussian_center=3_0_width=1_0": 0.0008144354937520439,
    "BandCenter_band_center": 0.0004313065345177397,
    "GeneralizedRDF_mean_Gaussian_center=2_0_width=1_0": 0.0003123261522162711,
    "DensityFeatures_packing_fraction": 0.00012472072891670115,
    "ElementProperty_MagpieData_mean_Column": 9.896128167988046e-05,
    "ElementProperty_MagpieData_mean_NUnfilled": 9.374125818681463e-05,
    "VoronoiFingerprint_mean_Voro_vol_maximum": 8.47088387760452e-05,
    "GeneralizedRDF_mean_Gaussian_center=5_0_width=1_0": 8.365186362522845e-05,
    "AGNIFingerPrint_mean_AGNI_eta=1_60e+01": 7.248484070307361e-05,
    "ElectronegativityDiff_minimum_EN_difference": 6.691721947316307e-05,
    "ElementProperty_MagpieData_mean_MendeleevNumber": 6.507820045487735e-05,
    "ElementProperty_MagpieData_avg_dev_NUnfilled": 5.831639644798082e-05,
    "ElementProperty_MagpieData_mean_MeltingT": 5.724190304743987e-05,
    "ElementProperty_MagpieData_avg_dev_NdValence": 5.693129627993224e-05,
    "CrystalNNFingerprint_mean_tetrahedral_CN_4": 5.439979688027032e-05,
    "VoronoiFingerprint_mean_Voro_dist_mean": 5.34322265569357e-05,
    "BondOrientationParameter_mean_BOOP_Q_l=2": 5.18191986949052e-05,
    "ElectronegativityDiff_mean_EN_difference": 4.868226264764206e-05,
    "OPSiteFingerprint_std_dev_tetrahedral_CN_4": 4.746506534025417e-05,
    "GaussianSymmFunc_mean_G2_0_05": 4.707903753891013e-05,
    "GeneralizedRDF_mean_Gaussian_center=1_0_width=1_0": 4.6776000173333706e-05,
    "ElementProperty_MagpieData_mean_NpValence": 4.4367798945504715e-05,
    "ElementProperty_MagpieData_avg_dev_MendeleevNumber": 4.282903217129125e-05,
    "TMetalFraction_transition_metal_fraction": 4.164547403479249e-05,
    "ChemicalOrdering_mean_ordering_parameter_shell_1": 4.0570130364914196e-05,
    "MaximumPackingEfficiency_max_packing_efficiency": 3.8936320000367345e-05,
    "ElementProperty_MagpieData_mode_MendeleevNumber": 3.704325574138609e-05,
    "ElementProperty_MagpieData_mean_Electronegativity": 3.6239497044656176e-05,
    "ElementProperty_MagpieData_minimum_NUnfilled": 3.6165244591806034e-05,
    "ElementProperty_MagpieData_maximum_NUnfilled": 3.2495862028030934e-05
}