{
    "ElementFraction_O": 0.09500612451379173,
    "ElementFraction_Mg": 0.012532717515807864,
    "ElementProperty_MagpieData_mean_GSmagmom": 0.012509311607727575,
    "ElementProperty_MagpieData_mode_CovalentRadius": 0.011013434164744425,
    "ElementProperty_MagpieData_maximum_NValence": 0.010336748225562744,
    "ElementProperty_MagpieData_maximum_Electronegativity": 0.008653247826076812,
    "ElementProperty_MagpieData_minimum_CovalentRadius": 0.008329730784106797,
    "ElementProperty_MagpieData_mode_Number": 0.006889542686568892,
    "ElementProperty_MagpieData_mode_GSvolume_pa": 0.006652662081401806,
    "ElementProperty_MagpieData_minimum_NUnfilled": 0.006058586680657733,
    "ElementProperty_MagpieData_maximum_MeltingT": 0.0058870827051196945,
    "ElementProperty_MagpieData_avg_dev_GSmagmom": 0.005048092813399192,
    "ElementFraction_Ti": 0.004704612200641417,
    "ElementProperty_MagpieData_maximum_MendeleevNumber": 0.004509397838747635,
    "ElementProperty_MagpieData_mean_Column": 0.004355799720110758,
    "ElementProperty_MagpieData_mean_NpUnfilled": 0.0043471140297489256,
    "ElementProperty_MagpieData_maximum_GSbandgap": 0.0040754121039403915,
    "AtomicOrbitals_LUMO_element": 0.004034877336378684,
    "MEGNet_OFMEncoded_v1_51": 0.003987962785694404,
    "ElementProperty_MagpieData_minimum_Number": 0.0037556732858388554,
    "ElementFraction_Ru": 0.0035521811839118755,
    "ValenceOrbital_frac_d_valence_electrons": 0.0035039868246175875,
    "ElementFraction_Na": 0.003468552849797818,
    "ElementFraction_Cd": 0.0033366634278324224,
    "ElementFraction_V": 0.0032349624571928856,
    "ElementProperty_MagpieData_maximum_Number": 0.0032303058855497643,
    "MEGNet_OFMEncoded_v1_65": 0.003210595487626278,
    "ElementFraction_Ni": 0.0030686705861826787,
    "ElementProperty_MagpieData_mode_GSmagmom": 0.003037566102439749,
    "ElementProperty_MagpieData_mode_Electronegativity": 0.003037381411283217
}