{
    "ElementProperty_MagpieData_mean_NpValence": 0.09882324760114507,
    "MEGNet_OFMEncoded_v1_33": 0.02912229217381542,
    "MaximumPackingEfficiency_max_packing_efficiency": 0.023077277924986466,
    "BondOrientationParameter_std_dev_BOOP_Q_l=2": 0.022364424486426927,
    "ElementProperty_MagpieData_mode_Electronegativity": 0.019993003109469904,
    "ElementProperty_MagpieData_maximum_CovalentRadius": 0.01891154258100733,
    "ElementProperty_MagpieData_mean_AtomicWeight": 0.015886414521613587,
    "ElementProperty_MagpieData_mean_MendeleevNumber": 0.01581715041284837,
    "ElementProperty_MagpieData_avg_dev_NpUnfilled": 0.015519533097939629,
    "MEGNet_OFMEncoded_v1_94": 0.014815143442948861,
    "ValenceOrbital_frac_s_valence_electrons": 0.014462976425809768,
    "StructuralHeterogeneity_min_relative_bond_length": 0.013958394087916475,
    "ElementProperty_MagpieData_maximum_MendeleevNumber": 0.013921320690125426,
    "ElementProperty_MagpieData_maximum_MeltingT": 0.013302954311155331,
    "YangSolidSolution_Yang_delta": 0.013202675079834756,
    "ElementProperty_MagpieData_mode_Number": 0.012577596730352608,
    "ElementProperty_MagpieData_mode_NdUnfilled": 0.012537973983735492,
    "ElementProperty_MagpieData_mean_SpaceGroupNumber": 0.012445093825200119,
    "CrystalNNFingerprint_std_dev_wt_CN_2": 0.012367179696966404,
    "ElementProperty_MagpieData_mean_Electronegativity": 0.012289242585389992,
    "MEGNet_OFMEncoded_v1_152": 0.012221649391419162,
    "MEGNet_OFMEncoded_v1_90": 0.012180446074945565,
    "ElementProperty_MagpieData_avg_dev_CovalentRadius": 0.012069083785905833,
    "OPSiteFingerprint_mean_tetrahedral_CN_4": 0.011480241106004837,
    "ElementProperty_MagpieData_range_MeltingT": 0.011158102955624492,
    "MEGNet_OFMEncoded_v1_102": 0.011027679792708817,
    "OPSiteFingerprint_std_dev_tetrahedral_CN_4": 0.010903691747596828,
    "CoordinationNumber_std_dev_CN_VoronoiNN": 0.010511091813359357,
    "ElementProperty_MagpieData_mean_Row": 0.01035538916601907,
    "Stoichiometry_10-norm": 0.010179100270328343
}