{
    "GeneralizedRDF_mean_Gaussian_center=0_0_width=1_0": 2.117029465049425,
    "BandCenter_band_center": 1.4226089681703316,
    "AGNIFingerPrint_mean_AGNI_eta=1_23e+00": 0.9993771277262734,
    "ElementProperty_MagpieData_mean_GSvolume_pa": 0.6677518843486724,
    "ElementProperty_MagpieData_mean_CovalentRadius": 0.6028262691590093,
    "GaussianSymmFunc_mean_G2_20_0": 0.30221928228858885,
    "ElementProperty_MagpieData_mode_CovalentRadius": 0.2614477525907919,
    "ElementProperty_MagpieData_minimum_CovalentRadius": 0.2534557961588863,
    "ElementProperty_MagpieData_avg_dev_Electronegativity": 0.24845485933912592,
    "ElementProperty_MagpieData_avg_dev_GSmagmom": 0.23547319316422602,
    "TMetalFraction_transition_metal_fraction": 0.20365966230505636,
    "ElementProperty_MagpieData_maximum_MeltingT": 0.1931058568765339,
    "ElementFraction_O": 0.17782652257713097,
    "ElectronegativityDiff_mean_EN_difference": 0.16854017145404976,
    "YangSolidSolution_Yang_delta": 0.16531135684521836,
    "ElementProperty_MagpieData_mean_Column": 0.16360033340692104,
    "AGNIFingerPrint_mean_AGNI_eta=1_88e+00": 0.15970586259282782,
    "ElementProperty_MagpieData_minimum_Electronegativity": 0.15430148525415174,
    "MEGNet_OFMEncoded_v1_19": 0.15099677451074975,
    "MEGNet_OFMEncoded_v1_102": 0.14888062007269193,
    "ElementProperty_MagpieData_mean_GSmagmom": 0.14544250140914286,
    "ElementProperty_MagpieData_avg_dev_GSvolume_pa": 0.12443147569042497,
    "ElectronegativityDiff_minimum_EN_difference": 0.1217159460207301,
    "ElementProperty_MagpieData_mode_NpUnfilled": 0.11512448406064378,
    "ElementProperty_MagpieData_minimum_SpaceGroupNumber": 0.10814603756538506,
    "OxidationStates_std_dev_oxidation_state": 0.09072686978399779,
    "ElementProperty_MagpieData_mean_NpUnfilled": 0.08824017109596723,
    "ElementProperty_MagpieData_mean_Electronegativity": 0.08820662539595628,
    "ElementProperty_MagpieData_mode_NUnfilled": 0.08760697790437302,
    "GeneralizedRDF_mean_Gaussian_center=1_0_width=1_0": 0.08750209834925424
}