{
    "ElementProperty_MagpieData_maximum_MendeleevNumber": 2.0917217093470315,
    "ElementFraction_H": 1.5393705634861,
    "ValenceOrbital_frac_p_valence_electrons": 0.9830971203085386,
    "ElementProperty_MagpieData_minimum_CovalentRadius": 0.5553474109266289,
    "ElementProperty_MagpieData_mode_GSvolume_pa": 0.5122133873093793,
    "MEGNet_OFMEncoded_v1_24": 0.47489182790244994,
    "ElementProperty_MagpieData_minimum_NUnfilled": 0.45583742098218705,
    "ElementProperty_MagpieData_mode_NUnfilled": 0.4197026940630472,
    "ElementProperty_MagpieData_mode_NValence": 0.41477862218826805,
    "ElementProperty_MagpieData_minimum_Number": 0.40538806872730265,
    "ElementProperty_MagpieData_mode_Number": 0.3872081015467334,
    "ElementProperty_MagpieData_mode_GSbandgap": 0.37223186022416327,
    "ElementProperty_MagpieData_minimum_MeltingT": 0.3677950996522537,
    "ElementProperty_MagpieData_maximum_Electronegativity": 0.33683915387258584,
    "ElementFraction_O": 0.3203493858841044,
    "MEGNet_OFMEncoded_v1_68": 0.26722943230564994,
    "ElementProperty_MagpieData_mode_Column": 0.2668858563331054,
    "ElementProperty_MagpieData_minimum_MendeleevNumber": 0.2580900962749316,
    "ElementFraction_Au": 0.2571949106397825,
    "ElementFraction_Cd": 0.24955674067810552,
    "ElementProperty_MagpieData_mean_NpValence": 0.2293799772374038,
    "MEGNet_OFMEncoded_v1_119": 0.22138687254970996,
    "ElementProperty_MagpieData_maximum_Number": 0.21606462164335538,
    "ElementProperty_MagpieData_mean_NValence": 0.19909371454549182,
    "ElementProperty_MagpieData_minimum_NValence": 0.19133736897699052,
    "ElementProperty_MagpieData_maximum_NdValence": 0.18743467394094157,
    "ElementProperty_MagpieData_maximum_NfValence": 0.1751687417788952,
    "ElementFraction_Cu": 0.1748173168850017,
    "ElementFraction_Al": 0.17422600406783192,
    "ElementProperty_MagpieData_mean_NUnfilled": 0.17042244921844033
}