{
    "ElementProperty_MagpieData_mean_Row": 0.03529017319999644,
    "ElementFraction_O": 0.02991147672650345,
    "ElementProperty_MagpieData_mean_Column": 0.022329300315614278,
    "ElementProperty_MagpieData_mean_CovalentRadius": 0.018122929734232105,
    "ElementProperty_MagpieData_minimum_Column": 0.018072213535959208,
    "ElementProperty_MagpieData_mean_GSvolume_pa": 0.016269992586997448,
    "ElementProperty_MagpieData_maximum_CovalentRadius": 0.010436111585311538,
    "BondOrientationParameter_mean_BOOP_Q_l=4": 0.00907349900787574,
    "ElementProperty_MagpieData_maximum_Number": 0.008335663111903384,
    "MEGNet_OFMEncoded_v1_182": 0.00827792517278557,
    "ElectronegativityDiff_maximum_EN_difference": 0.007857595459564829,
    "ElementProperty_MagpieData_mean_NdValence": 0.007515692580673962,
    "ValenceOrbital_frac_f_valence_electrons": 0.0072877498437217796,
    "CrystalNNFingerprint_mean_octahedral_CN_6": 0.006947397053621962,
    "ElementProperty_MagpieData_mode_MendeleevNumber": 0.0069069041815270765,
    "ElementProperty_MagpieData_avg_dev_NpValence": 0.006320561636127362,
    "ElementProperty_MagpieData_mean_MendeleevNumber": 0.006319669906203173,
    "ElementProperty_MagpieData_avg_dev_Column": 0.006262673788387023,
    "MEGNet_OFMEncoded_v1_110": 0.005688489323981562,
    "ElementProperty_MagpieData_range_MendeleevNumber": 0.005595519627524542,
    "GaussianSymmFunc_std_dev_G4_0_005_4_0_-1_0": 0.005517666728641772,
    "VoronoiFingerprint_std_dev_Voro_dist_maximum": 0.005483782480483184,
    "ElementProperty_MagpieData_mean_Electronegativity": 0.005407262962154047,
    "MEGNet_OFMEncoded_v1_167": 0.00539146919287057,
    "ElementProperty_MagpieData_avg_dev_CovalentRadius": 0.00522845910335656,
    "GeneralizedRDF_mean_Gaussian_center=4_0_width=1_0": 0.005223581381983613,
    "AverageBondLength_mean_Average_bond_length": 0.00514698517751161,
    "MEGNet_OFMEncoded_v1_76": 0.005096211725369234,
    "ElementProperty_MagpieData_mean_NUnfilled": 0.005007699499953867,
    "CrystalNNFingerprint_mean_wt_CN_14": 0.0049312764762910145
}