{
    "ElementFraction_Ca": 0.00018663149405178972,
    "ElementFraction_Yb": 0.00015865825007012766,
    "ElementProperty_MagpieData_maximum_GSbandgap": 0.00014943511517253688,
    "ElementFraction_Au": 0.00013517045192898354,
    "ElementProperty_MagpieData_mode_GSbandgap": 0.0001315770620382859,
    "ElementProperty_MagpieData_mode_CovalentRadius": 0.00012658532813115907,
    "ElementProperty_MagpieData_minimum_CovalentRadius": 0.00011863797576087662,
    "ElementFraction_In": 0.00011734314124902817,
    "ElementFraction_F": 0.00010360277270393972,
    "ElementProperty_MagpieData_maximum_SpaceGroupNumber": 0.00010118291741185762,
    "ElementFraction_Pd": 9.996933090012224e-05,
    "ElementFraction_Se": 8.611881822171477e-05,
    "TMetalFraction_transition_metal_fraction": 7.782911666671518e-05,
    "ElementFraction_Y": 7.490030122716332e-05,
    "ElementFraction_Ni": 7.385484585736547e-05,
    "ElementProperty_MagpieData_minimum_MendeleevNumber": 7.072170275876672e-05,
    "ElementFraction_K": 7.017525765768242e-05,
    "ElementProperty_MagpieData_maximum_CovalentRadius": 6.84149859155051e-05,
    "ElementProperty_MagpieData_mean_GSmagmom": 6.716075637043834e-05,
    "ElementProperty_MagpieData_mode_GSvolume_pa": 6.670972438413385e-05,
    "ElementProperty_MagpieData_maximum_NpUnfilled": 6.540889941805937e-05,
    "ElementProperty_MagpieData_minimum_NUnfilled": 6.441439606946853e-05,
    "ElementFraction_Nb": 6.158595093642909e-05,
    "AGNIFingerPrint_mean_AGNI_eta=1_23e+00": 5.990018060590033e-05,
    "ElementProperty_MagpieData_mode_SpaceGroupNumber": 5.887953902607233e-05,
    "GeneralizedRDF_mean_Gaussian_center=0_0_width=1_0": 5.8278255238734757e-05,
    "ElementProperty_MagpieData_mode_MeltingT": 5.651688653834591e-05,
    "ElementProperty_MagpieData_mean_NsUnfilled": 5.484013131490193e-05,
    "ElementFraction_Bi": 5.295939188217253e-05,
    "ElementProperty_MagpieData_maximum_NUnfilled": 5.2870858072174506e-05
}