{
    "TMetalFraction_transition_metal_fraction": 0.0003168885560175623,
    "ElementProperty_MagpieData_maximum_Electronegativity": 0.00030738543748008083,
    "ElementProperty_MagpieData_mode_Electronegativity": 0.00019735035274186827,
    "AtomicOrbitals_HOMO_energy": 0.00017926995678098177,
    "ElectronegativityDiff_mean_EN_difference": 0.00017792815420130016,
    "ElectronegativityDiff_minimum_EN_difference": 0.00014463117579261228,
    "ElementProperty_MagpieData_maximum_NdUnfilled": 9.238212641467584e-05,
    "Stoichiometry_0-norm": 9.130697508659499e-05,
    "AtomicOrbitals_HOMO_element": 9.030109696931599e-05,
    "GeneralizedRDF_mean_Gaussian_center=7_0_width=1_0": 8.993425111808227e-05,
    "GeneralizedRDF_mean_Gaussian_center=5_0_width=1_0": 8.797262383855959e-05,
    "ElementProperty_MagpieData_mode_GSvolume_pa": 8.360588454707127e-05,
    "MEGNet_OFMEncoded_v1_82": 7.90819633468188e-05,
    "OxidationStates_maximum_oxidation_state": 7.47045309050803e-05,
    "ElementProperty_MagpieData_mean_NdUnfilled": 7.325728790357687e-05,
    "ChemicalOrdering_mean_ordering_parameter_shell_2": 7.160660364966954e-05,
    "ElementProperty_MagpieData_mean_MeltingT": 6.920177993666852e-05,
    "AGNIFingerPrint_std_dev_AGNI_dir=z_eta=8_00e-01": 6.198669100347663e-05,
    "LocalPropertyDifference_mean_local_difference_in_Electronegativity": 6.11287891532343e-05,
    "GaussianSymmFunc_mean_G4_0_005_4_0_-1_0": 5.809896273761572e-05,
    "OPSiteFingerprint_mean_sgl_bd_CN_1": 5.720164751131735e-05,
    "ElementProperty_MagpieData_maximum_MeltingT": 5.705953414623718e-05,
    "ElementProperty_MagpieData_avg_dev_NpValence": 5.65131783737102e-05,
    "RadialDistributionFunction_radial_distribution_function_d_1_90": 5.6230690296072936e-05,
    "MEGNet_OFMEncoded_v1_72": 5.612159553230178e-05,
    "MEGNet_OFMEncoded_v1_63": 5.384622650781765e-05,
    "BondOrientationParameter_mean_BOOP_Q_l=8": 5.355361946632236e-05,
    "ElementProperty_MagpieData_mean_NUnfilled": 5.093058594300602e-05,
    "ElementFraction_V": 5.039158195613025e-05,
    "ValenceOrbital_frac_d_valence_electrons": 5.0317351245231366e-05
}