{
    "TMetalFraction_transition_metal_fraction": 1.0625508866748563e-05,
    "Miedema_Miedema_deltaH_inter": 8.518947967811452e-06,
    "ElementProperty_MagpieData_minimum_Column": 6.9924990822018024e-06,
    "CrystalNNFingerprint_mean_tetrahedral_CN_4": 6.707454002942046e-06,
    "DensityFeatures_density": 6.248587431661378e-06,
    "ElectronegativityDiff_minimum_EN_difference": 5.62367382575555e-06,
    "ElementProperty_MagpieData_mean_NdValence": 5.152709080299327e-06,
    "ChemicalOrdering_mean_ordering_parameter_shell_2": 5.047414906128131e-06,
    "BondOrientationParameter_mean_BOOP_Q_l=3": 4.7831523708681055e-06,
    "GeneralizedRDF_mean_Gaussian_center=0_0_width=1_0": 3.532785828955073e-06,
    "AtomicOrbitals_HOMO_energy": 3.4855297147737446e-06,
    "OPSiteFingerprint_std_dev_square_co-planar_CN_4": 3.254842743335512e-06,
    "AtomicOrbitals_HOMO_element": 3.2321587343861113e-06,
    "CrystalNNFingerprint_mean_body-centered_cubic_CN_8": 2.5317266946511302e-06,
    "OPSiteFingerprint_std_dev_tetrahedral_CN_4": 2.5026614513194587e-06,
    "AtomicOrbitals_gap_AO": 2.1618208367848594e-06,
    "ElementProperty_MagpieData_avg_dev_Column": 2.046235310473887e-06,
    "MaximumPackingEfficiency_max_packing_efficiency": 2.0295503082721087e-06,
    "CrystalNNFingerprint_std_dev_wt_CN_12": 2.0014480856433387e-06,
    "ValenceOrbital_frac_d_valence_electrons": 1.8289284676293218e-06,
    "ElectronegativityDiff_std_dev_EN_difference": 1.8112796676975142e-06,
    "GeneralizedRDF_mean_Gaussian_center=9_0_width=1_0": 1.6159264105242307e-06,
    "BondOrientationParameter_mean_BOOP_Q_l=10": 1.603102168503338e-06,
    "ElementProperty_MagpieData_minimum_Electronegativity": 1.4947562588326772e-06,
    "BondOrientationParameter_mean_BOOP_Q_l=9": 1.4925034485718602e-06,
    "AverageBondLength_std_dev_Average_bond_length": 1.22630995261611e-06,
    "ElementProperty_MagpieData_mean_NdUnfilled": 1.2249622305689996e-06,
    "Stoichiometry_0-norm": 1.138058180900045e-06,
    "GlobalSymmetryFeatures_spacegroup_num": 1.105314613631552e-06,
    "VoronoiFingerprint_mean_Voro_area_std_dev": 1.0624526368419483e-06
}