{
    "ElementProperty_MagpieData_minimum_Number": 0.02198424492290726,
    "ElementProperty_MagpieData_mode_MeltingT": 0.020008806793062314,
    "ElementProperty_MagpieData_maximum_MeltingT": 0.01675907658374431,
    "ElementProperty_MagpieData_maximum_GSvolume_pa": 0.01582027588523538,
    "TMetalFraction_transition_metal_fraction": 0.010550086432949149,
    "ElementProperty_MagpieData_maximum_MendeleevNumber": 0.010445700477271338,
    "MEGNet_OFMEncoded_v1_166": 0.010404053183060698,
    "ElementProperty_MagpieData_maximum_NValence": 0.010044172156004508,
    "ElementFraction_Nb": 0.008267846664870227,
    "ElementProperty_MagpieData_minimum_SpaceGroupNumber": 0.008174862397388063,
    "ElementProperty_MagpieData_minimum_NUnfilled": 0.007996713617616375,
    "ElementProperty_MagpieData_mean_MendeleevNumber": 0.007740512317925067,
    "ElementFraction_Si": 0.0075766705825769855,
    "ElementFraction_Cr": 0.007573624666665253,
    "ElementFraction_P": 0.00745048106667106,
    "ElementProperty_MagpieData_mean_NsValence": 0.00706867627186524,
    "ElementProperty_MagpieData_mode_NValence": 0.007032276704704634,
    "ElementProperty_MagpieData_mode_NUnfilled": 0.006830971454304201,
    "ElementProperty_MagpieData_maximum_NpUnfilled": 0.006759107409496684,
    "ElementFraction_Li": 0.006732573122863972,
    "ElementProperty_MagpieData_minimum_GSvolume_pa": 0.006654596457944423,
    "ElementProperty_MagpieData_mean_GSvolume_pa": 0.005798159440458733,
    "ElementProperty_MagpieData_minimum_Column": 0.005640078462525539,
    "ElementProperty_MagpieData_maximum_NfUnfilled": 0.005429682558017796,
    "ElementFraction_Al": 0.005199751881453903,
    "ElementFraction_Te": 0.0047270269116347265,
    "ElementFraction_Ga": 0.004649944525249295,
    "GaussianSymmFunc_mean_G4_0_005_4_0_-1_0": 0.004640773239062936,
    "ElementProperty_MagpieData_mode_MendeleevNumber": 0.004624713953566946,
    "ElementFraction_Cu": 0.004570382120599044
}