{
    "ElementProperty_MagpieData_mode_SpaceGroupNumber": 0.051605068538719594,
    "ElementFraction_O": 0.046473724454778646,
    "ElementProperty_MagpieData_maximum_Electronegativity": 0.016120075047994037,
    "ElementProperty_MagpieData_mode_GSvolume_pa": 0.008254593846384894,
    "ElementFraction_Cu": 0.007998083445702223,
    "Stoichiometry_10-norm": 0.007408134421788378,
    "ElementProperty_MagpieData_mean_SpaceGroupNumber": 0.00734643861894954,
    "MEGNet_OFMEncoded_v1_33": 0.005739568292850778,
    "ElementProperty_MagpieData_mode_Electronegativity": 0.00495943917208597,
    "ElementProperty_MagpieData_mode_MeltingT": 0.004958570929750989,
    "ElementFraction_Ge": 0.004535987165853806,
    "ElementProperty_MagpieData_maximum_MeltingT": 0.004524797024767073,
    "ElementProperty_MagpieData_minimum_Number": 0.004431135237558676,
    "ElementFraction_Mg": 0.004130855659579191,
    "ElementFraction_Al": 0.003984247163379788,
    "ElementProperty_MagpieData_minimum_SpaceGroupNumber": 0.0037938760846682102,
    "ElementFraction_Br": 0.003490451784007426,
    "ElementFraction_Fe": 0.0030462708734055443,
    "ElementProperty_MagpieData_mode_MendeleevNumber": 0.003009808608955206,
    "ElementFraction_Pd": 0.002928893602379476,
    "ElementProperty_MagpieData_maximum_GSvolume_pa": 0.002862153104965415,
    "MEGNet_OFMEncoded_v1_46": 0.002814830614795331,
    "ElementFraction_Se": 0.0026706545196617027,
    "MEGNet_OFMEncoded_v1_68": 0.002524715612930701,
    "ElementProperty_MagpieData_minimum_MeltingT": 0.0025025900418310172,
    "MEGNet_OFMEncoded_v1_69": 0.002424157840697083,
    "YangSolidSolution_Yang_omega": 0.0023701206565078614,
    "ElementProperty_MagpieData_maximum_GSbandgap": 0.002349162509204062,
    "ElementFraction_Te": 0.002208922634688161,
    "ElementFraction_B": 0.0022037186825790743
}