{
    "ElementProperty_MagpieData_maximum_NUnfilled": 0.034974993026896085,
    "TMetalFraction_transition_metal_fraction": 0.024108798940261234,
    "AtomicOrbitals_HOMO_energy": 0.016385853969528522,
    "ElementProperty_MagpieData_maximum_CovalentRadius": 0.014463090172379699,
    "ElementProperty_MagpieData_maximum_Electronegativity": 0.01313578568089409,
    "ElementProperty_MagpieData_minimum_GSvolume_pa": 0.012739788631983986,
    "ElementProperty_MagpieData_range_MeltingT": 0.012496544521127842,
    "ElementProperty_MagpieData_mean_NsValence": 0.012236174561780543,
    "ElementProperty_MagpieData_avg_dev_Column": 0.01201768410129971,
    "CrystalNNFingerprint_std_dev_octahedral_CN_6": 0.01194951892546827,
    "ElementProperty_MagpieData_maximum_NdValence": 0.011240040996225484,
    "BondOrientationParameter_mean_BOOP_Q_l=7": 0.009674671861747867,
    "ElementProperty_MagpieData_mean_NdUnfilled": 0.00913150651912592,
    "MEGNet_OFMEncoded_v1_152": 0.009053192855145834,
    "ElementProperty_MagpieData_mode_GSvolume_pa": 0.007887300701254823,
    "ValenceOrbital_frac_d_valence_electrons": 0.007561073139530004,
    "ValenceOrbital_frac_s_valence_electrons": 0.0074959564861001,
    "ElementProperty_MagpieData_avg_dev_GSmagmom": 0.007356728628489978,
    "MEGNet_OFMEncoded_v1_12": 0.0071705429846883875,
    "ElementProperty_MagpieData_avg_dev_NdUnfilled": 0.0071578583036168205,
    "GaussianSymmFunc_mean_G2_80_0": 0.006536869833820326,
    "AtomicOrbitals_gap_AO": 0.006476571820741198,
    "AtomicOrbitals_HOMO_element": 0.006359267197558651,
    "OxidationStates_maximum_oxidation_state": 0.006354054155587508,
    "ElementProperty_MagpieData_avg_dev_NUnfilled": 0.006070942427792228,
    "ElementProperty_MagpieData_mode_SpaceGroupNumber": 0.006070856769148802,
    "ElementProperty_MagpieData_mean_NpUnfilled": 0.00605971809540205,
    "OPSiteFingerprint_std_dev_bent_120_degrees_CN_2": 0.005749862401949608,
    "DensityFeatures_density": 0.0055841110535527864,
    "VoronoiFingerprint_mean_Voro_area_std_dev": 0.005481438886681909
}