{
    "ElementProperty_MagpieData_avg_dev_CovalentRadius": 0.48133561781915085,
    "ElementProperty_MagpieData_maximum_Electronegativity": 0.46804905732054314,
    "ElementProperty_MagpieData_avg_dev_NpValence": 0.28191201621828554,
    "ElementProperty_MagpieData_mean_Electronegativity": 0.2591692119076315,
    "MEGNet_OFMEncoded_v1_166": 0.16120463057563642,
    "AGNIFingerPrint_std_dev_AGNI_dir=z_eta=8_00e-01": 0.14194780547676905,
    "DensityFeatures_packing_fraction": 0.13593339564576315,
    "TMetalFraction_transition_metal_fraction": 0.12709572437722197,
    "AGNIFingerPrint_std_dev_AGNI_dir=z_eta=1_23e+00": 0.12349809297305996,
    "ElementProperty_MagpieData_avg_dev_Row": 0.11688440251883604,
    "ElectronegativityDiff_maximum_EN_difference": 0.0948454297902774,
    "GeneralizedRDF_mean_Gaussian_center=4_0_width=1_0": 0.08843925955040134,
    "GeneralizedRDF_mean_Gaussian_center=3_0_width=1_0": 0.08746350530995026,
    "ElementProperty_MagpieData_avg_dev_NUnfilled": 0.08280184910804803,
    "GeneralizedRDF_mean_Gaussian_center=2_0_width=1_0": 0.0823479793176803,
    "MaximumPackingEfficiency_max_packing_efficiency": 0.07878191670471353,
    "IonProperty_avg_ionic_char": 0.07098259580273063,
    "AGNIFingerPrint_std_dev_AGNI_dir=y_eta=8_00e-01": 0.06920383916513895,
    "YangSolidSolution_Yang_omega": 0.06715141169290745,
    "ElementProperty_MagpieData_mode_Electronegativity": 0.05999645085345082,
    "LocalPropertyDifference_mean_local_difference_in_Electronegativity": 0.0560692521423906,
    "ElementProperty_MagpieData_mean_CovalentRadius": 0.055647921221166304,
    "ElementProperty_MagpieData_avg_dev_Electronegativity": 0.05415103645356198,
    "ElementProperty_MagpieData_avg_dev_MeltingT": 0.05228896731693192,
    "Stoichiometry_3-norm": 0.051047657818422215,
    "OxidationStates_std_dev_oxidation_state": 0.05103896823538672,
    "AGNIFingerPrint_std_dev_AGNI_dir=y_eta=2_89e+00": 0.05080226263285744,
    "ElementProperty_MagpieData_maximum_MeltingT": 0.04937222751351702,
    "ElementProperty_MagpieData_maximum_Number": 0.04872061360042592,
    "VoronoiFingerprint_mean_Voro_area_maximum": 0.04646700777142958
}