{
    "ElementFraction_F": 9.033406438385662e-05,
    "ElementFraction_Ca": 6.517276975812525e-05,
    "ElementFraction_Yb": 5.089014203960741e-05,
    "ElementProperty_MagpieData_mean_GSmagmom": 4.816233474196082e-05,
    "TMetalFraction_transition_metal_fraction": 4.692095575016522e-05,
    "ElementProperty_MagpieData_maximum_CovalentRadius": 4.6575532359769285e-05,
    "ElementProperty_MagpieData_maximum_SpaceGroupNumber": 4.3633602378964954e-05,
    "ElementFraction_Au": 4.349716488280741e-05,
    "ElementProperty_MagpieData_minimum_GSvolume_pa": 4.3251439482333165e-05,
    "ElementProperty_MagpieData_minimum_NUnfilled": 4.247207708563166e-05,
    "ElementProperty_MagpieData_mode_GSbandgap": 4.01157973756153e-05,
    "ElementProperty_MagpieData_maximum_GSbandgap": 3.8866265582887995e-05,
    "ElementProperty_MagpieData_mean_NpValence": 3.855319126504667e-05,
    "ElementFraction_In": 3.819732959917663e-05,
    "GeneralizedRDF_mean_Gaussian_center=0_0_width=1_0": 3.5357356101097456e-05,
    "ElementProperty_MagpieData_mode_CovalentRadius": 3.337084498231844e-05,
    "AGNIFingerPrint_mean_AGNI_eta=8_00e-01": 3.257082495399519e-05,
    "MEGNet_OFMEncoded_v1_5": 3.1201432977460426e-05,
    "ElementFraction_Se": 3.116093160629209e-05,
    "GaussianSymmFunc_mean_G2_80_0": 2.933060581165897e-05,
    "MEGNet_OFMEncoded_v1_132": 2.9244078564089502e-05,
    "ElementProperty_MagpieData_avg_dev_NpValence": 2.7175130843554703e-05,
    "MEGNet_OFMEncoded_v1_93": 2.6405484084880903e-05,
    "ElementFraction_Ni": 2.623286417541399e-05,
    "ElementFraction_K": 2.592522959326678e-05,
    "ElementFraction_Y": 2.5710716154968498e-05,
    "ElementFraction_Mg": 2.5179365335948855e-05,
    "ElementProperty_MagpieData_mean_GSvolume_pa": 2.456948649623358e-05,
    "ElementFraction_Bi": 2.317773576394022e-05,
    "ElementFraction_Pd": 1.9967154326148886e-05
}