{
    "ElectronegativityDiff_maximum_EN_difference": 0.10150325613075424,
    "ElementProperty_MagpieData_maximum_Electronegativity": 0.10057315529079411,
    "AtomicOrbitals_HOMO_energy": 0.05523829542023582,
    "MaximumPackingEfficiency_max_packing_efficiency": 0.05402805515879563,
    "ElementProperty_MagpieData_mean_NpValence": 0.03627421324623339,
    "AverageBondLength_std_dev_Average_bond_length": 0.031225534598142538,
    "GeneralizedRDF_mean_Gaussian_center=2_0_width=1_0": 0.027060430439757872,
    "ElementProperty_MagpieData_avg_dev_CovalentRadius": 0.022850896129831353,
    "TMetalFraction_transition_metal_fraction": 0.02175906817389798,
    "ElementProperty_MagpieData_maximum_MeltingT": 0.021560455162728222,
    "GeneralizedRDF_mean_Gaussian_center=6_0_width=1_0": 0.02106546931863489,
    "ElementProperty_MagpieData_range_CovalentRadius": 0.019630164024334137,
    "AtomicOrbitals_gap_AO": 0.019044054777629115,
    "ElementFraction_Yb": 0.01854567657899884,
    "ElectronegativityDiff_mean_EN_difference": 0.017371642244774235,
    "OPSiteFingerprint_mean_sgl_bd_CN_1": 0.014428263387628615,
    "BondOrientationParameter_std_dev_BOOP_Q_l=2": 0.014149235863643481,
    "ElementProperty_MagpieData_maximum_MendeleevNumber": 0.014142351973861942,
    "ElementProperty_MagpieData_avg_dev_GSvolume_pa": 0.013886220305852567,
    "CrystalNNFingerprint_mean_wt_CN_2": 0.01380259476428127,
    "GeneralizedRDF_mean_Gaussian_center=3_0_width=1_0": 0.013393518063105302,
    "BondOrientationParameter_mean_BOOP_Q_l=7": 0.013034190917072225,
    "ElementProperty_MagpieData_minimum_GSvolume_pa": 0.012713318721469575,
    "YangSolidSolution_Yang_omega": 0.012512418936850064,
    "CrystalNNFingerprint_std_dev_bent_150_degrees_CN_2": 0.012157386255847927,
    "AGNIFingerPrint_std_dev_AGNI_dir=x_eta=8_00e-01": 0.011782341610324725,
    "ElementProperty_MagpieData_mean_MendeleevNumber": 0.011105111844316255,
    "ValenceOrbital_frac_p_valence_electrons": 0.010680536648830908,
    "ValenceOrbital_frac_d_valence_electrons": 0.010610695212556403,
    "MEGNet_OFMEncoded_v1_134": 0.009976753898961457
}