{
    "GeneralizedRDF_mean_Gaussian_center=1_0_width=1_0": 0.002483752098695025,
    "GaussianSymmFunc_mean_G2_20_0": 0.0004075895259994602,
    "ElementProperty_MagpieData_mode_NUnfilled": 0.00040310360850204094,
    "ElementProperty_MagpieData_maximum_MeltingT": 0.0002948991666212699,
    "ElementProperty_MagpieData_mode_NpUnfilled": 0.00029267241847036774,
    "OxidationStates_std_dev_oxidation_state": 0.00018458218170043877,
    "ElementProperty_MagpieData_mean_NpUnfilled": 0.00017636612378968858,
    "GeneralizedRDF_mean_Gaussian_center=2_0_width=1_0": 0.00016883373004458532,
    "GeneralizedRDF_mean_Gaussian_center=0_0_width=1_0": 0.00016829126532633536,
    "ElementFraction_O": 0.00016449341298499157,
    "ElementProperty_MagpieData_mean_Electronegativity": 0.00015479459886137608,
    "YangSolidSolution_Yang_delta": 0.00013722305376573206,
    "ElementProperty_MagpieData_mean_MeltingT": 0.00012804850875419837,
    "MEGNet_OFMEncoded_v1_99": 0.00012312228887077117,
    "ElementProperty_MagpieData_avg_dev_Column": 0.00011990825394237095,
    "MEGNet_OFMEncoded_v1_6": 0.00011927799597291314,
    "ElementFraction_H": 0.00011691684525981988,
    "ElectronegativityDiff_minimum_EN_difference": 0.00011526862330777384,
    "ElementProperty_MagpieData_avg_dev_MeltingT": 0.00011357704960007439,
    "MEGNet_OFMEncoded_v1_87": 0.00011068670694259977,
    "ElementProperty_MagpieData_minimum_Number": 0.00010584925119690179,
    "AGNIFingerPrint_mean_AGNI_eta=1_88e+00": 0.00010515838840240355,
    "BandCenter_band_center": 0.000101106942666593,
    "GeneralizedRDF_mean_Gaussian_center=5_0_width=1_0": 9.966888905568387e-05,
    "TMetalFraction_transition_metal_fraction": 9.921709223823794e-05,
    "ElementProperty_MagpieData_minimum_Column": 8.947988355129624e-05,
    "ElementProperty_MagpieData_minimum_CovalentRadius": 8.847437697408582e-05,
    "ElectronegativityDiff_mean_EN_difference": 8.748891909516205e-05,
    "ElementProperty_MagpieData_maximum_NpUnfilled": 8.216278961761013e-05,
    "ElementProperty_MagpieData_minimum_NUnfilled": 8.006768870443951e-05
}