{
    "GeneralizedRDF_mean_Gaussian_center=3_0_width=1_0": 0.0006124781674506142,
    "BandCenter_band_center": 0.00032472842597561306,
    "GeneralizedRDF_mean_Gaussian_center=2_0_width=1_0": 0.00026174058183312595,
    "DensityFeatures_packing_fraction": 0.00010928468479102418,
    "ElementProperty_MagpieData_mean_NUnfilled": 8.200377834443211e-05,
    "ElementProperty_MagpieData_mean_Column": 6.861917215840213e-05,
    "GeneralizedRDF_mean_Gaussian_center=5_0_width=1_0": 6.55171299279885e-05,
    "VoronoiFingerprint_mean_Voro_vol_maximum": 6.06366680471867e-05,
    "AGNIFingerPrint_mean_AGNI_eta=1_60e+01": 5.8949372612830253e-05,
    "ElementProperty_MagpieData_avg_dev_NdValence": 5.854340862553594e-05,
    "ElementProperty_MagpieData_mean_MendeleevNumber": 5.16936743960389e-05,
    "ElectronegativityDiff_mean_EN_difference": 4.758769422359633e-05,
    "ElectronegativityDiff_minimum_EN_difference": 4.642415715898084e-05,
    "BondOrientationParameter_mean_BOOP_Q_l=2": 3.78110897151298e-05,
    "TMetalFraction_transition_metal_fraction": 3.7436922688540724e-05,
    "MaximumPackingEfficiency_max_packing_efficiency": 3.6974766877197604e-05,
    "ElementProperty_MagpieData_mean_MeltingT": 3.525956480120845e-05,
    "OPSiteFingerprint_std_dev_tetrahedral_CN_4": 3.452461320411065e-05,
    "ElementProperty_MagpieData_maximum_NUnfilled": 3.4133456363358466e-05,
    "VoronoiFingerprint_mean_Voro_dist_mean": 3.3766099922907407e-05,
    "ElementProperty_MagpieData_mean_NpValence": 3.273433883867235e-05,
    "CrystalNNFingerprint_mean_tetrahedral_CN_4": 3.21043747666886e-05,
    "GaussianSymmFunc_mean_G2_0_05": 3.062147512199235e-05,
    "ElementProperty_MagpieData_avg_dev_MendeleevNumber": 2.9388074762747392e-05,
    "ElementProperty_MagpieData_avg_dev_NUnfilled": 2.8351197926641846e-05,
    "ElementProperty_MagpieData_maximum_CovalentRadius": 2.69879982747752e-05,
    "ElementProperty_MagpieData_mean_Electronegativity": 2.6347434349937928e-05,
    "ElementProperty_MagpieData_minimum_NUnfilled": 2.5709618165988626e-05,
    "ChemicalOrdering_mean_ordering_parameter_shell_1": 2.4872210745748152e-05,
    "ElementProperty_MagpieData_mean_NdUnfilled": 2.4780913652141116e-05
}