{
    "ElementProperty_MagpieData_minimum_GSvolume_pa": 0.04117837866819743,
    "ElementProperty_MagpieData_maximum_MeltingT": 0.03681178457171067,
    "ElementFraction_S": 0.035796463017633486,
    "ElementProperty_MagpieData_mode_GSvolume_pa": 0.035049980694758814,
    "ElementFraction_P": 0.03307037107429848,
    "ElementProperty_MagpieData_mode_Number": 0.028950938500326037,
    "ElementProperty_MagpieData_minimum_CovalentRadius": 0.01643147941774179,
    "ElementProperty_MagpieData_mean_SpaceGroupNumber": 0.015580676484167123,
    "ElementProperty_MagpieData_mode_MeltingT": 0.015166198742771489,
    "ElementFraction_Cr": 0.015120233705749539,
    "ElementProperty_MagpieData_minimum_MeltingT": 0.015105785430408279,
    "ElementFraction_Cu": 0.012652262180232339,
    "ElementProperty_MagpieData_avg_dev_NValence": 0.01089100241385819,
    "ElementProperty_MagpieData_maximum_GSvolume_pa": 0.010736638306976798,
    "AtomicOrbitals_LUMO_element": 0.010720776281381373,
    "ElementProperty_MagpieData_mode_SpaceGroupNumber": 0.01071595166241255,
    "ElementFraction_Cl": 0.010531527413694614,
    "ElementFraction_Pb": 0.010458106229438923,
    "ElementFraction_Fe": 0.01015592660147592,
    "ElementFraction_Ca": 0.01012239688588501,
    "TMetalFraction_transition_metal_fraction": 0.009893292957336989,
    "ElementFraction_O": 0.009282711244817068,
    "ElementProperty_MagpieData_mode_NValence": 0.008721521550200884,
    "ElementFraction_Ba": 0.00864609100892443,
    "ElementProperty_MagpieData_mode_MendeleevNumber": 0.00828113656011961,
    "ElementProperty_MagpieData_minimum_NUnfilled": 0.007652678551871277,
    "ElementFraction_Sr": 0.007558730887218801,
    "ElementProperty_MagpieData_maximum_GSbandgap": 0.007360117790892105,
    "ElementFraction_Mn": 0.006837601719522844,
    "ElementProperty_MagpieData_minimum_Electronegativity": 0.005803040930744232
}