{
    "ElementProperty_MagpieData_mode_MeltingT": 0.023562480137060825,
    "ElementProperty_MagpieData_maximum_Electronegativity": 0.017813693199810004,
    "MaximumPackingEfficiency_max_packing_efficiency": 0.013706214052618265,
    "ElectronegativityDiff_mean_EN_difference": 0.01124691470084924,
    "AtomicOrbitals_HOMO_energy": 0.010964882594615886,
    "ElementProperty_MagpieData_mode_MendeleevNumber": 0.0068683982222253505,
    "ElectronegativityDiff_maximum_EN_difference": 0.00678299401334431,
    "OPSiteFingerprint_mean_sgl_bd_CN_1": 0.0065370545363322785,
    "ValenceOrbital_frac_p_valence_electrons": 0.00601615254133779,
    "OxidationStates_maximum_oxidation_state": 0.0056639480186888285,
    "ElementProperty_MagpieData_maximum_MeltingT": 0.005195612554456612,
    "TMetalFraction_transition_metal_fraction": 0.004740882030793586,
    "ElementProperty_MagpieData_mean_NpUnfilled": 0.004717776042380843,
    "AGNIFingerPrint_std_dev_AGNI_eta=1_23e+00": 0.004658727575245506,
    "ElementProperty_MagpieData_range_MeltingT": 0.004557063273544245,
    "ElementProperty_MagpieData_range_GSbandgap": 0.004029456483965687,
    "AGNIFingerPrint_std_dev_AGNI_dir=x_eta=8_00e-01": 0.004028152246919809,
    "DensityFeatures_density": 0.003898524222567501,
    "StructuralHeterogeneity_min_relative_bond_length": 0.0038653438394393586,
    "AtomicOrbitals_gap_AO": 0.0036944527292222906,
    "ElementProperty_MagpieData_mean_NpValence": 0.0034524943436157933,
    "ValenceOrbital_frac_d_valence_electrons": 0.0033796189299064843,
    "ElectronegativityDiff_minimum_EN_difference": 0.0033748776622312664,
    "GeneralizedRDF_std_dev_Gaussian_center=0_0_width=1_0": 0.003286280680207859,
    "ElementProperty_MagpieData_mean_NdValence": 0.003273688598906773,
    "MEGNet_OFMEncoded_v1_122": 0.003215946070424129,
    "ElementProperty_MagpieData_mean_MendeleevNumber": 0.0031500667118868012,
    "ElementFraction_Yb": 0.0026653500697053625,
    "ElementProperty_MagpieData_avg_dev_Column": 0.0025137364429640434,
    "AGNIFingerPrint_std_dev_AGNI_dir=y_eta=1_23e+00": 0.002434060773395539
}