{
    "ElementProperty_MagpieData_minimum_MendeleevNumber": 0.19287372208762313,
    "ElementFraction_S": 0.09324914245631756,
    "ElementProperty_MagpieData_mean_GSmagmom": 0.050656741963365344,
    "ElementFraction_P": 0.04889583393095276,
    "ElementProperty_MagpieData_maximum_MeltingT": 0.04720080153064289,
    "ElementProperty_MagpieData_maximum_CovalentRadius": 0.046197352555419104,
    "AtomicOrbitals_LUMO_energy": 0.04554302300985311,
    "ElementFraction_K": 0.03929502018270373,
    "ElementProperty_MagpieData_mode_NUnfilled": 0.03601373010993633,
    "ElementFraction_Cu": 0.03400972885174715,
    "ElementFraction_Ta": 0.031148995463652695,
    "ElementProperty_MagpieData_minimum_MeltingT": 0.031120767842094364,
    "ElementProperty_MagpieData_mode_CovalentRadius": 0.030032390385950052,
    "ElementProperty_MagpieData_mean_NsValence": 0.02834043390573151,
    "ElementProperty_MagpieData_minimum_Electronegativity": 0.02823805934855723,
    "ElementProperty_MagpieData_mode_MeltingT": 0.0265136872762068,
    "GeneralizedRDF_mean_Gaussian_center=1_0_width=1_0": 0.02524537931693115,
    "IonProperty_avg_ionic_char": 0.02178241626867526,
    "ElementFraction_Cd": 0.021779344616117594,
    "ElementFraction_Se": 0.021445751128176534,
    "ElementFraction_Hg": 0.02051077391173799,
    "ElementFraction_Fe": 0.020084250375255124,
    "ElementProperty_MagpieData_maximum_NUnfilled": 0.019206899286125834,
    "ElementProperty_MagpieData_maximum_MendeleevNumber": 0.019144251186528148,
    "ElementProperty_MagpieData_mode_GSvolume_pa": 0.016684812247323738,
    "MEGNet_OFMEncoded_v1_88": 0.016507405056538887,
    "MEGNet_OFMEncoded_v1_81": 0.016169310422883366,
    "ElementProperty_MagpieData_minimum_Number": 0.01609053228887709,
    "ElementProperty_MagpieData_maximum_Number": 0.015878797497701845,
    "MEGNet_OFMEncoded_v1_176": 0.01572940085041429
}