{
    "GeneralizedRDF_mean_Gaussian_center=1_0_width=1_0": 0.005135354296240667,
    "ElementProperty_MagpieData_mode_NUnfilled": 0.001711013379706717,
    "AGNIFingerPrint_mean_AGNI_eta=1_23e+00": 0.0011958269862833546,
    "GaussianSymmFunc_mean_G2_20_0": 0.0010392255564611972,
    "ElementProperty_MagpieData_maximum_MeltingT": 0.0008139563623271504,
    "ElementFraction_O": 0.0006134000895096616,
    "ElementProperty_MagpieData_mean_Electronegativity": 0.0005991583231097484,
    "OxidationStates_std_dev_oxidation_state": 0.0005259058296835397,
    "AGNIFingerPrint_mean_AGNI_eta=1_88e+00": 0.0004769663351802326,
    "ElementProperty_MagpieData_avg_dev_Column": 0.00046348357146290564,
    "GeneralizedRDF_mean_Gaussian_center=2_0_width=1_0": 0.0004230739838130198,
    "ElementProperty_MagpieData_mean_NpUnfilled": 0.0004073015033921732,
    "ElementFraction_H": 0.000399968977345968,
    "ElementProperty_MagpieData_mean_MeltingT": 0.00039757825991328723,
    "ElectronegativityDiff_minimum_EN_difference": 0.00039058508068710304,
    "GeneralizedRDF_mean_Gaussian_center=0_0_width=1_0": 0.00039043143939820684,
    "ElementProperty_MagpieData_minimum_Number": 0.0003439476368972882,
    "BandCenter_band_center": 0.0003401489112002451,
    "MEGNet_OFMEncoded_v1_99": 0.0003252582809599647,
    "ElementProperty_MagpieData_minimum_CovalentRadius": 0.0003232606886493456,
    "TMetalFraction_transition_metal_fraction": 0.00025314622280194334,
    "GeneralizedRDF_mean_Gaussian_center=5_0_width=1_0": 0.00024715416951072303,
    "ElementProperty_MagpieData_mode_CovalentRadius": 0.0002259266810737251,
    "GeneralizedRDF_mean_Gaussian_center=8_0_width=1_0": 0.00021418579123046711,
    "ElementProperty_MagpieData_avg_dev_MeltingT": 0.0002026722866590715,
    "MEGNet_OFMEncoded_v1_6": 0.00020257782315383254,
    "MEGNet_OFMEncoded_v1_87": 0.00020050939710468995,
    "MEGNet_OFMEncoded_v1_15": 0.00018267963915569733,
    "ElementProperty_MagpieData_minimum_NUnfilled": 0.00018182812312168275,
    "ElementProperty_MagpieData_minimum_Column": 0.00017577651687736412
}