{
    "GeneralizedRDF_mean_Gaussian_center=2_0_width=1_0": 0.006726612378755853,
    "GeneralizedRDF_mean_Gaussian_center=3_0_width=1_0": 0.006670205652882685,
    "GaussianSymmFunc_mean_G4_0_005_1_0_1_0": 0.003344938564092275,
    "BandCenter_band_center": 0.0028202991254427964,
    "ElementProperty_MagpieData_mean_Electronegativity": 0.00218980028879951,
    "ElementProperty_MagpieData_avg_dev_NdValence": 0.001769643952211135,
    "VoronoiFingerprint_mean_Voro_dist_mean": 0.0016399126519456213,
    "GaussianSymmFunc_mean_G2_0_05": 0.0015289170625578188,
    "ElementProperty_MagpieData_maximum_MeltingT": 0.0014705152034825278,
    "ElementProperty_MagpieData_mean_NUnfilled": 0.001469474794807959,
    "DensityFeatures_packing_fraction": 0.0010100196949728902,
    "ElectronegativityDiff_minimum_EN_difference": 0.0009764821662126098,
    "OPSiteFingerprint_std_dev_tetrahedral_CN_4": 0.0009571897039796004,
    "TMetalFraction_transition_metal_fraction": 0.0008389699738210866,
    "ElementProperty_MagpieData_mean_MendeleevNumber": 0.0007969784071629799,
    "ElementProperty_MagpieData_mean_MeltingT": 0.0007845961247979062,
    "AGNIFingerPrint_mean_AGNI_eta=6_80e+00": 0.0007295537341443891,
    "MEGNet_OFMEncoded_v1_172": 0.0006944183958332422,
    "ElementProperty_MagpieData_maximum_NdValence": 0.0006878076511613741,
    "AtomicOrbitals_HOMO_character": 0.0006652346563623613,
    "ElementProperty_MagpieData_minimum_Number": 0.0006573889645298841,
    "BondOrientationParameter_mean_BOOP_Q_l=2": 0.0006572311702622519,
    "ElementProperty_MagpieData_mean_Column": 0.0006429953925579662,
    "ElementProperty_MagpieData_mean_CovalentRadius": 0.0006215078865505337,
    "ElementProperty_MagpieData_maximum_MendeleevNumber": 0.0006145444412186297,
    "ElectronegativityDiff_mean_EN_difference": 0.0006032940538354103,
    "GeneralizedRDF_mean_Gaussian_center=4_0_width=1_0": 0.0005729085501274872,
    "MaximumPackingEfficiency_max_packing_efficiency": 0.0005603324430732479,
    "ElementProperty_MagpieData_maximum_CovalentRadius": 0.0005582595842498789,
    "ElementFraction_Yb": 0.0005361769404634659
}