{
    "AGNIFingerPrint_mean_AGNI_eta=8_00e-01": 0.0003172027455585161,
    "ElementFraction_F": 0.0002627229211964481,
    "ElementFraction_Ca": 0.00022408787088298228,
    "ElementProperty_MagpieData_maximum_SpaceGroupNumber": 0.00021797534214535962,
    "ElementProperty_MagpieData_maximum_CovalentRadius": 0.00019698670738364942,
    "ElementFraction_Yb": 0.0001795597418400585,
    "ElementFraction_Au": 0.0001516706028179934,
    "GeneralizedRDF_mean_Gaussian_center=0_0_width=1_0": 0.00013104422073005254,
    "ElementFraction_In": 0.0001292238553197757,
    "ElementProperty_MagpieData_mode_CovalentRadius": 0.0001275919811878511,
    "ElementProperty_MagpieData_avg_dev_NpValence": 0.00012194847476235316,
    "ElementProperty_MagpieData_mean_GSmagmom": 0.00011673297910959464,
    "ElementFraction_Y": 0.00011269145679101347,
    "ElementProperty_MagpieData_mode_GSbandgap": 0.0001068032505288698,
    "ElementProperty_MagpieData_maximum_NpUnfilled": 0.00010253066477849016,
    "ElementProperty_MagpieData_maximum_GSbandgap": 9.936168397794255e-05,
    "ElementProperty_MagpieData_mode_GSvolume_pa": 9.689399621048342e-05,
    "MEGNet_OFMEncoded_v1_132": 9.647763000359631e-05,
    "ElementFraction_Se": 9.513383648659276e-05,
    "ElementProperty_MagpieData_mean_GSvolume_pa": 9.200420651250924e-05,
    "ElementFraction_Mg": 9.008178849771831e-05,
    "ElementProperty_MagpieData_minimum_NUnfilled": 8.400375300905636e-05,
    "ElementFraction_Bi": 8.130248707114846e-05,
    "ElementProperty_MagpieData_mode_SpaceGroupNumber": 8.000956012432688e-05,
    "ElementFraction_Pd": 7.609211756577237e-05,
    "ElementFraction_K": 7.518628962603344e-05,
    "ElementFraction_Ni": 7.174880213336214e-05,
    "MEGNet_OFMEncoded_v1_5": 6.912094098311067e-05,
    "ElementProperty_MagpieData_mode_Number": 6.639624654650323e-05,
    "ElementProperty_MagpieData_minimum_SpaceGroupNumber": 6.46338463020142e-05
}