{
    "ElementProperty_MagpieData_mean_MendeleevNumber": 0.37151641398653656,
    "ElementProperty_MagpieData_mean_NpValence": 0.36078835566444856,
    "ElementProperty_MagpieData_mode_GSvolume_pa": 0.33204960569567676,
    "TMetalFraction_transition_metal_fraction": 0.2618573465377198,
    "DensityFeatures_packing_fraction": 0.17844449950530794,
    "ElementProperty_MagpieData_mean_NpUnfilled": 0.16577046013436697,
    "ElementProperty_MagpieData_minimum_GSvolume_pa": 0.13429829876002874,
    "ValenceOrbital_frac_p_valence_electrons": 0.10832068829355192,
    "MaximumPackingEfficiency_max_packing_efficiency": 0.09307432048012276,
    "ElementProperty_MagpieData_maximum_NdValence": 0.08665768031062704,
    "ElementProperty_MagpieData_mean_GSmagmom": 0.08557249420017166,
    "GeneralizedRDF_mean_Gaussian_center=3_0_width=1_0": 0.084913547878564,
    "LocalPropertyDifference_std_dev_local_difference_in_Electronegativity": 0.08439971435814618,
    "ElementProperty_MagpieData_maximum_MendeleevNumber": 0.07232777982138565,
    "ElementProperty_MagpieData_avg_dev_NdUnfilled": 0.06947588632858182,
    "AverageBondAngle_std_dev_Average_bond_angle": 0.06285379582448808,
    "ElectronegativityDiff_minimum_EN_difference": 0.059410976413233695,
    "ElementProperty_MagpieData_mode_Electronegativity": 0.05905588960869322,
    "OxidationStates_std_dev_oxidation_state": 0.05626138245986156,
    "ElementProperty_MagpieData_mean_MeltingT": 0.05455270281825341,
    "ElementProperty_MagpieData_mode_MendeleevNumber": 0.05369615516477114,
    "GaussianSymmFunc_std_dev_G2_80_0": 0.051635161911919684,
    "CrystalNNFingerprint_mean_bent_150_degrees_CN_2": 0.05027330665647197,
    "MEGNet_OFMEncoded_v1_75": 0.0500982713642232,
    "ElementFraction_H": 0.0496777111184703,
    "AtomicOrbitals_HOMO_energy": 0.042588559505329714,
    "BondOrientationParameter_mean_BOOP_Q_l=2": 0.04243642594118246,
    "ElementProperty_MagpieData_mean_GSbandgap": 0.04218762087120273,
    "AGNIFingerPrint_std_dev_AGNI_dir=z_eta=1_23e+00": 0.041853166593589515,
    "ElementProperty_MagpieData_mean_CovalentRadius": 0.041247671440469
}