{
    "ElementProperty_MagpieData_mean_Column": 0.030616049609204308,
    "OxidationStates_std_dev_oxidation_state": 0.024601405242260656,
    "ElementProperty_MagpieData_mean_NpUnfilled": 0.016729680244688145,
    "ElementProperty_MagpieData_avg_dev_NpValence": 0.015898346510477175,
    "ElementProperty_MagpieData_avg_dev_Electronegativity": 0.01547542880141622,
    "DensityFeatures_packing_fraction": 0.015328784188474777,
    "BondOrientationParameter_mean_BOOP_Q_l=3": 0.014817355171051759,
    "ElementProperty_MagpieData_avg_dev_Column": 0.013278537637667417,
    "ElementProperty_MagpieData_maximum_MeltingT": 0.011151994158450126,
    "ElementProperty_MagpieData_minimum_GSvolume_pa": 0.011097610864958158,
    "AtomicOrbitals_HOMO_energy": 0.009975790582143703,
    "IonProperty_avg_ionic_char": 0.00943785912338036,
    "MEGNet_OFMEncoded_v1_132": 0.008565895071895977,
    "ElementProperty_MagpieData_mode_MendeleevNumber": 0.008557468878784077,
    "ElementProperty_MagpieData_maximum_NUnfilled": 0.00822775830981232,
    "TMetalFraction_transition_metal_fraction": 0.007920093428571083,
    "OPSiteFingerprint_std_dev_tetrahedral_CN_4": 0.007731420758907366,
    "ElementProperty_MagpieData_minimum_Number": 0.007673960587588463,
    "MEGNet_OFMEncoded_v1_134": 0.007265553810315032,
    "OPSiteFingerprint_mean_tetrahedral_CN_4": 0.007081545154831185,
    "ElementProperty_MagpieData_maximum_NValence": 0.006851250673251078,
    "CrystalNNFingerprint_mean_q6_CN_12": 0.006744719329308093,
    "ElementProperty_MagpieData_minimum_CovalentRadius": 0.006714862924750171,
    "OPSiteFingerprint_std_dev_square_co-planar_CN_4": 0.006706982899953756,
    "AtomicOrbitals_gap_AO": 0.006640890265186562,
    "ElementProperty_MagpieData_mean_NUnfilled": 0.006476666154294959,
    "ElementProperty_MagpieData_maximum_Number": 0.006420801788787209,
    "ElementProperty_MagpieData_avg_dev_NUnfilled": 0.006418272912024297,
    "VoronoiFingerprint_std_dev_Voro_dist_mean": 0.006276032881172276,
    "VoronoiFingerprint_mean_Symmetry_index_6": 0.005967735526215176
}