{
    "ValenceOrbital_frac_d_valence_electrons": 0.10822527014286326,
    "MaximumPackingEfficiency_max_packing_efficiency": 0.073306249641947,
    "ElementProperty_MagpieData_range_CovalentRadius": 0.0687311100289299,
    "ElementProperty_MagpieData_maximum_CovalentRadius": 0.05704164137871977,
    "ElementProperty_MagpieData_avg_dev_MeltingT": 0.05415496576759985,
    "ElementProperty_MagpieData_mean_GSmagmom": 0.05127461122136265,
    "BondOrientationParameter_mean_BOOP_Q_l=2": 0.046208266683134706,
    "ElementProperty_MagpieData_maximum_Number": 0.04600901439580453,
    "ElementProperty_MagpieData_maximum_MeltingT": 0.044160095438342796,
    "GeneralizedRDF_mean_Gaussian_center=2_0_width=1_0": 0.0426993240072179,
    "ElementProperty_MagpieData_mode_GSvolume_pa": 0.04014952694722053,
    "GeneralizedRDF_mean_Gaussian_center=3_0_width=1_0": 0.03660462706662037,
    "ElementProperty_MagpieData_mean_NpUnfilled": 0.03554482358559709,
    "MEGNet_OFMEncoded_v1_115": 0.03409321938225384,
    "ElementProperty_MagpieData_maximum_NdValence": 0.02907194549557407,
    "AtomicOrbitals_HOMO_element": 0.027171975819751205,
    "ElementProperty_MagpieData_mean_MeltingT": 0.026492583453116524,
    "ElementProperty_MagpieData_mean_Electronegativity": 0.025564189145147027,
    "ElementProperty_MagpieData_range_MeltingT": 0.024956448641729228,
    "ElementProperty_MagpieData_mean_Column": 0.024443487721870945,
    "ElementProperty_MagpieData_avg_dev_CovalentRadius": 0.02409203610415028,
    "ElementProperty_MagpieData_mean_MendeleevNumber": 0.023149535493335375,
    "CrystalNNFingerprint_mean_octahedral_CN_6": 0.0224149127101913,
    "OPSiteFingerprint_mean_sgl_bd_CN_1": 0.020728398538443108,
    "DensityFeatures_packing_fraction": 0.018537478510248128,
    "MEGNet_OFMEncoded_v1_83": 0.017952196611713555,
    "ElementProperty_MagpieData_minimum_CovalentRadius": 0.017759505688102334,
    "YangSolidSolution_Yang_delta": 0.017348914677573823,
    "ElementFraction_O": 0.01670214620955829,
    "DensityFeatures_density": 0.01586231552351439
}