{
    "ValenceOrbital_frac_p_valence_electrons": 0.05945056906831446,
    "ElementProperty_MagpieData_maximum_Electronegativity": 0.0527497375536769,
    "ElementProperty_MagpieData_mean_CovalentRadius": 0.034470324788260946,
    "MaximumPackingEfficiency_max_packing_efficiency": 0.025713892792920915,
    "ElementProperty_MagpieData_avg_dev_Row": 0.024316138128835735,
    "ElementProperty_MagpieData_avg_dev_Electronegativity": 0.022682666667360595,
    "ElementProperty_MagpieData_avg_dev_CovalentRadius": 0.020649587994450557,
    "ElectronegativityDiff_minimum_EN_difference": 0.01690306273583638,
    "OxidationStates_std_dev_oxidation_state": 0.015489607156918236,
    "ElectronegativityDiff_mean_EN_difference": 0.013176852815350084,
    "ElectronegativityDiff_maximum_EN_difference": 0.012560137079938787,
    "LocalPropertyDifference_mean_local_difference_in_Electronegativity": 0.012511404587669582,
    "MEGNet_OFMEncoded_v1_180": 0.01207020746138491,
    "ElementProperty_MagpieData_mean_GSbandgap": 0.011382966135986236,
    "ElementProperty_MagpieData_mode_MendeleevNumber": 0.010667421200350372,
    "ElementFraction_O": 0.010635471600315473,
    "MEGNet_OFMEncoded_v1_147": 0.009694147799737084,
    "ElementProperty_MagpieData_mean_MeltingT": 0.00966356868728039,
    "TMetalFraction_transition_metal_fraction": 0.009578999956139497,
    "ElementProperty_MagpieData_minimum_MendeleevNumber": 0.009562488764077044,
    "ElementProperty_MagpieData_mean_NpUnfilled": 0.009346312504065982,
    "ElementProperty_MagpieData_mean_Electronegativity": 0.009302752692788597,
    "AtomicOrbitals_HOMO_energy": 0.008893588637724116,
    "ElementProperty_MagpieData_minimum_MeltingT": 0.008851862554837102,
    "VoronoiFingerprint_mean_Voro_dist_minimum": 0.00877762192057933,
    "ElementProperty_MagpieData_mode_MeltingT": 0.008257322094670302,
    "ElementProperty_MagpieData_avg_dev_NpUnfilled": 0.008214936388196621,
    "RadialDistributionFunction_radial_distribution_function_d_1_90": 0.007818208523354677,
    "CrystalNNFingerprint_mean_body-centered_cubic_CN_8": 0.007704880349585978,
    "BondFractions_O_-_V_bond_frac_": 0.007693496344351192
}