{
    "GeneralizedRDF_mean_Gaussian_center=3_0_width=1_0": 16.94385558319594,
    "BandCenter_band_center": 9.554066277496377,
    "GeneralizedRDF_mean_Gaussian_center=2_0_width=1_0": 5.633069960713727,
    "DensityFeatures_packing_fraction": 2.9996267905201006,
    "ElementProperty_MagpieData_mean_NUnfilled": 2.721216540737792,
    "ElementProperty_MagpieData_mean_Column": 2.231504931454979,
    "ElectronegativityDiff_minimum_EN_difference": 2.1791888660482543,
    "VoronoiFingerprint_mean_Voro_vol_maximum": 1.8484749730889547,
    "BondOrientationParameter_mean_BOOP_Q_l=2": 1.7556921354227142,
    "ElementProperty_MagpieData_avg_dev_NdValence": 1.6842610151713782,
    "AGNIFingerPrint_mean_AGNI_eta=1_60e+01": 1.607827457375019,
    "GeneralizedRDF_mean_Gaussian_center=5_0_width=1_0": 1.5612448320855,
    "ElementProperty_MagpieData_mean_MendeleevNumber": 1.5542131949175233,
    "ElectronegativityDiff_mean_EN_difference": 1.3549576674994546,
    "ElementProperty_MagpieData_avg_dev_NUnfilled": 1.2431994867661855,
    "ElementProperty_MagpieData_mean_MeltingT": 1.2379683565153703,
    "TMetalFraction_transition_metal_fraction": 1.2359609789913268,
    "GaussianSymmFunc_mean_G2_0_05": 1.2289921298960576,
    "ElementProperty_MagpieData_mode_MendeleevNumber": 1.160922421433275,
    "OPSiteFingerprint_std_dev_tetrahedral_CN_4": 1.0814983785508678,
    "VoronoiFingerprint_mean_Voro_dist_mean": 0.9846187804951714,
    "ElementProperty_MagpieData_maximum_NUnfilled": 0.9193191260840888,
    "CrystalNNFingerprint_mean_tetrahedral_CN_4": 0.8913935675414295,
    "GeneralizedRDF_mean_Gaussian_center=4_0_width=1_0": 0.8020286078656479,
    "VoronoiFingerprint_mean_Voro_dist_maximum": 0.7846208105418813,
    "ElementProperty_MagpieData_mode_MeltingT": 0.7595013949579204,
    "ValenceOrbital_frac_d_valence_electrons": 0.7466356727443137,
    "ElementProperty_MagpieData_mean_CovalentRadius": 0.7301070001224709,
    "BondOrientationParameter_mean_BOOP_Q_l=1": 0.7040936233489811,
    "ElementProperty_MagpieData_avg_dev_Column": 0.6666075519140484
}