{
    "GeneralizedRDF_mean_Gaussian_center=5_0_width=1_0": 1.38617303146826e-05,
    "ElementProperty_MagpieData_avg_dev_NdValence": 3.0890683340614335e-06,
    "Stoichiometry_10-norm": 2.9415987442592074e-06,
    "OPSiteFingerprint_std_dev_bent_150_degrees_CN_2": 2.824949323144531e-06,
    "CrystalNNFingerprint_mean_q6_CN_12": 2.6837438372126107e-06,
    "ElementProperty_MagpieData_mean_NpValence": 2.3604602048152092e-06,
    "ElementProperty_MagpieData_mode_MeltingT": 2.142424973826434e-06,
    "ElectronegativityDiff_mean_EN_difference": 1.9866267356881866e-06,
    "ElementProperty_MagpieData_maximum_NdValence": 1.9296198061735682e-06,
    "CrystalNNFingerprint_mean_wt_CN_2": 1.8693756959122245e-06,
    "ElementProperty_MagpieData_mean_NdValence": 1.764248098742738e-06,
    "MEGNet_OFMEncoded_v1_142": 1.7140136924086133e-06,
    "ElementProperty_MagpieData_mode_NdUnfilled": 1.6712647690450848e-06,
    "TMetalFraction_transition_metal_fraction": 1.6394154316895095e-06,
    "ElementProperty_MagpieData_maximum_MendeleevNumber": 1.6050113748895013e-06,
    "CrystalNNFingerprint_mean_linear_CN_2": 1.4664868950939134e-06,
    "IonProperty_max_ionic_char": 1.3982484398170036e-06,
    "VoronoiFingerprint_mean_Symmetry_index_5": 1.353068734345088e-06,
    "VoronoiFingerprint_std_dev_Voro_vol_mean": 1.326887988279609e-06,
    "MEGNet_OFMEncoded_v1_106": 1.3029277524185954e-06,
    "ElementProperty_MagpieData_avg_dev_NpUnfilled": 1.046356013524884e-06,
    "ElementProperty_MagpieData_mean_MeltingT": 9.755495084335937e-07,
    "ElementProperty_MagpieData_mode_Number": 9.302301838584343e-07,
    "MEGNet_OFMEncoded_v1_62": 9.297388663894099e-07,
    "ValenceOrbital_frac_d_valence_electrons": 9.130120122744425e-07,
    "ElementProperty_MagpieData_mean_Column": 8.910015046568147e-07,
    "ElementProperty_MagpieData_maximum_Electronegativity": 8.63959134350061e-07,
    "OxidationStates_minimum_oxidation_state": 8.568099666816567e-07,
    "MEGNet_OFMEncoded_v1_125": 8.567887404510518e-07,
    "ElementProperty_MagpieData_avg_dev_MeltingT": 8.551207583460392e-07
}