{
    "BandCenter_band_center": 0.012130884586471376,
    "ElementProperty_MagpieData_mean_CovalentRadius": 0.009885028623599778,
    "GeneralizedRDF_mean_Gaussian_center=1_0_width=1_0": 0.009640397179622557,
    "ElementProperty_MagpieData_minimum_Electronegativity": 0.009345691541930263,
    "GeneralizedRDF_mean_Gaussian_center=0_0_width=1_0": 0.006763634542120663,
    "ElectronegativityDiff_minimum_EN_difference": 0.0062600482302892285,
    "ElementProperty_MagpieData_mode_MeltingT": 0.00523656903133249,
    "ElementProperty_MagpieData_mean_Column": 0.005149335990053172,
    "ElementProperty_MagpieData_avg_dev_MendeleevNumber": 0.004948362021660873,
    "ElementProperty_MagpieData_range_CovalentRadius": 0.004819097662273959,
    "ElementProperty_MagpieData_mean_MeltingT": 0.004718333089829339,
    "ElementProperty_MagpieData_mean_GSbandgap": 0.004485043166308842,
    "CrystalNNFingerprint_mean_tetrahedral_CN_4": 0.004384545842785733,
    "IonProperty_avg_ionic_char": 0.004363686030775963,
    "ElementProperty_MagpieData_minimum_Column": 0.004297543898105486,
    "BondOrientationParameter_mean_BOOP_Q_l=6": 0.004259937405241509,
    "AGNIFingerPrint_mean_AGNI_eta=1_23e+00": 0.004238299795519349,
    "ElementProperty_MagpieData_mean_Electronegativity": 0.004016460104149332,
    "CrystalNNFingerprint_mean_wt_CN_8": 0.004012067901278063,
    "TMetalFraction_transition_metal_fraction": 0.004010143084357205,
    "OPSiteFingerprint_mean_tetrahedral_CN_4": 0.0040063513250461116,
    "AGNIFingerPrint_std_dev_AGNI_dir=z_eta=1_88e+00": 0.0037802144823685527,
    "MEGNet_OFMEncoded_v1_90": 0.0036429851733851635,
    "ElementProperty_MagpieData_maximum_Number": 0.003636797311337637,
    "StructuralHeterogeneity_minimum_neighbor_distance_variation": 0.0035973982597876934,
    "AGNIFingerPrint_std_dev_AGNI_dir=z_eta=2_89e+00": 0.003588047425136229,
    "CrystalNNFingerprint_mean_body-centered_cubic_CN_8": 0.0034994759289695638,
    "CrystalNNFingerprint_mean_linear_CN_2": 0.0034423341813069725,
    "ElementProperty_MagpieData_minimum_MendeleevNumber": 0.0033713173010615828,
    "MEGNet_OFMEncoded_v1_149": 0.0033216815124902
}