{
    "ElementProperty_MagpieData_mean_NpValence": 0.06149549353979784,
    "AtomicOrbitals_HOMO_energy": 0.018175342995724566,
    "BondOrientationParameter_mean_BOOP_Q_l=4": 0.01802530964461601,
    "ElementProperty_MagpieData_maximum_MendeleevNumber": 0.015655816289693498,
    "TMetalFraction_transition_metal_fraction": 0.01433653898399447,
    "ElementProperty_MagpieData_minimum_NUnfilled": 0.012600189567187534,
    "ElementProperty_MagpieData_mean_GSbandgap": 0.012572964117551344,
    "ElementProperty_MagpieData_avg_dev_MeltingT": 0.012150170803734255,
    "ElementFraction_O": 0.011581013329380217,
    "MEGNet_OFMEncoded_v1_97": 0.011078430353947198,
    "ElementProperty_MagpieData_mode_CovalentRadius": 0.009832573898832927,
    "ElectronegativityDiff_minimum_EN_difference": 0.009300796177921629,
    "OPSiteFingerprint_std_dev_octahedral_CN_6": 0.008623904370596635,
    "CrystalNNFingerprint_mean_wt_CN_2": 0.008601412805229006,
    "ElementProperty_MagpieData_mean_GSmagmom": 0.00836331025149767,
    "CoordinationNumber_std_dev_CN_VoronoiNN": 0.00826342991630659,
    "MEGNet_OFMEncoded_v1_92": 0.008192590352748469,
    "OPSiteFingerprint_std_dev_sgl_bd_CN_1": 0.007999719130602231,
    "ElementProperty_MagpieData_maximum_NdUnfilled": 0.007981972622641052,
    "MEGNet_OFMEncoded_v1_19": 0.00784112362409155,
    "ElementProperty_MagpieData_mean_CovalentRadius": 0.007770547910194019,
    "CrystalNNFingerprint_std_dev_body-centered_cubic_CN_8": 0.007255772955035094,
    "CrystalNNFingerprint_mean_wt_CN_4": 0.006880194208204872,
    "ElementProperty_MagpieData_mean_Column": 0.006747919234306837,
    "ElementProperty_MagpieData_minimum_GSvolume_pa": 0.006573081738921275,
    "ElementProperty_MagpieData_mode_Number": 0.00653832790809255,
    "StructuralHeterogeneity_min_relative_bond_length": 0.00634688889255733,
    "ChemicalOrdering_mean_ordering_parameter_shell_2": 0.00624032364283188,
    "ElementProperty_MagpieData_maximum_MeltingT": 0.006120824240165289,
    "CrystalNNFingerprint_mean_wt_CN_6": 0.006082227639813942
}