{
    "DensityFeatures_packing_fraction": 6.282560526292278e-05,
    "ElementProperty_MagpieData_avg_dev_NUnfilled": 5.5925979530952624e-05,
    "ElementProperty_MagpieData_range_MeltingT": 4.942143135328053e-05,
    "MEGNet_OFMEncoded_v1_122": 4.395747135634566e-05,
    "CrystalNNFingerprint_mean_q4_CN_12": 3.0329505595054644e-05,
    "ElementProperty_MagpieData_minimum_MendeleevNumber": 2.6246140743178426e-05,
    "ElementProperty_MagpieData_mean_MeltingT": 2.6149812294424032e-05,
    "ElementProperty_MagpieData_mean_MendeleevNumber": 2.415887066139112e-05,
    "ElementProperty_MagpieData_maximum_NpUnfilled": 2.303933246820702e-05,
    "ElementProperty_MagpieData_range_NdUnfilled": 2.0931640959538273e-05,
    "ElementProperty_MagpieData_mean_Column": 1.822841361476487e-05,
    "OxidationStates_maximum_oxidation_state": 1.667049590729941e-05,
    "OxidationStates_minimum_oxidation_state": 1.609207385097453e-05,
    "ElementProperty_MagpieData_maximum_NdUnfilled": 1.5892968340118715e-05,
    "ElementProperty_MagpieData_minimum_Electronegativity": 1.5462770363873894e-05,
    "CrystalNNFingerprint_mean_pentagonal_pyramidal_CN_6": 1.540825325438062e-05,
    "ElectronegativityDiff_minimum_EN_difference": 1.5036546541040152e-05,
    "AtomicOrbitals_HOMO_element": 1.4931951431460509e-05,
    "YangSolidSolution_Yang_omega": 1.472817597889913e-05,
    "AGNIFingerPrint_mean_AGNI_eta=8_00e-01": 1.370034927340069e-05,
    "ElementProperty_MagpieData_mean_NUnfilled": 1.3402730717826157e-05,
    "MEGNet_OFMEncoded_v1_115": 1.3204049236132113e-05,
    "YangSolidSolution_Yang_delta": 1.300028006201526e-05,
    "ElementFraction_Be": 1.2798585768381117e-05,
    "ElementProperty_MagpieData_mean_Electronegativity": 1.2662870433605661e-05,
    "ChemicalOrdering_mean_ordering_parameter_shell_2": 1.2582423845592972e-05,
    "ElementProperty_MagpieData_mode_CovalentRadius": 1.2492785151481845e-05,
    "GeneralizedRDF_std_dev_Gaussian_center=3_0_width=1_0": 1.2457534165081389e-05,
    "AtomicOrbitals_LUMO_energy": 1.2404478749829328e-05,
    "ElementProperty_MagpieData_maximum_MeltingT": 1.2189703243606578e-05
}