{
    "GaussianSymmFunc_mean_G4_0_005_4_0_-1_0": 0.2758971580536348,
    "AverageBondLength_mean_Average_bond_length": 0.1931239467253381,
    "GeneralizedRDF_mean_Gaussian_center=9_0_width=1_0": 0.11102898777812366,
    "TMetalFraction_transition_metal_fraction": 0.09415613232615419,
    "GeneralizedRDF_mean_Gaussian_center=4_0_width=1_0": 0.0800176088024676,
    "GeneralizedRDF_mean_Gaussian_center=6_0_width=1_0": 0.07924452165789352,
    "AGNIFingerPrint_mean_AGNI_eta=1_88e+00": 0.07784668378624127,
    "ElementFraction_Fe": 0.07599223299581942,
    "AtomicOrbitals_HOMO_energy": 0.06801838505006762,
    "ElementProperty_MagpieData_mean_NdValence": 0.06783778896612891,
    "BondOrientationParameter_mean_BOOP_Q_l=1": 0.05822536736640995,
    "ElementProperty_MagpieData_mean_GSmagmom": 0.056007805467593576,
    "ElementProperty_MagpieData_maximum_NpUnfilled": 0.05232959543422347,
    "MEGNet_OFMEncoded_v1_19": 0.051990931764088255,
    "ValenceOrbital_frac_d_valence_electrons": 0.04747143562686973,
    "ElementProperty_MagpieData_mean_GSvolume_pa": 0.046557167515090515,
    "GaussianSymmFunc_mean_G4_0_005_4_0_1_0": 0.046537858807929024,
    "ElementProperty_MagpieData_maximum_NdValence": 0.041002220767720456,
    "BondOrientationParameter_mean_BOOP_Q_l=2": 0.04021706888063654,
    "ElementProperty_MagpieData_maximum_Electronegativity": 0.03903567642348343,
    "ElementProperty_MagpieData_mean_NpUnfilled": 0.035136222830658884,
    "ElementFraction_O": 0.03427650154951905,
    "BondFractions_Ni_-_O_bond_frac_": 0.034243288991938174,
    "ElementProperty_MagpieData_maximum_Number": 0.03289449167718109,
    "AGNIFingerPrint_std_dev_AGNI_dir=x_eta=1_88e+00": 0.03153483388923092,
    "OPSiteFingerprint_mean_sgl_bd_CN_1": 0.0299234075198354,
    "ValenceOrbital_frac_p_valence_electrons": 0.02723419306189562,
    "DensityFeatures_density": 0.02601486028086857,
    "ElectronegativityDiff_minimum_EN_difference": 0.02415959379574382,
    "ElementProperty_MagpieData_maximum_NdUnfilled": 0.02410365746437995
}