{
    "ElementProperty_MagpieData_maximum_CovalentRadius": 0.018560291886814823,
    "ElementProperty_MagpieData_range_Column": 0.015144790034597752,
    "ElementProperty_MagpieData_avg_dev_NpValence": 0.011785882112920984,
    "ElementProperty_MagpieData_avg_dev_Column": 0.010578442880395084,
    "MEGNet_OFMEncoded_v1_49": 0.010305460200580973,
    "MEGNet_OFMEncoded_v1_19": 0.009942475224362833,
    "ElementProperty_MagpieData_mean_NpValence": 0.008085756775720586,
    "AtomicOrbitals_HOMO_energy": 0.007180146793286413,
    "BondOrientationParameter_mean_BOOP_Q_l=6": 0.007011630097996376,
    "ElementFraction_Fe": 0.006833225469350017,
    "ElectronegativityDiff_minimum_EN_difference": 0.006765884442049963,
    "MaximumPackingEfficiency_max_packing_efficiency": 0.006594449937034562,
    "BondOrientationParameter_mean_BOOP_Q_l=10": 0.006277606213147842,
    "MEGNet_OFMEncoded_v1_181": 0.0061080182511006305,
    "AGNIFingerPrint_std_dev_AGNI_dir=y_eta=1_23e+00": 0.0060162036634750626,
    "ElementProperty_MagpieData_mean_MendeleevNumber": 0.0060115930176597035,
    "ElementProperty_MagpieData_range_NdUnfilled": 0.0058253355874998865,
    "MEGNet_OFMEncoded_v1_102": 0.00578381472750701,
    "ElementProperty_MagpieData_avg_dev_NpUnfilled": 0.005711478851226495,
    "ValenceOrbital_frac_s_valence_electrons": 0.005587372777813729,
    "TMetalFraction_transition_metal_fraction": 0.005493210656443668,
    "ElementProperty_MagpieData_mean_NdValence": 0.005483530597612802,
    "CrystalNNFingerprint_std_dev_q6_CN_11": 0.005428946786541896,
    "ElementProperty_MagpieData_maximum_Number": 0.005324903581450892,
    "ElementProperty_MagpieData_mean_MeltingT": 0.004978378644805468,
    "ElementProperty_MagpieData_range_NUnfilled": 0.0044156659599210715,
    "VoronoiFingerprint_mean_Voro_dist_std_dev": 0.004370330745953142,
    "OPSiteFingerprint_mean_octahedral_CN_6": 0.0043289795765578355,
    "ValenceOrbital_frac_d_valence_electrons": 0.004264065733882508,
    "ElectronegativityDiff_range_EN_difference": 0.00420217459875578
}