{
    "GaussianSymmFunc_mean_G2_4_0": 1.1320695288755784,
    "GeneralizedRDF_mean_Gaussian_center=2_0_width=1_0": 0.8149192627123143,
    "GeneralizedRDF_mean_Gaussian_center=6_0_width=1_0": 0.4489913776053469,
    "AGNIFingerPrint_mean_AGNI_eta=1_88e+00": 0.34076797817831983,
    "ElementProperty_MagpieData_mean_Electronegativity": 0.3400740675688699,
    "TMetalFraction_transition_metal_fraction": 0.2697362493663205,
    "GaussianSymmFunc_mean_G4_0_005_1_0_1_0": 0.22309156393516505,
    "ElementProperty_MagpieData_mean_GSvolume_pa": 0.20326446142701787,
    "GaussianSymmFunc_mean_G4_0_005_1_0_-1_0": 0.18257054133049264,
    "GeneralizedRDF_mean_Gaussian_center=1_0_width=1_0": 0.1823577701628533,
    "Stoichiometry_3-norm": 0.17831994219096167,
    "ElementProperty_MagpieData_avg_dev_NpUnfilled": 0.16435227878258044,
    "DensityFeatures_packing_fraction": 0.13955006610530094,
    "AGNIFingerPrint_std_dev_AGNI_dir=x_eta=8_00e-01": 0.12680286605554075,
    "GaussianSymmFunc_mean_G2_20_0": 0.12515950857570868,
    "MEGNet_OFMEncoded_v1_19": 0.12349102882973477,
    "ElementProperty_MagpieData_mode_Number": 0.11776123004513382,
    "ElementProperty_MagpieData_avg_dev_NpValence": 0.11739806832776348,
    "ElementProperty_MagpieData_maximum_NdUnfilled": 0.11710858154121445,
    "GaussianSymmFunc_mean_G4_0_005_4_0_-1_0": 0.1088795428732629,
    "ElementProperty_MagpieData_mean_MendeleevNumber": 0.10337983484967332,
    "GaussianSymmFunc_mean_G4_0_005_4_0_1_0": 0.09879881109105611,
    "BandCenter_band_center": 0.0970562574625059,
    "ElementProperty_MagpieData_mean_Column": 0.09474252325541258,
    "ElementProperty_MagpieData_maximum_Electronegativity": 0.0912988890906899,
    "AGNIFingerPrint_mean_AGNI_eta=1_23e+00": 0.08994002310678267,
    "GaussianSymmFunc_std_dev_G4_0_005_4_0_-1_0": 0.08606093874455079,
    "ElementProperty_MagpieData_maximum_Number": 0.08531629052007189,
    "AGNIFingerPrint_mean_AGNI_eta=8_00e-01": 0.08376877980167448,
    "MaximumPackingEfficiency_max_packing_efficiency": 0.08308625480481438
}