{
    "OxidationStates_std_dev_oxidation_state": 0.15436865189938953,
    "DensityFeatures_packing_fraction": 0.11316831142439826,
    "ElementProperty_MagpieData_mean_NUnfilled": 0.11196853020088066,
    "BondOrientationParameter_mean_BOOP_Q_l=1": 0.10360044453399896,
    "ElementProperty_MagpieData_mean_GSbandgap": 0.09752362856940779,
    "ElementProperty_MagpieData_minimum_MendeleevNumber": 0.09688988231195837,
    "GeneralizedRDF_mean_Gaussian_center=3_0_width=1_0": 0.08849463412166457,
    "ElementProperty_MagpieData_maximum_NdUnfilled": 0.07976017022901295,
    "ElectronegativityDiff_range_EN_difference": 0.06974848265632125,
    "MEGNet_OFMEncoded_v1_153": 0.061838799182683576,
    "ElementProperty_MagpieData_mean_NdUnfilled": 0.06143627941351823,
    "MEGNet_OFMEncoded_v1_177": 0.06076841421072475,
    "ElementProperty_MagpieData_avg_dev_Row": 0.058956936853220114,
    "AGNIFingerPrint_std_dev_AGNI_dir=x_eta=1_88e+00": 0.05329216429641676,
    "ElementProperty_MagpieData_minimum_CovalentRadius": 0.05080824532497629,
    "ElectronegativityDiff_minimum_EN_difference": 0.05076535462544292,
    "ElementProperty_MagpieData_mean_NpUnfilled": 0.04528093837037364,
    "ElementProperty_MagpieData_mode_CovalentRadius": 0.04523872776257595,
    "AtomicOrbitals_HOMO_energy": 0.04496729272553247,
    "AGNIFingerPrint_std_dev_AGNI_dir=z_eta=1_88e+00": 0.0428611382720996,
    "ElementProperty_MagpieData_range_GSmagmom": 0.040449968936989475,
    "ElementProperty_MagpieData_mean_GSmagmom": 0.0376452359690996,
    "AGNIFingerPrint_std_dev_AGNI_dir=y_eta=1_88e+00": 0.03759449171050799,
    "ValenceOrbital_frac_p_valence_electrons": 0.03699011940984666,
    "MEGNet_OFMEncoded_v1_143": 0.03670898566285219,
    "ElementProperty_MagpieData_minimum_Electronegativity": 0.0365864209258688,
    "ElementProperty_MagpieData_maximum_GSmagmom": 0.0360963818953885,
    "VoronoiFingerprint_mean_Voro_dist_std_dev": 0.0360034548191419,
    "StructuralHeterogeneity_avg_dev_neighbor_distance_variation": 0.035582620400889095,
    "MEGNet_OFMEncoded_v1_167": 0.0352855859799739
}