{
    "ElementProperty_MagpieData_mean_NpValence": 7.011003273212956,
    "ElementProperty_MagpieData_mean_AtomicWeight": 1.1402479035826252,
    "ElementProperty_MagpieData_mode_Column": 0.952111428609329,
    "ElementProperty_MagpieData_minimum_MeltingT": 0.9182890216544997,
    "ElementProperty_MagpieData_mode_SpaceGroupNumber": 0.6630949807832726,
    "ElementProperty_MagpieData_avg_dev_NpValence": 0.6136419255896998,
    "ElementFraction_O": 0.5709379256769525,
    "ElementProperty_MagpieData_maximum_MeltingT": 0.5223828594019697,
    "ElementProperty_MagpieData_minimum_Number": 0.473235529593131,
    "ElementProperty_MagpieData_maximum_Number": 0.4601738751371625,
    "ElementProperty_MagpieData_mean_Row": 0.4077631414906259,
    "ElementProperty_MagpieData_maximum_Electronegativity": 0.3834045658809571,
    "ElementProperty_MagpieData_mode_MeltingT": 0.3663941767596461,
    "ElementProperty_MagpieData_avg_dev_Row": 0.36461627651698386,
    "YangSolidSolution_Yang_delta": 0.3061819400038228,
    "ElementProperty_MagpieData_mean_Number": 0.28574124391558814,
    "ElementProperty_MagpieData_minimum_NUnfilled": 0.26101394296800956,
    "ElementProperty_MagpieData_maximum_CovalentRadius": 0.2566147398507394,
    "ElementProperty_MagpieData_mean_Column": 0.24751872447850354,
    "ElementProperty_MagpieData_mean_MeltingT": 0.2412387052016279,
    "ElementProperty_MagpieData_mode_Electronegativity": 0.23333740703548553,
    "GeneralizedRDF_mean_Gaussian_center=7_0_width=1_0": 0.22251739716653204,
    "ElementProperty_MagpieData_mode_Number": 0.20419721852448555,
    "ElementFraction_Mg": 0.20115229685752578,
    "ElementProperty_MagpieData_avg_dev_Column": 0.1876356135954762,
    "ElementProperty_MagpieData_maximum_GSvolume_pa": 0.1797102924229334,
    "AtomicOrbitals_LUMO_element": 0.17487793797774606,
    "MEGNet_OFMEncoded_v1_76": 0.1673985436733185,
    "ElementProperty_MagpieData_maximum_MendeleevNumber": 0.16417495457024833,
    "ElementFraction_Li": 0.15197683059208875
}