{
    "ValenceOrbital_frac_p_valence_electrons": 0.011568547318683453,
    "MEGNet_OFMEncoded_v1_172": 0.010867393649023163,
    "ElementProperty_MagpieData_mean_NpValence": 0.010088282346508848,
    "GaussianSymmFunc_std_dev_G4_0_005_4_0_-1_0": 0.009825002319204487,
    "CrystalNNFingerprint_mean_bent_150_degrees_CN_2": 0.0096848284261645,
    "AtomicOrbitals_HOMO_energy": 0.008675104666446023,
    "ElementProperty_MagpieData_mean_MendeleevNumber": 0.008606064683888514,
    "ElectronegativityDiff_minimum_EN_difference": 0.00773789426787778,
    "ElectronegativityDiff_maximum_EN_difference": 0.007394058912225501,
    "ElementProperty_MagpieData_mean_Column": 0.0070193287054755036,
    "ElementProperty_MagpieData_avg_dev_NpValence": 0.006651565363104562,
    "ElectronegativityDiff_mean_EN_difference": 0.00600867815449696,
    "LocalPropertyDifference_std_dev_local_difference_in_Electronegativity": 0.005977231600253584,
    "ElementProperty_MagpieData_maximum_NdUnfilled": 0.005335015116621845,
    "ElementProperty_MagpieData_mean_NdUnfilled": 0.005322878245095722,
    "ElementProperty_MagpieData_mode_Column": 0.005276226529776802,
    "BondOrientationParameter_mean_BOOP_Q_l=2": 0.0050218023911036466,
    "BondOrientationParameter_mean_BOOP_Q_l=4": 0.004641704042466557,
    "ElementProperty_MagpieData_mode_MeltingT": 0.004600424398856102,
    "ElementProperty_MagpieData_mean_MeltingT": 0.004281268788349458,
    "GeneralizedRDF_mean_Gaussian_center=2_0_width=1_0": 0.004239828026642152,
    "ChemicalOrdering_mean_ordering_parameter_shell_1": 0.004147051495832528,
    "ElementProperty_MagpieData_mean_NUnfilled": 0.003961566134933708,
    "ElementProperty_MagpieData_minimum_MendeleevNumber": 0.0038960969676516384,
    "BondOrientationParameter_std_dev_BOOP_Q_l=2": 0.0036680659696924126,
    "GaussianSymmFunc_std_dev_G4_0_005_1_0_-1_0": 0.0036062174754964353,
    "TMetalFraction_transition_metal_fraction": 0.0035938217323974327,
    "MEGNet_OFMEncoded_v1_62": 0.0035602798423522083,
    "ElementProperty_MagpieData_minimum_NValence": 0.0034632110503487992,
    "DensityFeatures_packing_fraction": 0.0034295010433137998
}