{
    "VoronoiFingerprint_mean_Voro_area_maximum": 0.012555750674917116,
    "AGNIFingerPrint_std_dev_AGNI_dir=y_eta=8_00e-01": 0.012232433107407665,
    "AGNIFingerPrint_std_dev_AGNI_dir=z_eta=8_00e-01": 0.009165193244475331,
    "ElementProperty_MagpieData_avg_dev_CovalentRadius": 0.008510380829204555,
    "AGNIFingerPrint_std_dev_AGNI_dir=y_eta=1_23e+00": 0.008082761993520777,
    "ElementProperty_MagpieData_avg_dev_Electronegativity": 0.007724254050663094,
    "ElementProperty_MagpieData_maximum_MeltingT": 0.007675284469635121,
    "AtomicOrbitals_LUMO_energy": 0.0075953812752657494,
    "ElementProperty_MagpieData_maximum_MendeleevNumber": 0.007585673787752763,
    "BondOrientationParameter_mean_BOOP_Q_l=4": 0.006646085412333834,
    "MEGNet_OFMEncoded_v1_131": 0.006126066593602866,
    "ElementProperty_MagpieData_mean_NsValence": 0.0060652991454301875,
    "ElectronegativityDiff_maximum_EN_difference": 0.00575339995205953,
    "ElementProperty_MagpieData_mode_MeltingT": 0.005678171335591419,
    "ElementProperty_MagpieData_mode_Column": 0.005218883232530005,
    "MaximumPackingEfficiency_max_packing_efficiency": 0.0052120029043384395,
    "GaussianSymmFunc_mean_G2_80_0": 0.005026442082317171,
    "MEGNet_OFMEncoded_v1_92": 0.0049965732066970005,
    "ElementProperty_MagpieData_range_MeltingT": 0.004922927561884456,
    "ElementProperty_MagpieData_mean_GSbandgap": 0.004904895883822408,
    "OPSiteFingerprint_mean_trigonal_planar_CN_3": 0.004873016650466383,
    "AGNIFingerPrint_std_dev_AGNI_dir=z_eta=1_23e+00": 0.00485164887673168,
    "AverageBondAngle_mean_Average_bond_angle": 0.00465473116327894,
    "ElementProperty_MagpieData_mean_NdUnfilled": 0.004502579065015758,
    "ElementProperty_MagpieData_mean_NpValence": 0.004424563339108435,
    "MEGNet_OFMEncoded_v1_50": 0.004291048613649951,
    "BondOrientationParameter_mean_BOOP_Q_l=6": 0.00424560178487891,
    "ElectronegativityDiff_minimum_EN_difference": 0.004207640284270146,
    "ElementProperty_MagpieData_mean_MendeleevNumber": 0.004156994643988816,
    "OPSiteFingerprint_std_dev_q6_CN_12": 0.004138487459497511
}