{
    "ElementProperty_MagpieData_avg_dev_Electronegativity": 0.14548224250102584,
    "ElementProperty_MagpieData_mean_NdValence": 0.05257544629253299,
    "AtomicOrbitals_HOMO_energy": 0.04092182643132392,
    "ElementProperty_MagpieData_avg_dev_CovalentRadius": 0.036709377607289186,
    "CrystalNNFingerprint_mean_pentagonal_pyramidal_CN_6": 0.030582443147740463,
    "ElementProperty_MagpieData_mean_MeltingT": 0.030247161717262733,
    "YangSolidSolution_Yang_omega": 0.022597040128959925,
    "LocalPropertyDifference_mean_local_difference_in_Electronegativity": 0.020857058601292097,
    "ElementProperty_MagpieData_avg_dev_NpValence": 0.02037816504914897,
    "ElementProperty_MagpieData_range_Column": 0.020126868629464004,
    "ElementProperty_MagpieData_maximum_NdValence": 0.019697806326397466,
    "ElementProperty_MagpieData_avg_dev_Column": 0.018266655377009146,
    "OxidationStates_std_dev_oxidation_state": 0.01705963626364444,
    "BondOrientationParameter_mean_BOOP_Q_l=3": 0.01668336497590387,
    "Miedema_Miedema_deltaH_inter": 0.014739271277591394,
    "CrystalNNFingerprint_mean_trigonal_planar_CN_3": 0.014418200171040492,
    "CrystalNNFingerprint_std_dev_trigonal_planar_CN_3": 0.01382126405212613,
    "AGNIFingerPrint_std_dev_AGNI_dir=y_eta=1_23e+00": 0.013651981787028299,
    "MEGNet_OFMEncoded_v1_107": 0.013404605383372792,
    "ElementProperty_MagpieData_mean_Column": 0.013302213599418222,
    "ElementProperty_MagpieData_minimum_Number": 0.013156589883665665,
    "MEGNet_OFMEncoded_v1_133": 0.013040401074178067,
    "OxidationStates_maximum_oxidation_state": 0.01294082708520467,
    "ElementProperty_MagpieData_mode_MendeleevNumber": 0.012806062622219174,
    "ElementProperty_MagpieData_mean_CovalentRadius": 0.01253530286009974,
    "CrystalNNFingerprint_mean_octahedral_CN_6": 0.01188823928637467,
    "OPSiteFingerprint_std_dev_see-saw-like_CN_4": 0.011855419246303149,
    "MEGNet_OFMEncoded_v1_97": 0.011548789483560999,
    "OPSiteFingerprint_std_dev_rectangular_see-saw-like_CN_4": 0.011548122292331991,
    "ElectronegativityDiff_std_dev_EN_difference": 0.011415191230897074
}