{
    "GeneralizedRDF_mean_Gaussian_center=3_0_width=1_0": 0.0027888484035040496,
    "BandCenter_band_center": 0.001216226064709625,
    "GeneralizedRDF_mean_Gaussian_center=2_0_width=1_0": 0.0012004640920065832,
    "DensityFeatures_packing_fraction": 0.000436920043923687,
    "ElementProperty_MagpieData_mean_Column": 0.000412875069719554,
    "ElementProperty_MagpieData_mean_MendeleevNumber": 0.0003683104254635515,
    "ElementProperty_MagpieData_mean_NUnfilled": 0.0003110189930620458,
    "AGNIFingerPrint_mean_AGNI_eta=1_60e+01": 0.00029509970196906556,
    "GeneralizedRDF_mean_Gaussian_center=5_0_width=1_0": 0.0002797468886196887,
    "VoronoiFingerprint_mean_Voro_vol_maximum": 0.0002746786849092869,
    "ElectronegativityDiff_minimum_EN_difference": 0.0002494727420470547,
    "ElementProperty_MagpieData_mean_NpValence": 0.00022083354844171934,
    "TMetalFraction_transition_metal_fraction": 0.0002170532584461525,
    "ElementProperty_MagpieData_avg_dev_NdValence": 0.00019421640006402223,
    "ElectronegativityDiff_mean_EN_difference": 0.00018335551654640136,
    "OPSiteFingerprint_std_dev_tetrahedral_CN_4": 0.00018161680817087108,
    "VoronoiFingerprint_mean_Voro_dist_mean": 0.00018097152509108106,
    "ElementProperty_MagpieData_avg_dev_NUnfilled": 0.00017565487402295538,
    "ElementProperty_MagpieData_maximum_CovalentRadius": 0.00017062834892337279,
    "ElementProperty_MagpieData_mean_CovalentRadius": 0.00016309931724047908,
    "BondOrientationParameter_mean_BOOP_Q_l=2": 0.00016150644590316238,
    "ElementProperty_MagpieData_maximum_NUnfilled": 0.00015833004164437887,
    "ElementProperty_MagpieData_mean_MeltingT": 0.00015158299431483033,
    "VoronoiFingerprint_mean_Voro_dist_maximum": 0.0001506437464949072,
    "CrystalNNFingerprint_mean_wt_CN_2": 0.00012956046963393718,
    "ElementProperty_MagpieData_avg_dev_MendeleevNumber": 0.000129458708430936,
    "ElementProperty_MagpieData_mean_Electronegativity": 0.000128136787124985,
    "CrystalNNFingerprint_mean_tetrahedral_CN_4": 0.00012681324263190882,
    "GaussianSymmFunc_mean_G2_0_05": 0.00010930510019719384,
    "ElementProperty_MagpieData_maximum_MendeleevNumber": 0.0001057368524571853
}