{
    "ElementProperty_MagpieData_maximum_Electronegativity": 0.020171477816369417,
    "ElementProperty_MagpieData_maximum_CovalentRadius": 0.01849520747261252,
    "ElementProperty_MagpieData_mode_MeltingT": 0.015900076907357407,
    "ElementProperty_MagpieData_mode_CovalentRadius": 0.014794285970528372,
    "ElementProperty_MagpieData_mode_Electronegativity": 0.014754426863961645,
    "ElementFraction_Sr": 0.012401396471487558,
    "ElementProperty_MagpieData_mean_GSmagmom": 0.010458659040579178,
    "ElementProperty_MagpieData_mode_Number": 0.010020662664384377,
    "ElementProperty_MagpieData_maximum_MeltingT": 0.00901738567675646,
    "ElementFraction_N": 0.007252992127903989,
    "ElementFraction_Ba": 0.007201351633976057,
    "ElementProperty_MagpieData_mode_GSvolume_pa": 0.006987678734833615,
    "ElementFraction_B": 0.006670216511374506,
    "ElementFraction_Ga": 0.006642204935500384,
    "MEGNet_OFMEncoded_v1_82": 0.006635226981797061,
    "AtomicOrbitals_LUMO_element": 0.006444749090122645,
    "ElementProperty_MagpieData_avg_dev_NdUnfilled": 0.0063847159831952735,
    "ElementFraction_O": 0.0061777500963038435,
    "ElementFraction_Ge": 0.005936120770497543,
    "ElementProperty_MagpieData_minimum_GSvolume_pa": 0.005713294893377023,
    "ElementProperty_MagpieData_maximum_MendeleevNumber": 0.005563118894545691,
    "ElementFraction_Te": 0.005549104794814027,
    "ElementFraction_Bi": 0.0054224906741677185,
    "ElementProperty_MagpieData_maximum_NValence": 0.00539506009590389,
    "ElementProperty_MagpieData_maximum_Number": 0.005273175285618158,
    "ElementFraction_Si": 0.004918150725274112,
    "ElementFraction_Sn": 0.004819394128732149,
    "ElementProperty_MagpieData_minimum_MendeleevNumber": 0.004648454776637606,
    "ElementProperty_MagpieData_mean_Row": 0.004614314357161369,
    "ElementFraction_Cr": 0.004355615696095692
}