{
    "ElementProperty_MagpieData_maximum_MendeleevNumber": 0.011974169644305845,
    "ElementFraction_Al": 0.011264631319505721,
    "ElementFraction_S": 0.008847016908481133,
    "ElementProperty_MagpieData_mode_MendeleevNumber": 0.007808451038079188,
    "ElementProperty_MagpieData_maximum_MeltingT": 0.007741696703326859,
    "ElementFraction_Mo": 0.0066352397590024054,
    "ElementProperty_MagpieData_maximum_NdUnfilled": 0.006605217391011456,
    "ElementFraction_Sr": 0.0061794358815056615,
    "ElementProperty_MagpieData_maximum_NpUnfilled": 0.005598990473635073,
    "ElementProperty_MagpieData_mean_GSmagmom": 0.00542264052084688,
    "ElementFraction_V": 0.005186436524912405,
    "ElementProperty_MagpieData_mean_NdUnfilled": 0.004460048743926429,
    "ElementFraction_Mn": 0.004177725222312105,
    "ElementFraction_O": 0.003807103176498486,
    "ElementProperty_MagpieData_maximum_Number": 0.003728291531347479,
    "ElementProperty_MagpieData_mean_GSbandgap": 0.003690682720393278,
    "ElementFraction_Zn": 0.003075930751763328,
    "MEGNet_OFMEncoded_v1_167": 0.002979118581017472,
    "ElementProperty_MagpieData_maximum_NValence": 0.002645477970417259,
    "ElementProperty_MagpieData_mean_NfValence": 0.002626969918662642,
    "ElementProperty_MagpieData_maximum_GSmagmom": 0.0025782229553925518,
    "ElementProperty_MagpieData_maximum_Electronegativity": 0.002551022241997284,
    "ElementProperty_MagpieData_mode_MeltingT": 0.002443807869798791,
    "ElementFraction_Cu": 0.002441623363166605,
    "ElementProperty_MagpieData_avg_dev_NpUnfilled": 0.002127919036991273,
    "ElementProperty_MagpieData_mode_NUnfilled": 0.002087471076481393,
    "ElementFraction_Rh": 0.002039479972170747,
    "ElementFraction_Cd": 0.0020087268858523712,
    "ElementProperty_MagpieData_avg_dev_NdUnfilled": 0.001904686241978933,
    "ElementFraction_K": 0.001894003693018707
}