{
    "GaussianSymmFunc_mean_G2_20_0": 0.0010469673808036104,
    "ElementProperty_MagpieData_mode_NUnfilled": 0.0004361692476704833,
    "AGNIFingerPrint_mean_AGNI_eta=1_23e+00": 0.00025502332416998236,
    "AGNIFingerPrint_mean_AGNI_eta=1_88e+00": 0.0001557714996728897,
    "ElementProperty_MagpieData_maximum_MeltingT": 0.00014402576981879374,
    "ElementProperty_MagpieData_avg_dev_Column": 0.0001066828275540643,
    "OxidationStates_std_dev_oxidation_state": 9.873850689659522e-05,
    "GeneralizedRDF_mean_Gaussian_center=8_0_width=1_0": 9.311198247887042e-05,
    "ElementProperty_MagpieData_mean_MeltingT": 8.802901725367368e-05,
    "GeneralizedRDF_mean_Gaussian_center=1_0_width=1_0": 8.453406797632626e-05,
    "ElementProperty_MagpieData_mean_Electronegativity": 8.382816277210763e-05,
    "ElementFraction_H": 7.819877490516491e-05,
    "GeneralizedRDF_mean_Gaussian_center=5_0_width=1_0": 7.306258418294894e-05,
    "GeneralizedRDF_mean_Gaussian_center=2_0_width=1_0": 7.214440943528588e-05,
    "BandCenter_band_center": 7.119497905045206e-05,
    "MEGNet_OFMEncoded_v1_99": 7.095637220045774e-05,
    "ElementProperty_MagpieData_avg_dev_Electronegativity": 6.398568616523935e-05,
    "ElectronegativityDiff_minimum_EN_difference": 6.369278214862492e-05,
    "ElementProperty_MagpieData_minimum_Column": 5.348845071423358e-05,
    "ElementFraction_O": 5.0045925707239764e-05,
    "TMetalFraction_transition_metal_fraction": 4.983688167984091e-05,
    "ElementProperty_MagpieData_mean_NpUnfilled": 4.772363414689738e-05,
    "ElementProperty_MagpieData_mean_NpValence": 4.715638086563781e-05,
    "GeneralizedRDF_mean_Gaussian_center=3_0_width=1_0": 4.3414672879626666e-05,
    "MEGNet_OFMEncoded_v1_87": 4.163623587524297e-05,
    "ElementProperty_MagpieData_minimum_Number": 4.0895128538601564e-05,
    "ElementProperty_MagpieData_mean_Column": 3.933009412615187e-05,
    "MEGNet_OFMEncoded_v1_15": 3.768486780050763e-05,
    "GeneralizedRDF_mean_Gaussian_center=0_0_width=1_0": 3.453099486068283e-05,
    "ElectronegativityDiff_mean_EN_difference": 3.151945607518817e-05
}