{
    "ElementProperty_MagpieData_mean_NpValence": 0.021849790837623746,
    "ElementProperty_MagpieData_mean_MeltingT": 0.017812975450670353,
    "TMetalFraction_transition_metal_fraction": 0.015817299512416484,
    "ElementProperty_MagpieData_mode_MeltingT": 0.009742921907888955,
    "ElementProperty_MagpieData_mean_NsValence": 0.00953427615725844,
    "MEGNet_OFMEncoded_v1_19": 0.00868980961199789,
    "ElementProperty_MagpieData_mode_Electronegativity": 0.008561013075771779,
    "ElementProperty_MagpieData_maximum_MendeleevNumber": 0.008456855207307271,
    "ElementProperty_MagpieData_maximum_MeltingT": 0.008378896783889167,
    "ElementProperty_MagpieData_maximum_NValence": 0.008055669751932129,
    "ElementProperty_MagpieData_mean_NdUnfilled": 0.0075352638579510595,
    "ElementProperty_MagpieData_mode_Column": 0.0074806354469473734,
    "MEGNet_OFMEncoded_v1_115": 0.0070421118020228025,
    "ElementProperty_MagpieData_avg_dev_NpValence": 0.006932606513684132,
    "CrystalNNFingerprint_std_dev_cuboctahedral_CN_12": 0.00681543658099609,
    "MEGNet_OFMEncoded_v1_86": 0.006739342548572983,
    "OxidationStates_maximum_oxidation_state": 0.006435631926951995,
    "OPSiteFingerprint_std_dev_hexagonal_planar_CN_6": 0.006296119285246073,
    "MEGNet_OFMEncoded_v1_147": 0.006139158827435206,
    "ElementProperty_MagpieData_maximum_NdUnfilled": 0.00609006748434061,
    "VoronoiFingerprint_mean_Voro_area_maximum": 0.005987924382523465,
    "ElementProperty_MagpieData_range_MeltingT": 0.005884003078003133,
    "ElementProperty_MagpieData_avg_dev_NUnfilled": 0.005800224007801677,
    "ElementProperty_MagpieData_avg_dev_NpUnfilled": 0.005736136550022368,
    "OPSiteFingerprint_mean_sgl_bd_CN_1": 0.005671552337658011,
    "ElementProperty_MagpieData_maximum_CovalentRadius": 0.005574516918230131,
    "ElementFraction_H": 0.005524034916709575,
    "MaximumPackingEfficiency_max_packing_efficiency": 0.005472246259070164,
    "BondOrientationParameter_mean_BOOP_Q_l=2": 0.005221188555716429,
    "ElementProperty_MagpieData_mean_NpUnfilled": 0.004956109469955588
}