{
    "ElementProperty_MagpieData_maximum_Electronegativity": 0.077342695998061,
    "ElementProperty_MagpieData_mode_SpaceGroupNumber": 0.009735889589013927,
    "ElementProperty_MagpieData_mean_GSbandgap": 0.009437402790415978,
    "ElementFraction_Br": 0.008553557187903349,
    "ElementProperty_MagpieData_minimum_SpaceGroupNumber": 0.008411176203300539,
    "ElementProperty_MagpieData_maximum_MendeleevNumber": 0.007864984580684664,
    "ElementFraction_P": 0.007217826079021169,
    "ElementProperty_MagpieData_mode_MendeleevNumber": 0.007179065832042151,
    "ElementProperty_MagpieData_mean_NpValence": 0.006245239542692189,
    "ElementFraction_Se": 0.0059929911226502455,
    "ElementProperty_MagpieData_minimum_CovalentRadius": 0.0057009947556535085,
    "ElementFraction_S": 0.004782077863996636,
    "AverageBondLength_mean_Average_bond_length": 0.0047343581786602725,
    "ElementProperty_MagpieData_mode_MeltingT": 0.004638314486879334,
    "ElementFraction_Ni": 0.0044839259902382566,
    "ElementProperty_MagpieData_mode_GSvolume_pa": 0.004291190345020685,
    "ElementFraction_Ba": 0.004106227530116561,
    "GaussianSymmFunc_std_dev_G2_80_0": 0.0040515056274267065,
    "ElementProperty_MagpieData_minimum_MendeleevNumber": 0.003908645898332996,
    "AtomicOrbitals_HOMO_energy": 0.003560834769364655,
    "ElementProperty_MagpieData_avg_dev_Electronegativity": 0.0035104758661706585,
    "ElementProperty_MagpieData_mean_MeltingT": 0.0033470871147022988,
    "ElementFraction_N": 0.003205613982581778,
    "ElementProperty_MagpieData_mode_Electronegativity": 0.0031598303857849996,
    "ElementFraction_Ga": 0.002925039950186999,
    "ElementProperty_MagpieData_maximum_CovalentRadius": 0.002629651538824787,
    "ElementFraction_Ag": 0.0025909994712750876,
    "ElementFraction_B": 0.002442270941281087,
    "ElementFraction_Co": 0.0023312940987243826,
    "ElementProperty_MagpieData_maximum_NpUnfilled": 0.002194325723702101
}