{
    "ElementProperty_MagpieData_maximum_CovalentRadius": 0.01567696941888401,
    "ElementProperty_MagpieData_maximum_MendeleevNumber": 0.015418637190032612,
    "ElementProperty_MagpieData_mode_GSvolume_pa": 0.014911503452208003,
    "ElementFraction_Cd": 0.011582693567054617,
    "ElementFraction_F": 0.011223191721949344,
    "MEGNet_OFMEncoded_v1_63": 0.01077398520669501,
    "ElementFraction_H": 0.010579509843594771,
    "ElementFraction_O": 0.010443677803613728,
    "ElementFraction_Ni": 0.009605249926955998,
    "ElementProperty_MagpieData_mode_CovalentRadius": 0.00937094903859601,
    "ElementProperty_MagpieData_minimum_Electronegativity": 0.009279622638142115,
    "ElementProperty_MagpieData_maximum_Number": 0.00725339132839081,
    "MEGNet_OFMEncoded_v1_152": 0.007135957028418147,
    "AtomicOrbitals_HOMO_energy": 0.006877329585535781,
    "ElementFraction_Y": 0.006673902885410098,
    "GeneralizedRDF_mean_Gaussian_center=0_0_width=1_0": 0.006126124699008438,
    "ElementProperty_MagpieData_maximum_GSbandgap": 0.005723946009834597,
    "ElementFraction_K": 0.005443013142599975,
    "ElementFraction_Ca": 0.005181388367221655,
    "ElementFraction_Na": 0.005031147999109142,
    "ElementProperty_MagpieData_maximum_NpUnfilled": 0.005027502803158194,
    "ElementFraction_Te": 0.004962651260426448,
    "ElementFraction_B": 0.004620853968152702,
    "ElementProperty_MagpieData_mode_Electronegativity": 0.004512468274201956,
    "ElementFraction_Pt": 0.004425961252398195,
    "MEGNet_OFMEncoded_v1_64": 0.004095314736700619,
    "ElementProperty_MagpieData_maximum_MeltingT": 0.003908110834450858,
    "ElementFraction_Nb": 0.00377933350785907,
    "ElementProperty_MagpieData_mean_GSbandgap": 0.003689810878036187,
    "ElementFraction_Sn": 0.0036415730468250637
}