{
    "ElementFraction_O": 0.072162504572809,
    "ElementProperty_MagpieData_mode_CovalentRadius": 0.008031583594049704,
    "ElementProperty_MagpieData_minimum_Number": 0.0074144952774756944,
    "ElementProperty_MagpieData_minimum_SpaceGroupNumber": 0.006410449870460764,
    "ElementFraction_Nb": 0.005755083944087673,
    "ElementProperty_MagpieData_mode_Number": 0.0055099629216176695,
    "ElementFraction_Mg": 0.0054404873454866245,
    "ElementProperty_MagpieData_mode_SpaceGroupNumber": 0.0054243516654779835,
    "Stoichiometry_5-norm": 0.003798828000186618,
    "ValenceOrbital_frac_d_valence_electrons": 0.003610888367803453,
    "ElementProperty_MagpieData_mean_NsValence": 0.003501821570650023,
    "ElementFraction_Li": 0.003472062504318381,
    "ElementProperty_MagpieData_mode_MeltingT": 0.0032202035128723132,
    "ElementProperty_MagpieData_mean_NpUnfilled": 0.003205570634301407,
    "ElementFraction_P": 0.0030363811126668428,
    "ElementProperty_MagpieData_maximum_NValence": 0.002975694824095637,
    "MEGNet_OFMEncoded_v1_27": 0.0026311778680034622,
    "ElementFraction_B": 0.002619024155319445,
    "MEGNet_OFMEncoded_v1_88": 0.002612008043017753,
    "ElementFraction_Co": 0.00244169629477624,
    "ElementFraction_Ge": 0.002411336971202688,
    "ValenceOrbital_frac_p_valence_electrons": 0.0023977392611603233,
    "ElementProperty_MagpieData_maximum_CovalentRadius": 0.0023806577723993103,
    "ElementProperty_MagpieData_minimum_GSvolume_pa": 0.002355549449793386,
    "ElementFraction_Se": 0.00225394798450568,
    "ElementFraction_Mn": 0.0020915107221863047,
    "ElementProperty_MagpieData_maximum_Number": 0.0020694869291591304,
    "ElementProperty_MagpieData_maximum_MeltingT": 0.0019191805800126958,
    "AtomicOrbitals_LUMO_character": 0.0018744269934818948,
    "ElementProperty_MagpieData_mode_GSvolume_pa": 0.0018655613633184814
}