{
    "DensityFeatures_packing_fraction": 5.192777272757392e-05,
    "MaximumPackingEfficiency_max_packing_efficiency": 2.932285120774016e-05,
    "ElementProperty_MagpieData_mean_Column": 2.508628761813076e-05,
    "GeneralizedRDF_mean_Gaussian_center=3_0_width=1_0": 1.7347412234121776e-05,
    "GeneralizedRDF_mean_Gaussian_center=2_0_width=1_0": 1.305370415265791e-05,
    "TMetalFraction_transition_metal_fraction": 1.1227974931169935e-05,
    "ElementProperty_MagpieData_mean_GSvolume_pa": 9.88891842729692e-06,
    "VoronoiFingerprint_mean_Voro_vol_maximum": 8.037357783223554e-06,
    "AverageBondLength_std_dev_Average_bond_length": 7.552138121079884e-06,
    "ElementProperty_MagpieData_mean_Electronegativity": 5.9913797053033575e-06,
    "ElectronegativityDiff_minimum_EN_difference": 5.7591600175777976e-06,
    "ElementProperty_MagpieData_mean_MendeleevNumber": 4.929965302416779e-06,
    "GeneralizedRDF_mean_Gaussian_center=6_0_width=1_0": 4.477843794342428e-06,
    "ElementProperty_MagpieData_avg_dev_Electronegativity": 4.237492106271875e-06,
    "CrystalNNFingerprint_mean_wt_CN_2": 4.122517078116944e-06,
    "ElementProperty_MagpieData_minimum_Electronegativity": 3.7847416478983885e-06,
    "GeneralizedRDF_mean_Gaussian_center=5_0_width=1_0": 3.6459548019891076e-06,
    "ElementProperty_MagpieData_maximum_Number": 3.1425443305821925e-06,
    "ElectronegativityDiff_std_dev_EN_difference": 2.7442889874086672e-06,
    "GeneralizedRDF_mean_Gaussian_center=4_0_width=1_0": 2.619735490801576e-06,
    "ElectronegativityDiff_range_EN_difference": 2.3399735033701112e-06,
    "ElementProperty_MagpieData_mean_GSmagmom": 2.1181266699996193e-06,
    "BondOrientationParameter_mean_BOOP_Q_l=2": 2.0325117124055155e-06,
    "ValenceOrbital_frac_d_valence_electrons": 1.8791275297155761e-06,
    "ElementProperty_MagpieData_minimum_GSvolume_pa": 1.8744373571863702e-06,
    "ElementProperty_MagpieData_mean_NdUnfilled": 1.8640853478814352e-06,
    "ElementProperty_MagpieData_mean_NpUnfilled": 1.8438356283612353e-06,
    "BandCenter_band_center": 1.8284838066681649e-06,
    "AGNIFingerPrint_mean_AGNI_eta=1_60e+01": 1.7298016021898934e-06,
    "VoronoiFingerprint_mean_Voro_area_sum": 1.686712638371272e-06
}