{
    "GaussianSymmFunc_mean_G2_80_0": 0.0012742814436003717,
    "ElementProperty_MagpieData_mean_Column": 0.0009969573296334368,
    "ElementProperty_MagpieData_maximum_CovalentRadius": 0.0008528613561957002,
    "ElementProperty_MagpieData_mode_CovalentRadius": 0.0006308743021589871,
    "ElementFraction_Ca": 0.0005934507540270749,
    "ElementProperty_MagpieData_mean_NpValence": 0.0005779959890185129,
    "ElementProperty_MagpieData_mean_GSmagmom": 0.0005077026155013122,
    "ElementProperty_MagpieData_maximum_SpaceGroupNumber": 0.0005064321193460779,
    "ElementProperty_MagpieData_mean_CovalentRadius": 0.0004924092124324964,
    "ElementFraction_S": 0.00046396593956507954,
    "ElementFraction_Yb": 0.0004486194695655784,
    "ElementProperty_MagpieData_minimum_NUnfilled": 0.0004170599361133742,
    "ElementProperty_MagpieData_mode_GSbandgap": 0.00039930775709954,
    "ElementProperty_MagpieData_maximum_Column": 0.00039581752554755943,
    "ElementFraction_Au": 0.0003816481463903745,
    "ElementFraction_In": 0.00034734234900945767,
    "ElementProperty_MagpieData_maximum_MendeleevNumber": 0.0003259548308902265,
    "TMetalFraction_transition_metal_fraction": 0.00032208849139253847,
    "ElementProperty_MagpieData_mean_GSbandgap": 0.00031408734788300436,
    "ElementFraction_Y": 0.0003061942617789731,
    "ElementProperty_MagpieData_avg_dev_GSmagmom": 0.0002835150789149756,
    "ElementProperty_MagpieData_minimum_NValence": 0.0002739102683088446,
    "ElementProperty_MagpieData_avg_dev_CovalentRadius": 0.00026901617619435984,
    "ElementProperty_MagpieData_maximum_GSbandgap": 0.0002450012691354283,
    "ElementFraction_K": 0.00024045972940860228,
    "ElementFraction_F": 0.0002323481802458131,
    "YangSolidSolution_Yang_delta": 0.00023215590036255483,
    "ElementProperty_MagpieData_maximum_Electronegativity": 0.0002276082492635929,
    "ElementFraction_O": 0.00022738501875173232,
    "ElementProperty_MagpieData_mode_Column": 0.00022677450242661947
}