{
    "AtomicOrbitals_HOMO_energy": 0.03277055245189474,
    "DensityFeatures_packing_fraction": 0.030362657636478656,
    "ElectronegativityDiff_mean_EN_difference": 0.018607701625318565,
    "ElementProperty_MagpieData_mean_Column": 0.015597403309231086,
    "ChemicalOrdering_mean_ordering_parameter_shell_2": 0.012863944288269927,
    "OPSiteFingerprint_mean_body-centered_cubic_CN_8": 0.01179603200861164,
    "ElectronegativityDiff_minimum_EN_difference": 0.009427686817178328,
    "ElementProperty_MagpieData_mean_NpUnfilled": 0.009060985159137553,
    "ElementProperty_MagpieData_mean_MendeleevNumber": 0.008891484176733744,
    "ElementProperty_MagpieData_avg_dev_Column": 0.007948195410405604,
    "ElementProperty_MagpieData_mean_GSvolume_pa": 0.007579641020259103,
    "ElementProperty_MagpieData_avg_dev_CovalentRadius": 0.007189364369284804,
    "ElementProperty_MagpieData_mean_MeltingT": 0.00704447928744412,
    "ElementProperty_MagpieData_mode_MendeleevNumber": 0.0059844924643292,
    "MEGNet_OFMEncoded_v1_115": 0.005979676747205084,
    "ElementProperty_MagpieData_mode_MeltingT": 0.005957436722968136,
    "TMetalFraction_transition_metal_fraction": 0.005954029297503776,
    "BondOrientationParameter_mean_BOOP_Q_l=3": 0.005927229342192847,
    "ElectronegativityDiff_maximum_EN_difference": 0.005846888428968983,
    "Stoichiometry_0-norm": 0.005540525433421125,
    "YangSolidSolution_Yang_delta": 0.005321129090479569,
    "AtomicOrbitals_gap_AO": 0.005007889414834433,
    "ElementProperty_MagpieData_minimum_MendeleevNumber": 0.00475874124974728,
    "MEGNet_OFMEncoded_v1_106": 0.004635670057463792,
    "ElementProperty_MagpieData_avg_dev_Electronegativity": 0.00456603614218831,
    "CrystalNNFingerprint_mean_pentagonal_pyramidal_CN_6": 0.00430984701108185,
    "Stoichiometry_2-norm": 0.00422623654946995,
    "BondOrientationParameter_mean_BOOP_Q_l=4": 0.0042154511153125115,
    "MEGNet_OFMEncoded_v1_11": 0.004096603084874998,
    "CrystalNNFingerprint_std_dev_wt_CN_3": 0.003985407976002785
}