{
    "BandCenter_band_center": 0.48702475509798765,
    "ElementProperty_MagpieData_mean_MendeleevNumber": 0.37701692821695143,
    "ElementProperty_MagpieData_avg_dev_MendeleevNumber": 0.3413798551006156,
    "DensityFeatures_density": 0.3054421089338572,
    "ElementProperty_MagpieData_mean_Electronegativity": 0.25429938094224186,
    "ElementFraction_Cu": 0.18378254980818462,
    "DensityFeatures_packing_fraction": 0.18067284830940628,
    "ElementProperty_MagpieData_maximum_Number": 0.17538711795022052,
    "ElementProperty_MagpieData_mode_Number": 0.17057191011441195,
    "ElementProperty_MagpieData_maximum_NpUnfilled": 0.16678259162881134,
    "ElementProperty_MagpieData_mean_AtomicWeight": 0.1551795946214072,
    "ElementProperty_MagpieData_maximum_NValence": 0.15222769787332868,
    "ElementFraction_Fe": 0.15135935348299814,
    "ElementProperty_MagpieData_mode_MeltingT": 0.142057406454713,
    "ElementProperty_MagpieData_mode_NUnfilled": 0.14102536214292744,
    "AtomicOrbitals_LUMO_energy": 0.13499460801743302,
    "ElementProperty_MagpieData_avg_dev_Electronegativity": 0.13178060553575313,
    "ElementProperty_MagpieData_mode_GSvolume_pa": 0.12878235282808295,
    "ElementProperty_MagpieData_mode_NValence": 0.1273970928389439,
    "ElementProperty_MagpieData_maximum_MendeleevNumber": 0.11322929405705287,
    "ValenceOrbital_frac_s_valence_electrons": 0.11320597655551527,
    "ElementProperty_MagpieData_minimum_MendeleevNumber": 0.11188513163089554,
    "ElementProperty_MagpieData_maximum_MeltingT": 0.10290026082808489,
    "ElementFraction_Al": 0.10243359789595308,
    "ElementProperty_MagpieData_minimum_Column": 0.10218441635220403,
    "ElementFraction_Ca": 0.10080880903796514,
    "ElementFraction_Mn": 0.10000142379377945,
    "OxidationStates_maximum_oxidation_state": 0.08516978473511244,
    "ElementFraction_P": 0.08459073555573698,
    "ElementProperty_MagpieData_avg_dev_NpValence": 0.08425890053767715
}