{
    "GeneralizedRDF_mean_Gaussian_center=0_0_width=1_0": 0.270938073783331,
    "GaussianSymmFunc_mean_G2_20_0": 0.15258359081190465,
    "GeneralizedRDF_mean_Gaussian_center=1_0_width=1_0": 0.10041198550224344,
    "AGNIFingerPrint_mean_AGNI_eta=1_88e+00": 0.07795881957388433,
    "GaussianSymmFunc_mean_G2_80_0": 0.06021069021410484,
    "AtomicOrbitals_HOMO_element": 0.05696886000659364,
    "TMetalFraction_transition_metal_fraction": 0.054916975446579246,
    "ElementProperty_MagpieData_mean_CovalentRadius": 0.050492509779082644,
    "ElementProperty_MagpieData_avg_dev_GSmagmom": 0.04911107885399508,
    "GeneralizedRDF_mean_Gaussian_center=3_0_width=1_0": 0.04795033123471456,
    "ElementProperty_MagpieData_mean_GSmagmom": 0.040675086043676,
    "ElementProperty_MagpieData_range_MeltingT": 0.03992448424618649,
    "GeneralizedRDF_mean_Gaussian_center=7_0_width=1_0": 0.03941600514082893,
    "ElementProperty_MagpieData_mean_NdValence": 0.03908800975771952,
    "CrystalNNFingerprint_mean_octahedral_CN_6": 0.03551487218268458,
    "ElementProperty_MagpieData_avg_dev_MeltingT": 0.034311259986296756,
    "ElementProperty_MagpieData_maximum_MeltingT": 0.03322207016149666,
    "ElementProperty_MagpieData_avg_dev_CovalentRadius": 0.030527688175995434,
    "ElementProperty_MagpieData_mean_NpUnfilled": 0.0279645357644291,
    "OxidationStates_std_dev_oxidation_state": 0.026009236186124517,
    "AverageBondLength_mean_Average_bond_length": 0.02539652139779052,
    "ElementProperty_MagpieData_mean_GSvolume_pa": 0.025389810768728326,
    "AGNIFingerPrint_mean_AGNI_eta=1_23e+00": 0.02462541549664603,
    "GeneralizedRDF_mean_Gaussian_center=8_0_width=1_0": 0.024520669754210096,
    "ElementFraction_Yb": 0.024048906571737416,
    "ElementProperty_MagpieData_avg_dev_Electronegativity": 0.023277614621039742,
    "AGNIFingerPrint_mean_AGNI_eta=1_60e+01": 0.023144223407738796,
    "AtomicOrbitals_HOMO_character": 0.02165155870961652,
    "GeneralizedRDF_mean_Gaussian_center=2_0_width=1_0": 0.021208991092745065,
    "BondOrientationParameter_mean_BOOP_Q_l=2": 0.020366915230290012
}