{
    "ElementProperty_MagpieData_maximum_Electronegativity": 1.7839130485538948,
    "TMetalFraction_transition_metal_fraction": 0.6892510186850259,
    "ElementProperty_MagpieData_mean_GSvolume_pa": 0.2780528885997633,
    "BondOrientationParameter_mean_BOOP_Q_l=2": 0.2725534254756126,
    "ElementProperty_MagpieData_mean_NpUnfilled": 0.21824056192321964,
    "GeneralizedRDF_mean_Gaussian_center=3_0_width=1_0": 0.21814298910714272,
    "MaximumPackingEfficiency_max_packing_efficiency": 0.2120399358869969,
    "GeneralizedRDF_mean_Gaussian_center=2_0_width=1_0": 0.2115948906372933,
    "AGNIFingerPrint_mean_AGNI_eta=8_00e-01": 0.20746631829327983,
    "ElementProperty_MagpieData_mean_NsValence": 0.14466422834794868,
    "ElementProperty_MagpieData_mode_MeltingT": 0.14421001188331062,
    "ElementProperty_MagpieData_avg_dev_NdUnfilled": 0.1360686771054282,
    "ElementProperty_MagpieData_avg_dev_GSmagmom": 0.12792932241134866,
    "GeneralizedRDF_std_dev_Gaussian_center=0_0_width=1_0": 0.12652885722165208,
    "CoordinationNumber_std_dev_CN_VoronoiNN": 0.12084079865547757,
    "MEGNet_OFMEncoded_v1_111": 0.11122742987595785,
    "ElementProperty_MagpieData_mean_GSmagmom": 0.11043379181711525,
    "ElementProperty_MagpieData_minimum_MendeleevNumber": 0.11040515593350762,
    "ElementFraction_O": 0.10256891327792822,
    "VoronoiFingerprint_mean_Voro_dist_std_dev": 0.09360834185768158,
    "ElementProperty_MagpieData_avg_dev_NpValence": 0.08158823680259548,
    "ElementProperty_MagpieData_minimum_Number": 0.07420527752879563,
    "MEGNet_OFMEncoded_v1_96": 0.07253108321388137,
    "ElementProperty_MagpieData_mode_NUnfilled": 0.07221730466574866,
    "AtomicOrbitals_LUMO_energy": 0.06926541636407497,
    "MEGNet_OFMEncoded_v1_68": 0.06657943653045431,
    "ElementProperty_MagpieData_maximum_MendeleevNumber": 0.06538229392314858,
    "AverageBondAngle_mean_Average_bond_angle": 0.06387043381652648,
    "ElementProperty_MagpieData_maximum_MeltingT": 0.06195836528011707,
    "Stoichiometry_2-norm": 0.059842472926756395
}