{
    "ElementProperty_MagpieData_mean_NsValence": 0.6236786236507879,
    "MEGNet_OFMEncoded_v1_122": 0.5973681470182649,
    "ElementProperty_MagpieData_maximum_Electronegativity": 0.5958761837382333,
    "ElementProperty_MagpieData_mean_NpUnfilled": 0.5607306545171948,
    "ElementFraction_Pd": 0.5460727545082306,
    "ElementProperty_MagpieData_maximum_GSmagmom": 0.49153997476906525,
    "ElementProperty_MagpieData_maximum_Number": 0.4567526479905497,
    "ElementProperty_MagpieData_maximum_NpUnfilled": 0.45556461513110413,
    "ElementProperty_MagpieData_maximum_NUnfilled": 0.4533329614214664,
    "ElementProperty_MagpieData_mode_MeltingT": 0.4145782584967038,
    "ElementProperty_MagpieData_maximum_NdUnfilled": 0.406850267598254,
    "ElementFraction_Fe": 0.37782998707429616,
    "ElementFraction_Mg": 0.3642448988803154,
    "ElementProperty_MagpieData_maximum_CovalentRadius": 0.3549984094513298,
    "ElementProperty_MagpieData_avg_dev_NUnfilled": 0.337686375814102,
    "ElementProperty_MagpieData_minimum_Number": 0.32511467115570514,
    "ElementProperty_MagpieData_mode_CovalentRadius": 0.2925536975302895,
    "ElementFraction_V": 0.2817622183778594,
    "ElementFraction_Al": 0.2520444398570301,
    "ElementProperty_MagpieData_maximum_GSbandgap": 0.23255780389179181,
    "ElementProperty_MagpieData_minimum_MeltingT": 0.225993202511414,
    "ElementProperty_MagpieData_mode_Number": 0.22311570003519207,
    "ElementFraction_Ca": 0.19743118290176234,
    "ElementFraction_Sn": 0.1898927650857451,
    "ElementFraction_Sb": 0.17119500266993556,
    "ElementProperty_MagpieData_mean_GSmagmom": 0.1698275292881035,
    "ElementFraction_Co": 0.1694875074429516,
    "ElementProperty_MagpieData_mean_NUnfilled": 0.1693995078791907,
    "ElementFraction_Ti": 0.16382640104099014,
    "ElementProperty_MagpieData_mode_Electronegativity": 0.1629552484599584
}