{
    "GeneralizedRDF_mean_Gaussian_center=2_0_width=1_0": 0.23438143458089297,
    "GeneralizedRDF_mean_Gaussian_center=3_0_width=1_0": 0.15609421519338304,
    "ElementProperty_MagpieData_mean_CovalentRadius": 0.12826542416399475,
    "TMetalFraction_transition_metal_fraction": 0.0766287791183729,
    "ElementProperty_MagpieData_avg_dev_NdValence": 0.06130104029385019,
    "ElementProperty_MagpieData_mean_MendeleevNumber": 0.056264677711581064,
    "ElementProperty_MagpieData_maximum_CovalentRadius": 0.05387218310344604,
    "MaximumPackingEfficiency_max_packing_efficiency": 0.04714055514443051,
    "ElementProperty_MagpieData_mean_NpValence": 0.04461309545203233,
    "ValenceOrbital_frac_d_valence_electrons": 0.04369338720429364,
    "ElementProperty_MagpieData_mean_Column": 0.03458174355417191,
    "MEGNet_OFMEncoded_v1_79": 0.0331681489075454,
    "CrystalNNFingerprint_mean_octahedral_CN_6": 0.028955254135768813,
    "ElectronegativityDiff_minimum_EN_difference": 0.026932363842588024,
    "ElementProperty_MagpieData_maximum_NdValence": 0.025744576594731745,
    "ElementProperty_MagpieData_mean_GSvolume_pa": 0.024258756722656764,
    "BondFractions_O_-_V_bond_frac_": 0.022454632315209135,
    "ElementProperty_MagpieData_maximum_MendeleevNumber": 0.02209932082443204,
    "ElementProperty_MagpieData_minimum_GSvolume_pa": 0.021757352462761174,
    "ElementProperty_MagpieData_avg_dev_GSmagmom": 0.021545239839500515,
    "ElementProperty_MagpieData_mean_GSmagmom": 0.019705332420345528,
    "BondFractions_O_-_W_bond_frac_": 0.01830449982801497,
    "IonProperty_avg_ionic_char": 0.017688608922188986,
    "BondFractions_Ni_-_O_bond_frac_": 0.017117969921936448,
    "MEGNet_OFMEncoded_v1_96": 0.016731095887052273,
    "ElementProperty_MagpieData_maximum_NUnfilled": 0.01651829429182145,
    "ElementProperty_MagpieData_range_GSmagmom": 0.016501712348460457,
    "ElementProperty_MagpieData_avg_dev_CovalentRadius": 0.016307727662079653,
    "ElementProperty_MagpieData_range_GSvolume_pa": 0.01607474347389466,
    "BondFractions_Fe_-_O_bond_frac_": 0.015876105326115438
}