{
    "GeneralizedRDF_mean_Gaussian_center=3_0_width=1_0": 0.0001765435371252653,
    "BandCenter_band_center": 8.712004673316362e-05,
    "GeneralizedRDF_mean_Gaussian_center=2_0_width=1_0": 6.505312975646369e-05,
    "VoronoiFingerprint_mean_Voro_vol_maximum": 2.5443918131461842e-05,
    "ElementProperty_MagpieData_mean_Column": 2.220507996179189e-05,
    "ElementProperty_MagpieData_mean_Electronegativity": 2.0736545153886557e-05,
    "DensityFeatures_packing_fraction": 2.034849269080569e-05,
    "ElementProperty_MagpieData_mean_NUnfilled": 1.898916810645798e-05,
    "VoronoiFingerprint_mean_Voro_dist_mean": 1.6364142359292866e-05,
    "GeneralizedRDF_mean_Gaussian_center=5_0_width=1_0": 1.6096907166742238e-05,
    "AGNIFingerPrint_mean_AGNI_eta=1_60e+01": 1.5491409530823043e-05,
    "ElementProperty_MagpieData_mean_MendeleevNumber": 1.5155175126527932e-05,
    "ElectronegativityDiff_minimum_EN_difference": 1.4808321562448516e-05,
    "TMetalFraction_transition_metal_fraction": 1.256326876358181e-05,
    "ElectronegativityDiff_mean_EN_difference": 1.2208686868644175e-05,
    "ElementProperty_MagpieData_avg_dev_NUnfilled": 1.1209890974335623e-05,
    "BondOrientationParameter_mean_BOOP_Q_l=2": 1.1164866489483587e-05,
    "ElementProperty_MagpieData_maximum_NUnfilled": 1.0094955966946603e-05,
    "OPSiteFingerprint_std_dev_tetrahedral_CN_4": 9.67433520184405e-06,
    "ElementProperty_MagpieData_avg_dev_NdValence": 9.652044699062126e-06,
    "ElementProperty_MagpieData_mode_MeltingT": 8.048611492243017e-06,
    "BondOrientationParameter_mean_BOOP_Q_l=1": 7.813899021604989e-06,
    "ElementProperty_MagpieData_mean_MeltingT": 7.66783569050131e-06,
    "CrystalNNFingerprint_mean_tetrahedral_CN_4": 7.521099688069842e-06,
    "ElementProperty_MagpieData_maximum_NdValence": 7.431390944081891e-06,
    "GaussianSymmFunc_mean_G2_0_05": 7.173307223213585e-06,
    "ElementProperty_MagpieData_avg_dev_MendeleevNumber": 7.123953962598557e-06,
    "ElementProperty_MagpieData_maximum_CovalentRadius": 7.104070351507119e-06,
    "ElementProperty_MagpieData_mean_NpValence": 6.735353556484987e-06,
    "ValenceOrbital_frac_d_valence_electrons": 6.6526423434025656e-06
}