{
    "GeneralizedRDF_mean_Gaussian_center=3_0_width=1_0": 0.000208290912463144,
    "BandCenter_band_center": 0.00011375469366122996,
    "GeneralizedRDF_mean_Gaussian_center=2_0_width=1_0": 7.96419795237904e-05,
    "VoronoiFingerprint_mean_Voro_vol_maximum": 2.885738413281023e-05,
    "ElementProperty_MagpieData_mean_NUnfilled": 2.8331658105563955e-05,
    "DensityFeatures_packing_fraction": 2.787640989289264e-05,
    "ElementProperty_MagpieData_mean_Column": 2.2686636427218373e-05,
    "ElementProperty_MagpieData_mean_MendeleevNumber": 2.2551378102188286e-05,
    "GeneralizedRDF_mean_Gaussian_center=5_0_width=1_0": 2.0855208072007465e-05,
    "AGNIFingerPrint_mean_AGNI_eta=1_60e+01": 1.94684369657009e-05,
    "ElementProperty_MagpieData_avg_dev_NdValence": 1.8609912035658412e-05,
    "ElectronegativityDiff_minimum_EN_difference": 1.7210359072629038e-05,
    "GaussianSymmFunc_mean_G2_0_05": 1.6647010036008782e-05,
    "OPSiteFingerprint_std_dev_tetrahedral_CN_4": 1.6158825712589547e-05,
    "TMetalFraction_transition_metal_fraction": 1.4025480897400184e-05,
    "VoronoiFingerprint_mean_Voro_dist_mean": 1.3766326004978099e-05,
    "ElectronegativityDiff_mean_EN_difference": 1.3178115093869217e-05,
    "VoronoiFingerprint_mean_Voro_dist_maximum": 1.1888983426770162e-05,
    "ElementProperty_MagpieData_mode_MendeleevNumber": 1.1669669252281277e-05,
    "ElementProperty_MagpieData_avg_dev_MendeleevNumber": 1.1207188497676938e-05,
    "BondOrientationParameter_mean_BOOP_Q_l=2": 1.0694767901706548e-05,
    "ElementProperty_MagpieData_avg_dev_NUnfilled": 1.0690632804898625e-05,
    "ElementProperty_MagpieData_mean_NpValence": 9.759082660455587e-06,
    "ElementProperty_MagpieData_maximum_NUnfilled": 9.652051197290444e-06,
    "ElementProperty_MagpieData_range_NdValence": 9.27980369212965e-06,
    "ElementProperty_MagpieData_mean_Electronegativity": 9.109806344113722e-06,
    "ElementProperty_MagpieData_mean_MeltingT": 9.008901133791114e-06,
    "ElementProperty_MagpieData_maximum_CovalentRadius": 8.130568495258432e-06,
    "ElementProperty_MagpieData_mean_CovalentRadius": 8.018401827314044e-06,
    "CrystalNNFingerprint_mean_wt_CN_2": 7.855454806360879e-06
}