{
    "ElectronegativityDiff_maximum_EN_difference": 0.0514658901482204,
    "OxidationStates_maximum_oxidation_state": 0.03531832111884844,
    "OPSiteFingerprint_mean_q6_CN_12": 0.02598884793459692,
    "ElementProperty_MagpieData_maximum_MendeleevNumber": 0.025792842079166774,
    "AtomicOrbitals_HOMO_energy": 0.019547079963946383,
    "ElementProperty_MagpieData_mean_Electronegativity": 0.019479374832295487,
    "LocalPropertyDifference_std_dev_local_difference_in_Electronegativity": 0.018462778953790105,
    "VoronoiFingerprint_mean_Voro_vol_std_dev": 0.017960929491909097,
    "TMetalFraction_transition_metal_fraction": 0.017873113387543986,
    "MEGNet_OFMEncoded_v1_32": 0.016173656022667248,
    "ElementProperty_MagpieData_mean_MendeleevNumber": 0.015300537554057376,
    "MEGNet_OFMEncoded_v1_27": 0.01507182673020719,
    "MEGNet_OFMEncoded_v1_115": 0.014371650202370806,
    "ElementProperty_MagpieData_mean_NpUnfilled": 0.014170930741915598,
    "StructuralHeterogeneity_maximum_neighbor_distance_variation": 0.013946209058451182,
    "ElectronegativityDiff_mean_EN_difference": 0.013894330766747339,
    "YangSolidSolution_Yang_delta": 0.013248115292058632,
    "ElementProperty_MagpieData_avg_dev_MeltingT": 0.013119532751738517,
    "BondOrientationParameter_mean_BOOP_Q_l=4": 0.012901582828642177,
    "XRDPowderPattern_xrd_25": 0.012257760690339828,
    "ElementProperty_MagpieData_avg_dev_GSmagmom": 0.011821153128224526,
    "ElementProperty_MagpieData_avg_dev_NpValence": 0.011726433062628782,
    "OxidationStates_std_dev_oxidation_state": 0.011519016087255472,
    "CrystalNNFingerprint_mean_q6_CN_12": 0.011258845646021696,
    "ElementProperty_MagpieData_mean_Column": 0.011203521662266177,
    "ElementProperty_MagpieData_avg_dev_Electronegativity": 0.011139258186019721,
    "AverageBondLength_std_dev_Average_bond_length": 0.011089719021360266,
    "OPSiteFingerprint_std_dev_tetrahedral_CN_4": 0.010825487902253851,
    "ElementProperty_MagpieData_avg_dev_CovalentRadius": 0.010792267231227679,
    "ElectronegativityDiff_minimum_EN_difference": 0.01046144909796834
}