{
    "ElementFraction_S": 0.000109482743859299,
    "ElementProperty_MagpieData_mean_GSbandgap": 9.64899129559674e-05,
    "TMetalFraction_transition_metal_fraction": 8.564475927670108e-05,
    "AGNIFingerPrint_mean_AGNI_eta=8_00e-01": 6.358664634835023e-05,
    "GaussianSymmFunc_mean_G2_80_0": 5.919933886365359e-05,
    "ElementProperty_MagpieData_mode_GSvolume_pa": 5.420669777748136e-05,
    "ElementFraction_Ca": 5.309406945953389e-05,
    "ElementProperty_MagpieData_mean_Column": 4.675097295872099e-05,
    "ElementFraction_In": 4.640956528971118e-05,
    "ElementFraction_O": 4.242031769240903e-05,
    "ElementFraction_Yb": 3.590188516983813e-05,
    "ElementProperty_MagpieData_maximum_SpaceGroupNumber": 3.3781668427938136e-05,
    "ElementProperty_MagpieData_minimum_Column": 3.3780312034111994e-05,
    "ElementFraction_Y": 3.324665348304039e-05,
    "ElementProperty_MagpieData_range_CovalentRadius": 3.3062383673845715e-05,
    "ElementProperty_MagpieData_minimum_Electronegativity": 3.09154899966277e-05,
    "ElementProperty_MagpieData_mode_GSbandgap": 2.950217451843799e-05,
    "ValenceOrbital_frac_p_valence_electrons": 2.904833496303335e-05,
    "GeneralizedRDF_mean_Gaussian_center=0_0_width=1_0": 2.7678489831448855e-05,
    "ElementProperty_MagpieData_maximum_Number": 2.5800222452633913e-05,
    "ElementFraction_Ni": 2.560747338232771e-05,
    "ElementFraction_Au": 2.54581102189916e-05,
    "ElementFraction_Cr": 2.2002342502586118e-05,
    "ElementProperty_MagpieData_mode_CovalentRadius": 2.1901151059982874e-05,
    "ElementProperty_MagpieData_maximum_MendeleevNumber": 2.1842559805156188e-05,
    "ElementProperty_MagpieData_minimum_NValence": 2.1731348400548956e-05,
    "ElementProperty_MagpieData_mean_GSvolume_pa": 2.1600425652876664e-05,
    "ElementFraction_Mn": 2.1489205650972163e-05,
    "ElementProperty_MagpieData_avg_dev_CovalentRadius": 2.08623403265421e-05,
    "ElementFraction_Bi": 2.076511479044896e-05
}