{
    "AtomicOrbitals_HOMO_energy": 0.03208845099637358,
    "ElementProperty_MagpieData_avg_dev_Electronegativity": 0.021963758173074496,
    "IonProperty_avg_ionic_char": 0.020694476744433477,
    "MEGNet_OFMEncoded_v1_62": 0.014460762368620145,
    "ElectronegativityDiff_mean_EN_difference": 0.011625675296085934,
    "AGNIFingerPrint_std_dev_AGNI_eta=1_23e+00": 0.010571895646015928,
    "ChemicalOrdering_mean_ordering_parameter_shell_2": 0.00990396579543318,
    "AverageBondLength_std_dev_Average_bond_length": 0.009666224906077886,
    "OxidationStates_std_dev_oxidation_state": 0.008560855445328848,
    "ElementProperty_MagpieData_mean_Column": 0.008496046199960139,
    "CrystalNNFingerprint_mean_octahedral_CN_6": 0.008116258689105234,
    "ElementProperty_MagpieData_maximum_MeltingT": 0.007913983777066457,
    "ElementProperty_MagpieData_avg_dev_CovalentRadius": 0.00768022474439962,
    "CrystalNNFingerprint_std_dev_octahedral_CN_6": 0.0076710604198778395,
    "ElementProperty_MagpieData_mode_Electronegativity": 0.007439432519217992,
    "ElementProperty_MagpieData_mean_MeltingT": 0.0070308243261529586,
    "ElementProperty_MagpieData_mean_MendeleevNumber": 0.006452978323783422,
    "ElementProperty_MagpieData_mean_NdValence": 0.006266044194078563,
    "ValenceOrbital_frac_s_valence_electrons": 0.006229867595393903,
    "MEGNet_OFMEncoded_v1_79": 0.005896021776415278,
    "MaximumPackingEfficiency_max_packing_efficiency": 0.005756489211270684,
    "ElementProperty_MagpieData_mode_MeltingT": 0.005696707572010324,
    "RadialDistributionFunction_radial_distribution_function_d_1_90": 0.005689435282573787,
    "StructuralHeterogeneity_minimum_neighbor_distance_variation": 0.005611635286385863,
    "VoronoiFingerprint_mean_Voro_index_6": 0.005388435485413664,
    "ElementProperty_MagpieData_mode_CovalentRadius": 0.005353497027825093,
    "YangSolidSolution_Yang_delta": 0.005220927559461957,
    "ElementProperty_MagpieData_mean_NpUnfilled": 0.005218435611557308,
    "OPSiteFingerprint_std_dev_square_co-planar_CN_4": 0.0051293307869690885,
    "ElementProperty_MagpieData_mean_CovalentRadius": 0.005120656533349136
}