{
    "MaximumPackingEfficiency_max_packing_efficiency": 0.10210436519128112,
    "ValenceOrbital_frac_p_valence_electrons": 0.0999964274626285,
    "ElectronegativityDiff_minimum_EN_difference": 0.0593682258377776,
    "TMetalFraction_transition_metal_fraction": 0.05895077253316354,
    "BondOrientationParameter_mean_BOOP_Q_l=3": 0.055559404903528675,
    "ElementProperty_MagpieData_mean_NdValence": 0.0314337590193539,
    "BondOrientationParameter_mean_BOOP_Q_l=6": 0.027445200640664358,
    "ElementProperty_MagpieData_mean_MendeleevNumber": 0.02602211540930412,
    "ElementProperty_MagpieData_mean_NUnfilled": 0.025992219651753832,
    "OPSiteFingerprint_mean_linear_CN_2": 0.024440458755401892,
    "ElementProperty_MagpieData_avg_dev_Column": 0.024017597232828678,
    "MEGNet_OFMEncoded_v1_180": 0.021641726760588894,
    "MEGNet_OFMEncoded_v1_64": 0.019648652686316503,
    "VoronoiFingerprint_mean_Voro_dist_std_dev": 0.019598024523637795,
    "CoordinationNumber_std_dev_CN_VoronoiNN": 0.018910098683738268,
    "MEGNet_OFMEncoded_v1_168": 0.017139218079316954,
    "ElementProperty_MagpieData_mean_NpUnfilled": 0.016242782153122182,
    "ElementProperty_MagpieData_maximum_NdValence": 0.015067747652108936,
    "AtomicOrbitals_HOMO_element": 0.014390137098858967,
    "ElementProperty_MagpieData_mode_MeltingT": 0.013916359379614333,
    "AtomicOrbitals_LUMO_energy": 0.013765737590216305,
    "ElementProperty_MagpieData_maximum_NValence": 0.012700830047910413,
    "GeneralizedRDF_mean_Gaussian_center=3_0_width=1_0": 0.012440558972804744,
    "ElementFraction_Cu": 0.01155135207603328,
    "ElementProperty_MagpieData_maximum_MeltingT": 0.011268468531154355,
    "ElementProperty_MagpieData_mean_NpValence": 0.011239635277744981,
    "ElementProperty_MagpieData_minimum_NUnfilled": 0.010948391784589681,
    "ElementProperty_MagpieData_maximum_GSvolume_pa": 0.01080001354757485,
    "ElementProperty_MagpieData_avg_dev_CovalentRadius": 0.010691996638184922,
    "ElementProperty_MagpieData_maximum_NUnfilled": 0.010471184024585968
}