{
    "MaximumPackingEfficiency_max_packing_efficiency": 0.021674608752506735,
    "MEGNet_OFMEncoded_v1_102": 0.020994661214052947,
    "GeneralizedRDF_mean_Gaussian_center=9_0_width=1_0": 0.020788766532309943,
    "ElectronegativityDiff_minimum_EN_difference": 0.018704501511004803,
    "ElementProperty_MagpieData_mean_NpUnfilled": 0.01631387940621283,
    "TMetalFraction_transition_metal_fraction": 0.01605048720153308,
    "MEGNet_OFMEncoded_v1_147": 0.01344935862498104,
    "ElementProperty_MagpieData_maximum_GSbandgap": 0.011589579170545252,
    "ElementProperty_MagpieData_mean_MendeleevNumber": 0.011194355888229993,
    "ElementProperty_MagpieData_mean_GSbandgap": 0.010473633537165237,
    "ElementProperty_MagpieData_avg_dev_NpUnfilled": 0.010107595005762644,
    "ElementProperty_MagpieData_mode_MendeleevNumber": 0.009652209572879903,
    "MEGNet_OFMEncoded_v1_7": 0.009580508017023788,
    "ElementProperty_MagpieData_avg_dev_Electronegativity": 0.009189255337442474,
    "ElementProperty_MagpieData_maximum_CovalentRadius": 0.009111569070657969,
    "AtomicOrbitals_gap_AO": 0.009028726274409515,
    "YangSolidSolution_Yang_delta": 0.008516742084673989,
    "ElementProperty_MagpieData_minimum_MendeleevNumber": 0.007702034008424186,
    "Stoichiometry_7-norm": 0.00763648580110822,
    "BondOrientationParameter_std_dev_BOOP_Q_l=8": 0.007628948128796292,
    "ElementProperty_MagpieData_mode_NValence": 0.007516947381942054,
    "ElementProperty_MagpieData_mean_Column": 0.00746602024266678,
    "ChemicalOrdering_mean_ordering_parameter_shell_1": 0.007449758115939893,
    "ElementProperty_MagpieData_mean_NdUnfilled": 0.007296308064032663,
    "MEGNet_OFMEncoded_v1_99": 0.006971546164851542,
    "CrystalNNFingerprint_std_dev_octahedral_CN_6": 0.00669309027540953,
    "ElementProperty_MagpieData_maximum_NdUnfilled": 0.006584695209659799,
    "ElementFraction_Cr": 0.006528789803740909,
    "MEGNet_OFMEncoded_v1_183": 0.006420090845389261,
    "OPSiteFingerprint_mean_body-centered_cubic_CN_8": 0.006416085741340969
}