{
    "GeneralizedRDF_mean_Gaussian_center=3_0_width=1_0": 0.00499682985910297,
    "BandCenter_band_center": 0.002629174323975587,
    "GeneralizedRDF_mean_Gaussian_center=2_0_width=1_0": 0.0020107363083715826,
    "ElementProperty_MagpieData_mean_Column": 0.0007094069942392458,
    "ElementProperty_MagpieData_mean_NUnfilled": 0.0006893120333139699,
    "DensityFeatures_packing_fraction": 0.0005865351649257942,
    "GeneralizedRDF_mean_Gaussian_center=5_0_width=1_0": 0.0005403701986560276,
    "BondOrientationParameter_mean_BOOP_Q_l=2": 0.0005068239780105477,
    "VoronoiFingerprint_mean_Voro_vol_maximum": 0.0005048384072613787,
    "ElectronegativityDiff_minimum_EN_difference": 0.00047603103774516937,
    "ElementProperty_MagpieData_avg_dev_NdValence": 0.0004646765044382899,
    "AGNIFingerPrint_mean_AGNI_eta=1_60e+01": 0.0004526700811270304,
    "ElementProperty_MagpieData_mean_MendeleevNumber": 0.0004517500925342186,
    "TMetalFraction_transition_metal_fraction": 0.00034665377111976883,
    "ElectronegativityDiff_mean_EN_difference": 0.0003307657118157384,
    "VoronoiFingerprint_mean_Voro_dist_mean": 0.00030862982214105325,
    "ElementProperty_MagpieData_maximum_NUnfilled": 0.00027830359140600396,
    "ElementProperty_MagpieData_mean_Electronegativity": 0.0002646295964245385,
    "ElementProperty_MagpieData_maximum_CovalentRadius": 0.0002637605193202633,
    "ElementProperty_MagpieData_mean_CovalentRadius": 0.0002554562674769173,
    "OPSiteFingerprint_std_dev_tetrahedral_CN_4": 0.0002522981529805753,
    "ElementProperty_MagpieData_mean_NpValence": 0.00024655645854134177,
    "ElementProperty_MagpieData_avg_dev_NUnfilled": 0.00022445239920658176,
    "GaussianSymmFunc_mean_G4_0_005_1_0_1_0": 0.00022097150131062534,
    "CrystalNNFingerprint_mean_tetrahedral_CN_4": 0.00021651581165919637,
    "ElementProperty_MagpieData_avg_dev_MendeleevNumber": 0.00021601566444647978,
    "ElementProperty_MagpieData_mean_MeltingT": 0.00021061327509999897,
    "ElementProperty_MagpieData_minimum_NUnfilled": 0.00019351967041953514,
    "OPSiteFingerprint_mean_tetrahedral_CN_4": 0.00018902654154126579,
    "ChemicalOrdering_mean_ordering_parameter_shell_1": 0.00017681871153330813
}