{
    "GaussianSymmFunc_mean_G2_80_0": 7.994385332341435e-06,
    "ElementProperty_MagpieData_maximum_CovalentRadius": 7.32396125252565e-06,
    "ElementProperty_MagpieData_mean_Column": 5.887688572059654e-06,
    "ElementProperty_MagpieData_mean_NpValence": 5.49377181281551e-06,
    "ElementProperty_MagpieData_mode_GSvolume_pa": 4.394454543866516e-06,
    "ElementProperty_MagpieData_maximum_Column": 4.377002945486224e-06,
    "ElementFraction_S": 4.045450523004954e-06,
    "ElementProperty_MagpieData_mode_CovalentRadius": 3.7885416693489633e-06,
    "ElementProperty_MagpieData_maximum_SpaceGroupNumber": 3.4768918474083274e-06,
    "ElementProperty_MagpieData_minimum_NUnfilled": 3.4073890917071316e-06,
    "ElementFraction_Ca": 3.2307200933182347e-06,
    "ElementProperty_MagpieData_mean_GSmagmom": 3.2125349364139203e-06,
    "AGNIFingerPrint_mean_AGNI_eta=8_00e-01": 3.1027701246478013e-06,
    "ElementProperty_MagpieData_minimum_CovalentRadius": 3.0158706998837505e-06,
    "ElementFraction_In": 2.630978736233851e-06,
    "ElementProperty_MagpieData_mode_GSbandgap": 2.3011811025734785e-06,
    "ElementFraction_Y": 2.0810967483385166e-06,
    "ElementFraction_Yb": 2.0667010122256516e-06,
    "MEGNet_OFMEncoded_v1_147": 1.8385236863921807e-06,
    "ElementProperty_MagpieData_avg_dev_CovalentRadius": 1.7796945002871542e-06,
    "TMetalFraction_transition_metal_fraction": 1.7753844138125084e-06,
    "ElementProperty_MagpieData_avg_dev_GSbandgap": 1.5958038345642116e-06,
    "AtomicOrbitals_HOMO_element": 1.5151353415586867e-06,
    "MEGNet_OFMEncoded_v1_5": 1.4940184555129436e-06,
    "ElementProperty_MagpieData_avg_dev_NpValence": 1.469824279685893e-06,
    "ElementFraction_Au": 1.3687685244451515e-06,
    "ElementProperty_MagpieData_mode_SpaceGroupNumber": 1.1661279155729003e-06,
    "ElementProperty_MagpieData_maximum_NfValence": 1.1641549693773898e-06,
    "ElementProperty_MagpieData_minimum_NValence": 1.1352090197058183e-06,
    "MEGNet_OFMEncoded_v1_93": 1.0364158754781575e-06
}