{
    "GaussianSymmFunc_mean_G2_20_0": 0.0010827987311073186,
    "ElementProperty_MagpieData_mode_NUnfilled": 0.0004750743658980358,
    "AGNIFingerPrint_mean_AGNI_eta=1_23e+00": 0.0003483804417450201,
    "GeneralizedRDF_mean_Gaussian_center=1_0_width=1_0": 0.00023377003964002063,
    "ElementProperty_MagpieData_maximum_MeltingT": 0.00018752753075973423,
    "ElementProperty_MagpieData_mean_NpUnfilled": 0.00012901219438050994,
    "OxidationStates_std_dev_oxidation_state": 0.00012704463695758936,
    "AGNIFingerPrint_mean_AGNI_eta=1_88e+00": 0.0001249461314039505,
    "ElementProperty_MagpieData_mean_MeltingT": 0.00010533388436043252,
    "ElementProperty_MagpieData_minimum_CovalentRadius": 0.00010318561814864103,
    "GeneralizedRDF_mean_Gaussian_center=2_0_width=1_0": 9.655623758180643e-05,
    "ElementFraction_H": 9.461559376603066e-05,
    "ElementProperty_MagpieData_avg_dev_Column": 9.217239241562213e-05,
    "ElectronegativityDiff_minimum_EN_difference": 8.69218392296332e-05,
    "MEGNet_OFMEncoded_v1_87": 7.5760965064041e-05,
    "BandCenter_band_center": 7.187982061743908e-05,
    "ElementProperty_MagpieData_avg_dev_MeltingT": 6.7639171461085e-05,
    "ElementProperty_MagpieData_minimum_Number": 6.60026355885742e-05,
    "ElementProperty_MagpieData_minimum_NUnfilled": 5.932947520553603e-05,
    "MEGNet_OFMEncoded_v1_99": 5.843852650086338e-05,
    "MEGNet_OFMEncoded_v1_15": 5.612582649733053e-05,
    "MEGNet_OFMEncoded_v1_63": 5.4760224565640075e-05,
    "YangSolidSolution_Yang_delta": 5.35573897755227e-05,
    "ElementProperty_MagpieData_mean_Electronegativity": 5.319325861237358e-05,
    "ElementProperty_MagpieData_mean_NpValence": 5.097049597935369e-05,
    "GeneralizedRDF_mean_Gaussian_center=9_0_width=1_0": 4.9239685213012836e-05,
    "ElementProperty_MagpieData_avg_dev_Electronegativity": 4.874979127899355e-05,
    "ElementProperty_MagpieData_mode_Electronegativity": 4.7811864504724657e-05,
    "GeneralizedRDF_mean_Gaussian_center=5_0_width=1_0": 4.5839446476718944e-05,
    "MEGNet_OFMEncoded_v1_137": 4.5027925280924106e-05
}