{
    "ElementFraction_Na": 0.01538152825402392,
    "ElementProperty_MagpieData_mode_SpaceGroupNumber": 0.011299352367466781,
    "ElementFraction_Mg": 0.010165298562097878,
    "ElementProperty_MagpieData_maximum_CovalentRadius": 0.009462722787018879,
    "ElementFraction_Zn": 0.007229215072369743,
    "ElementProperty_MagpieData_mean_GSvolume_pa": 0.005583627981324126,
    "ElementProperty_MagpieData_mode_Number": 0.0055632901271813456,
    "ElementFraction_Cd": 0.005238546703376431,
    "ElementFraction_Ag": 0.004866958934106535,
    "ElementFraction_Cr": 0.004335424610566531,
    "ElementProperty_MagpieData_avg_dev_GSvolume_pa": 0.004151394183573104,
    "ElementProperty_MagpieData_minimum_Number": 0.004145964113785156,
    "ElementFraction_N": 0.0033254592879071463,
    "ElementProperty_MagpieData_minimum_MendeleevNumber": 0.0032567742873716244,
    "ElementProperty_MagpieData_minimum_NsValence": 0.0031256976326991337,
    "ElementFraction_Ba": 0.003013310226371287,
    "ElementProperty_MagpieData_mode_CovalentRadius": 0.0029743916289239687,
    "ElementFraction_As": 0.002972559328395674,
    "ElementProperty_MagpieData_mode_GSvolume_pa": 0.002703029566105526,
    "ElementFraction_Se": 0.00269241944995696,
    "AtomicOrbitals_LUMO_energy": 0.002635608437425037,
    "ElementProperty_MagpieData_minimum_NUnfilled": 0.002591352590512611,
    "ElementProperty_MagpieData_minimum_Electronegativity": 0.002438065282315493,
    "ElementProperty_MagpieData_maximum_GSbandgap": 0.0022829361629759758,
    "ElementFraction_V": 0.002118073953441746,
    "ElementProperty_MagpieData_maximum_MeltingT": 0.0018976742667997661,
    "ElementProperty_MagpieData_maximum_GSvolume_pa": 0.001859703336168811,
    "ElementFraction_Pd": 0.0017219132726464695,
    "ElementProperty_MagpieData_mean_NsValence": 0.0016512797686818934,
    "ElementProperty_MagpieData_mode_MeltingT": 0.0015949225509398657
}