{
    "GeneralizedRDF_mean_Gaussian_center=0_0_width=1_0": 0.0011809968839881526,
    "ElementFraction_F": 0.0010966059004122277,
    "ElementFraction_Ca": 0.0007606987587482028,
    "ElementFraction_Yb": 0.0006014335107594982,
    "TMetalFraction_transition_metal_fraction": 0.0005635900529766453,
    "ElementFraction_Au": 0.0004983247301433092,
    "ElementProperty_MagpieData_maximum_NpUnfilled": 0.0004941869028825914,
    "ElementProperty_MagpieData_maximum_CovalentRadius": 0.0004915324364493714,
    "ElementProperty_MagpieData_mode_CovalentRadius": 0.0004907900830758311,
    "ElementFraction_In": 0.00044269819679001755,
    "ElementFraction_Se": 0.00042199052387934644,
    "ElementProperty_MagpieData_maximum_GSbandgap": 0.0003947911690324204,
    "ElementProperty_MagpieData_mode_GSbandgap": 0.000392900570159359,
    "ElementProperty_MagpieData_maximum_SpaceGroupNumber": 0.0003899789935568293,
    "ElementProperty_MagpieData_mean_GSvolume_pa": 0.00037131587747392484,
    "ElementFraction_Ni": 0.00035092232628164036,
    "MEGNet_OFMEncoded_v1_5": 0.00035039225077548706,
    "ElementFraction_Y": 0.00034378992782393937,
    "ElementProperty_MagpieData_avg_dev_NpValence": 0.00033080785585848875,
    "ElementProperty_MagpieData_mode_GSvolume_pa": 0.00032927081418256853,
    "ElementFraction_Mg": 0.00032112214527976946,
    "ElementProperty_MagpieData_minimum_NUnfilled": 0.0003160748787259129,
    "ElementProperty_MagpieData_mode_Number": 0.00031459693594940706,
    "ElementFraction_K": 0.00028746830618125725,
    "ElementProperty_MagpieData_mean_NpValence": 0.00022722947497782846,
    "ElementProperty_MagpieData_mode_SpaceGroupNumber": 0.0002181276827186688,
    "ElementProperty_MagpieData_minimum_GSvolume_pa": 0.00021348497967371574,
    "ElementFraction_Bi": 0.00021043972622182528,
    "ElementFraction_Mn": 0.00020350099669480328,
    "MEGNet_OFMEncoded_v1_86": 0.00017916908021267693
}