{
    "ElementProperty_MagpieData_mode_Electronegativity": 0.046634110998485606,
    "ElementProperty_MagpieData_maximum_Electronegativity": 0.020165258164907284,
    "ElementFraction_N": 0.010161755957658773,
    "ElementProperty_MagpieData_mode_MendeleevNumber": 0.008733550987743288,
    "ElementProperty_MagpieData_mode_MeltingT": 0.005541737738981447,
    "ElectronegativityDiff_mean_EN_difference": 0.005418721291696074,
    "ElementProperty_MagpieData_mode_GSvolume_pa": 0.005138831527512222,
    "ElementFraction_C": 0.005062169321497887,
    "ElementFraction_Te": 0.004877038996229892,
    "ElementProperty_MagpieData_mean_Electronegativity": 0.004702829511930965,
    "ElementProperty_MagpieData_maximum_GSbandgap": 0.00438439939508108,
    "ElementProperty_MagpieData_maximum_MendeleevNumber": 0.0041456496298709145,
    "ElementProperty_MagpieData_minimum_MeltingT": 0.0030210204937402563,
    "ElementProperty_MagpieData_maximum_GSvolume_pa": 0.002895493584565868,
    "ElementFraction_Na": 0.002754845071684036,
    "ElementFraction_Pd": 0.002636785336953321,
    "ElementProperty_MagpieData_mean_CovalentRadius": 0.0025007393504270785,
    "ElementProperty_MagpieData_mean_GSbandgap": 0.0024274974793212474,
    "ElementFraction_Cu": 0.0023239211447223145,
    "ElementFraction_O": 0.0023144296187361637,
    "ElementFraction_H": 0.0023105560665100428,
    "ElementFraction_Se": 0.0021720778837746603,
    "ElementProperty_MagpieData_maximum_CovalentRadius": 0.0018476565081060616,
    "ElementFraction_B": 0.0016665183015371115,
    "ElementFraction_Ni": 0.0016255942376921684,
    "Stoichiometry_10-norm": 0.0015971197704639777,
    "ElementFraction_Ga": 0.001506464143101825,
    "ElementProperty_MagpieData_mode_NValence": 0.0013285003318548865,
    "LocalPropertyDifference_std_dev_local_difference_in_Electronegativity": 0.0013253282146703327,
    "ElementFraction_Cr": 0.001324841423535413
}