{
    "DensityFeatures_packing_fraction": 1.1239405689948487,
    "ElementProperty_MagpieData_mean_NUnfilled": 0.8677002720360084,
    "GeneralizedRDF_mean_Gaussian_center=2_0_width=1_0": 0.8429915080614819,
    "GeneralizedRDF_mean_Gaussian_center=3_0_width=1_0": 0.744846908421448,
    "ElementProperty_MagpieData_mean_MendeleevNumber": 0.632281143887812,
    "ElementProperty_MagpieData_mean_Column": 0.6052474748087864,
    "ElementProperty_MagpieData_mean_MeltingT": 0.587602450931208,
    "ElementProperty_MagpieData_mode_MeltingT": 0.543207494807355,
    "ElectronegativityDiff_minimum_EN_difference": 0.4810325668127712,
    "ElementProperty_MagpieData_mean_NdUnfilled": 0.38490378842948453,
    "ElementProperty_MagpieData_avg_dev_NdValence": 0.37823082110505735,
    "ElementProperty_MagpieData_avg_dev_NUnfilled": 0.37426300357226544,
    "ElementProperty_MagpieData_mean_CovalentRadius": 0.34541465096835183,
    "MaximumPackingEfficiency_max_packing_efficiency": 0.31683652410839375,
    "ElectronegativityDiff_mean_EN_difference": 0.3064287871118432,
    "ElementProperty_MagpieData_minimum_Column": 0.2964583288643797,
    "ElementProperty_MagpieData_avg_dev_Electronegativity": 0.2788339590749038,
    "DensityFeatures_density": 0.27672850136440136,
    "ElementProperty_MagpieData_mean_NdValence": 0.2650731160120868,
    "ElementProperty_MagpieData_maximum_NUnfilled": 0.25609464071382493,
    "ElementProperty_MagpieData_minimum_Electronegativity": 0.23910047873278242,
    "BondOrientationParameter_mean_BOOP_Q_l=1": 0.23337250150550873,
    "MEGNet_OFMEncoded_v1_99": 0.23142116360264509,
    "ElementProperty_MagpieData_avg_dev_GSbandgap": 0.221587087450807,
    "BandCenter_band_center": 0.21645879770499094,
    "ElementProperty_MagpieData_maximum_CovalentRadius": 0.21172049909626095,
    "ValenceOrbital_frac_d_valence_electrons": 0.21112674660397984,
    "ElementProperty_MagpieData_mean_NsValence": 0.20344383592164217,
    "ElementProperty_MagpieData_avg_dev_Column": 0.1748403832507323,
    "ElementProperty_MagpieData_maximum_NdValence": 0.17098689403007708
}