{
    "ElementProperty_MagpieData_mode_NUnfilled": 0.02266166245813706,
    "ElementFraction_O": 0.019651296809294838,
    "ElementProperty_MagpieData_mean_Electronegativity": 0.01617348458434631,
    "ElementFraction_Co": 0.013582038692436377,
    "ElementProperty_MagpieData_minimum_MendeleevNumber": 0.012902552128368933,
    "BandCenter_band_center": 0.012590883058971516,
    "ElementProperty_MagpieData_maximum_GSvolume_pa": 0.010437988560602327,
    "ElementFraction_Mg": 0.008910529777801351,
    "ElementProperty_MagpieData_mode_GSvolume_pa": 0.007801089564222652,
    "ElementFraction_Br": 0.0074794476786276196,
    "ElementProperty_MagpieData_avg_dev_Column": 0.007421771851811515,
    "ElementFraction_In": 0.007044491784035861,
    "ElementFraction_Au": 0.006255239340044769,
    "TMetalFraction_transition_metal_fraction": 0.005977275197176133,
    "ElementProperty_MagpieData_mean_Column": 0.005927280796708759,
    "ElementProperty_MagpieData_maximum_NValence": 0.005856618862320045,
    "ElementProperty_MagpieData_mode_Number": 0.005771049378686467,
    "ElementProperty_MagpieData_maximum_MeltingT": 0.005500627104776757,
    "ElementFraction_Cl": 0.005467452373545981,
    "ElementProperty_MagpieData_minimum_Electronegativity": 0.004751393050375017,
    "ElementProperty_MagpieData_minimum_Number": 0.004543535885705955,
    "ElementProperty_MagpieData_maximum_Electronegativity": 0.0043564078460074885,
    "DensityFeatures_density": 0.0039207147528899046,
    "ElementProperty_MagpieData_mode_CovalentRadius": 0.003823421663105068,
    "ElementProperty_MagpieData_mean_GSbandgap": 0.003702157851769305,
    "ElementProperty_MagpieData_mode_Electronegativity": 0.0035812751418814247,
    "OxidationStates_std_dev_oxidation_state": 0.0035742658233894158,
    "SineCoulombMatrix_sine_coulomb_matrix_eig_3": 0.00322846987603724,
    "ElementProperty_MagpieData_mode_MeltingT": 0.0032246199302311805,
    "ElementProperty_MagpieData_mean_Row": 0.002991933304615096
}