{
    "ElementProperty_MagpieData_mode_Number": 0.0480227302828434,
    "ElementProperty_MagpieData_maximum_Electronegativity": 0.01829525976814989,
    "ElementProperty_MagpieData_minimum_MendeleevNumber": 0.015768935938853965,
    "ElementFraction_Cd": 0.013709593879043741,
    "ElementProperty_MagpieData_maximum_GSbandgap": 0.010495396638374245,
    "ElementFraction_In": 0.010316918465055513,
    "ElementProperty_MagpieData_mean_Row": 0.008987145247638339,
    "ElementFraction_Y": 0.008137965839964689,
    "ElementFraction_F": 0.007768899956067004,
    "ElementProperty_MagpieData_minimum_MeltingT": 0.0072614066544061115,
    "ElementProperty_MagpieData_maximum_Number": 0.007217977462029988,
    "ElementFraction_B": 0.005547337536661452,
    "ElementProperty_MagpieData_mode_MeltingT": 0.004916117574341814,
    "GaussianSymmFunc_mean_G2_80_0": 0.004801065791500172,
    "ElementFraction_H": 0.00479739590621183,
    "ElementFraction_Hf": 0.004561120921070393,
    "ElementProperty_MagpieData_mode_Column": 0.004529359878446031,
    "ElementProperty_MagpieData_maximum_AtomicWeight": 0.004497180035005755,
    "ElementFraction_S": 0.004263744860242298,
    "ElementProperty_MagpieData_minimum_Electronegativity": 0.004050070583690863,
    "ElementFraction_Al": 0.003961100905860823,
    "ElementProperty_MagpieData_mode_NUnfilled": 0.0039051134735922878,
    "ElementProperty_MagpieData_minimum_GSvolume_pa": 0.00318479888912521,
    "ElementFraction_Ba": 0.003094965578292413,
    "ElementFraction_Tl": 0.003089156338158289,
    "ElementProperty_MagpieData_mean_NUnfilled": 0.003025158652830214,
    "ElementFraction_Te": 0.0029820395697763573,
    "ElementProperty_MagpieData_maximum_GSvolume_pa": 0.002850803063679433,
    "ElementProperty_MagpieData_mode_MendeleevNumber": 0.002657961473217089,
    "ElementProperty_MagpieData_maximum_MendeleevNumber": 0.002646825768970927
}