{
    "ElementFraction_O": 0.06679449259717343,
    "ElementProperty_MagpieData_mode_SpaceGroupNumber": 0.0179024777146196,
    "ElementProperty_MagpieData_maximum_GSvolume_pa": 0.011885312047655573,
    "ElementProperty_MagpieData_minimum_SpaceGroupNumber": 0.008354338253012673,
    "ElementProperty_MagpieData_mean_NdValence": 0.008175451301774201,
    "ElementProperty_MagpieData_mean_GSvolume_pa": 0.005613261644092225,
    "MEGNet_OFMEncoded_v1_76": 0.005175278852437333,
    "ElementFraction_Zn": 0.005160678027754185,
    "ElementProperty_MagpieData_range_Electronegativity": 0.004371429339411698,
    "ElementFraction_Li": 0.0038945693062668423,
    "ElementFraction_K": 0.0038676630393818935,
    "MEGNet_OFMEncoded_v1_87": 0.0037183297872004314,
    "MEGNet_OFMEncoded_v1_97": 0.0034032714731211493,
    "MEGNet_OFMEncoded_v1_86": 0.003241907129508782,
    "ElementProperty_MagpieData_minimum_Number": 0.0032278332576412736,
    "ElementProperty_MagpieData_maximum_MeltingT": 0.003114587284274116,
    "ElementFraction_V": 0.0030976610115549977,
    "AtomicOrbitals_HOMO_energy": 0.002966462503939844,
    "ElementFraction_Al": 0.0029356982870253983,
    "AtomicOrbitals_LUMO_energy": 0.0027631063092866293,
    "ElementProperty_MagpieData_mode_NUnfilled": 0.0027620394086954794,
    "ElementProperty_MagpieData_mean_GSmagmom": 0.002641870393092284,
    "ElementFraction_Ag": 0.002584447471130808,
    "ElementFraction_Hg": 0.0025367331345996454,
    "ElementProperty_MagpieData_maximum_NpUnfilled": 0.0024127900956174937,
    "ElementProperty_MagpieData_mean_SpaceGroupNumber": 0.0023563830632443543,
    "ElementFraction_B": 0.0022797241981748423,
    "ElementFraction_Co": 0.0021185577302369114,
    "ElementFraction_Ga": 0.002083241434177097,
    "ValenceOrbital_frac_s_valence_electrons": 0.00202576780204179
}