{
    "ElementProperty_MagpieData_avg_dev_NpValence": 0.05012899456313754,
    "ElementProperty_MagpieData_avg_dev_Column": 0.029460244472467496,
    "ElementProperty_MagpieData_mean_Column": 0.01495513912639143,
    "OxidationStates_std_dev_oxidation_state": 0.014645487448719467,
    "LocalPropertyDifference_mean_local_difference_in_Electronegativity": 0.013932711874556625,
    "MaximumPackingEfficiency_max_packing_efficiency": 0.012725564814634056,
    "OPSiteFingerprint_std_dev_tetrahedral_CN_4": 0.011363649707030025,
    "IonProperty_avg_ionic_char": 0.011358201387874727,
    "CrystalNNFingerprint_mean_body-centered_cubic_CN_8": 0.010344390906796378,
    "ElementProperty_MagpieData_mean_MeltingT": 0.00934988533946499,
    "ElementProperty_MagpieData_maximum_Number": 0.00808237686706205,
    "OPSiteFingerprint_mean_body-centered_cubic_CN_8": 0.007938030120996,
    "ElementProperty_MagpieData_mean_AtomicWeight": 0.0075476665273559234,
    "MEGNet_OFMEncoded_v1_19": 0.006926635740619491,
    "CrystalNNFingerprint_mean_trigonal_pyramidal_CN_4": 0.00678045981072858,
    "ElementProperty_MagpieData_minimum_Column": 0.006486184121096411,
    "CrystalNNFingerprint_std_dev_tetrahedral_CN_4": 0.005917193874879419,
    "GlobalSymmetryFeatures_spacegroup_num": 0.005877196813708919,
    "ElementProperty_MagpieData_avg_dev_Electronegativity": 0.0058066489775291975,
    "ElectronegativityDiff_minimum_EN_difference": 0.005642524480744039,
    "VoronoiFingerprint_mean_Voro_area_maximum": 0.005538340938757411,
    "BondOrientationParameter_mean_BOOP_Q_l=10": 0.005343098349016389,
    "DensityFeatures_packing_fraction": 0.005295069183193601,
    "GeneralizedRDF_mean_Gaussian_center=3_0_width=1_0": 0.00514151500029858,
    "OPSiteFingerprint_std_dev_linear_CN_2": 0.005093153876811854,
    "ElementProperty_MagpieData_mean_NdValence": 0.004927820776947213,
    "AGNIFingerPrint_std_dev_AGNI_dir=z_eta=2_89e+00": 0.004879644657970516,
    "AtomicOrbitals_HOMO_energy": 0.004811025070478993,
    "CrystalNNFingerprint_mean_square_co-planar_CN_4": 0.004782428151893343,
    "OPSiteFingerprint_std_dev_square_co-planar_CN_4": 0.004740610347629417
}