{
    "ElementProperty_MagpieData_avg_dev_MendeleevNumber": 0.017910503913497217,
    "ElementProperty_MagpieData_avg_dev_CovalentRadius": 0.012081054941771044,
    "AGNIFingerPrint_mean_AGNI_eta=8_00e-01": 0.011436504597914376,
    "GeneralizedRDF_mean_Gaussian_center=3_0_width=1_0": 0.011362450722818771,
    "ElementProperty_MagpieData_avg_dev_Column": 0.010760175670966677,
    "BondOrientationParameter_mean_BOOP_Q_l=3": 0.010706372229471251,
    "OPSiteFingerprint_mean_sgl_bd_CN_1": 0.010673293685685419,
    "ElementProperty_MagpieData_mean_GSmagmom": 0.010212197128412558,
    "OPSiteFingerprint_std_dev_tetrahedral_CN_4": 0.009525405068975952,
    "TMetalFraction_transition_metal_fraction": 0.007583386736267448,
    "ElementProperty_MagpieData_avg_dev_MeltingT": 0.0069815897906612915,
    "OPSiteFingerprint_mean_tetrahedral_CN_4": 0.006790648360133829,
    "BondFractions_Ni_-_O_bond_frac_": 0.006560287643949275,
    "MaximumPackingEfficiency_max_packing_efficiency": 0.00652535497981486,
    "ElementProperty_MagpieData_avg_dev_NpValence": 0.006183339717996713,
    "ElementFraction_Cr": 0.0061332903774591755,
    "ElementProperty_MagpieData_minimum_MendeleevNumber": 0.00612959503829056,
    "MEGNet_OFMEncoded_v1_71": 0.005565299514588412,
    "ElementProperty_MagpieData_avg_dev_NpUnfilled": 0.005452906777898317,
    "VoronoiFingerprint_std_dev_Voro_dist_mean": 0.004978909037149149,
    "MEGNet_OFMEncoded_v1_132": 0.004872682251884566,
    "MEGNet_OFMEncoded_v1_19": 0.004740407145132412,
    "ElementProperty_MagpieData_mode_NUnfilled": 0.004727957306941704,
    "ElementProperty_MagpieData_mean_NpUnfilled": 0.0047229792035406205,
    "ElementProperty_MagpieData_range_GSvolume_pa": 0.004603220009547688,
    "ElementProperty_MagpieData_mean_Electronegativity": 0.004462589599618692,
    "ElementProperty_MagpieData_maximum_MendeleevNumber": 0.0044288063798411026,
    "StructuralHeterogeneity_mean_absolute_deviation_in_relative_cell_size": 0.004374735624672548,
    "AGNIFingerPrint_std_dev_AGNI_dir=x_eta=2_89e+00": 0.0042654938214988355,
    "ElementProperty_MagpieData_maximum_GSvolume_pa": 0.004195739257229366
}