{
    "ElementProperty_MagpieData_maximum_CovalentRadius": 0.0003941092520007536,
    "ElementProperty_MagpieData_mean_GSbandgap": 0.0002863333199997015,
    "ElementProperty_MagpieData_mean_Column": 0.00026729561100975936,
    "ElementProperty_MagpieData_minimum_CovalentRadius": 0.00026223277660572666,
    "ElementProperty_MagpieData_mode_GSvolume_pa": 0.0002515657772513402,
    "ElementProperty_MagpieData_mean_NpValence": 0.00024369642272528789,
    "ElementFraction_Ca": 0.00023861406008371006,
    "ElementProperty_MagpieData_mode_GSbandgap": 0.00021953550441278788,
    "GaussianSymmFunc_mean_G2_80_0": 0.00021655523482915292,
    "ElementFraction_S": 0.00021542291685446805,
    "ElementProperty_MagpieData_maximum_Column": 0.00017889963162702688,
    "ElementFraction_Yb": 0.00017717725682676817,
    "ElementProperty_MagpieData_mode_CovalentRadius": 0.00017421077712412409,
    "ElementProperty_MagpieData_mean_CovalentRadius": 0.00017409857023975496,
    "ElementFraction_Au": 0.00016007283696683366,
    "ElementProperty_MagpieData_maximum_SpaceGroupNumber": 0.0001571894025931725,
    "ElementFraction_In": 0.00015118070107720028,
    "TMetalFraction_transition_metal_fraction": 0.00015086057730966,
    "ElementProperty_MagpieData_maximum_GSbandgap": 0.00012789600585677121,
    "ElementProperty_MagpieData_avg_dev_GSmagmom": 0.00012429452315406176,
    "ElementFraction_Y": 0.00011562650495170411,
    "ElementProperty_MagpieData_mean_GSmagmom": 0.00010338080879714193,
    "ElementProperty_MagpieData_mean_GSvolume_pa": 9.07765611773726e-05,
    "ElementFraction_K": 8.424232789715196e-05,
    "ElementFraction_Pd": 8.331818084177115e-05,
    "ElementProperty_MagpieData_maximum_NfUnfilled": 8.2653881745399e-05,
    "ElementProperty_MagpieData_minimum_NValence": 8.064046268010983e-05,
    "ElementProperty_MagpieData_maximum_MeltingT": 8.029228732984359e-05,
    "AtomicOrbitals_HOMO_element": 7.929818372436933e-05,
    "ElementProperty_MagpieData_avg_dev_NpValence": 7.715182502435675e-05
}