{
    "CrystalNNFingerprint_mean_octahedral_CN_6": 0.03331438102235084,
    "TMetalFraction_transition_metal_fraction": 0.025194740265147637,
    "ElementProperty_MagpieData_maximum_MeltingT": 0.015232072944378517,
    "BandCenter_band_center": 0.013388183678041675,
    "ElementFraction_O": 0.010793705908733001,
    "ElementProperty_MagpieData_mean_Column": 0.010469391886870264,
    "OPSiteFingerprint_mean_body-centered_cubic_CN_8": 0.0096037569949259,
    "BondOrientationParameter_mean_BOOP_Q_l=7": 0.009463535222293172,
    "OxidationStates_std_dev_oxidation_state": 0.008779920279241871,
    "ElectronegativityDiff_maximum_EN_difference": 0.008586222023693238,
    "CrystalNNFingerprint_mean_body-centered_cubic_CN_8": 0.0085007571159506,
    "ElementProperty_MagpieData_avg_dev_NdValence": 0.008301570962923555,
    "CrystalNNFingerprint_mean_hexagonal_planar_CN_6": 0.008083335937321377,
    "CrystalNNFingerprint_mean_wt_CN_14": 0.008031653377817758,
    "MEGNet_OFMEncoded_v1_172": 0.0077537727111105246,
    "AtomicOrbitals_HOMO_energy": 0.007712135779696697,
    "MEGNet_OFMEncoded_v1_140": 0.007409299836725515,
    "AtomicOrbitals_gap_AO": 0.007200377178793007,
    "ElementProperty_MagpieData_range_MeltingT": 0.006174769601698566,
    "ElementProperty_MagpieData_avg_dev_Column": 0.006083085054333863,
    "ChemEnvSiteFingerprint_mean_C:8": 0.006034388153709732,
    "MEGNet_OFMEncoded_v1_86": 0.00587748212599606,
    "ElementProperty_MagpieData_avg_dev_Electronegativity": 0.00579047468735451,
    "ElectronegativityDiff_minimum_EN_difference": 0.00566043802495899,
    "VoronoiFingerprint_std_dev_Voro_dist_minimum": 0.005490780816749808,
    "BondOrientationParameter_mean_BOOP_Q_l=3": 0.005469339051160755,
    "ElectronegativityDiff_mean_EN_difference": 0.0054638456765453485,
    "CrystalNNFingerprint_std_dev_octahedral_CN_6": 0.005292804258925675,
    "XRDPowderPattern_xrd_34": 0.00516346204004249,
    "ElementProperty_MagpieData_maximum_NdValence": 0.00490413453595218
}