{
    "ElementProperty_MagpieData_maximum_Electronegativity": 0.0006750708660348773,
    "TMetalFraction_transition_metal_fraction": 0.000610004176633009,
    "AtomicOrbitals_HOMO_energy": 0.0004596408065537904,
    "ElectronegativityDiff_minimum_EN_difference": 0.0003615300118853754,
    "ElementProperty_MagpieData_mode_Electronegativity": 0.0003188975949637084,
    "ElectronegativityDiff_mean_EN_difference": 0.00031610553134813125,
    "GeneralizedRDF_mean_Gaussian_center=7_0_width=1_0": 0.0001895862274081036,
    "Stoichiometry_0-norm": 0.00017874024536040928,
    "ElementProperty_MagpieData_avg_dev_NpValence": 0.00016058245630973998,
    "ValenceOrbital_frac_d_valence_electrons": 0.00016029254451625416,
    "ElementProperty_MagpieData_maximum_MeltingT": 0.00015732973187868827,
    "GeneralizedRDF_mean_Gaussian_center=3_0_width=1_0": 0.00015572384439623192,
    "ElementProperty_MagpieData_maximum_NdUnfilled": 0.0001473682309301662,
    "ElementProperty_MagpieData_mean_NdUnfilled": 0.00013961465819064848,
    "OxidationStates_maximum_oxidation_state": 0.00013522176453453213,
    "ChemicalOrdering_mean_ordering_parameter_shell_2": 0.00013214417458127725,
    "AGNIFingerPrint_mean_AGNI_eta=1_88e+00": 0.0001281804097110357,
    "ElementProperty_MagpieData_mean_MeltingT": 0.00012808841808411228,
    "BondOrientationParameter_mean_BOOP_Q_l=2": 0.0001267437694834581,
    "ChemicalOrdering_mean_ordering_parameter_shell_1": 0.00012348716446744723,
    "RadialDistributionFunction_radial_distribution_function_d_1_90": 0.00011941148286840405,
    "BondOrientationParameter_mean_BOOP_Q_l=4": 0.0001161285549990019,
    "OPSiteFingerprint_mean_sgl_bd_CN_1": 0.00011396418573109726,
    "AtomicOrbitals_HOMO_element": 0.00011396219758268981,
    "ElementFraction_V": 0.00010870371460984784,
    "RadialDistributionFunction_radial_distribution_function_d_2_90": 9.970393175719958e-05,
    "MEGNet_OFMEncoded_v1_125": 9.820823152816405e-05,
    "ElementProperty_MagpieData_mean_NpValence": 9.618625358717233e-05,
    "YangSolidSolution_Yang_omega": 9.272277872471604e-05,
    "LocalPropertyDifference_mean_local_difference_in_Electronegativity": 9.261065100381646e-05
}