{
    "ElementProperty_MagpieData_mean_NpValence": 7.254038580392022,
    "MEGNet_OFMEncoded_v1_172": 4.819633351118966,
    "ElementProperty_MagpieData_mean_Column": 2.5594045094094997,
    "ValenceOrbital_frac_s_valence_electrons": 1.9608951968895953,
    "ElementProperty_MagpieData_mean_Electronegativity": 1.4958990573212243,
    "ElementProperty_MagpieData_mode_SpaceGroupNumber": 1.286805901091196,
    "ElementProperty_MagpieData_avg_dev_NpValence": 1.1084889486574316,
    "ElementProperty_MagpieData_maximum_Electronegativity": 0.9496027686048806,
    "ElementProperty_MagpieData_mode_NUnfilled": 0.5549934806799103,
    "ElementProperty_MagpieData_mean_SpaceGroupNumber": 0.5462078321372259,
    "ElementProperty_MagpieData_mode_Electronegativity": 0.5318523742183292,
    "MEGNet_OFMEncoded_v1_82": 0.5260528556068288,
    "ElementProperty_MagpieData_minimum_Number": 0.469269228556441,
    "ElementProperty_MagpieData_avg_dev_NpUnfilled": 0.45572799002497466,
    "ElementFraction_O": 0.4217730071032185,
    "MEGNet_OFMEncoded_v1_166": 0.4033078658445969,
    "ElementProperty_MagpieData_mean_NUnfilled": 0.3890597711426766,
    "ElementProperty_MagpieData_maximum_NdValence": 0.38820642518253723,
    "MEGNet_OFMEncoded_v1_99": 0.3713496664096444,
    "ElementProperty_MagpieData_mean_NValence": 0.36043782294179544,
    "ElementFraction_Au": 0.3532534070546242,
    "ElementProperty_MagpieData_maximum_Number": 0.33950924168737545,
    "ElementProperty_MagpieData_mode_GSbandgap": 0.3343207012813619,
    "ElementProperty_MagpieData_mode_Column": 0.31741377313910435,
    "ElementProperty_MagpieData_maximum_NValence": 0.2804785850393073,
    "ElementProperty_MagpieData_avg_dev_Column": 0.275192523210156,
    "ElementProperty_MagpieData_minimum_Electronegativity": 0.26797027220577513,
    "ElementProperty_MagpieData_mean_NdValence": 0.26645388543256515,
    "ElementProperty_MagpieData_mean_NpUnfilled": 0.26098143662546724,
    "ElementProperty_MagpieData_avg_dev_NdUnfilled": 0.2564740369312884
}