{
    "ElementProperty_MagpieData_avg_dev_NpValence": 0.0001165684522547326,
    "ElementProperty_MagpieData_avg_dev_NdValence": 6.425058814296684e-05,
    "TMetalFraction_transition_metal_fraction": 5.60907383838932e-05,
    "ElementProperty_MagpieData_minimum_MendeleevNumber": 5.606451222909874e-05,
    "ElementProperty_MagpieData_avg_dev_MeltingT": 5.487727973988376e-05,
    "GeneralizedRDF_mean_Gaussian_center=5_0_width=1_0": 5.280661406577856e-05,
    "ElementProperty_MagpieData_maximum_NdValence": 5.050253063286245e-05,
    "ElementProperty_MagpieData_range_MeltingT": 4.873504866755483e-05,
    "ElementProperty_MagpieData_maximum_MeltingT": 3.778676712067742e-05,
    "ValenceOrbital_frac_d_valence_electrons": 3.566441214373452e-05,
    "GeneralizedRDF_mean_Gaussian_center=4_0_width=1_0": 3.350445780685328e-05,
    "ElementProperty_MagpieData_range_NdUnfilled": 3.341097216257325e-05,
    "ElementProperty_MagpieData_mode_NdValence": 3.297262348658966e-05,
    "ElementProperty_MagpieData_avg_dev_NpUnfilled": 3.28428298642258e-05,
    "ElementFraction_Cr": 3.2244132592065784e-05,
    "ElementProperty_MagpieData_avg_dev_CovalentRadius": 3.141400368379246e-05,
    "ElementProperty_MagpieData_minimum_Electronegativity": 2.9725263990462622e-05,
    "ElementProperty_MagpieData_maximum_NValence": 2.97147587776424e-05,
    "CrystalNNFingerprint_mean_q6_CN_12": 2.768786032402464e-05,
    "MEGNet_OFMEncoded_v1_147": 2.6468977198160946e-05,
    "AverageBondLength_mean_Average_bond_length": 2.5843880527537368e-05,
    "BandCenter_band_center": 2.5648652664105953e-05,
    "CrystalNNFingerprint_mean_linear_CN_2": 2.4569968089460892e-05,
    "MEGNet_OFMEncoded_v1_140": 2.3706330899936662e-05,
    "Stoichiometry_10-norm": 2.3198313252330783e-05,
    "ElementProperty_MagpieData_mean_NpUnfilled": 2.3095478119910147e-05,
    "ElementProperty_MagpieData_mode_MeltingT": 2.2227757269400123e-05,
    "ElementProperty_MagpieData_maximum_MendeleevNumber": 2.1941372720675408e-05,
    "GeneralizedRDF_mean_Gaussian_center=3_0_width=1_0": 2.1869914365322322e-05,
    "OPSiteFingerprint_std_dev_q6_CN_12": 2.028862694414454e-05
}