{
    "OPSiteFingerprint_std_dev_tetrahedral_CN_4": 0.03086818035664059,
    "MaximumPackingEfficiency_max_packing_efficiency": 0.019983385969003106,
    "CrystalNNFingerprint_std_dev_wt_CN_12": 0.015282373199764634,
    "BondFractions_Ni_-_O_bond_frac_": 0.014884203467730586,
    "ElementProperty_MagpieData_mean_NsValence": 0.012974506528095557,
    "ValenceOrbital_frac_s_valence_electrons": 0.012758024612048498,
    "ElectronegativityDiff_maximum_EN_difference": 0.01194534028398813,
    "GeneralizedRDF_mean_Gaussian_center=3_0_width=1_0": 0.011262335059295506,
    "AtomicOrbitals_HOMO_energy": 0.010734023760483274,
    "VoronoiFingerprint_mean_Voro_area_std_dev": 0.01040752483752865,
    "CrystalNNFingerprint_std_dev_q4_CN_12": 0.009453426216906516,
    "IonProperty_avg_ionic_char": 0.009286185849801672,
    "ElementProperty_MagpieData_mean_Column": 0.009193848468117476,
    "ElementProperty_MagpieData_mean_MendeleevNumber": 0.009140765168717315,
    "ElementProperty_MagpieData_maximum_Electronegativity": 0.00879418636535866,
    "MEGNet_OFMEncoded_v1_116": 0.008724809210920507,
    "OxidationStates_maximum_oxidation_state": 0.008597127986693605,
    "MEGNet_OFMEncoded_v1_109": 0.008549853366175428,
    "AtomicOrbitals_HOMO_element": 0.008402246526802812,
    "ElementProperty_MagpieData_avg_dev_MendeleevNumber": 0.008253540413167577,
    "ElementProperty_MagpieData_mode_NUnfilled": 0.007977399256319125,
    "ElementFraction_F": 0.007965456836157948,
    "RadialDistributionFunction_radial_distribution_function_d_1_60": 0.007749232880824685,
    "ElementProperty_MagpieData_minimum_MendeleevNumber": 0.007747667170226957,
    "ElementFraction_H": 0.007538408641874648,
    "ElementProperty_MagpieData_range_Electronegativity": 0.007481199652638279,
    "ElementProperty_MagpieData_maximum_Number": 0.007383172053980979,
    "ElementProperty_MagpieData_maximum_CovalentRadius": 0.007168045692711866,
    "TMetalFraction_transition_metal_fraction": 0.006930694279167489,
    "ElementProperty_MagpieData_minimum_Electronegativity": 0.006928641561763905
}