{
    "ElementFraction_O": 0.027078878872445825,
    "ElementProperty_MagpieData_mode_GSvolume_pa": 0.01622617434218469,
    "ElementProperty_MagpieData_mode_MeltingT": 0.00911430889088991,
    "ElementProperty_MagpieData_mode_SpaceGroupNumber": 0.006504862672935838,
    "ElementProperty_MagpieData_avg_dev_MendeleevNumber": 0.004870227518383297,
    "ElementProperty_MagpieData_minimum_SpaceGroupNumber": 0.004430892531476306,
    "ElementFraction_Cl": 0.004348448216629188,
    "ElementProperty_MagpieData_minimum_Electronegativity": 0.0035022733703394624,
    "ElementFraction_F": 0.0033655616084171227,
    "ElementProperty_MagpieData_minimum_GSvolume_pa": 0.003138442536753958,
    "ElementProperty_MagpieData_mean_MendeleevNumber": 0.0030077372875510914,
    "ElementProperty_MagpieData_minimum_MendeleevNumber": 0.002924920852568352,
    "ElementFraction_Zn": 0.002640664469903707,
    "ElementFraction_Cu": 0.002445640978232144,
    "ElementFraction_Mn": 0.0024344109579716305,
    "ElementFraction_Pb": 0.0023794681947304167,
    "ElementProperty_MagpieData_mode_MendeleevNumber": 0.0023725108946606502,
    "ElementFraction_Mg": 0.002294312249321504,
    "ElementFraction_Te": 0.0022112757134230008,
    "ElementProperty_MagpieData_maximum_MendeleevNumber": 0.002200295366620513,
    "ElementFraction_Li": 0.0021861517820710137,
    "ValenceOrbital_frac_d_valence_electrons": 0.0021808279089539136,
    "ElementFraction_Ag": 0.0021022906363804793,
    "ElementProperty_MagpieData_mode_NValence": 0.002064816465040422,
    "ElementProperty_MagpieData_mode_Number": 0.0019308073546926397,
    "ElementFraction_In": 0.0018934818258335604,
    "ElementProperty_MagpieData_maximum_GSbandgap": 0.0018531558245806663,
    "ElementProperty_MagpieData_maximum_SpaceGroupNumber": 0.001760184915336447,
    "ElementProperty_MagpieData_minimum_MeltingT": 0.001684680122167518,
    "ElementProperty_MagpieData_mean_NsValence": 0.0016131631323242116
}