{
    "ElementProperty_MagpieData_mean_NsValence": 0.033180231605887706,
    "ElementProperty_MagpieData_avg_dev_NsValence": 0.009790206858034941,
    "ElementFraction_Ni": 0.008270878259947694,
    "ElementProperty_MagpieData_minimum_MeltingT": 0.005309873568487281,
    "ElementProperty_MagpieData_maximum_MeltingT": 0.004976699183225727,
    "ElementFraction_Zn": 0.004702344046932097,
    "ElementFraction_Fe": 0.004408374512748725,
    "ElementFraction_S": 0.004149803834210736,
    "ElementProperty_MagpieData_maximum_NdValence": 0.0041022071483975,
    "ElementProperty_MagpieData_maximum_MendeleevNumber": 0.00400736662171512,
    "ElementProperty_MagpieData_mode_MendeleevNumber": 0.003886383056189633,
    "ElementFraction_Ag": 0.003826480310309836,
    "ElementProperty_MagpieData_mode_NdValence": 0.003818072322133587,
    "MEGNet_OFMEncoded_v1_40": 0.0035521399140171794,
    "ElementProperty_MagpieData_minimum_Number": 0.0034446131961461375,
    "ElementProperty_MagpieData_minimum_SpaceGroupNumber": 0.003099625660425477,
    "ElementFraction_Sr": 0.0029126487440813043,
    "ElementFraction_Na": 0.0027589840347773693,
    "ElementFraction_Co": 0.002635716895629677,
    "ValenceOrbital_frac_s_valence_electrons": 0.0025104446408506505,
    "ElementFraction_B": 0.002277164415697474,
    "ElementFraction_Ca": 0.002175511547310046,
    "ElementProperty_MagpieData_maximum_NfUnfilled": 0.002101059851483957,
    "ElementFraction_Mn": 0.0020834850201760105,
    "MEGNet_OFMEncoded_v1_13": 0.0020544231999198993,
    "ElementFraction_Cu": 0.0020319935349055658,
    "ElementProperty_MagpieData_minimum_GSvolume_pa": 0.00200786673582138,
    "ElementFraction_Y": 0.001936842588979767,
    "ElementFraction_Cr": 0.0018947044079505439,
    "ElementProperty_MagpieData_minimum_Electronegativity": 0.001866734385888295
}