{
    "ElementProperty_MagpieData_mode_Number": 0.1052159238759281,
    "ElementProperty_MagpieData_mean_NdUnfilled": 0.05558031654078363,
    "ElementProperty_MagpieData_minimum_Number": 0.04932100965618361,
    "ElectronegativityDiff_minimum_EN_difference": 0.035710965913930644,
    "TMetalFraction_transition_metal_fraction": 0.03400436312297082,
    "AverageBondLength_mean_Average_bond_length": 0.02010355660471507,
    "ElementProperty_MagpieData_mean_NpValence": 0.020057460242175498,
    "ElementProperty_MagpieData_avg_dev_Column": 0.018777037311527054,
    "DensityFeatures_packing_fraction": 0.016585672729344282,
    "GaussianSymmFunc_mean_G4_0_005_4_0_-1_0": 0.016537165053232158,
    "ElementProperty_MagpieData_avg_dev_NdUnfilled": 0.016453644531076065,
    "ElementProperty_MagpieData_avg_dev_NpValence": 0.016176265445946615,
    "AtomicOrbitals_HOMO_element": 0.014199503924108634,
    "OPSiteFingerprint_mean_sgl_bd_CN_1": 0.01419949700762878,
    "ElementProperty_MagpieData_maximum_NUnfilled": 0.014103697748754427,
    "ElementProperty_MagpieData_maximum_MeltingT": 0.01397534676848557,
    "MEGNet_OFMEncoded_v1_19": 0.013509064912921358,
    "ElementProperty_MagpieData_mean_GSmagmom": 0.01343206522835844,
    "GeneralizedRDF_mean_Gaussian_center=6_0_width=1_0": 0.013310320151784785,
    "ElementProperty_MagpieData_mode_GSvolume_pa": 0.012969218801328076,
    "ElementProperty_MagpieData_mean_NpUnfilled": 0.012923332316979846,
    "ElementProperty_MagpieData_mean_NfUnfilled": 0.012682437738800687,
    "ElementProperty_MagpieData_minimum_MendeleevNumber": 0.012087124442976346,
    "ElementProperty_MagpieData_minimum_Column": 0.011935928013188593,
    "ElementProperty_MagpieData_mean_MendeleevNumber": 0.010374948136812072,
    "ElementProperty_MagpieData_avg_dev_NpUnfilled": 0.010062495458385121,
    "ElementProperty_MagpieData_range_CovalentRadius": 0.009724667702039209,
    "ElementProperty_MagpieData_maximum_CovalentRadius": 0.00943912286537466,
    "GeneralizedRDF_mean_Gaussian_center=3_0_width=1_0": 0.009221397109282353,
    "ElementProperty_MagpieData_mean_Row": 0.009195501477663936
}