{
    "ElementFraction_O": 0.15713592303465115,
    "ElementFraction_N": 0.003179758163965816,
    "ElementFraction_Au": 0.0031779062271657357,
    "ElementFraction_C": 0.0030801454120593253,
    "Stoichiometry_3-norm": 0.0029951623198175023,
    "ElementFraction_Pd": 0.0026190147138678743,
    "Stoichiometry_5-norm": 0.002095009588524871,
    "ElementProperty_MagpieData_maximum_Electronegativity": 0.0020937634335138054,
    "ElementProperty_MagpieData_mode_MeltingT": 0.001921333243524118,
    "ElementProperty_MagpieData_maximum_NdUnfilled": 0.0016314245669625503,
    "ElementProperty_MagpieData_mode_NUnfilled": 0.0015717600426512692,
    "ElementFraction_B": 0.0014792662966220073,
    "ElementFraction_Mn": 0.0013709572681272022,
    "ElementFraction_Li": 0.0011990355935731967,
    "ElementProperty_MagpieData_mode_Number": 0.0011409650851118766,
    "ElementFraction_F": 0.0011372839593738338,
    "ElementFraction_Cu": 0.0011369358186082892,
    "ElementProperty_MagpieData_minimum_Number": 0.0011103677680007436,
    "ElementFraction_Ir": 0.0010952383265384633,
    "ElementProperty_MagpieData_maximum_NpUnfilled": 0.0010280760066093185,
    "ElementProperty_MagpieData_mode_GSvolume_pa": 0.0009302079354481467,
    "MEGNet_OFMEncoded_v1_62": 0.0009086010296849216,
    "ElementProperty_MagpieData_maximum_MeltingT": 0.0008758343097176612,
    "ElementProperty_MagpieData_mode_NdUnfilled": 0.0008325729534859059,
    "ElementFraction_Fe": 0.0008108558816475406,
    "ElementFraction_Ru": 0.0007946136659444041,
    "MEGNet_OFMEncoded_v1_61": 0.000791254024580978,
    "MEGNet_OFMEncoded_v1_19": 0.0007524946859333983,
    "ElementFraction_K": 0.0006981147724711731,
    "ElementProperty_MagpieData_mean_GSbandgap": 0.000665981930905841
}