{
    "ElementProperty_MagpieData_minimum_Column": 0.012201877498775437,
    "ElementFraction_F": 0.010466868982933353,
    "ElementProperty_MagpieData_mode_Electronegativity": 0.003905216743144772,
    "ElementFraction_Rb": 0.0039005282242168177,
    "ElementProperty_MagpieData_mean_NValence": 0.0036723170180344884,
    "ElementFraction_Pb": 0.003536548280206859,
    "ElementFraction_Mg": 0.0034620081629473456,
    "ElementProperty_MagpieData_mean_MendeleevNumber": 0.00338341270420575,
    "ElementFraction_Li": 0.003333641781662068,
    "ElementProperty_MagpieData_mode_NValence": 0.0031995321626537366,
    "ElementProperty_MagpieData_minimum_MendeleevNumber": 0.003100557708712827,
    "ElementProperty_MagpieData_minimum_GSvolume_pa": 0.0022534356912742907,
    "ElementProperty_MagpieData_mode_NUnfilled": 0.002219667916826022,
    "ElementFraction_Hg": 0.0021396529214449084,
    "ElementProperty_MagpieData_minimum_Electronegativity": 0.00211155622493105,
    "ElementProperty_MagpieData_minimum_NUnfilled": 0.002011142608845328,
    "ElementProperty_MagpieData_mean_Column": 0.0019087685338594444,
    "MEGNet_OFMEncoded_v1_100": 0.0018571571877943527,
    "ElementProperty_MagpieData_mode_MendeleevNumber": 0.0018469079696924779,
    "ElementProperty_MagpieData_minimum_MeltingT": 0.001801900309767834,
    "ElementFraction_Ag": 0.0017868503818645248,
    "ElementFraction_H": 0.0017338525697916643,
    "ElementProperty_MagpieData_mode_GSvolume_pa": 0.0016020231670307538,
    "ElementProperty_MagpieData_mean_NUnfilled": 0.001570819127235481,
    "ElementFraction_Te": 0.0014880647833829196,
    "ElementProperty_MagpieData_avg_dev_MendeleevNumber": 0.0013952117484643516,
    "ElementProperty_MagpieData_mean_GSmagmom": 0.0013347051539527935,
    "ElementProperty_MagpieData_mean_Electronegativity": 0.0013289324102945938,
    "ElementFraction_Cr": 0.0013207568874607435,
    "ElementProperty_MagpieData_minimum_Number": 0.001273381904008731
}