{
    "ElementFraction_O": 0.08809470687384273,
    "ElementProperty_MagpieData_mode_GSvolume_pa": 0.028070839298004427,
    "TMetalFraction_transition_metal_fraction": 0.011843415682029273,
    "ElementFraction_Cr": 0.011175538499408626,
    "ElementFraction_S": 0.01086825843481182,
    "ElementProperty_MagpieData_maximum_NValence": 0.010324756286291424,
    "ElementProperty_MagpieData_mean_GSvolume_pa": 0.010203376091740593,
    "ElementProperty_MagpieData_minimum_Number": 0.010026293790441372,
    "ElementProperty_MagpieData_mean_GSbandgap": 0.008229164247984434,
    "ElementProperty_MagpieData_minimum_GSvolume_pa": 0.007723384204596383,
    "AGNIFingerPrint_mean_AGNI_eta=1_88e+00": 0.007118258854399784,
    "ElementProperty_MagpieData_mode_Electronegativity": 0.005815141707343832,
    "ElementProperty_MagpieData_maximum_GSvolume_pa": 0.005522713023212727,
    "ElementFraction_Mn": 0.005510567277612767,
    "ElementFraction_In": 0.005036845057955331,
    "ElementProperty_MagpieData_avg_dev_NValence": 0.005030773707234287,
    "ElementFraction_Sr": 0.004716999276940513,
    "ElementProperty_MagpieData_mean_GSmagmom": 0.004358108716344619,
    "GaussianSymmFunc_mean_G4_0_005_4_0_-1_0": 0.004251725552036253,
    "ElementProperty_MagpieData_mode_CovalentRadius": 0.0038533161492220135,
    "ElementProperty_MagpieData_mode_Number": 0.0036271860362761072,
    "ElementProperty_MagpieData_mean_Column": 0.0034928965526346873,
    "ElementFraction_Gd": 0.0034428112205121784,
    "ElementFraction_Sn": 0.003307140367018153,
    "ElementProperty_MagpieData_maximum_NpUnfilled": 0.0032804063008584493,
    "ElementProperty_MagpieData_maximum_MendeleevNumber": 0.0032278662541462494,
    "ElementProperty_MagpieData_mode_MeltingT": 0.0031598026923602635,
    "ElementProperty_MagpieData_mean_MendeleevNumber": 0.0029520514548020383,
    "ElementFraction_Co": 0.0028444513525227462,
    "ElementProperty_MagpieData_mode_NValence": 0.002830645798278904
}