{
    "GeneralizedRDF_mean_Gaussian_center=1_0_width=1_0": 0.004027217810553099,
    "GaussianSymmFunc_mean_G2_20_0": 0.0035139821579957507,
    "ElementProperty_MagpieData_mode_NUnfilled": 0.002081293481756395,
    "AGNIFingerPrint_mean_AGNI_eta=1_23e+00": 0.0011953150442871045,
    "ElementProperty_MagpieData_maximum_MeltingT": 0.001079114123379449,
    "OxidationStates_std_dev_oxidation_state": 0.0007693824831658821,
    "AGNIFingerPrint_mean_AGNI_eta=1_88e+00": 0.0007108563770681076,
    "ElementProperty_MagpieData_mean_NpUnfilled": 0.0006674723527335938,
    "ElementProperty_MagpieData_mean_Electronegativity": 0.0006184187967467628,
    "GeneralizedRDF_mean_Gaussian_center=0_0_width=1_0": 0.0005591922609656285,
    "ElementProperty_MagpieData_mean_MeltingT": 0.0005280906123779173,
    "ElementFraction_H": 0.0005103661247675161,
    "GeneralizedRDF_mean_Gaussian_center=2_0_width=1_0": 0.0004840731111770178,
    "ElementFraction_O": 0.00048104462038917013,
    "MEGNet_OFMEncoded_v1_99": 0.0004074977353424053,
    "MEGNet_OFMEncoded_v1_87": 0.0004037532472612555,
    "ElementProperty_MagpieData_avg_dev_Column": 0.0003878700283461452,
    "GeneralizedRDF_mean_Gaussian_center=5_0_width=1_0": 0.00033946927966485633,
    "ElementProperty_MagpieData_avg_dev_Electronegativity": 0.0003286318795984918,
    "ElementProperty_MagpieData_mean_NpValence": 0.00032766179699446655,
    "ElementProperty_MagpieData_minimum_CovalentRadius": 0.0003217357674565991,
    "ElementProperty_MagpieData_mean_NdUnfilled": 0.00026980582455934503,
    "ElementProperty_MagpieData_avg_dev_MeltingT": 0.000263094952310711,
    "ElementProperty_MagpieData_maximum_NUnfilled": 0.0002625332493254339,
    "TMetalFraction_transition_metal_fraction": 0.00025443810440440483,
    "ElementProperty_MagpieData_minimum_Number": 0.00024958798483441124,
    "GeneralizedRDF_mean_Gaussian_center=9_0_width=1_0": 0.00024526013312679113,
    "YangSolidSolution_Yang_delta": 0.00024376108403540044,
    "ElectronegativityDiff_minimum_EN_difference": 0.00024236256632254255,
    "GeneralizedRDF_mean_Gaussian_center=8_0_width=1_0": 0.00023396064639551694
}