{
    "DensityFeatures_packing_fraction": 0.05488558503456055,
    "MaximumPackingEfficiency_max_packing_efficiency": 0.02611858443698306,
    "ElementProperty_MagpieData_mean_Column": 0.021335570922004075,
    "GeneralizedRDF_mean_Gaussian_center=3_0_width=1_0": 0.019943467851735952,
    "ElementProperty_MagpieData_mean_MendeleevNumber": 0.014323837638285897,
    "TMetalFraction_transition_metal_fraction": 0.012891388593330298,
    "GeneralizedRDF_mean_Gaussian_center=2_0_width=1_0": 0.012439671390504843,
    "VoronoiFingerprint_mean_Voro_vol_maximum": 0.00880785071934466,
    "ElectronegativityDiff_mean_EN_difference": 0.007607199108924161,
    "ElectronegativityDiff_minimum_EN_difference": 0.006476673986851138,
    "ElectronegativityDiff_std_dev_EN_difference": 0.00529966497322776,
    "BondOrientationParameter_mean_BOOP_Q_l=2": 0.005181650436387533,
    "AGNIFingerPrint_mean_AGNI_eta=1_60e+01": 0.005179286214132264,
    "GeneralizedRDF_mean_Gaussian_center=6_0_width=1_0": 0.005115189654765081,
    "AverageBondLength_std_dev_Average_bond_length": 0.00425475533789513,
    "ElementProperty_MagpieData_avg_dev_Electronegativity": 0.004063058519525004,
    "GeneralizedRDF_mean_Gaussian_center=8_0_width=1_0": 0.00403908041255793,
    "BandCenter_band_center": 0.004019422487707344,
    "ElementProperty_MagpieData_mean_GSvolume_pa": 0.003966827659343387,
    "ElementProperty_MagpieData_mean_NUnfilled": 0.003878242882084711,
    "GeneralizedRDF_mean_Gaussian_center=5_0_width=1_0": 0.0037827521937436595,
    "ElementProperty_MagpieData_mean_NdUnfilled": 0.0033985255639194206,
    "ElementProperty_MagpieData_avg_dev_NdValence": 0.003269709831062976,
    "ElementProperty_MagpieData_mean_NpValence": 0.0032301597822369014,
    "ElementProperty_MagpieData_maximum_NUnfilled": 0.0029292581997747476,
    "ElementProperty_MagpieData_minimum_Electronegativity": 0.002727433155250177,
    "AverageBondLength_mean_Average_bond_length": 0.002690070799763745,
    "ElementProperty_MagpieData_minimum_Number": 0.00267809101093838,
    "ElementProperty_MagpieData_avg_dev_NUnfilled": 0.0026617509771086315,
    "CrystalNNFingerprint_mean_tetrahedral_CN_4": 0.0025733180758960856
}