{
    "ElementFraction_F": 0.03338109656353792,
    "ElementProperty_MagpieData_minimum_NUnfilled": 0.01399456203357592,
    "ElementProperty_MagpieData_mean_GSmagmom": 0.013791086969722442,
    "ElementProperty_MagpieData_mean_NsValence": 0.013136854350481566,
    "ElementProperty_MagpieData_mode_NUnfilled": 0.01177102624160751,
    "ElementFraction_Br": 0.0105794642428348,
    "ElementProperty_MagpieData_maximum_GSbandgap": 0.009133124659121004,
    "ElementFraction_Pd": 0.008245302500261033,
    "ElementFraction_Fe": 0.00705310820065439,
    "ElementProperty_MagpieData_mean_GSbandgap": 0.006933045319045628,
    "ElementProperty_MagpieData_maximum_NValence": 0.006235004670845238,
    "ValenceOrbital_frac_s_valence_electrons": 0.005819098534013175,
    "ElementFraction_Ca": 0.005722058404365491,
    "ElementProperty_MagpieData_mean_Electronegativity": 0.0055611867288057944,
    "ElementProperty_MagpieData_maximum_CovalentRadius": 0.005455402413658984,
    "ElementProperty_MagpieData_mode_NValence": 0.005318066826975874,
    "ElementProperty_MagpieData_mode_GSbandgap": 0.004977183015680168,
    "ElementProperty_MagpieData_mode_CovalentRadius": 0.004590559527297583,
    "ElementProperty_MagpieData_mean_NUnfilled": 0.004488884168360932,
    "ElementProperty_MagpieData_maximum_SpaceGroupNumber": 0.00432809295111776,
    "ElementFraction_Sb": 0.004320800344252042,
    "ElementProperty_MagpieData_minimum_MendeleevNumber": 0.003953348498143565,
    "ElementFraction_Gd": 0.003691850784174438,
    "ElementFraction_Al": 0.0036840021779827505,
    "ElementFraction_Cd": 0.0034536067021504703,
    "MEGNet_OFMEncoded_v1_177": 0.003359400264194576,
    "ElementFraction_Mg": 0.003331922921916971,
    "MEGNet_OFMEncoded_v1_97": 0.003243564357577946,
    "ElementProperty_MagpieData_maximum_Electronegativity": 0.0031825883893938415,
    "MEGNet_OFMEncoded_v1_140": 0.0031310614156571425
}