{
    "AtomicOrbitals_HOMO_energy": 0.02831504445668167,
    "TMetalFraction_transition_metal_fraction": 0.01848090822058773,
    "ElementProperty_MagpieData_mean_Column": 0.018443471728090032,
    "BondOrientationParameter_mean_BOOP_Q_l=2": 0.017983891312352195,
    "ElementProperty_MagpieData_mean_NpValence": 0.017930292400579643,
    "OPSiteFingerprint_mean_sgl_bd_CN_1": 0.017856031043641543,
    "ElementProperty_MagpieData_mean_MeltingT": 0.011368602482988505,
    "ElectronegativityDiff_std_dev_EN_difference": 0.009958138497338663,
    "ElementProperty_MagpieData_maximum_NValence": 0.008158858566286937,
    "ElementProperty_MagpieData_mean_NpUnfilled": 0.0071920012854449315,
    "DensityFeatures_density": 0.006584336200958821,
    "AGNIFingerPrint_std_dev_AGNI_dir=x_eta=2_89e+00": 0.006148794405586963,
    "CrystalNNFingerprint_mean_body-centered_cubic_CN_8": 0.0061456447386966226,
    "ElectronegativityDiff_maximum_EN_difference": 0.006105879797553316,
    "ElementFraction_O": 0.00602279590434311,
    "ElementProperty_MagpieData_mean_MendeleevNumber": 0.0057498633468530715,
    "ElectronegativityDiff_range_EN_difference": 0.0056163287832284815,
    "OPSiteFingerprint_std_dev_tetrahedral_CN_4": 0.005351034681681833,
    "ElectronegativityDiff_minimum_EN_difference": 0.0053063314276788195,
    "AverageBondAngle_mean_Average_bond_angle": 0.00527786102355314,
    "AverageBondLength_mean_Average_bond_length": 0.005039868377583356,
    "CrystalNNFingerprint_std_dev_wt_CN_2": 0.004887848538638232,
    "ElementFraction_Ni": 0.004887798711599362,
    "StructuralHeterogeneity_min_relative_bond_length": 0.004805457745387843,
    "OxidationStates_std_dev_oxidation_state": 0.004796814615166849,
    "ElementProperty_MagpieData_mean_NdUnfilled": 0.004780811397791611,
    "ElementProperty_MagpieData_maximum_Number": 0.0046273282225293465,
    "CrystalNNFingerprint_mean_bent_120_degrees_CN_2": 0.004547252674477602,
    "GeneralizedRDF_std_dev_Gaussian_center=2_0_width=1_0": 0.004520939415859723,
    "ElementProperty_MagpieData_maximum_NUnfilled": 0.004504423222390758
}