{
    "DensityFeatures_packing_fraction": 0.008958163974972694,
    "ElementProperty_MagpieData_mean_MendeleevNumber": 0.0075339628088094655,
    "MEGNet_OFMEncoded_v1_19": 0.005673044525437247,
    "ElementProperty_MagpieData_mean_SpaceGroupNumber": 0.005177804686477871,
    "TMetalFraction_transition_metal_fraction": 0.00484414700152653,
    "AtomicOrbitals_LUMO_element": 0.004772272754003675,
    "MEGNet_OFMEncoded_v1_147": 0.004547949631368244,
    "GeneralizedRDF_mean_Gaussian_center=3_0_width=1_0": 0.004515950514135038,
    "GeneralizedRDF_mean_Gaussian_center=2_0_width=1_0": 0.0044720382093620375,
    "BondOrientationParameter_mean_BOOP_Q_l=7": 0.0040225737743046575,
    "ElectronegativityDiff_range_EN_difference": 0.0033453922290696075,
    "ElementProperty_MagpieData_maximum_SpaceGroupNumber": 0.0031747467234354144,
    "ElementProperty_MagpieData_maximum_MendeleevNumber": 0.0029701160906892314,
    "ElectronegativityDiff_maximum_EN_difference": 0.0028527356915448608,
    "AGNIFingerPrint_mean_AGNI_eta=1_23e+00": 0.0027923613539547858,
    "MEGNet_OFMEncoded_v1_133": 0.0027599999564701387,
    "OxidationStates_maximum_oxidation_state": 0.0027375957269091308,
    "Stoichiometry_3-norm": 0.0024410455700183318,
    "ElementProperty_MagpieData_mode_MeltingT": 0.002385178946649122,
    "ElementFraction_Pu": 0.0023491824418491064,
    "AtomicOrbitals_LUMO_energy": 0.0022329468847016383,
    "ElementProperty_MagpieData_mean_Column": 0.001983257167432998,
    "MEGNet_OFMEncoded_v1_183": 0.001895860423377915,
    "ElementProperty_MagpieData_mean_NpValence": 0.0018186682647663701,
    "GeneralizedRDF_mean_Gaussian_center=7_0_width=1_0": 0.0017774270613694898,
    "BondOrientationParameter_mean_BOOP_Q_l=4": 0.0017676512670902586,
    "Stoichiometry_7-norm": 0.0017222297407566629,
    "ElementProperty_MagpieData_maximum_Number": 0.001678311699758497,
    "Stoichiometry_2-norm": 0.0016355219006893094,
    "ElementProperty_MagpieData_avg_dev_Electronegativity": 0.0016198705940193205
}