{
    "BondOrientationParameter_mean_BOOP_Q_l=2": 0.07595398396499316,
    "DensityFeatures_packing_fraction": 0.06530690634989518,
    "MEGNet_OFMEncoded_v1_19": 0.05411023006411599,
    "GeneralizedRDF_mean_Gaussian_center=3_0_width=1_0": 0.04489692955748613,
    "ElementProperty_MagpieData_avg_dev_Electronegativity": 0.038519747274646916,
    "ElementProperty_MagpieData_avg_dev_GSmagmom": 0.03518386892224499,
    "VoronoiFingerprint_mean_Voro_dist_std_dev": 0.03227848055323873,
    "ElementProperty_MagpieData_mode_MendeleevNumber": 0.02385683396699883,
    "ElementProperty_MagpieData_range_GSmagmom": 0.021409163602813034,
    "ElementProperty_MagpieData_mean_NsValence": 0.020749129052288737,
    "ElementProperty_MagpieData_avg_dev_GSvolume_pa": 0.020043239186423423,
    "ElementProperty_MagpieData_mode_Number": 0.018594635450922232,
    "ElementProperty_MagpieData_mean_NpValence": 0.018382768723567436,
    "ElementProperty_MagpieData_mean_MendeleevNumber": 0.016499970914264243,
    "IonProperty_avg_ionic_char": 0.01637599789833324,
    "OxidationStates_std_dev_oxidation_state": 0.015718292262142466,
    "BondOrientationParameter_mean_BOOP_Q_l=3": 0.01533884470558185,
    "MEGNet_OFMEncoded_v1_166": 0.015197935844973226,
    "IonProperty_max_ionic_char": 0.014737918312756131,
    "ElementProperty_MagpieData_maximum_NdUnfilled": 0.014704758702492191,
    "ElementProperty_MagpieData_minimum_Electronegativity": 0.014196396314328001,
    "ElementProperty_MagpieData_maximum_NdValence": 0.013537933189613398,
    "ElementProperty_MagpieData_range_NdValence": 0.01329141280551315,
    "GeneralizedRDF_std_dev_Gaussian_center=3_0_width=1_0": 0.013041597476939438,
    "OPSiteFingerprint_mean_sgl_bd_CN_1": 0.012839285831978006,
    "ElementProperty_MagpieData_avg_dev_MeltingT": 0.012621537468515161,
    "CrystalNNFingerprint_mean_wt_CN_1": 0.012483208477893186,
    "ElementProperty_MagpieData_avg_dev_NdUnfilled": 0.012440819315781582,
    "ElementProperty_MagpieData_maximum_Electronegativity": 0.012194152594810426,
    "ElementProperty_MagpieData_mean_NpUnfilled": 0.011893841889263866
}