{
    "ElementProperty_MagpieData_minimum_Electronegativity": 0.07282339385717093,
    "ElementProperty_MagpieData_avg_dev_Electronegativity": 0.05277707592009228,
    "ElementProperty_MagpieData_minimum_MendeleevNumber": 0.048529113949185215,
    "TMetalFraction_transition_metal_fraction": 0.04671347120107951,
    "ElementProperty_MagpieData_mean_NdValence": 0.04344427920078496,
    "CrystalNNFingerprint_mean_octahedral_CN_6": 0.0364706407800348,
    "ElementProperty_MagpieData_maximum_MeltingT": 0.035972326008704175,
    "BandCenter_band_center": 0.03438532485451494,
    "AtomicOrbitals_HOMO_energy": 0.03200762670283539,
    "ElectronegativityDiff_range_EN_difference": 0.031362415036414605,
    "ElementProperty_MagpieData_avg_dev_Column": 0.0311546726825901,
    "GeneralizedRDF_mean_Gaussian_center=2_0_width=1_0": 0.02889553798986637,
    "ElementProperty_MagpieData_mean_MendeleevNumber": 0.028833631435379144,
    "ElementProperty_MagpieData_mean_Column": 0.025060241187923153,
    "GaussianSymmFunc_mean_G2_80_0": 0.023898296054961216,
    "GeneralizedRDF_mean_Gaussian_center=3_0_width=1_0": 0.023536346504481668,
    "ElementProperty_MagpieData_mode_MeltingT": 0.02345201250533713,
    "CrystalNNFingerprint_mean_wt_CN_14": 0.02244024707288111,
    "ElementFraction_O": 0.022324078265746592,
    "ElementProperty_MagpieData_mode_MendeleevNumber": 0.019495980078730615,
    "ElementProperty_MagpieData_mean_NpValence": 0.019251713263495212,
    "DensityFeatures_packing_fraction": 0.018626615614729895,
    "MEGNet_OFMEncoded_v1_53": 0.018317317550768132,
    "ElementProperty_MagpieData_mean_NdUnfilled": 0.017517834371367825,
    "MEGNet_OFMEncoded_v1_168": 0.017417055686744277,
    "CrystalNNFingerprint_mean_hexagonal_bipyramidal_CN_8": 0.017305681719715887,
    "ElementProperty_MagpieData_maximum_MendeleevNumber": 0.015359520112492277,
    "MEGNet_OFMEncoded_v1_147": 0.01528288961773413,
    "ElementProperty_MagpieData_mean_NpUnfilled": 0.01517447363227609,
    "ValenceOrbital_frac_d_valence_electrons": 0.01515053394533313
}