{
    "AtomicOrbitals_HOMO_energy": 0.026517817118550335,
    "ElementProperty_MagpieData_avg_dev_Electronegativity": 0.016478316480217296,
    "TMetalFraction_transition_metal_fraction": 0.012123652282618892,
    "MEGNet_OFMEncoded_v1_134": 0.0071937482007890675,
    "GeneralizedRDF_std_dev_Gaussian_center=0_0_width=1_0": 0.006925380538467752,
    "AverageBondLength_std_dev_Average_bond_length": 0.00677314817765436,
    "ElementProperty_MagpieData_avg_dev_GSvolume_pa": 0.006728952156689691,
    "ElementFraction_Yb": 0.0056318907728549125,
    "ElementProperty_MagpieData_range_Electronegativity": 0.0054915852092415045,
    "ValenceOrbital_frac_d_valence_electrons": 0.005316616724867601,
    "BondOrientationParameter_std_dev_BOOP_Q_l=6": 0.005165183574308154,
    "ElementProperty_MagpieData_mean_GSmagmom": 0.0050095491289948845,
    "ElementProperty_MagpieData_mean_Row": 0.004997422394403411,
    "OxidationStates_std_dev_oxidation_state": 0.0049816128955687666,
    "BondOrientationParameter_std_dev_BOOP_Q_l=2": 0.004754747778395741,
    "ElementProperty_MagpieData_avg_dev_Column": 0.004738791861347408,
    "OPSiteFingerprint_std_dev_q6_CN_10": 0.004629427513087906,
    "ElementProperty_MagpieData_avg_dev_MeltingT": 0.004527977898660461,
    "ElementProperty_MagpieData_mean_NdValence": 0.004410222715934353,
    "CrystalNNFingerprint_mean_octahedral_CN_6": 0.00426175830742548,
    "ElementProperty_MagpieData_range_NpUnfilled": 0.004207964349924804,
    "ElementProperty_MagpieData_avg_dev_NdUnfilled": 0.004185834946048079,
    "StructuralHeterogeneity_minimum_neighbor_distance_variation": 0.004086715736107232,
    "ElementProperty_MagpieData_maximum_GSvolume_pa": 0.003993134817745867,
    "ElementProperty_MagpieData_mean_NUnfilled": 0.0039156366385493325,
    "ElementProperty_MagpieData_mean_Column": 0.0038341823072677588,
    "ElementProperty_MagpieData_mean_MendeleevNumber": 0.0038118129804038795,
    "ElementProperty_MagpieData_mean_MeltingT": 0.003807470685086905,
    "ChemicalOrdering_mean_ordering_parameter_shell_3": 0.003740488700753664,
    "ElementProperty_MagpieData_maximum_NdUnfilled": 0.003520953909595446
}