{
    "GaussianSymmFunc_mean_G2_80_0": 0.0009569727466067607,
    "ElementProperty_MagpieData_mean_NpValence": 0.0006184927663773292,
    "ElementProperty_MagpieData_maximum_CovalentRadius": 0.0006015265454680276,
    "ElementFraction_S": 0.0005390227814436213,
    "ElementFraction_Ca": 0.0004168711711925913,
    "ElementProperty_MagpieData_maximum_SpaceGroupNumber": 0.00040524546999882755,
    "ElementProperty_MagpieData_mean_GSmagmom": 0.00037041330049261315,
    "ElementProperty_MagpieData_mean_Column": 0.0003456640199042324,
    "TMetalFraction_transition_metal_fraction": 0.0003259316564765581,
    "ElementFraction_Yb": 0.0003106838503035629,
    "ElementProperty_MagpieData_minimum_NUnfilled": 0.0002997337522415122,
    "ElementProperty_MagpieData_avg_dev_CovalentRadius": 0.00029898741327189757,
    "ElementFraction_In": 0.00027735993389352195,
    "ElementProperty_MagpieData_mode_Number": 0.0002559796961735736,
    "ElementFraction_Au": 0.00023035190421100208,
    "MEGNet_OFMEncoded_v1_93": 0.00021693146964063157,
    "ElementFraction_Y": 0.00021614142583963627,
    "ElementProperty_MagpieData_maximum_Column": 0.00019300909764023274,
    "ElementProperty_MagpieData_mode_CovalentRadius": 0.0001920781771925681,
    "ElementProperty_MagpieData_mean_GSbandgap": 0.00018952202848998456,
    "ElementProperty_MagpieData_mean_CovalentRadius": 0.00018734156417936926,
    "MEGNet_OFMEncoded_v1_24": 0.00017994391972150247,
    "ElementProperty_MagpieData_mode_GSvolume_pa": 0.00017941248226960549,
    "ElementProperty_MagpieData_maximum_MendeleevNumber": 0.00017329668555836144,
    "ElementProperty_MagpieData_mode_GSbandgap": 0.00015928806844508597,
    "ElementFraction_K": 0.0001568876026324914,
    "ElementProperty_MagpieData_mean_NUnfilled": 0.00014134362793797448,
    "ElementProperty_MagpieData_minimum_MendeleevNumber": 0.00013501089729344703,
    "ElementFraction_Ni": 0.00013049348794635934,
    "ElementFraction_F": 0.0001302684009236323
}