{
    "ElementProperty_MagpieData_avg_dev_CovalentRadius": 0.2327285460014897,
    "ElementProperty_MagpieData_avg_dev_Electronegativity": 0.19479433035893834,
    "ElementProperty_MagpieData_avg_dev_NpValence": 0.08074389338243969,
    "ElementProperty_MagpieData_mean_NdUnfilled": 0.051810225763589214,
    "ElementProperty_MagpieData_avg_dev_Column": 0.04154842485537279,
    "ElementProperty_MagpieData_mean_NValence": 0.04145110841566486,
    "AtomicOrbitals_HOMO_energy": 0.04040951963981515,
    "ElementProperty_MagpieData_maximum_CovalentRadius": 0.03775912432739152,
    "GeneralizedRDF_mean_Gaussian_center=0_0_width=1_0": 0.03715840685069173,
    "ElementProperty_MagpieData_mean_CovalentRadius": 0.03628436041292594,
    "AGNIFingerPrint_std_dev_AGNI_eta=8_00e-01": 0.033335242415703466,
    "ElementProperty_MagpieData_maximum_NdValence": 0.0313308291593651,
    "ElementProperty_MagpieData_mean_MeltingT": 0.026169249238612663,
    "ValenceOrbital_frac_d_valence_electrons": 0.025775070172743726,
    "ElementProperty_MagpieData_maximum_Number": 0.0254987993617202,
    "ElementProperty_MagpieData_mean_MendeleevNumber": 0.02539234137867895,
    "ElementProperty_MagpieData_maximum_Electronegativity": 0.024646958550324064,
    "ElementProperty_MagpieData_mean_Column": 0.020873399489088226,
    "AGNIFingerPrint_std_dev_AGNI_dir=x_eta=8_00e-01": 0.020530932085581693,
    "ElementProperty_MagpieData_avg_dev_MendeleevNumber": 0.020523378531903003,
    "AGNIFingerPrint_std_dev_AGNI_dir=z_eta=2_89e+00": 0.020053843544855544,
    "ElectronegativityDiff_range_EN_difference": 0.019546623048764363,
    "ElementProperty_MagpieData_maximum_MeltingT": 0.017111130253307492,
    "DensityFeatures_density": 0.0169888588008196,
    "TMetalFraction_transition_metal_fraction": 0.01631876982702992,
    "Miedema_Miedema_deltaH_inter": 0.016203893395287404,
    "IonProperty_avg_ionic_char": 0.016019236681549743,
    "AGNIFingerPrint_mean_AGNI_eta=1_23e+00": 0.014549874698754732,
    "ElementProperty_MagpieData_mean_NpUnfilled": 0.013701403181127362,
    "ElementProperty_MagpieData_avg_dev_NdValence": 0.01318912296954837
}