{
    "IonProperty_avg_ionic_char": 0.06409183687620472,
    "ElementProperty_MagpieData_range_Electronegativity": 0.03746724912373283,
    "ElementProperty_MagpieData_maximum_CovalentRadius": 0.03214534097087995,
    "ElementProperty_MagpieData_minimum_Column": 0.030206278425253266,
    "TMetalFraction_transition_metal_fraction": 0.029193123270232185,
    "ElementProperty_MagpieData_mean_Electronegativity": 0.028862691143078698,
    "ElementProperty_MagpieData_mean_GSbandgap": 0.027764810886075752,
    "ElectronegativityDiff_maximum_EN_difference": 0.026771004685576586,
    "BondOrientationParameter_mean_BOOP_Q_l=1": 0.021416954844847475,
    "ElementProperty_MagpieData_mean_NdValence": 0.019258179789095775,
    "DensityFeatures_packing_fraction": 0.01882085297627777,
    "MEGNet_OFMEncoded_v1_147": 0.01681409752795675,
    "ElementProperty_MagpieData_mode_SpaceGroupNumber": 0.01603974387194791,
    "ElementProperty_MagpieData_maximum_SpaceGroupNumber": 0.015561849344566383,
    "ValenceOrbital_frac_p_valence_electrons": 0.014892886144495094,
    "ElementProperty_MagpieData_mean_CovalentRadius": 0.01388213423359294,
    "ElementProperty_MagpieData_minimum_Number": 0.013877286615266623,
    "GeneralizedRDF_std_dev_Gaussian_center=1_0_width=1_0": 0.013376116113761851,
    "OPSiteFingerprint_mean_linear_CN_2": 0.013150264509777743,
    "MaximumPackingEfficiency_max_packing_efficiency": 0.01246177728201881,
    "ElementProperty_MagpieData_mean_Row": 0.012429617105738155,
    "AGNIFingerPrint_mean_AGNI_eta=1_23e+00": 0.012412432980958682,
    "MEGNet_OFMEncoded_v1_68": 0.011859365762837727,
    "ElementProperty_MagpieData_range_MeltingT": 0.011624636152606636,
    "ChemicalOrdering_mean_ordering_parameter_shell_3": 0.011424607510280111,
    "ElementProperty_MagpieData_avg_dev_GSmagmom": 0.01139160253383113,
    "ElementFraction_Fe": 0.011074531292613283,
    "CrystalNNFingerprint_mean_wt_CN_14": 0.010890244475909227,
    "ElementProperty_MagpieData_mean_NUnfilled": 0.010754547082694488,
    "ElementProperty_MagpieData_avg_dev_NpValence": 0.010651429997032912
}