{
    "AGNIFingerPrint_mean_AGNI_eta=1_23e+00": 0.002266502968176601,
    "GeneralizedRDF_mean_Gaussian_center=1_0_width=1_0": 0.0013028655601613431,
    "ElementProperty_MagpieData_mode_NpUnfilled": 0.0006808698674946826,
    "ElementProperty_MagpieData_mean_Electronegativity": 0.0003864293628903503,
    "OxidationStates_std_dev_oxidation_state": 0.0003113831996871209,
    "ElementProperty_MagpieData_maximum_MeltingT": 0.0003100583704645182,
    "ElementFraction_O": 0.00028646143047879953,
    "GeneralizedRDF_mean_Gaussian_center=5_0_width=1_0": 0.00023844057273126966,
    "GaussianSymmFunc_mean_G2_20_0": 0.00023620025482180864,
    "ElementProperty_MagpieData_mode_NUnfilled": 0.00020667053517078814,
    "ElementProperty_MagpieData_mean_NpUnfilled": 0.00020342791192586257,
    "MEGNet_OFMEncoded_v1_99": 0.00019742865481221268,
    "TMetalFraction_transition_metal_fraction": 0.00018247128688772714,
    "ElementFraction_H": 0.00018029417556306423,
    "ElementProperty_MagpieData_avg_dev_Electronegativity": 0.0001799809629669239,
    "ElementProperty_MagpieData_avg_dev_MeltingT": 0.000169597723967649,
    "YangSolidSolution_Yang_delta": 0.0001666737298034469,
    "ElementProperty_MagpieData_mean_MeltingT": 0.0001661473666870516,
    "ElectronegativityDiff_minimum_EN_difference": 0.0001475656096396598,
    "ElementProperty_MagpieData_avg_dev_Column": 0.00014564662572621597,
    "BandCenter_band_center": 0.00013047909298598824,
    "ElectronegativityDiff_mean_EN_difference": 0.00012644717822856886,
    "ElementProperty_MagpieData_mean_Column": 0.00012078496515720535,
    "ElementProperty_MagpieData_minimum_Column": 0.00011577555396172053,
    "ElementProperty_MagpieData_minimum_NUnfilled": 0.0001139191252952104,
    "GeneralizedRDF_mean_Gaussian_center=3_0_width=1_0": 0.0001087756896964855,
    "ElementProperty_MagpieData_mean_NpValence": 0.00010717059772834245,
    "AGNIFingerPrint_std_dev_AGNI_dir=z_eta=8_00e-01": 0.00010487421209131909,
    "MEGNet_OFMEncoded_v1_87": 0.00010101341771585749,
    "ElementProperty_MagpieData_mode_SpaceGroupNumber": 9.662101657588745e-05
}