{
    "GeneralizedRDF_mean_Gaussian_center=3_0_width=1_0": 0.002944109245201691,
    "BandCenter_band_center": 0.0013817366119380707,
    "GeneralizedRDF_mean_Gaussian_center=2_0_width=1_0": 0.0012046525665500947,
    "DensityFeatures_packing_fraction": 0.00060025214487847,
    "ElementProperty_MagpieData_mean_Column": 0.0004515942951962512,
    "ElementProperty_MagpieData_mean_MendeleevNumber": 0.0004002664963057588,
    "ElementProperty_MagpieData_mean_NUnfilled": 0.0003548222201006942,
    "GaussianSymmFunc_mean_G2_0_05": 0.00030586444715220896,
    "VoronoiFingerprint_mean_Voro_vol_maximum": 0.00029724851408339885,
    "AGNIFingerPrint_mean_AGNI_eta=1_60e+01": 0.0002869396649801454,
    "GeneralizedRDF_mean_Gaussian_center=5_0_width=1_0": 0.00027635239525872224,
    "BondOrientationParameter_mean_BOOP_Q_l=2": 0.0002687270921717279,
    "ElectronegativityDiff_minimum_EN_difference": 0.00026859705816158127,
    "ElectronegativityDiff_mean_EN_difference": 0.00023337877244107856,
    "ElementProperty_MagpieData_avg_dev_NdValence": 0.00022249068438961512,
    "ElementProperty_MagpieData_avg_dev_NUnfilled": 0.00021095276896405628,
    "TMetalFraction_transition_metal_fraction": 0.00020393632919097027,
    "OPSiteFingerprint_std_dev_tetrahedral_CN_4": 0.00020240680315257637,
    "VoronoiFingerprint_mean_Voro_dist_mean": 0.00019720582658543047,
    "ElementProperty_MagpieData_mean_NpValence": 0.00018586161213668864,
    "ElementProperty_MagpieData_maximum_MendeleevNumber": 0.00017552535118988484,
    "ElementProperty_MagpieData_mean_MeltingT": 0.00017454953677005386,
    "ElementProperty_MagpieData_maximum_CovalentRadius": 0.00017279331594261904,
    "ElementProperty_MagpieData_mean_CovalentRadius": 0.00016720134295362246,
    "CrystalNNFingerprint_mean_tetrahedral_CN_4": 0.00015486856849184215,
    "ElectronegativityDiff_std_dev_EN_difference": 0.00014171620811367905,
    "ElementProperty_MagpieData_avg_dev_MendeleevNumber": 0.0001393443919476475,
    "ElementProperty_MagpieData_mean_Electronegativity": 0.00013564611330618747,
    "ElementProperty_MagpieData_maximum_NUnfilled": 0.00013095685958489133,
    "VoronoiFingerprint_mean_Voro_dist_maximum": 0.0001223314666624723
}