{
    "TMetalFraction_transition_metal_fraction": 0.6728491467015638,
    "BandCenter_band_center": 0.29840842277006807,
    "ElementProperty_MagpieData_mean_NpValence": 0.21642043774663697,
    "ElementProperty_MagpieData_mean_GSvolume_pa": 0.18026286378036743,
    "ElementProperty_MagpieData_avg_dev_NpUnfilled": 0.17201816011914292,
    "ElementProperty_MagpieData_maximum_NpUnfilled": 0.15135020520151166,
    "Stoichiometry_2-norm": 0.1378943096490975,
    "ElementProperty_MagpieData_mean_Electronegativity": 0.13528751215100376,
    "MEGNet_OFMEncoded_v1_102": 0.12602954000819463,
    "BondOrientationParameter_mean_BOOP_Q_l=1": 0.11884886149191817,
    "ElementProperty_MagpieData_maximum_GSvolume_pa": 0.11209758505841479,
    "ElementProperty_MagpieData_mean_MendeleevNumber": 0.11085944902452484,
    "ElementProperty_MagpieData_mean_NsValence": 0.10383087065971233,
    "ElementProperty_MagpieData_maximum_MendeleevNumber": 0.08836936667273426,
    "MEGNet_OFMEncoded_v1_19": 0.08648466883149039,
    "ElementProperty_MagpieData_avg_dev_NUnfilled": 0.08570986346565138,
    "ElementProperty_MagpieData_minimum_MendeleevNumber": 0.08537376172769721,
    "ElementProperty_MagpieData_mode_MendeleevNumber": 0.084795265841929,
    "ElementProperty_MagpieData_mean_Column": 0.08106348840234276,
    "ElementProperty_MagpieData_maximum_MeltingT": 0.08080614859274897,
    "ElementProperty_MagpieData_mode_NdUnfilled": 0.0773790914768413,
    "ElectronegativityDiff_minimum_EN_difference": 0.07499874240907885,
    "CrystalNNFingerprint_std_dev_wt_CN_1": 0.0685904749336525,
    "ElementProperty_MagpieData_mean_CovalentRadius": 0.06685646695176797,
    "ElementProperty_MagpieData_mode_CovalentRadius": 0.06518516693033959,
    "ElementProperty_MagpieData_avg_dev_GSbandgap": 0.06502350848432777,
    "ElementProperty_MagpieData_mean_NpUnfilled": 0.06358843284063208,
    "MEGNet_OFMEncoded_v1_163": 0.06343167769985379,
    "ElementProperty_MagpieData_minimum_Electronegativity": 0.06263608067240786,
    "MEGNet_OFMEncoded_v1_183": 0.06100511180474957
}