{
    "GeneralizedRDF_mean_Gaussian_center=3_0_width=1_0": 0.003086800778827233,
    "BandCenter_band_center": 0.0013922002506293171,
    "GeneralizedRDF_mean_Gaussian_center=2_0_width=1_0": 0.0009712403844945721,
    "ElementProperty_MagpieData_mean_MendeleevNumber": 0.0004499068434664727,
    "DensityFeatures_packing_fraction": 0.0004163182322794913,
    "ElementProperty_MagpieData_mean_Column": 0.00034881388724015326,
    "ElementProperty_MagpieData_mean_NUnfilled": 0.0003436093716702088,
    "GeneralizedRDF_mean_Gaussian_center=5_0_width=1_0": 0.0003031366183687114,
    "VoronoiFingerprint_mean_Voro_vol_maximum": 0.0002958666379791136,
    "AGNIFingerPrint_mean_AGNI_eta=1_60e+01": 0.0002775050458205715,
    "ElectronegativityDiff_minimum_EN_difference": 0.00025278914784943724,
    "GaussianSymmFunc_mean_G2_0_05": 0.00022357701769910442,
    "ElementProperty_MagpieData_avg_dev_NdValence": 0.00021666730330607302,
    "ElectronegativityDiff_mean_EN_difference": 0.00021183382169834506,
    "BondOrientationParameter_mean_BOOP_Q_l=2": 0.00020803219817684318,
    "ElementProperty_MagpieData_mean_Electronegativity": 0.00019982027412615498,
    "VoronoiFingerprint_mean_Voro_dist_mean": 0.00019407334573957806,
    "ElementProperty_MagpieData_mean_CovalentRadius": 0.00018465047286658933,
    "ElementProperty_MagpieData_maximum_NUnfilled": 0.00017791514868897534,
    "TMetalFraction_transition_metal_fraction": 0.0001776649065359077,
    "ElementProperty_MagpieData_avg_dev_NUnfilled": 0.00015885142900651927,
    "CrystalNNFingerprint_mean_tetrahedral_CN_4": 0.00015637553128051236,
    "ElementProperty_MagpieData_mean_MeltingT": 0.000148369523445771,
    "ElementProperty_MagpieData_mean_NpValence": 0.00013835150266749364,
    "ElementProperty_MagpieData_avg_dev_MendeleevNumber": 0.00013777879728544399,
    "ElementProperty_MagpieData_maximum_CovalentRadius": 0.00012696736257531357,
    "CrystalNNFingerprint_mean_wt_CN_2": 0.00012696211321923986,
    "OPSiteFingerprint_std_dev_tetrahedral_CN_4": 0.0001254943106443885,
    "ElementProperty_MagpieData_range_NdValence": 0.0001091873367856773,
    "ElementProperty_MagpieData_minimum_NUnfilled": 0.00010500354780843368
}