{
    "GeneralizedRDF_mean_Gaussian_center=3_0_width=1_0": 0.18057690235087523,
    "GeneralizedRDF_mean_Gaussian_center=2_0_width=1_0": 0.1271480960317295,
    "BandCenter_band_center": 0.06020771896062529,
    "ElementProperty_MagpieData_mean_Electronegativity": 0.05674469576578201,
    "GaussianSymmFunc_mean_G2_0_05": 0.039704143410446334,
    "ElementProperty_MagpieData_mean_NUnfilled": 0.02684817325210401,
    "AGNIFingerPrint_mean_AGNI_eta=1_04e+01": 0.022720643195279163,
    "ElementProperty_MagpieData_avg_dev_NdValence": 0.021307086825531413,
    "OPSiteFingerprint_std_dev_tetrahedral_CN_4": 0.020408011311138924,
    "ElectronegativityDiff_minimum_EN_difference": 0.019764382787318572,
    "VoronoiFingerprint_mean_Voro_dist_mean": 0.019350427048765145,
    "ElementProperty_MagpieData_maximum_MeltingT": 0.01864228518896623,
    "TMetalFraction_transition_metal_fraction": 0.018104271180553282,
    "ValenceOrbital_frac_d_valence_electrons": 0.017812880970435527,
    "ElementProperty_MagpieData_mean_MendeleevNumber": 0.017348975132238764,
    "ElementProperty_MagpieData_mean_Column": 0.017332864988572307,
    "DensityFeatures_packing_fraction": 0.013177810123028537,
    "CrystalNNFingerprint_mean_tetrahedral_CN_4": 0.01178752811272969,
    "CrystalNNFingerprint_mean_wt_CN_2": 0.01159893212037541,
    "BondOrientationParameter_mean_BOOP_Q_l=2": 0.011511613831868621,
    "ElementProperty_MagpieData_mean_NpValence": 0.011382498771988254,
    "ElectronegativityDiff_mean_EN_difference": 0.011108763929959489,
    "ElementProperty_MagpieData_maximum_NdValence": 0.010590177308078194,
    "ElementProperty_MagpieData_minimum_Number": 0.010563790900235915,
    "MEGNet_OFMEncoded_v1_172": 0.0104558270280956,
    "ElementProperty_MagpieData_mode_MeltingT": 0.010336978794584091,
    "ElementProperty_MagpieData_maximum_CovalentRadius": 0.009765565610152736,
    "ElementProperty_MagpieData_mean_MeltingT": 0.009660090938692389,
    "AtomicOrbitals_HOMO_character": 0.009616425737619876,
    "BondOrientationParameter_mean_BOOP_Q_l=1": 0.009101683184063455
}