{
    "ElementProperty_MagpieData_mean_NpValence": 0.01380278413885317,
    "AtomicOrbitals_HOMO_energy": 0.011470776153807406,
    "TMetalFraction_transition_metal_fraction": 0.011079012230772387,
    "MEGNet_OFMEncoded_v1_86": 0.010467704019205102,
    "ElementProperty_MagpieData_mean_NUnfilled": 0.009656236709234454,
    "MaximumPackingEfficiency_max_packing_efficiency": 0.00771694387144652,
    "ElementProperty_MagpieData_mean_NdUnfilled": 0.007562524371132296,
    "ElementProperty_MagpieData_maximum_NdUnfilled": 0.006941972840949978,
    "OxidationStates_std_dev_oxidation_state": 0.0069274959387825505,
    "MEGNet_OFMEncoded_v1_19": 0.006071582836237335,
    "ElementProperty_MagpieData_avg_dev_Column": 0.005664666548069008,
    "AtomicOrbitals_HOMO_element": 0.005270744008551955,
    "CrystalNNFingerprint_std_dev_wt_CN_3": 0.00526659258703019,
    "ElementProperty_MagpieData_maximum_MendeleevNumber": 0.00507841293257894,
    "BondFractions_Fe_-_O_bond_frac_": 0.0045079631062787985,
    "BondFractions_Ni_-_O_bond_frac_": 0.004495139536439354,
    "SineCoulombMatrix_sine_coulomb_matrix_eig_5": 0.0044367696344017205,
    "AverageBondLength_mean_Average_bond_length": 0.004427754808426219,
    "ElementProperty_MagpieData_minimum_MeltingT": 0.0043103522551715045,
    "CrystalNNFingerprint_mean_cuboctahedral_CN_12": 0.004232024218424273,
    "MEGNet_OFMEncoded_v1_122": 0.004142201725845378,
    "ElementProperty_MagpieData_maximum_MeltingT": 0.004095024168830927,
    "OPSiteFingerprint_std_dev_T-shaped_CN_3": 0.004066735526444898,
    "YangSolidSolution_Yang_omega": 0.004038449891035431,
    "DensityFeatures_packing_fraction": 0.004018254296368748,
    "DensityFeatures_density": 0.003808416990205389,
    "ElectronegativityDiff_minimum_EN_difference": 0.0037870629255769175,
    "AtomicOrbitals_gap_AO": 0.0036202482089061952,
    "ElementProperty_MagpieData_mean_MendeleevNumber": 0.0036051263855511077,
    "CrystalNNFingerprint_mean_hexagonal_bipyramidal_CN_8": 0.003595919238271816
}