{
    "ElementProperty_MagpieData_mean_GSbandgap": 0.09091958691966183,
    "ElementProperty_MagpieData_mean_NpValence": 0.08050491542035763,
    "ElementProperty_MagpieData_mode_GSbandgap": 0.07839591703751192,
    "MEGNet_OFMEncoded_v1_147": 0.05226194658526198,
    "ElementProperty_MagpieData_range_MeltingT": 0.049784020933893905,
    "ElementProperty_MagpieData_minimum_Number": 0.04775691590418629,
    "ElectronegativityDiff_minimum_EN_difference": 0.04714899843866285,
    "CrystalNNFingerprint_mean_octahedral_CN_6": 0.04666304488046453,
    "ElementProperty_MagpieData_maximum_MendeleevNumber": 0.04155990192151879,
    "ElementProperty_MagpieData_maximum_GSvolume_pa": 0.04057803159683003,
    "ElementProperty_MagpieData_mean_Column": 0.037954166836315195,
    "ElementProperty_MagpieData_minimum_Electronegativity": 0.03712353234641271,
    "ElementProperty_MagpieData_mode_CovalentRadius": 0.030941961475706988,
    "ElementProperty_MagpieData_mean_MendeleevNumber": 0.028434680655072795,
    "TMetalFraction_transition_metal_fraction": 0.027486558380505483,
    "ElementProperty_MagpieData_avg_dev_NUnfilled": 0.026733218415365828,
    "ElementProperty_MagpieData_mean_NdValence": 0.02588744588170144,
    "ElementProperty_MagpieData_mean_MeltingT": 0.02536125177547238,
    "IonProperty_max_ionic_char": 0.02487649215168585,
    "ElementProperty_MagpieData_mean_NUnfilled": 0.024660839481792794,
    "AtomicOrbitals_gap_AO": 0.023142826009575967,
    "ElementProperty_MagpieData_mode_GSvolume_pa": 0.022816820161494777,
    "ElementProperty_MagpieData_mode_MendeleevNumber": 0.022440290558858694,
    "ElementProperty_MagpieData_avg_dev_GSmagmom": 0.02046834602054318,
    "CrystalNNFingerprint_mean_body-centered_cubic_CN_8": 0.020179757859734585,
    "ElementProperty_MagpieData_mean_Electronegativity": 0.01866632531740525,
    "CrystalNNFingerprint_std_dev_octahedral_CN_6": 0.018443957271210013,
    "ElementProperty_MagpieData_maximum_CovalentRadius": 0.016480431593956422,
    "ElementProperty_MagpieData_maximum_NdValence": 0.016266445829235837,
    "Stoichiometry_3-norm": 0.01603423145152982
}