{
    "ElementProperty_MagpieData_avg_dev_NpValence": 0.0005726888307533223,
    "ElementProperty_MagpieData_mean_MeltingT": 0.0005470563574094797,
    "ValenceOrbital_frac_d_valence_electrons": 0.000441941155780539,
    "GeneralizedRDF_mean_Gaussian_center=5_0_width=1_0": 0.0004117586251859648,
    "TMetalFraction_transition_metal_fraction": 0.00033426771692193985,
    "CrystalNNFingerprint_mean_linear_CN_2": 0.00033053197822458034,
    "ElementProperty_MagpieData_range_MeltingT": 0.0002842216727010122,
    "ElementProperty_MagpieData_minimum_MendeleevNumber": 0.00026442928676993186,
    "ElementProperty_MagpieData_avg_dev_NpUnfilled": 0.0002534471635068411,
    "ElementProperty_MagpieData_minimum_Electronegativity": 0.0002457696496394604,
    "BondOrientationParameter_std_dev_BOOP_Q_l=1": 0.00023304325359763294,
    "GeneralizedRDF_mean_Gaussian_center=4_0_width=1_0": 0.00022659268254357243,
    "ElementProperty_MagpieData_maximum_NdValence": 0.00022247688966079636,
    "ElementProperty_MagpieData_maximum_MeltingT": 0.00021815453115098577,
    "ElementProperty_MagpieData_avg_dev_Column": 0.00021290297614025438,
    "ElementProperty_MagpieData_mean_NUnfilled": 0.00019817053283650274,
    "ElementProperty_MagpieData_minimum_Column": 0.00018299557410370845,
    "AtomicOrbitals_HOMO_element": 0.0001706663747221013,
    "ElementProperty_MagpieData_mode_MeltingT": 0.00017049595583472384,
    "MEGNet_OFMEncoded_v1_132": 0.00015303667966718563,
    "VoronoiFingerprint_std_dev_Voro_vol_mean": 0.00015111641909942974,
    "ElementProperty_MagpieData_avg_dev_MendeleevNumber": 0.0001494684875835801,
    "ElementProperty_MagpieData_mean_GSvolume_pa": 0.00014550729746168431,
    "ElementProperty_MagpieData_avg_dev_CovalentRadius": 0.00014470164261780203,
    "ElementProperty_MagpieData_avg_dev_MeltingT": 0.00013943232387039994,
    "ElementProperty_MagpieData_mean_NdValence": 0.0001252427389936551,
    "MEGNet_OFMEncoded_v1_147": 0.00012248291880123741,
    "ElementProperty_MagpieData_mean_CovalentRadius": 0.00011416068269779205,
    "GaussianSymmFunc_std_dev_G4_0_005_4_0_-1_0": 0.00011305376167090745,
    "MEGNet_OFMEncoded_v1_5": 0.00011183693816942526
}