{
    "ElementProperty_MagpieData_mean_MeltingT": 0.026475440271291048,
    "ElementProperty_MagpieData_avg_dev_Column": 0.02428246199638103,
    "ElectronegativityDiff_minimum_EN_difference": 0.019960228230530605,
    "GaussianSymmFunc_std_dev_G4_0_005_1_0_-1_0": 0.017474868000814023,
    "ElementProperty_MagpieData_mean_MendeleevNumber": 0.017326409309085154,
    "ElementProperty_MagpieData_range_Column": 0.017071071619809548,
    "MEGNet_OFMEncoded_v1_128": 0.015405257175223496,
    "AtomicOrbitals_LUMO_character": 0.013941119328119676,
    "ElementProperty_MagpieData_mean_GSmagmom": 0.013767176230116848,
    "AtomicOrbitals_LUMO_energy": 0.012195189856821925,
    "ElementProperty_MagpieData_range_NdValence": 0.01210419200523967,
    "ElementProperty_MagpieData_maximum_Number": 0.011814666333275582,
    "ElementProperty_MagpieData_mean_Column": 0.011752379755344605,
    "MEGNet_OFMEncoded_v1_80": 0.011400109767545222,
    "ElementProperty_MagpieData_mean_NdValence": 0.011152927289043362,
    "TMetalFraction_transition_metal_fraction": 0.010160926316761585,
    "ElementProperty_MagpieData_avg_dev_NUnfilled": 0.009766738466190337,
    "ElementProperty_MagpieData_avg_dev_NpUnfilled": 0.009330274113985756,
    "GeneralizedRDF_std_dev_Gaussian_center=2_0_width=1_0": 0.009098212320906539,
    "ElementProperty_MagpieData_mode_GSvolume_pa": 0.008112742746502791,
    "CoordinationNumber_std_dev_CN_VoronoiNN": 0.007925030306040194,
    "ElectronegativityDiff_mean_EN_difference": 0.007691299069713985,
    "ValenceOrbital_frac_d_valence_electrons": 0.007630015513041241,
    "ElementProperty_MagpieData_maximum_MeltingT": 0.007446927118758187,
    "ElementProperty_MagpieData_mean_NUnfilled": 0.0073342546256902254,
    "ElementProperty_MagpieData_range_MeltingT": 0.007092583717797344,
    "OxidationStates_maximum_oxidation_state": 0.006919494334292545,
    "ElementProperty_MagpieData_avg_dev_CovalentRadius": 0.00689756934864369,
    "ElementProperty_MagpieData_mode_MeltingT": 0.006869263834271935,
    "ElementProperty_MagpieData_minimum_Number": 0.00672165820730845
}