{
    "ElementProperty_MagpieData_maximum_MeltingT": 0.05853094736203736,
    "OxidationStates_std_dev_oxidation_state": 0.04750996972526372,
    "OxidationStates_maximum_oxidation_state": 0.03247181700140768,
    "ElementProperty_MagpieData_maximum_NdValence": 0.023669158920610257,
    "ElementProperty_MagpieData_mean_Number": 0.0205939675162129,
    "ElementProperty_MagpieData_mean_Column": 0.020272119239324562,
    "Stoichiometry_10-norm": 0.017374664929628827,
    "ElementProperty_MagpieData_mean_CovalentRadius": 0.01577653433668498,
    "ElementProperty_MagpieData_avg_dev_CovalentRadius": 0.015277429872906997,
    "TMetalFraction_transition_metal_fraction": 0.014617903667668996,
    "ElementProperty_MagpieData_avg_dev_Electronegativity": 0.014283506535123607,
    "ElementProperty_MagpieData_maximum_Number": 0.01416100041292744,
    "VoronoiFingerprint_mean_Voro_dist_mean": 0.013460659516436723,
    "BondOrientationParameter_mean_BOOP_Q_l=1": 0.012943975010956309,
    "ValenceOrbital_frac_p_valence_electrons": 0.012661205246673612,
    "ElementFraction_Li": 0.012463171459703708,
    "ElementProperty_MagpieData_mean_NdValence": 0.011876229958682078,
    "ElementProperty_MagpieData_minimum_Electronegativity": 0.011351760020354158,
    "ElementProperty_MagpieData_mode_CovalentRadius": 0.010862819283993306,
    "ElementProperty_MagpieData_mean_GSmagmom": 0.010739730839702507,
    "BondFractions_Mn_-_O_bond_frac_": 0.01073953521361468,
    "ElementProperty_MagpieData_range_MeltingT": 0.010413199376926677,
    "StructuralHeterogeneity_maximum_neighbor_distance_variation": 0.010359855611861112,
    "ElementProperty_MagpieData_mode_Electronegativity": 0.010313870796686463,
    "ElementFraction_Mn": 0.01004948180016374,
    "GeneralizedRDF_mean_Gaussian_center=0_0_width=1_0": 0.009921940031870205,
    "ElectronegativityDiff_maximum_EN_difference": 0.009888788642091277,
    "ElementProperty_MagpieData_minimum_GSvolume_pa": 0.009567421928792669,
    "GeneralizedRDF_mean_Gaussian_center=5_0_width=1_0": 0.009565614655060258,
    "AtomicOrbitals_HOMO_energy": 0.009436109282048018
}