{
    "GeneralizedRDF_mean_Gaussian_center=3_0_width=1_0": 0.0006883765456270745,
    "BandCenter_band_center": 0.00031529364928124066,
    "GeneralizedRDF_mean_Gaussian_center=2_0_width=1_0": 0.000237468495608131,
    "DensityFeatures_packing_fraction": 0.0001021134596293016,
    "ElementProperty_MagpieData_mean_Column": 8.334991181529767e-05,
    "ElementProperty_MagpieData_mean_MendeleevNumber": 8.038041192649503e-05,
    "ElementProperty_MagpieData_mean_NUnfilled": 7.615202356013031e-05,
    "GeneralizedRDF_mean_Gaussian_center=5_0_width=1_0": 7.084947068106353e-05,
    "VoronoiFingerprint_mean_Voro_vol_maximum": 6.8560968460132e-05,
    "ElementProperty_MagpieData_avg_dev_NdValence": 6.407164828137487e-05,
    "AGNIFingerPrint_mean_AGNI_eta=1_60e+01": 6.284000418815514e-05,
    "GaussianSymmFunc_mean_G2_0_05": 5.648070591609835e-05,
    "ElementProperty_MagpieData_mean_Electronegativity": 5.404304259787647e-05,
    "ElectronegativityDiff_minimum_EN_difference": 5.119542049421724e-05,
    "BondOrientationParameter_mean_BOOP_Q_l=2": 5.083739352358628e-05,
    "ElectronegativityDiff_mean_EN_difference": 4.699401963196531e-05,
    "ElementProperty_MagpieData_mean_NpValence": 4.695687676782616e-05,
    "TMetalFraction_transition_metal_fraction": 4.4614999876803475e-05,
    "VoronoiFingerprint_mean_Voro_dist_mean": 4.433097349349183e-05,
    "CrystalNNFingerprint_mean_tetrahedral_CN_4": 3.9919170568975585e-05,
    "OPSiteFingerprint_std_dev_tetrahedral_CN_4": 3.782337727917567e-05,
    "ElementProperty_MagpieData_maximum_NUnfilled": 3.670096624346027e-05,
    "CrystalNNFingerprint_mean_wt_CN_2": 3.6104360493920256e-05,
    "ElementProperty_MagpieData_avg_dev_MendeleevNumber": 3.544729555219617e-05,
    "ElementProperty_MagpieData_mean_MeltingT": 3.497792334271595e-05,
    "MaximumPackingEfficiency_max_packing_efficiency": 3.44767191418363e-05,
    "ElementProperty_MagpieData_mean_CovalentRadius": 3.397114892434502e-05,
    "ElementProperty_MagpieData_avg_dev_NUnfilled": 3.340780272535501e-05,
    "ElementProperty_MagpieData_minimum_Number": 2.5917857287991545e-05,
    "GeneralizedRDF_mean_Gaussian_center=4_0_width=1_0": 2.5309045586219926e-05
}