{
    "GeneralizedRDF_mean_Gaussian_center=3_0_width=1_0": 0.00026114694191850947,
    "BandCenter_band_center": 0.00012279477795807626,
    "GeneralizedRDF_mean_Gaussian_center=2_0_width=1_0": 0.00010107780624786759,
    "ElementProperty_MagpieData_mean_NUnfilled": 3.337319531043344e-05,
    "DensityFeatures_packing_fraction": 3.269452951605737e-05,
    "ElementProperty_MagpieData_mean_Electronegativity": 3.167184672706249e-05,
    "VoronoiFingerprint_mean_Voro_vol_maximum": 3.1014718313841884e-05,
    "ElementProperty_MagpieData_mean_Column": 3.092674897492233e-05,
    "ElectronegativityDiff_minimum_EN_difference": 2.6978038556948116e-05,
    "GeneralizedRDF_mean_Gaussian_center=5_0_width=1_0": 2.3985141164572234e-05,
    "AGNIFingerPrint_mean_AGNI_eta=1_60e+01": 2.2733368640090063e-05,
    "ElementProperty_MagpieData_mean_MendeleevNumber": 2.2682196087647995e-05,
    "TMetalFraction_transition_metal_fraction": 1.9891917998442118e-05,
    "BondOrientationParameter_mean_BOOP_Q_l=2": 1.7945723026832103e-05,
    "OPSiteFingerprint_std_dev_tetrahedral_CN_4": 1.779021464056038e-05,
    "ElectronegativityDiff_mean_EN_difference": 1.7539661815402793e-05,
    "VoronoiFingerprint_mean_Voro_dist_mean": 1.7274392012697732e-05,
    "ElementProperty_MagpieData_avg_dev_NdValence": 1.6721226797651438e-05,
    "VoronoiFingerprint_mean_Voro_dist_maximum": 1.4298205370011401e-05,
    "ElementProperty_MagpieData_avg_dev_NUnfilled": 1.416755948855553e-05,
    "ElementProperty_MagpieData_mean_NpValence": 1.346627559779745e-05,
    "GaussianSymmFunc_mean_G2_0_05": 1.2867734131895934e-05,
    "ElementProperty_MagpieData_mean_MeltingT": 1.1927917012861246e-05,
    "GeneralizedRDF_mean_Gaussian_center=4_0_width=1_0": 1.0929088044872101e-05,
    "ElementProperty_MagpieData_avg_dev_MendeleevNumber": 1.0808662779343339e-05,
    "MaximumPackingEfficiency_max_packing_efficiency": 1.0282587209390127e-05,
    "ValenceOrbital_frac_d_valence_electrons": 9.461474610484785e-06,
    "CrystalNNFingerprint_mean_tetrahedral_CN_4": 8.985186513853163e-06,
    "ChemicalOrdering_mean_ordering_parameter_shell_1": 8.909167317012501e-06,
    "ElectronegativityDiff_std_dev_EN_difference": 8.78629027375486e-06
}