{
    "GaussianSymmFunc_mean_G2_80_0": 0.0013637750650968012,
    "ElementProperty_MagpieData_mean_NpValence": 0.0013247317935711556,
    "ElementProperty_MagpieData_mean_Column": 0.0011897413228868874,
    "ElementFraction_S": 0.0008937459628011079,
    "ElementProperty_MagpieData_maximum_CovalentRadius": 0.000876060307469851,
    "ElementFraction_Ca": 0.0007905301021777465,
    "ElementProperty_MagpieData_maximum_SpaceGroupNumber": 0.0007829011899625399,
    "TMetalFraction_transition_metal_fraction": 0.0006195845826543771,
    "ElementProperty_MagpieData_avg_dev_CovalentRadius": 0.0005752787101008555,
    "ElementProperty_MagpieData_mean_CovalentRadius": 0.0005743767354460297,
    "ElementProperty_MagpieData_mean_GSmagmom": 0.0005538967636970543,
    "ElementProperty_MagpieData_mode_GSbandgap": 0.0005255691449496492,
    "ElementFraction_Yb": 0.0005251024092887928,
    "ElementFraction_In": 0.0005231923651863268,
    "ElementProperty_MagpieData_mode_CovalentRadius": 0.0004525561379431431,
    "ElementProperty_MagpieData_mode_GSvolume_pa": 0.00044640259096828845,
    "ElementFraction_Au": 0.0004428838872289477,
    "ElementProperty_MagpieData_minimum_MendeleevNumber": 0.00039136202863667926,
    "ElementFraction_O": 0.00038409657934974765,
    "ElementFraction_K": 0.0003383188032175041,
    "ElementFraction_Y": 0.00033775845154487524,
    "ElementProperty_MagpieData_minimum_NUnfilled": 0.0003302544099255109,
    "ElementProperty_MagpieData_minimum_NValence": 0.00029942538409869125,
    "MEGNet_OFMEncoded_v1_93": 0.00029767999642176906,
    "ElementProperty_MagpieData_avg_dev_GSmagmom": 0.000288532492600369,
    "ElementProperty_MagpieData_maximum_MendeleevNumber": 0.00025319449864714407,
    "ElementFraction_Bi": 0.00024787712862248834,
    "ValenceOrbital_frac_p_valence_electrons": 0.0002467040519775479,
    "ElementFraction_Mg": 0.0002410207814057412,
    "ElementProperty_MagpieData_range_CovalentRadius": 0.00022238213815865024
}