{
    "ElementProperty_MagpieData_mean_Column": 0.029840678045688383,
    "AtomicOrbitals_HOMO_energy": 0.021389653476231337,
    "ElementProperty_MagpieData_mean_Row": 0.02075603780402252,
    "ElementProperty_MagpieData_mean_MendeleevNumber": 0.018748047123907582,
    "GaussianSymmFunc_mean_G2_20_0": 0.01753110283311047,
    "AverageBondLength_std_dev_Average_bond_length": 0.01605257667192152,
    "ElementProperty_MagpieData_mean_MeltingT": 0.014306419097423199,
    "BondOrientationParameter_std_dev_BOOP_Q_l=2": 0.012989880108821183,
    "ElementProperty_MagpieData_maximum_Number": 0.012401444725431737,
    "ElementProperty_MagpieData_mean_NUnfilled": 0.011643152617683648,
    "TMetalFraction_transition_metal_fraction": 0.011431293685322558,
    "MaximumPackingEfficiency_max_packing_efficiency": 0.011119184774506461,
    "CrystalNNFingerprint_std_dev_wt_CN_2": 0.011003448782644547,
    "CrystalNNFingerprint_std_dev_wt_CN_1": 0.010543462799222254,
    "ElementProperty_MagpieData_mode_MeltingT": 0.010231882245843807,
    "ElementProperty_MagpieData_mean_NdUnfilled": 0.00996808562996207,
    "ElementProperty_MagpieData_mode_MendeleevNumber": 0.009662715379397944,
    "ElementProperty_MagpieData_minimum_NUnfilled": 0.009424924378181165,
    "MEGNet_OFMEncoded_v1_97": 0.008911297077026079,
    "ElementProperty_MagpieData_maximum_NdValence": 0.008657073279280714,
    "ElectronegativityDiff_minimum_EN_difference": 0.008112949655924977,
    "ElementProperty_MagpieData_mean_Electronegativity": 0.007808156085794564,
    "ElementProperty_MagpieData_mean_CovalentRadius": 0.007650976623300732,
    "MEGNet_OFMEncoded_v1_22": 0.006881808845379851,
    "ElementProperty_MagpieData_maximum_NUnfilled": 0.006813566989174447,
    "OxidationStates_std_dev_oxidation_state": 0.006680336890675178,
    "ElementFraction_Ni": 0.006660782495205495,
    "ElementProperty_MagpieData_maximum_MeltingT": 0.006530176637542264,
    "MEGNet_OFMEncoded_v1_167": 0.0064977180458918584,
    "AverageBondLength_mean_Average_bond_length": 0.006491643293558212
}