{
    "AverageBondLength_mean_Average_bond_length": 0.031397443837656434,
    "ElementProperty_MagpieData_maximum_MeltingT": 0.023868965834047212,
    "GeneralizedRDF_mean_Gaussian_center=0_0_width=1_0": 0.021726045790557116,
    "ElementProperty_MagpieData_minimum_CovalentRadius": 0.018995631894375288,
    "TMetalFraction_transition_metal_fraction": 0.01753001906315401,
    "ElementProperty_MagpieData_avg_dev_MeltingT": 0.016658646994215376,
    "ElectronegativityDiff_minimum_EN_difference": 0.016489363959266607,
    "OxidationStates_minimum_oxidation_state": 0.016068806327509705,
    "MEGNet_OFMEncoded_v1_86": 0.012158684958925393,
    "ValenceOrbital_frac_d_valence_electrons": 0.011797462148856087,
    "ValenceOrbital_frac_s_valence_electrons": 0.010809331554895418,
    "ElementProperty_MagpieData_avg_dev_NUnfilled": 0.009733843788127776,
    "AtomicOrbitals_LUMO_energy": 0.008653297764463419,
    "GeneralizedRDF_mean_Gaussian_center=6_0_width=1_0": 0.008641925634532348,
    "GaussianSymmFunc_mean_G2_20_0": 0.008641805980924783,
    "ElementProperty_MagpieData_mean_MeltingT": 0.00812320526493512,
    "CrystalNNFingerprint_mean_see-saw-like_CN_4": 0.007905322090211938,
    "ElementProperty_MagpieData_mean_MendeleevNumber": 0.00789313637305705,
    "ElementFraction_Pu": 0.007846827366112927,
    "CrystalNNFingerprint_mean_octahedral_CN_6": 0.007700530215328988,
    "GeneralizedRDF_mean_Gaussian_center=2_0_width=1_0": 0.007676612107656326,
    "GaussianSymmFunc_std_dev_G2_80_0": 0.007607021682420549,
    "ElementProperty_MagpieData_maximum_NdUnfilled": 0.0074780224264397325,
    "BandCenter_band_center": 0.00735321586323706,
    "StructuralHeterogeneity_mean_absolute_deviation_in_relative_bond_length": 0.007266931184972786,
    "DensityFeatures_packing_fraction": 0.007011020160125866,
    "ElementProperty_MagpieData_mean_Column": 0.006958211608724616,
    "DensityFeatures_density": 0.006879026066056869,
    "OxidationStates_maximum_oxidation_state": 0.006639452316142068,
    "ElementProperty_MagpieData_range_MeltingT": 0.0066366535115236925
}