{
    "ElementProperty_MagpieData_mean_Column": 0.02234480231769707,
    "AtomicOrbitals_HOMO_element": 0.016985433612045516,
    "AtomicOrbitals_HOMO_energy": 0.016347053777465124,
    "Stoichiometry_2-norm": 0.011578545316914142,
    "ElementProperty_MagpieData_mean_NpValence": 0.010235636696030104,
    "ElementProperty_MagpieData_mode_GSvolume_pa": 0.010024314371858271,
    "OPSiteFingerprint_std_dev_tetrahedral_CN_4": 0.00954091249402694,
    "TMetalFraction_transition_metal_fraction": 0.009518391806505416,
    "ElectronegativityDiff_minimum_EN_difference": 0.00842092950826993,
    "AtomicOrbitals_LUMO_character": 0.007897984339062447,
    "ElectronegativityDiff_mean_EN_difference": 0.007685999866929512,
    "BandCenter_band_center": 0.00740488665924215,
    "MEGNet_OFMEncoded_v1_102": 0.006735004479167489,
    "ChemicalOrdering_mean_ordering_parameter_shell_1": 0.006531771571231735,
    "GaussianSymmFunc_std_dev_G2_80_0": 0.006338027157799315,
    "CrystalNNFingerprint_mean_tetrahedral_CN_4": 0.005968174929889547,
    "CoordinationNumber_std_dev_CN_VoronoiNN": 0.00596004774394048,
    "ElementProperty_MagpieData_avg_dev_NpUnfilled": 0.00565779631839694,
    "AtomicOrbitals_gap_AO": 0.005648536430783168,
    "BondOrientationParameter_mean_BOOP_Q_l=1": 0.005644461868378403,
    "Stoichiometry_10-norm": 0.005530020363184624,
    "Stoichiometry_0-norm": 0.005284761867972808,
    "MEGNet_OFMEncoded_v1_109": 0.005196392415993378,
    "ElementProperty_MagpieData_maximum_CovalentRadius": 0.00507507571898968,
    "ElementProperty_MagpieData_mean_MendeleevNumber": 0.004811064291297372,
    "ElementFraction_Yb": 0.004802097562128948,
    "ElementProperty_MagpieData_avg_dev_NValence": 0.004431858904490946,
    "YangSolidSolution_Yang_omega": 0.0043196209702186655,
    "ElementProperty_MagpieData_avg_dev_Column": 0.004184695842002444,
    "ElectronegativityDiff_std_dev_EN_difference": 0.004124138105709681
}