{
    "GeneralizedRDF_mean_Gaussian_center=2_0_width=1_0": 0.030702291406824563,
    "DensityFeatures_packing_fraction": 0.029577729447080574,
    "ElementProperty_MagpieData_mean_Column": 0.028684781307187858,
    "GeneralizedRDF_mean_Gaussian_center=3_0_width=1_0": 0.028447037347731415,
    "ElementProperty_MagpieData_mean_MendeleevNumber": 0.019001025580599504,
    "ElementProperty_MagpieData_mean_NpValence": 0.013425639831062729,
    "ElectronegativityDiff_mean_EN_difference": 0.013204720843930989,
    "VoronoiFingerprint_mean_Voro_area_maximum": 0.011785361323658344,
    "BandCenter_band_center": 0.01142155512680082,
    "VoronoiFingerprint_mean_Voro_dist_maximum": 0.01140652402115775,
    "ElementProperty_MagpieData_mean_Electronegativity": 0.010761339721280714,
    "BondOrientationParameter_mean_BOOP_Q_l=2": 0.010564475170211241,
    "TMetalFraction_transition_metal_fraction": 0.010220063121980805,
    "MaximumPackingEfficiency_max_packing_efficiency": 0.007651147506219605,
    "ElectronegativityDiff_minimum_EN_difference": 0.007604684376098056,
    "VoronoiFingerprint_mean_Voro_dist_mean": 0.006222848395752721,
    "GeneralizedRDF_mean_Gaussian_center=5_0_width=1_0": 0.006139651303493686,
    "GeneralizedRDF_mean_Gaussian_center=6_0_width=1_0": 0.005868670448483745,
    "ElectronegativityDiff_std_dev_EN_difference": 0.005824599368598702,
    "GeneralizedRDF_mean_Gaussian_center=8_0_width=1_0": 0.005485997718624825,
    "ElementProperty_MagpieData_avg_dev_NdValence": 0.005020986270479634,
    "AGNIFingerPrint_mean_AGNI_eta=1_60e+01": 0.004845257446236651,
    "ElementProperty_MagpieData_mean_NUnfilled": 0.0046959319950968074,
    "CrystalNNFingerprint_mean_wt_CN_2": 0.004647608546641414,
    "ElementProperty_MagpieData_mean_GSvolume_pa": 0.00446275836078143,
    "CrystalNNFingerprint_mean_tetrahedral_CN_4": 0.004111640264074722,
    "GaussianSymmFunc_mean_G4_0_005_1_0_1_0": 0.004024437991468143,
    "GeneralizedRDF_mean_Gaussian_center=4_0_width=1_0": 0.003984282940705873,
    "ChemicalOrdering_mean_ordering_parameter_shell_1": 0.003983440201312082,
    "ElementProperty_MagpieData_mean_CovalentRadius": 0.0035240680671233954
}