{
    "ElementFraction_Mg": 0.02841246400283049,
    "ElementFraction_F": 0.01831595980406155,
    "ElementProperty_MagpieData_minimum_NUnfilled": 0.017319067598623242,
    "ValenceOrbital_frac_f_valence_electrons": 0.01398929802490089,
    "ElementFraction_Ca": 0.012098183670162046,
    "ElementProperty_MagpieData_minimum_SpaceGroupNumber": 0.01064447214269881,
    "ElementProperty_MagpieData_mode_Electronegativity": 0.010167152366622164,
    "ElementFraction_Ga": 0.010047093888212942,
    "ElementProperty_MagpieData_maximum_AtomicWeight": 0.00947908962067014,
    "ElementProperty_MagpieData_maximum_CovalentRadius": 0.008635053421914713,
    "ElementProperty_MagpieData_minimum_Electronegativity": 0.00823304583286965,
    "ElementFraction_Al": 0.00786341205951872,
    "ElementFraction_Cd": 0.007522851257710926,
    "ElementFraction_Pd": 0.0074792010788529125,
    "ElementFraction_Na": 0.007201335796790317,
    "ElementFraction_Ti": 0.006171191865070899,
    "ElementProperty_MagpieData_mode_Number": 0.005991042159103377,
    "ElementFraction_As": 0.005798464599640332,
    "ElementFraction_Sr": 0.005726718687942113,
    "ElementProperty_MagpieData_maximum_Number": 0.005502422219665737,
    "ElementFraction_Mo": 0.004912782431268426,
    "ElementFraction_Ba": 0.004782948090350121,
    "ElementFraction_Sn": 0.004445057858209369,
    "ElementProperty_MagpieData_mode_MeltingT": 0.004367267492359022,
    "ElementProperty_MagpieData_maximum_GSvolume_pa": 0.004192608988658656,
    "AtomicOrbitals_HOMO_element": 0.003869372983736412,
    "ElementProperty_MagpieData_mode_MendeleevNumber": 0.003850406352959646,
    "ElementFraction_V": 0.003806000349160178,
    "ElementFraction_Pb": 0.003705554424831308,
    "ElementProperty_MagpieData_mode_GSvolume_pa": 0.0036927522961080817
}