{
    "GeneralizedRDF_mean_Gaussian_center=3_0_width=1_0": 0.0011033302514070113,
    "BandCenter_band_center": 0.0004943824987206144,
    "GeneralizedRDF_mean_Gaussian_center=2_0_width=1_0": 0.00039140572977467813,
    "ElementProperty_MagpieData_mean_MendeleevNumber": 0.00014805457530167428,
    "DensityFeatures_packing_fraction": 0.00013639989653054776,
    "ElementProperty_MagpieData_mean_Column": 0.0001217487044666536,
    "ElementProperty_MagpieData_mean_NUnfilled": 0.00012066888475851697,
    "GeneralizedRDF_mean_Gaussian_center=5_0_width=1_0": 0.00010550596790186848,
    "VoronoiFingerprint_mean_Voro_vol_maximum": 0.00010086599426786711,
    "ElectronegativityDiff_minimum_EN_difference": 9.751273021513933e-05,
    "AGNIFingerPrint_mean_AGNI_eta=1_60e+01": 9.723763554812508e-05,
    "ElementProperty_MagpieData_avg_dev_NdValence": 9.40851316808316e-05,
    "GaussianSymmFunc_mean_G2_0_05": 9.065438950043007e-05,
    "ElementProperty_MagpieData_mean_CovalentRadius": 8.013931615400409e-05,
    "BondOrientationParameter_mean_BOOP_Q_l=2": 7.694423941523314e-05,
    "ElementProperty_MagpieData_mean_NpValence": 7.550538884408818e-05,
    "ElementProperty_MagpieData_mean_Electronegativity": 7.239154427929171e-05,
    "VoronoiFingerprint_mean_Voro_dist_mean": 7.01000329105123e-05,
    "TMetalFraction_transition_metal_fraction": 6.976327286878062e-05,
    "ElectronegativityDiff_mean_EN_difference": 6.715221303732144e-05,
    "OPSiteFingerprint_std_dev_tetrahedral_CN_4": 6.5339391630134e-05,
    "CrystalNNFingerprint_mean_tetrahedral_CN_4": 6.516792854011098e-05,
    "ElementProperty_MagpieData_maximum_NUnfilled": 5.7067051590576105e-05,
    "CrystalNNFingerprint_mean_wt_CN_2": 5.647384580332781e-05,
    "ElementProperty_MagpieData_avg_dev_NUnfilled": 5.5496655556359006e-05,
    "ElementProperty_MagpieData_avg_dev_MendeleevNumber": 5.504391279573187e-05,
    "ElementProperty_MagpieData_maximum_CovalentRadius": 5.3139412815248606e-05,
    "ElementProperty_MagpieData_mean_MeltingT": 5.0408467368423106e-05,
    "ElementProperty_MagpieData_minimum_Number": 4.390984701702453e-05,
    "MaximumPackingEfficiency_max_packing_efficiency": 4.021073086015132e-05
}