{
    "ElementProperty_MagpieData_mean_MendeleevNumber": 0.012535136507880294,
    "AGNIFingerPrint_mean_AGNI_eta=1_88e+00": 0.010789074588534498,
    "ElementProperty_MagpieData_mean_NpValence": 0.009169919118570116,
    "AtomicOrbitals_HOMO_energy": 0.008900979864075769,
    "ElementProperty_MagpieData_avg_dev_CovalentRadius": 0.007366775839072274,
    "MEGNet_OFMEncoded_v1_185": 0.00687738408832738,
    "ElementFraction_V": 0.006111478642015693,
    "MEGNet_OFMEncoded_v1_147": 0.005719146841624452,
    "ElementFraction_H": 0.005469015813348822,
    "ElementProperty_MagpieData_mode_GSvolume_pa": 0.005435538487822364,
    "MaximumPackingEfficiency_max_packing_efficiency": 0.005182925958450895,
    "GeneralizedRDF_mean_Gaussian_center=1_0_width=1_0": 0.004827056727226223,
    "BondOrientationParameter_std_dev_BOOP_Q_l=5": 0.004743307068637181,
    "TMetalFraction_transition_metal_fraction": 0.004726570819011139,
    "ElementProperty_MagpieData_avg_dev_Column": 0.004702398730009982,
    "LocalPropertyDifference_std_dev_local_difference_in_Electronegativity": 0.0046154743655942776,
    "CrystalNNFingerprint_mean_wt_CN_8": 0.004588504096211685,
    "ElementProperty_MagpieData_mean_NdValence": 0.004567883651319539,
    "ElementProperty_MagpieData_maximum_MendeleevNumber": 0.0045002918542839405,
    "ElementProperty_MagpieData_mean_Column": 0.004272275247067929,
    "ElementProperty_MagpieData_maximum_MeltingT": 0.004255724330737689,
    "ElementProperty_MagpieData_mean_Electronegativity": 0.004096023985226936,
    "ElementProperty_MagpieData_mode_MendeleevNumber": 0.004028730463028156,
    "AGNIFingerPrint_std_dev_AGNI_dir=x_eta=8_00e-01": 0.003945944265260064,
    "OPSiteFingerprint_mean_bent_150_degrees_CN_2": 0.003916526616680492,
    "OPSiteFingerprint_mean_linear_CN_2": 0.0036817682692222888,
    "ElementProperty_MagpieData_avg_dev_NpUnfilled": 0.0036602443278370964,
    "CoordinationNumber_std_dev_CN_VoronoiNN": 0.0036109050302549728,
    "CrystalNNFingerprint_mean_wt_CN_9": 0.003608092890853371,
    "MEGNet_OFMEncoded_v1_45": 0.00345201555103154
}