{
    "GeneralizedRDF_mean_Gaussian_center=3_0_width=1_0": 0.05964787288960391,
    "GeneralizedRDF_mean_Gaussian_center=2_0_width=1_0": 0.03671965470491668,
    "ElementProperty_MagpieData_mean_Electronegativity": 0.027476277518002943,
    "BandCenter_band_center": 0.013977127565220827,
    "DensityFeatures_packing_fraction": 0.009287483592735568,
    "GeneralizedRDF_mean_Gaussian_center=5_0_width=1_0": 0.008395767567265509,
    "ElementProperty_MagpieData_avg_dev_NdValence": 0.008323904979320413,
    "ElementProperty_MagpieData_mean_NUnfilled": 0.007554045209894595,
    "GaussianSymmFunc_mean_G2_0_05": 0.007071365725452085,
    "ElectronegativityDiff_minimum_EN_difference": 0.006657312842027329,
    "ElementProperty_MagpieData_mean_Column": 0.006007251094071251,
    "ElementProperty_MagpieData_mean_MendeleevNumber": 0.005666499019424903,
    "AGNIFingerPrint_mean_AGNI_eta=1_04e+01": 0.005547820274105344,
    "TMetalFraction_transition_metal_fraction": 0.0054273142757419925,
    "ElectronegativityDiff_mean_EN_difference": 0.0047257317274640165,
    "VoronoiFingerprint_mean_Voro_dist_mean": 0.004612142061123369,
    "ElementProperty_MagpieData_maximum_NdValence": 0.004460160141375761,
    "AGNIFingerPrint_mean_AGNI_eta=6_80e+00": 0.004452312157349893,
    "BondOrientationParameter_mean_BOOP_Q_l=2": 0.004310788798130396,
    "OPSiteFingerprint_std_dev_tetrahedral_CN_4": 0.004265180981361541,
    "OxidationStates_std_dev_oxidation_state": 0.004238828684833976,
    "ElementProperty_MagpieData_mean_CovalentRadius": 0.004043477482172652,
    "CrystalNNFingerprint_mean_tetrahedral_CN_4": 0.003908899453925988,
    "VoronoiFingerprint_mean_Voro_vol_maximum": 0.0038262723764113803,
    "AGNIFingerPrint_mean_AGNI_eta=1_60e+01": 0.0034599264196962455,
    "ElementProperty_MagpieData_mean_NpValence": 0.0033771169048526267,
    "ElementProperty_MagpieData_mean_MeltingT": 0.0033232038552562194,
    "ElementProperty_MagpieData_maximum_MeltingT": 0.0032411688807680583,
    "ElementProperty_MagpieData_maximum_CovalentRadius": 0.0032014854486444155,
    "MaximumPackingEfficiency_max_packing_efficiency": 0.0031818353531775363
}