{
    "ElementFraction_O": 0.18782792234654572,
    "ElementProperty_MagpieData_maximum_NdUnfilled": 0.012060039408936582,
    "ElementFraction_F": 0.009464035429714723,
    "ElementProperty_MagpieData_mode_Electronegativity": 0.007303083336778485,
    "ElementProperty_MagpieData_mean_GSmagmom": 0.006968342580773951,
    "ElementFraction_Sn": 0.00682944456816384,
    "ElementProperty_MagpieData_minimum_MeltingT": 0.00679076408752687,
    "ElementProperty_MagpieData_maximum_MendeleevNumber": 0.006437005393089288,
    "ElementProperty_MagpieData_mean_GSbandgap": 0.005373693954372826,
    "AtomicOrbitals_LUMO_energy": 0.005144589474164645,
    "ElementFraction_Bi": 0.004894336941350289,
    "ElementProperty_MagpieData_maximum_CovalentRadius": 0.004893663318578419,
    "ElementFraction_Al": 0.004276859107695297,
    "MEGNet_OFMEncoded_v1_121": 0.004236203626693345,
    "AtomicOrbitals_HOMO_energy": 0.00413668989865464,
    "ElementFraction_Sr": 0.00400865445952576,
    "ElementFraction_Mg": 0.0034092270496409826,
    "ElementProperty_MagpieData_range_GSbandgap": 0.002998251421484011,
    "ElementProperty_MagpieData_mode_MeltingT": 0.0029776945631741214,
    "ElementProperty_MagpieData_mean_NpUnfilled": 0.0028726464276163585,
    "ElementFraction_Ti": 0.00269234117695529,
    "ElementFraction_S": 0.002691207739806153,
    "ElementProperty_MagpieData_mode_Number": 0.0026901099464308165,
    "ElementFraction_K": 0.002680892294078084,
    "ElementProperty_MagpieData_avg_dev_GSbandgap": 0.0026485840005106864,
    "ElementProperty_MagpieData_mode_CovalentRadius": 0.002643151143419118,
    "ElementFraction_Y": 0.0026318505824569254,
    "ElementProperty_MagpieData_avg_dev_Electronegativity": 0.002544585576749829,
    "ElementProperty_MagpieData_avg_dev_GSmagmom": 0.002514118406907979,
    "MEGNet_OFMEncoded_v1_99": 0.0025140035018221497
}