{
    "ElementFraction_O": 0.08780576613034499,
    "ElementProperty_MagpieData_mode_MeltingT": 0.0072713466774436955,
    "ElementFraction_Mg": 0.005669442002505966,
    "ElementFraction_Sr": 0.004751267162114987,
    "ElementProperty_MagpieData_maximum_GSvolume_pa": 0.0037426338360345476,
    "ElementProperty_MagpieData_mean_GSvolume_pa": 0.003184049012059159,
    "ElementProperty_MagpieData_mode_SpaceGroupNumber": 0.002823680305641198,
    "ElementProperty_MagpieData_mean_GSbandgap": 0.002808313091613924,
    "ElementFraction_Zn": 0.002526488120675251,
    "ElementProperty_MagpieData_mode_GSbandgap": 0.0024935152405098303,
    "ElementProperty_MagpieData_minimum_MeltingT": 0.0024830283269068236,
    "MEGNet_OFMEncoded_v1_68": 0.0024103408052947393,
    "ValenceOrbital_frac_d_valence_electrons": 0.002324114444176398,
    "ElementFraction_N": 0.0022844418292837384,
    "ElementProperty_MagpieData_avg_dev_GSvolume_pa": 0.0022608058225927646,
    "ElementProperty_MagpieData_maximum_CovalentRadius": 0.0021199066164644285,
    "ElementFraction_In": 0.0020051847655810735,
    "ElementProperty_MagpieData_maximum_GSbandgap": 0.00173028769064136,
    "Stoichiometry_2-norm": 0.0015136612655314357,
    "AtomicOrbitals_HOMO_energy": 0.0015023953754562491,
    "MEGNet_OFMEncoded_v1_119": 0.001424795984619313,
    "ElementFraction_Ca": 0.0014020372306334675,
    "ElementFraction_Co": 0.0013884307460808917,
    "ElementProperty_MagpieData_mode_NdValence": 0.0013371646286901033,
    "ElementProperty_MagpieData_minimum_MendeleevNumber": 0.001314342612034426,
    "Stoichiometry_7-norm": 0.0012917690061435237,
    "ElementProperty_MagpieData_mean_CovalentRadius": 0.0012573458022625713,
    "ElementProperty_MagpieData_maximum_Electronegativity": 0.0012056575697026492,
    "ElementProperty_MagpieData_maximum_NUnfilled": 0.0011721885395282986,
    "ElementProperty_MagpieData_mean_NdValence": 0.0011472132276154256
}