{
    "ElementProperty_MagpieData_mean_Column": 0.00018232658403982233,
    "GaussianSymmFunc_mean_G2_80_0": 0.00015664035006902264,
    "ElementProperty_MagpieData_mean_NpValence": 0.00014690752672811972,
    "ElementProperty_MagpieData_maximum_CovalentRadius": 0.00014174665387947432,
    "ElementFraction_S": 0.00013153860626147838,
    "ElementFraction_Ca": 0.00010630975613653753,
    "ElementProperty_MagpieData_maximum_SpaceGroupNumber": 9.212233045771445e-05,
    "ElementFraction_O": 9.173131145412563e-05,
    "ElementProperty_MagpieData_mode_CovalentRadius": 8.52768126271683e-05,
    "ElementProperty_MagpieData_maximum_Column": 8.392261065624775e-05,
    "TMetalFraction_transition_metal_fraction": 8.366547294979438e-05,
    "ElementProperty_MagpieData_avg_dev_CovalentRadius": 7.817240665197725e-05,
    "ElementProperty_MagpieData_mode_GSbandgap": 7.103677354634348e-05,
    "ElementFraction_In": 7.012444314489224e-05,
    "ElementFraction_Yb": 6.811213333928616e-05,
    "ElementFraction_Au": 5.739326417809779e-05,
    "ElementFraction_Y": 5.52547645209552e-05,
    "ElementProperty_MagpieData_mean_GSmagmom": 5.36900429811593e-05,
    "ElementProperty_MagpieData_mode_GSvolume_pa": 5.290446813299874e-05,
    "ElementProperty_MagpieData_mean_GSbandgap": 5.118593918962543e-05,
    "ElementProperty_MagpieData_minimum_NUnfilled": 4.8750120466098826e-05,
    "ElementProperty_MagpieData_minimum_CovalentRadius": 4.85331024871653e-05,
    "ElementProperty_MagpieData_minimum_MendeleevNumber": 4.731247983169879e-05,
    "MEGNet_OFMEncoded_v1_5": 4.2221688294687096e-05,
    "ElementFraction_K": 3.874686043985984e-05,
    "ElementProperty_MagpieData_minimum_GSvolume_pa": 3.872220464132041e-05,
    "ElementProperty_MagpieData_mean_NfValence": 3.862027287049611e-05,
    "ElementProperty_MagpieData_avg_dev_GSmagmom": 3.8440906843486484e-05,
    "ElementProperty_MagpieData_mode_Column": 3.6701193105058135e-05,
    "ElementFraction_Ni": 3.553576916345645e-05
}