{
    "GaussianSymmFunc_mean_G2_20_0": 0.16778363171633187,
    "AGNIFingerPrint_mean_AGNI_eta=1_23e+00": 0.16054958149165108,
    "GeneralizedRDF_mean_Gaussian_center=0_0_width=1_0": 0.07212659475281233,
    "IonProperty_avg_ionic_char": 0.047500729969408295,
    "ElementProperty_MagpieData_mean_GSvolume_pa": 0.0454578155059752,
    "ElementProperty_MagpieData_avg_dev_Electronegativity": 0.04430422270064243,
    "DensityFeatures_packing_fraction": 0.04297396322260662,
    "BondOrientationParameter_mean_BOOP_Q_l=3": 0.03260544747018384,
    "ElectronegativityDiff_mean_EN_difference": 0.030403066591847282,
    "TMetalFraction_transition_metal_fraction": 0.029384298993722198,
    "ElementProperty_MagpieData_avg_dev_CovalentRadius": 0.029372780211043933,
    "ElementProperty_MagpieData_minimum_Electronegativity": 0.028383451582383076,
    "ElementProperty_MagpieData_maximum_CovalentRadius": 0.027732482314946603,
    "LocalPropertyDifference_mean_local_difference_in_Electronegativity": 0.022688884196340832,
    "ElectronegativityDiff_minimum_EN_difference": 0.02223488433923013,
    "ElementProperty_MagpieData_minimum_Column": 0.019557798586107292,
    "ElementProperty_MagpieData_mean_GSmagmom": 0.019106656088916804,
    "ValenceOrbital_frac_p_valence_electrons": 0.01703694641799193,
    "MEGNet_OFMEncoded_v1_19": 0.016459903589105596,
    "ElementProperty_MagpieData_mode_NUnfilled": 0.016273669345510184,
    "ElementFraction_Cr": 0.014994406536732043,
    "ElementProperty_MagpieData_avg_dev_GSbandgap": 0.013793592001019784,
    "ElementProperty_MagpieData_maximum_Number": 0.01321164963751262,
    "StructuralHeterogeneity_mean_neighbor_distance_variation": 0.012622963338543073,
    "ElementProperty_MagpieData_maximum_NpUnfilled": 0.011457159266794288,
    "ElementProperty_MagpieData_avg_dev_NpValence": 0.01144809933808199,
    "Stoichiometry_2-norm": 0.011060230722199426,
    "ElementProperty_MagpieData_avg_dev_Column": 0.010659747039385912,
    "ElementProperty_MagpieData_range_GSvolume_pa": 0.010227872487715485,
    "ElementFraction_Mn": 0.009882341897083898
}