{
    "DensityFeatures_packing_fraction": 0.02394583299330097,
    "GeneralizedRDF_mean_Gaussian_center=3_0_width=1_0": 0.014600267085571581,
    "GeneralizedRDF_mean_Gaussian_center=2_0_width=1_0": 0.01269814606037327,
    "ElementProperty_MagpieData_mean_Column": 0.011506018358224197,
    "ElementProperty_MagpieData_mean_MendeleevNumber": 0.010895590798345756,
    "MaximumPackingEfficiency_max_packing_efficiency": 0.009530942353106824,
    "ElementProperty_MagpieData_mean_NdUnfilled": 0.009506198247374966,
    "TMetalFraction_transition_metal_fraction": 0.006126431309043379,
    "ElectronegativityDiff_minimum_EN_difference": 0.005238303080339526,
    "GeneralizedRDF_mean_Gaussian_center=6_0_width=1_0": 0.003936000095893447,
    "ElementProperty_MagpieData_mean_NUnfilled": 0.003879542261475132,
    "GeneralizedRDF_mean_Gaussian_center=4_0_width=1_0": 0.003810500867575221,
    "AGNIFingerPrint_mean_AGNI_eta=1_60e+01": 0.0037889854025409597,
    "ElementProperty_MagpieData_mode_MeltingT": 0.003758725032685705,
    "ElementProperty_MagpieData_avg_dev_Electronegativity": 0.003466026032557359,
    "ElementProperty_MagpieData_minimum_Column": 0.0033999428348577723,
    "ElementProperty_MagpieData_mean_GSvolume_pa": 0.0031715633660824418,
    "VoronoiFingerprint_mean_Voro_dist_maximum": 0.002977091830069579,
    "BandCenter_band_center": 0.0029134821287672766,
    "ElementProperty_MagpieData_minimum_MendeleevNumber": 0.0028779342694338584,
    "DensityFeatures_density": 0.002579838396279312,
    "ElementProperty_MagpieData_mean_NpValence": 0.002539871378919271,
    "ElectronegativityDiff_std_dev_EN_difference": 0.0020768938372435265,
    "GeneralizedRDF_mean_Gaussian_center=5_0_width=1_0": 0.002001999214421535,
    "ElectronegativityDiff_mean_EN_difference": 0.0019219352180283947,
    "BondOrientationParameter_mean_BOOP_Q_l=1": 0.001712903055271002,
    "ElementProperty_MagpieData_maximum_NUnfilled": 0.0016813730699057055,
    "BondOrientationParameter_mean_BOOP_Q_l=3": 0.0016545158113359787,
    "ElementProperty_MagpieData_minimum_Electronegativity": 0.0016301907326651977,
    "ElectronegativityDiff_range_EN_difference": 0.0015601946552670383
}