{
    "ElementProperty_MagpieData_minimum_NUnfilled": 0.0071285819550899205,
    "ElementProperty_MagpieData_mode_NUnfilled": 0.006790441107078642,
    "ElementFraction_Cu": 0.006421052940709125,
    "ElementProperty_MagpieData_maximum_GSvolume_pa": 0.004495411982275833,
    "AtomicOrbitals_LUMO_energy": 0.0044572427365921884,
    "ElementFraction_Mg": 0.003734112785967243,
    "ElementFraction_Ba": 0.0036896995873328406,
    "ElementFraction_Pt": 0.003645810928945574,
    "ElementFraction_Au": 0.003384219654816634,
    "ElementProperty_MagpieData_mode_CovalentRadius": 0.0026969940961796973,
    "ElementProperty_MagpieData_mean_NdUnfilled": 0.0026176580529221846,
    "ElementProperty_MagpieData_maximum_CovalentRadius": 0.0026116112634760416,
    "ElementProperty_MagpieData_minimum_MeltingT": 0.0026067422369218042,
    "ElementFraction_Y": 0.002552704231282683,
    "ElementProperty_MagpieData_minimum_Number": 0.002442765678435429,
    "MEGNet_OFMEncoded_v1_68": 0.0022161077283274523,
    "ElementProperty_MagpieData_mean_NUnfilled": 0.0021445541602735443,
    "ElementProperty_MagpieData_minimum_Electronegativity": 0.0019893923447699214,
    "ElementFraction_Li": 0.0019736737269929663,
    "AtomicOrbitals_HOMO_energy": 0.001807006239423355,
    "ElementFraction_K": 0.0018021757823932024,
    "ElementFraction_O": 0.001736657800990841,
    "ElementProperty_MagpieData_mode_SpaceGroupNumber": 0.0017285870325569465,
    "MEGNet_OFMEncoded_v1_172": 0.0017187811081219528,
    "ElementProperty_MagpieData_mode_MeltingT": 0.00169961823814659,
    "ElementFraction_Cd": 0.0016840603502041133,
    "ElementProperty_MagpieData_maximum_NUnfilled": 0.001663683244755131,
    "BandCenter_band_center": 0.001544548251857003,
    "ElementFraction_Be": 0.0015318514356909832,
    "ElementFraction_N": 0.0013926358582989947
}