{
    "GeneralizedRDF_mean_Gaussian_center=1_0_width=1_0": 0.0038634810196568102,
    "ElementProperty_MagpieData_mode_NUnfilled": 0.0007364115212757018,
    "GaussianSymmFunc_mean_G2_20_0": 0.0007354543887640896,
    "ElementProperty_MagpieData_mode_NpUnfilled": 0.0004967774382516833,
    "ElementProperty_MagpieData_maximum_MeltingT": 0.00044751017214950784,
    "ElementFraction_O": 0.0004286944967907959,
    "OxidationStates_std_dev_oxidation_state": 0.00036674285424274347,
    "ElementProperty_MagpieData_mean_MeltingT": 0.00031865577344284595,
    "ElementProperty_MagpieData_minimum_CovalentRadius": 0.00028519855360783326,
    "ElementProperty_MagpieData_mean_NpUnfilled": 0.000267050322903098,
    "ElementProperty_MagpieData_avg_dev_Column": 0.00025290171300487783,
    "GeneralizedRDF_mean_Gaussian_center=8_0_width=1_0": 0.00024347867691472123,
    "GeneralizedRDF_mean_Gaussian_center=5_0_width=1_0": 0.00024259721577373687,
    "ElementProperty_MagpieData_mean_Electronegativity": 0.00023577888325979147,
    "ElementProperty_MagpieData_avg_dev_MeltingT": 0.00023372513384442518,
    "AGNIFingerPrint_mean_AGNI_eta=1_23e+00": 0.00023186993148168895,
    "GeneralizedRDF_mean_Gaussian_center=2_0_width=1_0": 0.0002229339005944988,
    "ElementFraction_H": 0.00021530608074952668,
    "ElementProperty_MagpieData_avg_dev_Electronegativity": 0.00021469383410311352,
    "MEGNet_OFMEncoded_v1_87": 0.00020737602864053176,
    "ElectronegativityDiff_minimum_EN_difference": 0.00020213934523487183,
    "MEGNet_OFMEncoded_v1_6": 0.00020022890407614952,
    "TMetalFraction_transition_metal_fraction": 0.00019823243066468025,
    "MEGNet_OFMEncoded_v1_99": 0.0001828418944146529,
    "BandCenter_band_center": 0.00017179037432403442,
    "YangSolidSolution_Yang_delta": 0.00016555894721307894,
    "ElementProperty_MagpieData_mode_CovalentRadius": 0.0001493053803787676,
    "ElementProperty_MagpieData_minimum_Number": 0.0001346174368894022,
    "ElementProperty_MagpieData_mean_Column": 0.00013161991322239219,
    "AGNIFingerPrint_std_dev_AGNI_dir=x_eta=1_23e+00": 0.00012958568776452183
}