{
    "ElementFraction_Pd": 0.020253695255245792,
    "ElementFraction_F": 0.014051245694500494,
    "ElementFraction_Na": 0.013121225419251106,
    "ElementProperty_MagpieData_mean_NpUnfilled": 0.012384699475340481,
    "ElementProperty_MagpieData_mean_GSmagmom": 0.012344911075081023,
    "ElementProperty_MagpieData_mode_GSvolume_pa": 0.010739615054596882,
    "ElementProperty_MagpieData_maximum_GSvolume_pa": 0.009866789550610279,
    "ElementProperty_MagpieData_mean_GSvolume_pa": 0.009826395598701403,
    "ElementFraction_Nb": 0.009588257133092049,
    "ElementFraction_Cd": 0.009301047992439925,
    "ElementProperty_MagpieData_maximum_CovalentRadius": 0.008558282696258758,
    "ElementProperty_MagpieData_mode_Number": 0.008281833274009784,
    "ElementProperty_MagpieData_minimum_Electronegativity": 0.008148499689145283,
    "ElementFraction_Mg": 0.006366247145975918,
    "TMetalFraction_transition_metal_fraction": 0.006352299742572369,
    "ElementProperty_MagpieData_maximum_NValence": 0.006246817452081229,
    "ElementProperty_MagpieData_maximum_MendeleevNumber": 0.00607930823323535,
    "ElementProperty_MagpieData_avg_dev_GSvolume_pa": 0.0050498270580979715,
    "ElementFraction_Rh": 0.004873716657028793,
    "ElementProperty_MagpieData_mode_MendeleevNumber": 0.004864717466051767,
    "ElementFraction_K": 0.004781612765109056,
    "ElementFraction_Ag": 0.004705230533759641,
    "ElementFraction_Ni": 0.0047026683834770055,
    "ElementFraction_Mn": 0.004658655797614367,
    "ElementFraction_In": 0.004410300728564504,
    "ElementFraction_Ti": 0.004340920727706925,
    "ElementProperty_MagpieData_mode_NValence": 0.004072775346245601,
    "ElementFraction_Zn": 0.003971856740740586,
    "ElementProperty_MagpieData_minimum_MendeleevNumber": 0.0039093370248773004,
    "ElementFraction_Ge": 0.0036402311150054456
}