{
    "ElementProperty_MagpieData_mean_MeltingT": 0.030710741913754593,
    "TMetalFraction_transition_metal_fraction": 0.014907822297972103,
    "ElementProperty_MagpieData_maximum_MeltingT": 0.010489369220648985,
    "GaussianSymmFunc_mean_G4_0_005_4_0_-1_0": 0.0083360184088453,
    "VoronoiFingerprint_mean_Voro_dist_mean": 0.007984438222269939,
    "BondOrientationParameter_mean_BOOP_Q_l=3": 0.006566160630558568,
    "GeneralizedRDF_mean_Gaussian_center=1_0_width=1_0": 0.005680715665293578,
    "ElementFraction_Cu": 0.005221598016829037,
    "Miedema_Miedema_deltaH_amor": 0.00514408899766331,
    "MEGNet_OFMEncoded_v1_102": 0.00500222708692653,
    "ElementProperty_MagpieData_mean_NpValence": 0.0049152425264739,
    "ElementProperty_MagpieData_mean_Electronegativity": 0.004775169470792433,
    "ElementProperty_MagpieData_range_MeltingT": 0.004566379227647417,
    "GaussianSymmFunc_std_dev_G4_0_005_4_0_-1_0": 0.0037770845973966244,
    "ElementProperty_MagpieData_avg_dev_NpUnfilled": 0.0037612242841723936,
    "ElectronegativityDiff_minimum_EN_difference": 0.0036747127718021297,
    "ElementProperty_MagpieData_avg_dev_MeltingT": 0.0036247225166543247,
    "GaussianSymmFunc_std_dev_G2_80_0": 0.0036109822159418425,
    "ElementProperty_MagpieData_mean_MendeleevNumber": 0.0036107978046573375,
    "ElementProperty_MagpieData_mean_Row": 0.0034722131226522417,
    "GeneralizedRDF_mean_Gaussian_center=9_0_width=1_0": 0.0033630423809656636,
    "ElementProperty_MagpieData_mean_Column": 0.0033241563382465696,
    "CrystalNNFingerprint_std_dev_tetrahedral_CN_4": 0.0030462517891150583,
    "OPSiteFingerprint_mean_tetrahedral_CN_4": 0.002986974989704825,
    "ElementProperty_MagpieData_mean_GSvolume_pa": 0.0029229422990140917,
    "MaximumPackingEfficiency_max_packing_efficiency": 0.0028198046327704398,
    "BondOrientationParameter_mean_BOOP_Q_l=1": 0.0027499899204757746,
    "MEGNet_OFMEncoded_v1_104": 0.002705282376246831,
    "GaussianSymmFunc_mean_G2_20_0": 0.002635564792383884,
    "ElementProperty_MagpieData_minimum_Electronegativity": 0.002582398697158259
}