{
    "GeneralizedRDF_mean_Gaussian_center=3_0_width=1_0": 0.0013698552617742862,
    "BandCenter_band_center": 0.0007305675103094244,
    "GeneralizedRDF_mean_Gaussian_center=2_0_width=1_0": 0.0005399140960397027,
    "DensityFeatures_packing_fraction": 0.00021683770549404998,
    "ElementProperty_MagpieData_mean_NUnfilled": 0.00020827994915083043,
    "ElementProperty_MagpieData_mean_Column": 0.00015233308355085004,
    "GeneralizedRDF_mean_Gaussian_center=5_0_width=1_0": 0.00014851676571981648,
    "VoronoiFingerprint_mean_Voro_vol_maximum": 0.00013430086625220542,
    "ElementProperty_MagpieData_avg_dev_NdValence": 0.0001317077963740797,
    "ElectronegativityDiff_minimum_EN_difference": 0.0001307051328646816,
    "ElementProperty_MagpieData_mean_MendeleevNumber": 0.00013031437015749992,
    "AGNIFingerPrint_mean_AGNI_eta=1_60e+01": 0.00012267806028769154,
    "ElementProperty_MagpieData_mean_Electronegativity": 0.00011514525487269148,
    "BondOrientationParameter_mean_BOOP_Q_l=2": 9.395567266932549e-05,
    "TMetalFraction_transition_metal_fraction": 8.118400597944272e-05,
    "ElementProperty_MagpieData_avg_dev_NUnfilled": 8.048727670785763e-05,
    "OPSiteFingerprint_std_dev_tetrahedral_CN_4": 7.942770933295454e-05,
    "ElectronegativityDiff_mean_EN_difference": 7.744003093313667e-05,
    "ElementProperty_MagpieData_mean_NpValence": 7.394702709628874e-05,
    "GaussianSymmFunc_mean_G2_0_05": 7.190929859358655e-05,
    "VoronoiFingerprint_mean_Voro_dist_mean": 7.13791235979124e-05,
    "ElementProperty_MagpieData_maximum_CovalentRadius": 6.922269075613385e-05,
    "ElementProperty_MagpieData_avg_dev_MendeleevNumber": 6.39544537720819e-05,
    "ElementProperty_MagpieData_mean_MeltingT": 6.347386589793099e-05,
    "CrystalNNFingerprint_mean_tetrahedral_CN_4": 6.0659998946339415e-05,
    "ElementProperty_MagpieData_mean_NdUnfilled": 4.967260589909544e-05,
    "ElementProperty_MagpieData_minimum_NUnfilled": 4.9034563037382185e-05,
    "ChemicalOrdering_mean_ordering_parameter_shell_1": 4.8709992461852756e-05,
    "Miedema_Miedema_deltaH_amor": 4.6885275278267536e-05,
    "ElementProperty_MagpieData_mode_MendeleevNumber": 4.591137273941335e-05
}