{
    "ElementProperty_MagpieData_maximum_GSbandgap": 2.8057096629402416e-05,
    "ElementProperty_MagpieData_mode_GSbandgap": 1.8434688914559588e-05,
    "ElementFraction_Ca": 1.625349351832595e-05,
    "ElementFraction_Yb": 1.61236217857964e-05,
    "ElementFraction_In": 1.0427200662961869e-05,
    "ElementFraction_Au": 1.0162686838936929e-05,
    "ElementFraction_Pd": 8.416797055149416e-06,
    "ElementFraction_K": 8.319414586696002e-06,
    "ElementFraction_Y": 7.839006078951015e-06,
    "ElementProperty_MagpieData_mean_GSmagmom": 7.4446309749536166e-06,
    "MEGNet_OFMEncoded_v1_18": 7.273423550538101e-06,
    "ElementProperty_MagpieData_mode_SpaceGroupNumber": 7.226431573992884e-06,
    "ElementProperty_MagpieData_maximum_SpaceGroupNumber": 7.135716050288951e-06,
    "ElementFraction_F": 6.887121796679599e-06,
    "MEGNet_OFMEncoded_v1_68": 6.52484817008686e-06,
    "ElementFraction_Se": 6.269785984896437e-06,
    "ElementFraction_Mn": 6.0094674788956135e-06,
    "ElementProperty_MagpieData_maximum_NpUnfilled": 5.631483011794246e-06,
    "MEGNet_OFMEncoded_v1_167": 5.588138200105189e-06,
    "ElementProperty_MagpieData_minimum_SpaceGroupNumber": 4.941582896189565e-06,
    "ElementProperty_MagpieData_maximum_CovalentRadius": 4.792663947901238e-06,
    "ElementFraction_O": 4.644085037624419e-06,
    "ElementProperty_MagpieData_maximum_GSvolume_pa": 4.466976946902918e-06,
    "AtomicOrbitals_HOMO_element": 4.083497622866192e-06,
    "ElementFraction_Nb": 4.0095943064292255e-06,
    "ElementFraction_Gd": 4.005829597599651e-06,
    "TMetalFraction_transition_metal_fraction": 3.9059012334412574e-06,
    "MEGNet_OFMEncoded_v1_116": 3.528410432598055e-06,
    "ElementFraction_Ni": 3.348359562987835e-06,
    "ElementProperty_MagpieData_maximum_MeltingT": 3.3400257925157564e-06
}