{
    "ElementProperty_MagpieData_avg_dev_NpValence": 0.04455768252986202,
    "ElementProperty_MagpieData_mean_NUnfilled": 0.02276698595426198,
    "OPSiteFingerprint_mean_body-centered_cubic_CN_8": 0.019975986485966865,
    "ElementProperty_MagpieData_maximum_MendeleevNumber": 0.019600013005777926,
    "ElementProperty_MagpieData_range_NdValence": 0.018144518639697564,
    "ElementProperty_MagpieData_mean_GSvolume_pa": 0.017089376660300276,
    "ValenceOrbital_frac_p_valence_electrons": 0.016802806407718293,
    "ElementFraction_Mn": 0.01587606777113063,
    "CoordinationNumber_std_dev_CN_VoronoiNN": 0.015052217260009706,
    "ElementProperty_MagpieData_mode_NdUnfilled": 0.014136389530952401,
    "CrystalNNFingerprint_mean_wt_CN_14": 0.014076351167365416,
    "ElementProperty_MagpieData_mean_Column": 0.013795320430650296,
    "ElementProperty_MagpieData_maximum_MeltingT": 0.013757235938134911,
    "ElementProperty_MagpieData_mean_NpValence": 0.01374566920869884,
    "AtomicOrbitals_HOMO_element": 0.01301733684265791,
    "Miedema_Miedema_deltaH_amor": 0.012834267902088957,
    "ElementProperty_MagpieData_mean_CovalentRadius": 0.01238889335722822,
    "GaussianSymmFunc_mean_G2_20_0": 0.01237872368860858,
    "ElementProperty_MagpieData_range_MeltingT": 0.010814841311046146,
    "ElementProperty_MagpieData_mode_MendeleevNumber": 0.010568539574980383,
    "ElementProperty_MagpieData_mean_NValence": 0.010519359011791607,
    "ElementProperty_MagpieData_mean_MendeleevNumber": 0.010301002187084152,
    "ElectronegativityDiff_minimum_EN_difference": 0.009944158630823666,
    "MEGNet_OFMEncoded_v1_100": 0.009864072313356585,
    "TMetalFraction_transition_metal_fraction": 0.009752708299464351,
    "ElementProperty_MagpieData_mean_NdUnfilled": 0.009674149661208975,
    "ElementProperty_MagpieData_mean_Row": 0.009442908951619965,
    "ElementProperty_MagpieData_avg_dev_CovalentRadius": 0.009422941851056799,
    "VoronoiFingerprint_mean_Voro_index_5": 0.009386926061948771,
    "YangSolidSolution_Yang_omega": 0.009287047004247205
}