{
    "TMetalFraction_transition_metal_fraction": 0.03403533274812232,
    "ElementProperty_MagpieData_avg_dev_NpValence": 0.020598243055548266,
    "BondOrientationParameter_mean_BOOP_Q_l=2": 0.01836914935682268,
    "GeneralizedRDF_mean_Gaussian_center=0_0_width=1_0": 0.013247826679520828,
    "ElementProperty_MagpieData_mean_NdUnfilled": 0.010519003735873483,
    "AGNIFingerPrint_mean_AGNI_eta=8_00e-01": 0.009831841905089591,
    "ElementProperty_MagpieData_mode_GSbandgap": 0.008567718132173614,
    "ElementProperty_MagpieData_mean_CovalentRadius": 0.00807258808318419,
    "ElementProperty_MagpieData_maximum_GSvolume_pa": 0.007799834894316396,
    "ElementProperty_MagpieData_minimum_CovalentRadius": 0.007527217655079062,
    "ElementFraction_Mn": 0.00747065455260955,
    "ElementProperty_MagpieData_maximum_SpaceGroupNumber": 0.007344122713575703,
    "ElementProperty_MagpieData_minimum_MeltingT": 0.006725974216077822,
    "BandCenter_band_center": 0.006629697439086397,
    "AGNIFingerPrint_std_dev_AGNI_eta=1_23e+00": 0.0063259843539258615,
    "ElectronegativityDiff_minimum_EN_difference": 0.006055682541383154,
    "AGNIFingerPrint_mean_AGNI_eta=1_23e+00": 0.005987550841050213,
    "CrystalNNFingerprint_mean_trigonal_planar_CN_3": 0.005650245160668026,
    "BondOrientationParameter_mean_BOOP_Q_l=1": 0.005581839242183669,
    "ElementProperty_MagpieData_mean_Column": 0.005247564750585416,
    "OPSiteFingerprint_mean_bent_150_degrees_CN_2": 0.005120183290226806,
    "ElementProperty_MagpieData_avg_dev_CovalentRadius": 0.005052060755196141,
    "ElementProperty_MagpieData_mode_NUnfilled": 0.0048812888137531206,
    "ElementProperty_MagpieData_mode_MeltingT": 0.004811452576947977,
    "ElementProperty_MagpieData_maximum_NUnfilled": 0.004763078558893022,
    "YangSolidSolution_Yang_delta": 0.004668126884938071,
    "OxidationStates_std_dev_oxidation_state": 0.004488131497553438,
    "ElectronegativityDiff_maximum_EN_difference": 0.004262245183597177,
    "ElementProperty_MagpieData_mean_NUnfilled": 0.004248445164593841,
    "ElementProperty_MagpieData_mean_NpUnfilled": 0.004240825183685465
}