{
    "AGNIFingerPrint_mean_AGNI_eta=8_00e-01": 0.0006384037888146868,
    "ElementProperty_MagpieData_maximum_CovalentRadius": 0.0006094761266125908,
    "ElementProperty_MagpieData_maximum_SpaceGroupNumber": 0.0005273244778678626,
    "ElementFraction_Ca": 0.0004949265500361713,
    "GaussianSymmFunc_mean_G2_80_0": 0.00048531013678529585,
    "ElementProperty_MagpieData_mean_NpValence": 0.0003374838556429512,
    "ElementFraction_F": 0.00033361355650449333,
    "ElementFraction_In": 0.00032469037299172234,
    "ElementFraction_Yb": 0.00030976109203005743,
    "ElementProperty_MagpieData_mean_CovalentRadius": 0.00029094320438968275,
    "ElementFraction_Y": 0.0002679125106684214,
    "ElementFraction_Ni": 0.00025804990513495727,
    "ElementProperty_MagpieData_maximum_GSbandgap": 0.0002499083151445737,
    "ElementProperty_MagpieData_mean_Column": 0.00024570596378063704,
    "ElementFraction_Au": 0.0002448706418530413,
    "ElementProperty_MagpieData_mean_GSmagmom": 0.00023787286454715926,
    "ElementFraction_S": 0.00023236474969095625,
    "TMetalFraction_transition_metal_fraction": 0.0002312180757459747,
    "ElementProperty_MagpieData_mode_SpaceGroupNumber": 0.00022762946278552277,
    "ElementProperty_MagpieData_avg_dev_CovalentRadius": 0.00022433850158020565,
    "ElementProperty_MagpieData_mode_Number": 0.00020674664256734368,
    "ElementProperty_MagpieData_avg_dev_NpValence": 0.00018526319455464704,
    "ElementProperty_MagpieData_mode_GSbandgap": 0.00016512921177417109,
    "ElementProperty_MagpieData_maximum_MendeleevNumber": 0.00016090929487502846,
    "ElementProperty_MagpieData_mode_NValence": 0.0001467360886348142,
    "ElementProperty_MagpieData_mode_MeltingT": 0.00014271338134258068,
    "ElementFraction_Al": 0.0001422845180593536,
    "ElementProperty_MagpieData_mode_GSvolume_pa": 0.0001384222760932132,
    "GeneralizedRDF_mean_Gaussian_center=0_0_width=1_0": 0.00013505092679704295,
    "ElementFraction_K": 0.00013390694345219735
}