{
    "GaussianSymmFunc_mean_G2_80_0": 0.0005071027307595542,
    "ElementProperty_MagpieData_mean_Column": 0.0004840393108488124,
    "ElementProperty_MagpieData_mean_NpValence": 0.0003394359432869235,
    "ElementProperty_MagpieData_maximum_CovalentRadius": 0.00029028785464323294,
    "ElementFraction_Ca": 0.0002693033105908766,
    "ElementProperty_MagpieData_mean_GSmagmom": 0.0002638400883413407,
    "ElementFraction_S": 0.00026021330173813163,
    "ElementFraction_Yb": 0.00020032301104651329,
    "ElementProperty_MagpieData_maximum_MendeleevNumber": 0.00018566503864665663,
    "ElementFraction_In": 0.00018140156454519998,
    "ElementProperty_MagpieData_maximum_SpaceGroupNumber": 0.00018086574756506112,
    "ElementProperty_MagpieData_minimum_NUnfilled": 0.00018074334082507473,
    "ElementProperty_MagpieData_mode_GSbandgap": 0.00016098989151783257,
    "ElementProperty_MagpieData_mode_GSvolume_pa": 0.00015312000871500026,
    "ElementFraction_Au": 0.00015126561543543982,
    "ElementProperty_MagpieData_mean_CovalentRadius": 0.0001409872022511459,
    "ElementProperty_MagpieData_mode_CovalentRadius": 0.0001389077458728937,
    "MEGNet_OFMEncoded_v1_93": 0.00013360039948128298,
    "TMetalFraction_transition_metal_fraction": 0.00013346435509883054,
    "ElementFraction_Y": 0.0001298071587838188,
    "ElementProperty_MagpieData_mean_GSbandgap": 0.0001298067580378389,
    "ElementProperty_MagpieData_avg_dev_CovalentRadius": 0.00011606384221593193,
    "ElementProperty_MagpieData_range_CovalentRadius": 0.00010874167311361931,
    "MEGNet_OFMEncoded_v1_5": 0.00010662829575454658,
    "ElementFraction_O": 0.00010633618391361323,
    "ElementFraction_K": 0.00010209567421387507,
    "YangSolidSolution_Yang_delta": 0.00010177046184047915,
    "AGNIFingerPrint_mean_AGNI_eta=8_00e-01": 9.979537142669209e-05,
    "ElementProperty_MagpieData_minimum_MendeleevNumber": 9.558706998354768e-05,
    "MEGNet_OFMEncoded_v1_24": 8.946697561842451e-05
}