{
    "ElementProperty_MagpieData_mode_CovalentRadius": 0.7582659943346046,
    "ElementProperty_MagpieData_minimum_CovalentRadius": 0.3695524864862447,
    "ElementProperty_MagpieData_mean_NpUnfilled": 0.2664592099555161,
    "AGNIFingerPrint_mean_AGNI_eta=8_00e-01": 0.16357864507633757,
    "ElementProperty_MagpieData_mean_Electronegativity": 0.1354996225746215,
    "ElementProperty_MagpieData_mean_NsValence": 0.10933105633960569,
    "ElementProperty_MagpieData_mean_MeltingT": 0.07865549860988066,
    "GeneralizedRDF_mean_Gaussian_center=3_0_width=1_0": 0.07657307370246902,
    "ElementProperty_MagpieData_avg_dev_NdValence": 0.0681852809302734,
    "MEGNet_OFMEncoded_v1_134": 0.068070296108492,
    "GeneralizedRDF_mean_Gaussian_center=6_0_width=1_0": 0.06721976978345065,
    "GeneralizedRDF_mean_Gaussian_center=1_0_width=1_0": 0.06625263271792617,
    "ElementProperty_MagpieData_avg_dev_Column": 0.06458003464638096,
    "ElementProperty_MagpieData_maximum_NdValence": 0.06382573259508062,
    "GeneralizedRDF_mean_Gaussian_center=2_0_width=1_0": 0.061882461961732,
    "AGNIFingerPrint_std_dev_AGNI_dir=z_eta=1_23e+00": 0.06045050795671178,
    "AverageBondLength_mean_Average_bond_length": 0.05667414468004341,
    "ElementProperty_MagpieData_mean_NpValence": 0.05642418583906507,
    "ElementProperty_MagpieData_mode_Number": 0.05580147369222578,
    "MEGNet_OFMEncoded_v1_87": 0.05127294286816094,
    "ElementProperty_MagpieData_mean_NUnfilled": 0.04938596837938304,
    "BondOrientationParameter_mean_BOOP_Q_l=1": 0.04824891793613804,
    "MEGNet_OFMEncoded_v1_79": 0.0472087158931526,
    "ElementProperty_MagpieData_maximum_Electronegativity": 0.046388299782791416,
    "ElementProperty_MagpieData_maximum_NpUnfilled": 0.04459547751127858,
    "ElementProperty_MagpieData_mean_GSbandgap": 0.0445202271729182,
    "ElementProperty_MagpieData_mode_GSvolume_pa": 0.042834886240895556,
    "TMetalFraction_transition_metal_fraction": 0.042204713661469606,
    "BandCenter_band_center": 0.042022378037913775,
    "GaussianSymmFunc_mean_G4_0_005_1_0_1_0": 0.04074389882560209
}