{
    "ElectronegativityDiff_minimum_EN_difference": 0.4112130785952376,
    "ElementProperty_MagpieData_maximum_NdValence": 0.15380846493511677,
    "ElementProperty_MagpieData_mean_Electronegativity": 0.14556265515799724,
    "ElementProperty_MagpieData_avg_dev_GSmagmom": 0.12866821963525152,
    "MEGNet_OFMEncoded_v1_111": 0.09991198534447217,
    "ElementProperty_MagpieData_mean_GSbandgap": 0.09486026475618169,
    "ElementProperty_MagpieData_mean_GSvolume_pa": 0.08685289199799882,
    "BondFractions_Fe_-_O_bond_frac_": 0.08326243712526202,
    "ElementProperty_MagpieData_mean_NdValence": 0.07804554545492522,
    "TMetalFraction_transition_metal_fraction": 0.07127177014393205,
    "BondFractions_O_-_W_bond_frac_": 0.0670399364512815,
    "ElementProperty_MagpieData_maximum_MeltingT": 0.0645929420479638,
    "ElementProperty_MagpieData_avg_dev_NsValence": 0.06364126999124321,
    "ElementProperty_MagpieData_maximum_NUnfilled": 0.05334043222812136,
    "OxidationStates_minimum_oxidation_state": 0.050210099533083814,
    "ElementProperty_MagpieData_mean_NdUnfilled": 0.04760058740461037,
    "ElementProperty_MagpieData_avg_dev_CovalentRadius": 0.04750105348554463,
    "Stoichiometry_3-norm": 0.046882589148025414,
    "ElementProperty_MagpieData_range_SpaceGroupNumber": 0.04324051344796024,
    "ElementProperty_MagpieData_maximum_NValence": 0.0430282176066046,
    "MEGNet_OFMEncoded_v1_180": 0.042947838674937136,
    "GaussianSymmFunc_mean_G2_20_0": 0.039752584458047815,
    "ElementProperty_MagpieData_mean_Column": 0.038909472457431996,
    "BondFractions_Ni_-_O_bond_frac_": 0.03842261759178709,
    "BandCenter_band_center": 0.03713748794899538,
    "ElementFraction_S": 0.03552502702565258,
    "MEGNet_OFMEncoded_v1_97": 0.0347156027857378,
    "ElementProperty_MagpieData_minimum_Electronegativity": 0.03420268460743997,
    "ElementProperty_MagpieData_minimum_GSvolume_pa": 0.03312551077933753,
    "MEGNet_OFMEncoded_v1_27": 0.032606105811678374
}