{
    "ElementProperty_MagpieData_mean_Electronegativity": 0.2056658719011925,
    "MEGNet_OFMEncoded_v1_172": 0.13301943597909804,
    "BandCenter_band_center": 0.11971475989560466,
    "MEGNet_OFMEncoded_v1_82": 0.09164223561282085,
    "ElementProperty_MagpieData_mode_NUnfilled": 0.04319514221125588,
    "ElementProperty_MagpieData_mean_Column": 0.0404063876775427,
    "MEGNet_OFMEncoded_v1_55": 0.03999521893295362,
    "ElementProperty_MagpieData_mean_CovalentRadius": 0.03568988010417403,
    "ElementProperty_MagpieData_mean_MeltingT": 0.02867998460464622,
    "ElementProperty_MagpieData_maximum_MendeleevNumber": 0.028293687053545902,
    "ElementProperty_MagpieData_maximum_MeltingT": 0.026164734935675796,
    "ElementProperty_MagpieData_mean_NpValence": 0.024588806559714294,
    "ElementProperty_MagpieData_mean_NdValence": 0.024077852313930045,
    "MEGNet_OFMEncoded_v1_147": 0.020113605529345886,
    "MEGNet_OFMEncoded_v1_166": 0.01839108702727608,
    "ElementProperty_MagpieData_maximum_GSbandgap": 0.01747849509186179,
    "TMetalFraction_transition_metal_fraction": 0.01685480540031251,
    "ElementProperty_MagpieData_mean_NsValence": 0.015396054182850092,
    "ElementProperty_MagpieData_maximum_NdValence": 0.014261696075147821,
    "ElementProperty_MagpieData_mean_NpUnfilled": 0.013998767060265802,
    "ElementProperty_MagpieData_mode_MeltingT": 0.013547810120224896,
    "GeneralizedRDF_mean_Gaussian_center=3_0_width=1_0": 0.013489776400125124,
    "ElectronegativityDiff_minimum_EN_difference": 0.013374304989295826,
    "ElementProperty_MagpieData_avg_dev_NdValence": 0.012090497172283934,
    "VoronoiFingerprint_std_dev_Voro_dist_minimum": 0.011647128049772616,
    "ElementProperty_MagpieData_range_NdValence": 0.011443034795342616,
    "CoordinationNumber_std_dev_CN_VoronoiNN": 0.011347665835989808,
    "MEGNet_OFMEncoded_v1_84": 0.01105647792835484,
    "MaximumPackingEfficiency_max_packing_efficiency": 0.01097997977287366,
    "ElementProperty_MagpieData_range_MeltingT": 0.01097318317806252
}