{
    "ElementProperty_MagpieData_mean_NsValence": 0.01854752359644389,
    "ElementFraction_Fe": 0.017118934837435235,
    "ElementProperty_MagpieData_maximum_GSvolume_pa": 0.011778403669905839,
    "ElementProperty_MagpieData_maximum_MeltingT": 0.008746269245548999,
    "ElementProperty_MagpieData_mode_MeltingT": 0.008711145227868096,
    "ElementFraction_V": 0.008220837889358087,
    "ElementProperty_MagpieData_maximum_MendeleevNumber": 0.005956275489506143,
    "ElementFraction_Y": 0.005623701165649978,
    "ElementFraction_Ga": 0.0056211922006212285,
    "ElementFraction_Mn": 0.005460200773628464,
    "ElementFraction_Pt": 0.00490690394483508,
    "ElementFraction_Al": 0.004446061878254414,
    "ElementProperty_MagpieData_maximum_GSbandgap": 0.004388926015244914,
    "ElementFraction_Nb": 0.004248368320115089,
    "ElementFraction_Ba": 0.003950458600178252,
    "ElementFraction_Ge": 0.003935065132380172,
    "ElementFraction_Se": 0.003832787131448289,
    "ElementFraction_Pb": 0.0038109215285206323,
    "ElementProperty_MagpieData_maximum_NdUnfilled": 0.003756890313197249,
    "ElementFraction_Ca": 0.0035791152943005222,
    "ElementProperty_MagpieData_maximum_NUnfilled": 0.0034634298742567543,
    "ElementProperty_MagpieData_mode_CovalentRadius": 0.0034103353278969037,
    "ElementProperty_MagpieData_maximum_CovalentRadius": 0.003368461685907034,
    "ElementProperty_MagpieData_mode_GSvolume_pa": 0.0031121043672097106,
    "ElementFraction_I": 0.0030396069301929832,
    "ElementFraction_Cu": 0.0030209376381208548,
    "ElementFraction_Te": 0.0029333469912728727,
    "ElementProperty_MagpieData_minimum_Number": 0.0026483995663295883,
    "MEGNet_OFMEncoded_v1_93": 0.002554755563849134,
    "ElementProperty_MagpieData_mode_Electronegativity": 0.002513220238933072
}