{
    "BondOrientationParameter_mean_BOOP_Q_l=1": 0.013262472468800907,
    "BandCenter_band_center": 0.008879482094483809,
    "ElementProperty_MagpieData_mean_MendeleevNumber": 0.006895541449415571,
    "AGNIFingerPrint_std_dev_AGNI_dir=z_eta=1_23e+00": 0.006175665616540484,
    "ElementProperty_MagpieData_mean_Column": 0.005552800979713258,
    "ElementProperty_MagpieData_avg_dev_GSmagmom": 0.005251255151574964,
    "ElementProperty_MagpieData_avg_dev_SpaceGroupNumber": 0.005080860961069942,
    "VoronoiFingerprint_mean_Voro_area_std_dev": 0.004929181739883129,
    "ElementProperty_MagpieData_minimum_NUnfilled": 0.004748838942072251,
    "ElementProperty_MagpieData_mean_GSbandgap": 0.004482025381270499,
    "TMetalFraction_transition_metal_fraction": 0.004439690422878587,
    "CrystalNNFingerprint_mean_linear_CN_2": 0.004265481655621718,
    "ElementProperty_MagpieData_mean_MeltingT": 0.004252665886571598,
    "ElectronegativityDiff_minimum_EN_difference": 0.003913907227192478,
    "ElementProperty_MagpieData_mean_GSvolume_pa": 0.0035234425307233645,
    "YangSolidSolution_Yang_omega": 0.0034933426366959568,
    "StructuralHeterogeneity_mean_absolute_deviation_in_relative_bond_length": 0.0034320826262129018,
    "ElementProperty_MagpieData_mean_GSmagmom": 0.0033544196248369938,
    "OPSiteFingerprint_mean_trigonal_planar_CN_3": 0.003346890279962684,
    "MEGNet_OFMEncoded_v1_93": 0.0033443094504413077,
    "OPSiteFingerprint_std_dev_square_co-planar_CN_4": 0.003337121613818401,
    "ElementProperty_MagpieData_mean_NpValence": 0.003306163091271543,
    "ElementProperty_MagpieData_avg_dev_CovalentRadius": 0.003248014315302842,
    "ElementProperty_MagpieData_minimum_Electronegativity": 0.0032391813121929233,
    "ElementProperty_MagpieData_mode_NUnfilled": 0.0030900578879699755,
    "MaximumPackingEfficiency_max_packing_efficiency": 0.0030838853166930947,
    "MEGNet_OFMEncoded_v1_71": 0.0029577485995164092,
    "DensityFeatures_packing_fraction": 0.0028048784822687824,
    "ElementProperty_MagpieData_minimum_Number": 0.0027948550677775494,
    "CrystalNNFingerprint_mean_octahedral_CN_6": 0.0026683746160248243
}