{
    "ElementProperty_MagpieData_mode_MeltingT": 1.2116127385882283,
    "ElementProperty_MagpieData_minimum_CovalentRadius": 0.4279944314128245,
    "ElementProperty_MagpieData_maximum_NdValence": 0.3507641136602551,
    "ElementProperty_MagpieData_minimum_MeltingT": 0.34886859341000964,
    "ElementProperty_MagpieData_avg_dev_Electronegativity": 0.2786533529075883,
    "ElementProperty_MagpieData_mean_GSvolume_pa": 0.24710705389881815,
    "ElementProperty_MagpieData_mean_NpUnfilled": 0.18394393070614543,
    "GeneralizedRDF_mean_Gaussian_center=2_0_width=1_0": 0.17049978021848428,
    "MEGNet_OFMEncoded_v1_122": 0.1544629620864615,
    "ElementProperty_MagpieData_mode_Number": 0.14627366773170178,
    "ElementProperty_MagpieData_range_CovalentRadius": 0.13363512530202573,
    "ElementProperty_MagpieData_avg_dev_NdValence": 0.1280657392501166,
    "ValenceOrbital_frac_d_valence_electrons": 0.12371644736497571,
    "ElementProperty_MagpieData_mean_MendeleevNumber": 0.11952758416244907,
    "IonProperty_avg_ionic_char": 0.11073759698373625,
    "GaussianSymmFunc_mean_G2_20_0": 0.10259776163716827,
    "GeneralizedRDF_mean_Gaussian_center=3_0_width=1_0": 0.09521016525334916,
    "ElementProperty_MagpieData_maximum_MendeleevNumber": 0.09383790295456307,
    "ElementProperty_MagpieData_mean_NdValence": 0.09326138694210008,
    "ElementProperty_MagpieData_mean_NpValence": 0.0904675825051854,
    "ElectronegativityDiff_minimum_EN_difference": 0.0872825185061498,
    "ElementProperty_MagpieData_avg_dev_CovalentRadius": 0.08056265888566203,
    "ElementFraction_S": 0.07861779802173653,
    "GeneralizedRDF_mean_Gaussian_center=1_0_width=1_0": 0.07416189545224497,
    "ElementProperty_MagpieData_avg_dev_MeltingT": 0.07161792304294518,
    "ElementProperty_MagpieData_minimum_GSvolume_pa": 0.06785417678507784,
    "ElementProperty_MagpieData_avg_dev_Row": 0.06625675017077763,
    "ElementProperty_MagpieData_mean_CovalentRadius": 0.05881260197308244,
    "MaximumPackingEfficiency_max_packing_efficiency": 0.05700444474377372,
    "BondOrientationParameter_mean_BOOP_Q_l=2": 0.05668179010660402
}