{
    "ElementProperty_MagpieData_maximum_Electronegativity": 0.5528194946222965,
    "ElementProperty_MagpieData_mean_Electronegativity": 0.43645807696505867,
    "MaximumPackingEfficiency_max_packing_efficiency": 0.2013083901461871,
    "ElementProperty_MagpieData_avg_dev_NpValence": 0.18164474763523453,
    "ElementProperty_MagpieData_mode_MeltingT": 0.15707083661616902,
    "GeneralizedRDF_mean_Gaussian_center=2_0_width=1_0": 0.15665366574923237,
    "ElementProperty_MagpieData_mean_MeltingT": 0.1535913465855795,
    "MEGNet_OFMEncoded_v1_166": 0.13827834982111048,
    "GeneralizedRDF_mean_Gaussian_center=3_0_width=1_0": 0.13753816574616093,
    "ElementProperty_MagpieData_mean_NpValence": 0.0871010953804373,
    "AtomicOrbitals_HOMO_energy": 0.08002215514775222,
    "GaussianSymmFunc_mean_G2_80_0": 0.0784860246693716,
    "ElementProperty_MagpieData_mean_NpUnfilled": 0.07325432776978655,
    "AGNIFingerPrint_std_dev_AGNI_dir=z_eta=8_00e-01": 0.06946424478056014,
    "ElementProperty_MagpieData_avg_dev_NUnfilled": 0.06531471646729382,
    "AtomicOrbitals_LUMO_energy": 0.06259010577097548,
    "ElementProperty_MagpieData_mean_GSmagmom": 0.05468905998805051,
    "AGNIFingerPrint_std_dev_AGNI_dir=x_eta=8_00e-01": 0.049641879142763815,
    "DensityFeatures_packing_fraction": 0.04443981975375392,
    "VoronoiFingerprint_mean_Voro_area_maximum": 0.043573822361793677,
    "VoronoiFingerprint_mean_Voro_dist_std_dev": 0.039616079169231336,
    "ElementProperty_MagpieData_avg_dev_Electronegativity": 0.036492130791061096,
    "ElementFraction_O": 0.036051758872401335,
    "ElementProperty_MagpieData_maximum_MeltingT": 0.03468003132720225,
    "MEGNet_OFMEncoded_v1_87": 0.03220129030468602,
    "ElementProperty_MagpieData_mean_MendeleevNumber": 0.0313391818114905,
    "ElementProperty_MagpieData_mode_Electronegativity": 0.029010248043456692,
    "MEGNet_OFMEncoded_v1_148": 0.02877692514289,
    "AGNIFingerPrint_std_dev_AGNI_dir=z_eta=1_23e+00": 0.026915937355167934,
    "AGNIFingerPrint_std_dev_AGNI_dir=x_eta=1_23e+00": 0.025721121548701945
}