{
    "ElementProperty_MagpieData_mean_NpValence": 0.0014703091079108662,
    "ElementProperty_MagpieData_mean_Column": 0.0012859232755841016,
    "ElementProperty_MagpieData_maximum_SpaceGroupNumber": 0.001235698298733875,
    "ElementProperty_MagpieData_maximum_CovalentRadius": 0.0010806550874081816,
    "ElementFraction_S": 0.0010756719925036973,
    "GaussianSymmFunc_mean_G2_80_0": 0.0010698756416487375,
    "ElementProperty_MagpieData_mean_CovalentRadius": 0.0010459925628086668,
    "ElementFraction_Ca": 0.0009712235758546573,
    "ElementFraction_Au": 0.0008618243927837909,
    "ElementProperty_MagpieData_mode_GSbandgap": 0.0007608269631935384,
    "ElementProperty_MagpieData_minimum_CovalentRadius": 0.0007539508703342065,
    "ElementProperty_MagpieData_mean_GSmagmom": 0.0007275059335253837,
    "ElementFraction_Yb": 0.0006760300810096664,
    "ElementProperty_MagpieData_mode_GSvolume_pa": 0.00065830307825561,
    "ElementProperty_MagpieData_mode_Number": 0.0006427232480391984,
    "ElementFraction_In": 0.0006304708999850862,
    "AGNIFingerPrint_mean_AGNI_eta=8_00e-01": 0.0005895322580904709,
    "ElementFraction_Pd": 0.0005586407868025222,
    "ElementFraction_Y": 0.0005571422594009827,
    "ElementProperty_MagpieData_avg_dev_CovalentRadius": 0.00046195321915321004,
    "ElementProperty_MagpieData_maximum_MendeleevNumber": 0.00044307024556570655,
    "GeneralizedRDF_mean_Gaussian_center=0_0_width=1_0": 0.00041329369670029046,
    "ElementProperty_MagpieData_mode_MeltingT": 0.00039636927438859603,
    "ElementProperty_MagpieData_mode_CovalentRadius": 0.00039088834618182994,
    "ValenceOrbital_frac_p_valence_electrons": 0.00038397363537631256,
    "ElementProperty_MagpieData_mean_NpUnfilled": 0.00036852982152607344,
    "ElementProperty_MagpieData_maximum_GSbandgap": 0.00035302501662826477,
    "ElementProperty_MagpieData_maximum_Electronegativity": 0.00032486327709413,
    "MEGNet_OFMEncoded_v1_5": 0.00032260344682089005,
    "ElementFraction_K": 0.0002953934822062065
}