{
    "GeneralizedRDF_mean_Gaussian_center=3_0_width=1_0": 0.0012856592378253661,
    "BandCenter_band_center": 0.0006619516818433845,
    "GeneralizedRDF_mean_Gaussian_center=2_0_width=1_0": 0.0005049644830065458,
    "DensityFeatures_packing_fraction": 0.00020661930406995707,
    "ElementProperty_MagpieData_mean_NUnfilled": 0.0001568822431853036,
    "ElementProperty_MagpieData_mean_Column": 0.00015318644337636826,
    "VoronoiFingerprint_mean_Voro_vol_maximum": 0.00013068558388332896,
    "GeneralizedRDF_mean_Gaussian_center=5_0_width=1_0": 0.00012345201323633328,
    "ElementProperty_MagpieData_mean_MendeleevNumber": 0.0001229267491336231,
    "AGNIFingerPrint_mean_AGNI_eta=1_60e+01": 0.0001185331204417391,
    "ElectronegativityDiff_minimum_EN_difference": 0.00010802377559503723,
    "BondOrientationParameter_mean_BOOP_Q_l=2": 0.00010346274252518148,
    "ElementProperty_MagpieData_mean_MeltingT": 0.0001026802475910477,
    "ElementProperty_MagpieData_mean_Electronegativity": 0.00010152543254218275,
    "ElectronegativityDiff_mean_EN_difference": 9.803898165578117e-05,
    "ElementProperty_MagpieData_avg_dev_NUnfilled": 9.699657869841676e-05,
    "ElementProperty_MagpieData_avg_dev_NdValence": 9.186511128891168e-05,
    "GaussianSymmFunc_mean_G2_0_05": 8.871301253520556e-05,
    "ElementProperty_MagpieData_mean_NpValence": 8.670658445082796e-05,
    "VoronoiFingerprint_mean_Voro_dist_mean": 7.809779119935157e-05,
    "ElementProperty_MagpieData_maximum_CovalentRadius": 7.692504340068462e-05,
    "TMetalFraction_transition_metal_fraction": 7.599268276235956e-05,
    "CrystalNNFingerprint_mean_tetrahedral_CN_4": 7.503460945894134e-05,
    "OPSiteFingerprint_std_dev_tetrahedral_CN_4": 6.99454325878439e-05,
    "MaximumPackingEfficiency_max_packing_efficiency": 5.96230737751414e-05,
    "ElementProperty_MagpieData_avg_dev_MendeleevNumber": 5.7137805550720196e-05,
    "ElementProperty_MagpieData_avg_dev_SpaceGroupNumber": 5.5048156911188306e-05,
    "ChemicalOrdering_mean_ordering_parameter_shell_1": 5.199529236261088e-05,
    "ElementProperty_MagpieData_minimum_Number": 4.81984896366762e-05,
    "OPSiteFingerprint_mean_tetrahedral_CN_4": 4.513194547568011e-05
}