{
    "ElementProperty_MagpieData_mode_Electronegativity": 0.03422458326716568,
    "ElementProperty_MagpieData_maximum_MendeleevNumber": 0.014703926118357758,
    "ElementProperty_MagpieData_mode_MendeleevNumber": 0.011654012854012583,
    "ElementProperty_MagpieData_maximum_NpUnfilled": 0.011178000191787558,
    "ElementFraction_Cu": 0.010532457172069059,
    "ElementProperty_MagpieData_maximum_Electronegativity": 0.009596735262024732,
    "ElementProperty_MagpieData_maximum_Number": 0.00923882265545307,
    "ElementProperty_MagpieData_maximum_MeltingT": 0.008810590697312132,
    "MEGNet_OFMEncoded_v1_55": 0.008162777260441264,
    "ElementFraction_Cr": 0.00781704335621114,
    "ElementProperty_MagpieData_minimum_NUnfilled": 0.006486734021785758,
    "ElementFraction_P": 0.006181760921957632,
    "ElementFraction_H": 0.005588224529288431,
    "ElementFraction_K": 0.005446120424625285,
    "ElementFraction_Ta": 0.005193425359446824,
    "ElementFraction_Pd": 0.004970020939907262,
    "ElementProperty_MagpieData_mean_GSmagmom": 0.004360031271122907,
    "IonProperty_avg_ionic_char": 0.004299197291431058,
    "MEGNet_OFMEncoded_v1_93": 0.004101500900117687,
    "ElementProperty_MagpieData_mode_MeltingT": 0.003960912216554205,
    "ElementFraction_Na": 0.003861270855395854,
    "ElementFraction_Ti": 0.003858268603050736,
    "ElementProperty_MagpieData_minimum_GSvolume_pa": 0.0036334971832711308,
    "ElementProperty_MagpieData_minimum_MeltingT": 0.003622983564288897,
    "ElementFraction_Mn": 0.0035413087185359065,
    "ElementProperty_MagpieData_mean_NpUnfilled": 0.003383320584029585,
    "ElementProperty_MagpieData_minimum_SpaceGroupNumber": 0.0032377490169932183,
    "MEGNet_OFMEncoded_v1_75": 0.003210076867122753,
    "ElementFraction_Au": 0.003179169614292149,
    "ElementFraction_N": 0.003005158372705863
}