{
    "ElementProperty_MagpieData_mean_NpValence": 0.06903108238874307,
    "ValenceOrbital_frac_p_valence_electrons": 0.03910212815433691,
    "TMetalFraction_transition_metal_fraction": 0.023194023872227704,
    "AtomicOrbitals_HOMO_energy": 0.02235055144025478,
    "ElementProperty_MagpieData_avg_dev_NdUnfilled": 0.022278308244863255,
    "ElementProperty_MagpieData_mode_MendeleevNumber": 0.016446117465525684,
    "ElementProperty_MagpieData_range_MeltingT": 0.014128790934424176,
    "OxidationStates_std_dev_oxidation_state": 0.013798000645554287,
    "CrystalNNFingerprint_std_dev_wt_CN_6": 0.013214555529628195,
    "ElementFraction_O": 0.013106223048096478,
    "ElementProperty_MagpieData_mode_NUnfilled": 0.012158845290790322,
    "ElementProperty_MagpieData_mean_NpUnfilled": 0.012140307420208465,
    "ElementProperty_MagpieData_minimum_MendeleevNumber": 0.01199253390200338,
    "ElementProperty_MagpieData_maximum_NUnfilled": 0.01138194713756571,
    "BondOrientationParameter_mean_BOOP_Q_l=1": 0.01128143592027193,
    "ElementProperty_MagpieData_maximum_MeltingT": 0.010511036123094408,
    "GaussianSymmFunc_std_dev_G2_80_0": 0.010429154862645028,
    "ElementProperty_MagpieData_mode_Column": 0.01015517486755803,
    "ElementProperty_MagpieData_mean_NsValence": 0.01008692170881407,
    "OPSiteFingerprint_mean_tetrahedral_CN_4": 0.010070784825765027,
    "AtomicOrbitals_gap_AO": 0.009781763443002077,
    "ElementProperty_MagpieData_mean_NUnfilled": 0.00946464684512853,
    "ElementProperty_MagpieData_mean_NdUnfilled": 0.00908233701346126,
    "Stoichiometry_2-norm": 0.009016676717762124,
    "AtomicOrbitals_HOMO_element": 0.008735191484845249,
    "ElementProperty_MagpieData_mean_Column": 0.00856456766905221,
    "BondOrientationParameter_std_dev_BOOP_Q_l=2": 0.008181468655167258,
    "ElementProperty_MagpieData_maximum_CovalentRadius": 0.008110698998064476,
    "DensityFeatures_packing_fraction": 0.00799255336064533,
    "BondFractions_O_-_V_bond_frac_": 0.007957272757274479
}