{
    "ElementProperty_MagpieData_mean_MeltingT": 0.024774906955507287,
    "ElementProperty_MagpieData_mode_MendeleevNumber": 0.01993831697450002,
    "ElementProperty_MagpieData_mean_NUnfilled": 0.019182216606254476,
    "TMetalFraction_transition_metal_fraction": 0.018776385750471122,
    "OPSiteFingerprint_mean_linear_CN_2": 0.016885422062465547,
    "CrystalNNFingerprint_mean_linear_CN_2": 0.015766829270268044,
    "MEGNet_OFMEncoded_v1_108": 0.013237326891461013,
    "CrystalNNFingerprint_mean_wt_CN_14": 0.012793237102642751,
    "MaximumPackingEfficiency_max_packing_efficiency": 0.012145837186455968,
    "ElementProperty_MagpieData_mean_NdUnfilled": 0.011855812425499492,
    "AverageBondLength_mean_Average_bond_length": 0.01173905547686281,
    "MEGNet_OFMEncoded_v1_19": 0.009593854776987737,
    "OxidationStates_std_dev_oxidation_state": 0.00901841853629342,
    "ElementProperty_MagpieData_avg_dev_CovalentRadius": 0.008940949790017255,
    "ElementProperty_MagpieData_mean_MendeleevNumber": 0.00828706002767771,
    "MEGNet_OFMEncoded_v1_84": 0.007902096755155205,
    "ElectronegativityDiff_maximum_EN_difference": 0.007438138481363255,
    "ElementProperty_MagpieData_mean_NpValence": 0.007344724595013266,
    "ElementProperty_MagpieData_avg_dev_MeltingT": 0.007303397193036196,
    "GeneralizedRDF_mean_Gaussian_center=8_0_width=1_0": 0.006991677669527421,
    "ElementProperty_MagpieData_range_MendeleevNumber": 0.00699122337204876,
    "MEGNet_OFMEncoded_v1_166": 0.006915351092526307,
    "ElementProperty_MagpieData_maximum_CovalentRadius": 0.006657716099893644,
    "OPSiteFingerprint_mean_sgl_bd_CN_1": 0.0065880206693717846,
    "ElementProperty_MagpieData_mean_NpUnfilled": 0.006553052010611582,
    "ElementProperty_MagpieData_mean_GSbandgap": 0.006494250123284979,
    "MEGNet_OFMEncoded_v1_51": 0.0063608366219249195,
    "BondOrientationParameter_std_dev_BOOP_Q_l=2": 0.006352912293890278,
    "ElementProperty_MagpieData_maximum_MendeleevNumber": 0.006339953059550619,
    "MEGNet_OFMEncoded_v1_130": 0.006333661930312186
}