{
    "ElementProperty_MagpieData_maximum_Electronegativity": 0.0077825637581433555,
    "ElementProperty_MagpieData_minimum_CovalentRadius": 0.00740388071509536,
    "AGNIFingerPrint_std_dev_AGNI_dir=z_eta=8_00e-01": 0.006019330024647132,
    "ElementProperty_MagpieData_mean_Electronegativity": 0.00504465883487384,
    "TMetalFraction_transition_metal_fraction": 0.003968529031630238,
    "ElementProperty_MagpieData_mode_CovalentRadius": 0.003523739625069598,
    "AGNIFingerPrint_std_dev_AGNI_dir=x_eta=8_00e-01": 0.00318044348539785,
    "AGNIFingerPrint_std_dev_AGNI_dir=z_eta=1_23e+00": 0.0030067211740694207,
    "GaussianSymmFunc_mean_G2_80_0": 0.0029681031177061245,
    "OPSiteFingerprint_mean_sgl_bd_CN_1": 0.0026259803223237154,
    "BandCenter_band_center": 0.0025527987442830013,
    "AverageBondLength_std_dev_Average_bond_length": 0.002288952852608195,
    "MEGNet_OFMEncoded_v1_33": 0.001964915785256632,
    "ElectronegativityDiff_maximum_EN_difference": 0.001916408157447671,
    "ValenceOrbital_frac_d_valence_electrons": 0.0018525695321625058,
    "ElementProperty_MagpieData_maximum_MendeleevNumber": 0.001844570026498982,
    "ElectronegativityDiff_minimum_EN_difference": 0.0018355056604269409,
    "ElementProperty_MagpieData_maximum_MeltingT": 0.0018244345937025322,
    "OxidationStates_maximum_oxidation_state": 0.0017510998480011121,
    "CoordinationNumber_std_dev_CN_VoronoiNN": 0.0017359673395238885,
    "ElementProperty_MagpieData_avg_dev_MeltingT": 0.0016950900459081918,
    "MEGNet_OFMEncoded_v1_72": 0.0016705620919566341,
    "XRDPowderPattern_xrd_29": 0.0016682120551767424,
    "DensityFeatures_packing_fraction": 0.001622754938910244,
    "ValenceOrbital_frac_s_valence_electrons": 0.0015974642242373089,
    "AGNIFingerPrint_std_dev_AGNI_dir=x_eta=1_88e+00": 0.0015682213475070657,
    "MEGNet_OFMEncoded_v1_86": 0.001510974868341456,
    "ElementProperty_MagpieData_mean_CovalentRadius": 0.001482925368224103,
    "GeneralizedRDF_std_dev_Gaussian_center=0_0_width=1_0": 0.001482299643158952,
    "ElementProperty_MagpieData_mean_GSmagmom": 0.0014782970184157712
}