{
    "MaximumPackingEfficiency_max_packing_efficiency": 0.35692555190228525,
    "GeneralizedRDF_mean_Gaussian_center=3_0_width=1_0": 0.29141250354438536,
    "GeneralizedRDF_mean_Gaussian_center=2_0_width=1_0": 0.1568180051897439,
    "ElementProperty_MagpieData_mean_NpValence": 0.11269254164649706,
    "ElectronegativityDiff_minimum_EN_difference": 0.10406657354282772,
    "ElementProperty_MagpieData_avg_dev_SpaceGroupNumber": 0.09755085061153286,
    "ElementProperty_MagpieData_mean_Electronegativity": 0.09399781320447972,
    "CrystalNNFingerprint_mean_octahedral_CN_6": 0.08898420105974027,
    "AverageBondLength_std_dev_Average_bond_length": 0.07354181480376835,
    "ElementProperty_MagpieData_avg_dev_Electronegativity": 0.06681531602637646,
    "ElementProperty_MagpieData_maximum_Electronegativity": 0.0662224056447373,
    "ElementProperty_MagpieData_mean_GSbandgap": 0.06604631839548125,
    "ElementProperty_MagpieData_mode_GSvolume_pa": 0.060124028857204505,
    "ElementProperty_MagpieData_mean_GSmagmom": 0.05724638957070134,
    "ElementProperty_MagpieData_avg_dev_NpValence": 0.057142594349189745,
    "LocalPropertyDifference_mean_local_difference_in_Electronegativity": 0.05554841053186018,
    "ElementProperty_MagpieData_maximum_NdValence": 0.046028242882917965,
    "AGNIFingerPrint_std_dev_AGNI_dir=y_eta=1_88e+00": 0.0444605224657218,
    "OxidationStates_maximum_oxidation_state": 0.04317665060216552,
    "VoronoiFingerprint_mean_Voro_dist_std_dev": 0.042669986102882966,
    "AGNIFingerPrint_std_dev_AGNI_eta=1_23e+00": 0.0425401159206906,
    "DensityFeatures_packing_fraction": 0.03864376192138433,
    "DensityFeatures_density": 0.038475901739393324,
    "BondOrientationParameter_mean_BOOP_Q_l=1": 0.03828058243312519,
    "AGNIFingerPrint_std_dev_AGNI_dir=z_eta=1_88e+00": 0.03789539039222006,
    "ElementProperty_MagpieData_avg_dev_GSmagmom": 0.03779825354068016,
    "YangSolidSolution_Yang_omega": 0.033661946915093305,
    "ElementProperty_MagpieData_maximum_MeltingT": 0.03147345798184012,
    "TMetalFraction_transition_metal_fraction": 0.030456377348684373,
    "BandCenter_band_center": 0.030003840863051287
}