{
    "GaussianSymmFunc_mean_G2_20_0": 0.0035557621255348855,
    "ElementProperty_MagpieData_mode_NUnfilled": 0.0015827743671034977,
    "GeneralizedRDF_mean_Gaussian_center=1_0_width=1_0": 0.0008219445497128953,
    "ElementProperty_MagpieData_maximum_MeltingT": 0.0005806009331678144,
    "AGNIFingerPrint_mean_AGNI_eta=1_23e+00": 0.0005378211203670929,
    "ElectronegativityDiff_minimum_EN_difference": 0.00032441265973200606,
    "OxidationStates_std_dev_oxidation_state": 0.0003006047649894676,
    "GeneralizedRDF_mean_Gaussian_center=2_0_width=1_0": 0.0002802302977102358,
    "AGNIFingerPrint_mean_AGNI_eta=1_88e+00": 0.00026837932089790364,
    "ElementProperty_MagpieData_avg_dev_Column": 0.000264386779719051,
    "ElementFraction_H": 0.00025366363389774907,
    "ElementProperty_MagpieData_avg_dev_Electronegativity": 0.0002409167060880797,
    "BandCenter_band_center": 0.0002231899945764662,
    "ElementProperty_MagpieData_mean_NpUnfilled": 0.0002162932357566782,
    "MEGNet_OFMEncoded_v1_99": 0.00021443350852096073,
    "MEGNet_OFMEncoded_v1_87": 0.00021235082932399748,
    "ElementProperty_MagpieData_mean_MeltingT": 0.00020946656786123078,
    "GeneralizedRDF_mean_Gaussian_center=9_0_width=1_0": 0.00019818939644410206,
    "ElementProperty_MagpieData_minimum_Column": 0.00019782706763951083,
    "YangSolidSolution_Yang_delta": 0.00018905893988743102,
    "ElementProperty_MagpieData_minimum_CovalentRadius": 0.00017020140511562852,
    "ElementProperty_MagpieData_avg_dev_MeltingT": 0.00015966643048335758,
    "MEGNet_OFMEncoded_v1_6": 0.00015508831460605966,
    "TMetalFraction_transition_metal_fraction": 0.0001545874341325741,
    "GeneralizedRDF_mean_Gaussian_center=5_0_width=1_0": 0.0001455134420401528,
    "ElementProperty_MagpieData_mean_Electronegativity": 0.00014551110846062283,
    "ElementProperty_MagpieData_minimum_Number": 0.00014383131710998465,
    "ElementProperty_MagpieData_mean_SpaceGroupNumber": 0.00013863633904502025,
    "MEGNet_OFMEncoded_v1_137": 0.0001330328500575767,
    "ElementProperty_MagpieData_maximum_Number": 0.00012657193115189373
}