{
    "DensityFeatures_packing_fraction": 0.012017368675504294,
    "DensityFeatures_density": 0.011774077213806626,
    "OxidationStates_minimum_oxidation_state": 0.00882580025904262,
    "ElementProperty_MagpieData_maximum_Number": 0.007936985716351016,
    "CrystalNNFingerprint_std_dev_wt_CN_6": 0.0074439550917858146,
    "ElementProperty_MagpieData_mode_Number": 0.006815846424577448,
    "TMetalFraction_transition_metal_fraction": 0.0067719526900836685,
    "ElementFraction_O": 0.006384884103695518,
    "OxidationStates_std_dev_oxidation_state": 0.005921076282581198,
    "GeneralizedRDF_mean_Gaussian_center=6_0_width=1_0": 0.005561637851664131,
    "ElementProperty_MagpieData_mean_GSbandgap": 0.004794069923956329,
    "ElementProperty_MagpieData_mean_NpValence": 0.004551460734182778,
    "BondOrientationParameter_mean_BOOP_Q_l=3": 0.004515554343273664,
    "MaximumPackingEfficiency_max_packing_efficiency": 0.004505249340967269,
    "ElementProperty_MagpieData_maximum_NdValence": 0.004444818113730164,
    "ElementProperty_MagpieData_mode_MendeleevNumber": 0.0038609341275084442,
    "ElementProperty_MagpieData_range_MeltingT": 0.003764546582806374,
    "BondOrientationParameter_mean_BOOP_Q_l=4": 0.0037350683910748394,
    "YangSolidSolution_Yang_omega": 0.003695591767493748,
    "CrystalNNFingerprint_mean_wt_CN_16": 0.003688785556647714,
    "BondFractions_Mn_-_O_bond_frac_": 0.003509867507352812,
    "AGNIFingerPrint_std_dev_AGNI_dir=z_eta=2_89e+00": 0.0034458625710387376,
    "ElementProperty_MagpieData_avg_dev_Row": 0.003417482030196528,
    "CrystalNNFingerprint_std_dev_hexagonal_planar_CN_6": 0.003407769682677316,
    "ElementProperty_MagpieData_maximum_Electronegativity": 0.0032619178483004885,
    "GaussianSymmFunc_std_dev_G2_80_0": 0.0032413222452635252,
    "ElementProperty_MagpieData_minimum_GSvolume_pa": 0.0032183964172602924,
    "GlobalSymmetryFeatures_spacegroup_num": 0.0032052717605865755,
    "ElectronegativityDiff_minimum_EN_difference": 0.0030969577191221204,
    "BondFractions_Cu_-_O_bond_frac_": 0.0030745370493563073
}