{
    "GeneralizedRDF_mean_Gaussian_center=1_0_width=1_0": 0.0026491378069082696,
    "GaussianSymmFunc_mean_G2_20_0": 0.0018107557243592796,
    "ElementProperty_MagpieData_mode_NUnfilled": 0.0015323975885956744,
    "AGNIFingerPrint_mean_AGNI_eta=1_23e+00": 0.0009084503115582286,
    "ElementProperty_MagpieData_maximum_MeltingT": 0.0006433361749374381,
    "GeneralizedRDF_mean_Gaussian_center=0_0_width=1_0": 0.0005711441107663912,
    "AGNIFingerPrint_mean_AGNI_eta=1_88e+00": 0.00047776151572334033,
    "ElementProperty_MagpieData_avg_dev_Electronegativity": 0.00045324630922484997,
    "OxidationStates_std_dev_oxidation_state": 0.0004501892199318353,
    "ElementProperty_MagpieData_avg_dev_Column": 0.0004166594384482785,
    "ElementProperty_MagpieData_mean_NpUnfilled": 0.0004024683960860757,
    "BandCenter_band_center": 0.0003870426178980718,
    "ElementFraction_H": 0.00033491816669621767,
    "ElectronegativityDiff_minimum_EN_difference": 0.00031632192303163793,
    "ElementFraction_O": 0.0003029954976860557,
    "ElementProperty_MagpieData_mean_MeltingT": 0.00028925786877625906,
    "TMetalFraction_transition_metal_fraction": 0.0002745266743460042,
    "ElementProperty_MagpieData_mean_Electronegativity": 0.00024858872480157867,
    "ElementProperty_MagpieData_minimum_Column": 0.00022955236679893617,
    "GeneralizedRDF_mean_Gaussian_center=2_0_width=1_0": 0.00022504901253141474,
    "GeneralizedRDF_mean_Gaussian_center=6_0_width=1_0": 0.0002204548510656909,
    "MEGNet_OFMEncoded_v1_99": 0.00019910857978755705,
    "GeneralizedRDF_mean_Gaussian_center=5_0_width=1_0": 0.0001520866742849484,
    "MEGNet_OFMEncoded_v1_87": 0.0001455635450823883,
    "ElementProperty_MagpieData_minimum_CovalentRadius": 0.0001404968923534467,
    "ElementProperty_MagpieData_minimum_Number": 0.0001391573909890653,
    "ElementProperty_MagpieData_avg_dev_MeltingT": 0.0001289873180477576,
    "ElectronegativityDiff_mean_EN_difference": 0.00012450790662744366,
    "ElementProperty_MagpieData_minimum_NUnfilled": 0.00012448174374949614,
    "YangSolidSolution_Yang_delta": 0.00012436386991058609
}