{
    "ElementProperty_MagpieData_mean_Number": 0.05257585849691729,
    "ElementProperty_MagpieData_avg_dev_NUnfilled": 0.039138327126690256,
    "ElementProperty_MagpieData_mean_CovalentRadius": 0.03333647684700328,
    "ElementProperty_MagpieData_mean_AtomicWeight": 0.027900456100404956,
    "ElementProperty_MagpieData_avg_dev_MeltingT": 0.02694570706499711,
    "ElementProperty_MagpieData_minimum_Column": 0.02364254589066541,
    "ElementProperty_MagpieData_mode_GSvolume_pa": 0.021780501095475475,
    "ElementProperty_MagpieData_mean_MeltingT": 0.020430344764277825,
    "BondOrientationParameter_mean_BOOP_Q_l=3": 0.02028222613880236,
    "GaussianSymmFunc_mean_G2_80_0": 0.02018356626354431,
    "ElementProperty_MagpieData_avg_dev_NpValence": 0.0198036959469114,
    "ElementProperty_MagpieData_mean_GSmagmom": 0.018329505320296674,
    "ElementProperty_MagpieData_mean_Column": 0.017695673161780976,
    "ElementProperty_MagpieData_avg_dev_MendeleevNumber": 0.017374435025308964,
    "AverageBondAngle_mean_Average_bond_angle": 0.01718855458423738,
    "OxidationStates_std_dev_oxidation_state": 0.017094641932742488,
    "ElementProperty_MagpieData_maximum_CovalentRadius": 0.016396315825487152,
    "ElementProperty_MagpieData_mean_NpUnfilled": 0.015925372423275953,
    "ElementProperty_MagpieData_maximum_NdValence": 0.015682264831619278,
    "MEGNet_OFMEncoded_v1_122": 0.015232279715436217,
    "DensityFeatures_density": 0.014675451431359461,
    "BondOrientationParameter_mean_BOOP_Q_l=10": 0.014429886041434109,
    "ElementProperty_MagpieData_avg_dev_NdUnfilled": 0.01441588781577027,
    "OPSiteFingerprint_mean_tetrahedral_CN_4": 0.013815511626752746,
    "ElementProperty_MagpieData_maximum_MeltingT": 0.013267282542303029,
    "AtomicOrbitals_LUMO_energy": 0.01265143919005499,
    "ElementProperty_MagpieData_mean_Row": 0.011449460174765818,
    "ElementProperty_MagpieData_avg_dev_Column": 0.011340514540017206,
    "ElementProperty_MagpieData_range_MeltingT": 0.010388111849793607,
    "AGNIFingerPrint_std_dev_AGNI_eta=1_88e+00": 0.01021553621544965
}