{
    "GeneralizedRDF_mean_Gaussian_center=3_0_width=1_0": 0.003692584618135066,
    "BandCenter_band_center": 0.0017853407786372062,
    "GeneralizedRDF_mean_Gaussian_center=2_0_width=1_0": 0.0015763529440913863,
    "DensityFeatures_packing_fraction": 0.0008458805997516462,
    "ElementProperty_MagpieData_mean_NUnfilled": 0.0004625688092463571,
    "ElementProperty_MagpieData_mean_Column": 0.00040317443803624254,
    "ElementProperty_MagpieData_mean_MendeleevNumber": 0.00037524942822400614,
    "GeneralizedRDF_mean_Gaussian_center=5_0_width=1_0": 0.00037071506723801976,
    "ElectronegativityDiff_minimum_EN_difference": 0.0003665574169487037,
    "AGNIFingerPrint_mean_AGNI_eta=1_60e+01": 0.0003593633270467268,
    "ElementProperty_MagpieData_avg_dev_NdValence": 0.00031877772969844025,
    "VoronoiFingerprint_mean_Voro_vol_maximum": 0.00029986444491645367,
    "ElementProperty_MagpieData_avg_dev_NUnfilled": 0.0002876000453207652,
    "TMetalFraction_transition_metal_fraction": 0.00027427737325458383,
    "ElementProperty_MagpieData_mean_Electronegativity": 0.00022739015255710196,
    "VoronoiFingerprint_mean_Voro_dist_mean": 0.00022408188070702665,
    "ElementProperty_MagpieData_mean_CovalentRadius": 0.00021680331787288812,
    "OPSiteFingerprint_std_dev_tetrahedral_CN_4": 0.0002133132991899949,
    "BondOrientationParameter_mean_BOOP_Q_l=2": 0.0002078442916198792,
    "OPSiteFingerprint_mean_tetrahedral_CN_4": 0.00018450664782153058,
    "MEGNet_OFMEncoded_v1_172": 0.00018231262218656666,
    "ElementProperty_MagpieData_mean_NpValence": 0.0001810887886469289,
    "MaximumPackingEfficiency_max_packing_efficiency": 0.00018073760875466917,
    "VoronoiFingerprint_mean_Voro_dist_maximum": 0.00016867920714434332,
    "ElementProperty_MagpieData_mean_MeltingT": 0.00016057891075717926,
    "GeneralizedRDF_mean_Gaussian_center=4_0_width=1_0": 0.00015695418404296015,
    "CrystalNNFingerprint_mean_tetrahedral_CN_4": 0.00015652412739263023,
    "ElementProperty_MagpieData_mode_MendeleevNumber": 0.0001532927264984312,
    "ElementProperty_MagpieData_avg_dev_MendeleevNumber": 0.0001512043007828792,
    "ElementProperty_MagpieData_maximum_MendeleevNumber": 0.00014942989034832964
}