{
    "GaussianSymmFunc_mean_G2_20_0": 0.0018880663460061958,
    "GeneralizedRDF_mean_Gaussian_center=1_0_width=1_0": 0.0011169331102494132,
    "ElementProperty_MagpieData_mode_NUnfilled": 0.0008370801252161802,
    "AGNIFingerPrint_mean_AGNI_eta=1_23e+00": 0.0003958442859290763,
    "ElementProperty_MagpieData_maximum_MeltingT": 0.0003682355881246472,
    "GeneralizedRDF_mean_Gaussian_center=2_0_width=1_0": 0.00024418867250032854,
    "ElementFraction_O": 0.00022714213013041388,
    "ElementProperty_MagpieData_mean_Electronegativity": 0.00022421777871038076,
    "OxidationStates_std_dev_oxidation_state": 0.00020576934464846923,
    "ElementProperty_MagpieData_avg_dev_Column": 0.0001720713128592842,
    "ElementProperty_MagpieData_avg_dev_Electronegativity": 0.0001713334260264663,
    "ElementProperty_MagpieData_mean_NpValence": 0.0001657361200257752,
    "ElementProperty_MagpieData_minimum_Column": 0.00016516726751182248,
    "ElementFraction_H": 0.00016252844652632302,
    "ElementProperty_MagpieData_mean_MeltingT": 0.00015172888351879795,
    "ElectronegativityDiff_minimum_EN_difference": 0.0001455887292917882,
    "MEGNet_OFMEncoded_v1_99": 0.00014551327362451782,
    "MEGNet_OFMEncoded_v1_87": 0.00013931114704896486,
    "GeneralizedRDF_mean_Gaussian_center=3_0_width=1_0": 0.00013877379543559803,
    "ElementProperty_MagpieData_mean_NpUnfilled": 0.00013802836815590369,
    "ElementProperty_MagpieData_minimum_CovalentRadius": 0.0001249048052187845,
    "GeneralizedRDF_mean_Gaussian_center=5_0_width=1_0": 0.00012197148743438744,
    "TMetalFraction_transition_metal_fraction": 0.00011786612275098886,
    "GeneralizedRDF_mean_Gaussian_center=8_0_width=1_0": 0.00011270104703558622,
    "ElementProperty_MagpieData_minimum_Number": 0.00010954330965154005,
    "GeneralizedRDF_mean_Gaussian_center=6_0_width=1_0": 9.935134787235972e-05,
    "ElementProperty_MagpieData_avg_dev_MeltingT": 9.475182300675411e-05,
    "YangSolidSolution_Yang_delta": 9.283851419002299e-05,
    "MEGNet_OFMEncoded_v1_137": 8.651587788776917e-05,
    "AGNIFingerPrint_mean_AGNI_eta=1_88e+00": 8.581550376208857e-05
}