{
    "ElementFraction_Mg": 1.1284863293557543,
    "ElementFraction_O": 0.7542598049613475,
    "ElementFraction_Al": 0.6993882122195659,
    "ValenceOrbital_frac_d_valence_electrons": 0.6834852471025722,
    "ElementProperty_MagpieData_maximum_MeltingT": 0.6241633450278328,
    "ElementProperty_MagpieData_maximum_NValence": 0.562559331171494,
    "MEGNet_OFMEncoded_v1_122": 0.501292134849084,
    "ValenceOrbital_frac_f_valence_electrons": 0.4315300947734046,
    "ElementFraction_Ca": 0.4008526276578702,
    "ElementProperty_MagpieData_maximum_Number": 0.384653386975831,
    "MEGNet_OFMEncoded_v1_76": 0.36771887842787115,
    "ElementProperty_MagpieData_mean_NsValence": 0.36453871063437526,
    "ElementProperty_MagpieData_mode_Number": 0.351896836267021,
    "MEGNet_OFMEncoded_v1_68": 0.31601353154249356,
    "ElementFraction_Pd": 0.29641600071116186,
    "ElementFraction_Li": 0.28958347579532934,
    "ElementProperty_MagpieData_mode_SpaceGroupNumber": 0.25893375146376013,
    "ElementProperty_MagpieData_mode_MeltingT": 0.22541743918641674,
    "MEGNet_OFMEncoded_v1_97": 0.2214242767403085,
    "ElementFraction_Ge": 0.20486494721367227,
    "ElementProperty_MagpieData_maximum_NfUnfilled": 0.20182317374706257,
    "ElementFraction_Pb": 0.19901781396955048,
    "ElementProperty_MagpieData_maximum_CovalentRadius": 0.19318503009919177,
    "ElementProperty_MagpieData_maximum_NfValence": 0.19179087183704155,
    "ElementFraction_Sr": 0.18812756865424612,
    "ElementProperty_MagpieData_minimum_Number": 0.18673761271574238,
    "ElementFraction_In": 0.18629363816001474,
    "ElementFraction_Au": 0.1769637681467447,
    "ElementProperty_MagpieData_maximum_GSvolume_pa": 0.16618128834822332,
    "ElementFraction_Ni": 0.1607866794507986
}