{
    "ElementProperty_MagpieData_mode_MendeleevNumber": 0.031447807970680156,
    "ElementProperty_MagpieData_maximum_MendeleevNumber": 0.028896673189801127,
    "ElementProperty_MagpieData_mode_MeltingT": 0.01673736353567551,
    "ElementProperty_MagpieData_minimum_GSvolume_pa": 0.01073072296057436,
    "ElementProperty_MagpieData_minimum_NUnfilled": 0.010522498967418819,
    "ElementProperty_MagpieData_minimum_SpaceGroupNumber": 0.010403641703434897,
    "MEGNet_OFMEncoded_v1_97": 0.007816152546680754,
    "ElementProperty_MagpieData_mode_SpaceGroupNumber": 0.007236315746694723,
    "ElementFraction_S": 0.006614172573278091,
    "ElementProperty_MagpieData_mean_NUnfilled": 0.006186715945443673,
    "ElementFraction_Ag": 0.005316064880228373,
    "ElementProperty_MagpieData_maximum_NdUnfilled": 0.0051040605984924384,
    "MEGNet_OFMEncoded_v1_122": 0.005006872689397925,
    "ElementProperty_MagpieData_minimum_MeltingT": 0.004656178420654186,
    "ElementFraction_Y": 0.004433939969531207,
    "ElementProperty_MagpieData_maximum_GSvolume_pa": 0.0041031645045513,
    "ElementFraction_Cr": 0.004011418724625397,
    "ElementProperty_MagpieData_mode_Electronegativity": 0.0038826489127223246,
    "ElementProperty_MagpieData_mean_SpaceGroupNumber": 0.00384314387466206,
    "ElementProperty_MagpieData_avg_dev_GSbandgap": 0.0034296835436760428,
    "ElementFraction_La": 0.003313107178248677,
    "ElementProperty_MagpieData_maximum_NUnfilled": 0.003269498172048837,
    "ElementProperty_MagpieData_mean_Electronegativity": 0.003146169352505968,
    "ElementFraction_Ca": 0.003030300451935732,
    "ElementProperty_MagpieData_mode_Number": 0.0030283759904607375,
    "ElementProperty_MagpieData_maximum_CovalentRadius": 0.0029179425875487056,
    "ElementProperty_MagpieData_mode_GSbandgap": 0.0025925693069697373,
    "ElementFraction_Rb": 0.0023715206844700794,
    "ElementFraction_Mn": 0.002303447163766714,
    "ElementFraction_V": 0.002234026720809939
}