{
    "ElementProperty_MagpieData_mean_MeltingT": 0.00020292289836279444,
    "ElementProperty_MagpieData_avg_dev_NpValence": 0.00016424631047231073,
    "GeneralizedRDF_mean_Gaussian_center=5_0_width=1_0": 0.00015325871816129958,
    "ValenceOrbital_frac_d_valence_electrons": 0.00012956325325659288,
    "TMetalFraction_transition_metal_fraction": 0.00011723185715043695,
    "ElementProperty_MagpieData_avg_dev_NpUnfilled": 9.525671009667653e-05,
    "GeneralizedRDF_mean_Gaussian_center=4_0_width=1_0": 8.910573004532777e-05,
    "ElementProperty_MagpieData_maximum_MeltingT": 8.156204264924629e-05,
    "ElementProperty_MagpieData_range_MeltingT": 8.019398362634855e-05,
    "BondOrientationParameter_std_dev_BOOP_Q_l=1": 7.647355147643414e-05,
    "ElementProperty_MagpieData_avg_dev_Column": 6.985813493496806e-05,
    "ElementProperty_MagpieData_minimum_MendeleevNumber": 6.135842941017573e-05,
    "ElementProperty_MagpieData_mean_NdValence": 5.836181286124434e-05,
    "OPSiteFingerprint_mean_bent_150_degrees_CN_2": 5.791741569113365e-05,
    "ElementProperty_MagpieData_minimum_Electronegativity": 5.670549811710689e-05,
    "ElectronegativityDiff_maximum_EN_difference": 5.4556527666340124e-05,
    "ElementProperty_MagpieData_mean_GSvolume_pa": 5.069293495122156e-05,
    "ElementProperty_MagpieData_mean_CovalentRadius": 4.5127212535191496e-05,
    "AtomicOrbitals_HOMO_element": 4.5107571426794914e-05,
    "ElementProperty_MagpieData_mode_NdValence": 4.460751909941258e-05,
    "ElementProperty_MagpieData_avg_dev_MeltingT": 4.4234227915234175e-05,
    "ElementProperty_MagpieData_avg_dev_NdValence": 4.305031950246574e-05,
    "CrystalNNFingerprint_mean_linear_CN_2": 4.261830666219943e-05,
    "BandCenter_band_center": 4.2387192627577564e-05,
    "ElementProperty_MagpieData_maximum_Number": 4.014224433834997e-05,
    "ElementProperty_MagpieData_range_NdUnfilled": 4.0132187655393464e-05,
    "ElementProperty_MagpieData_minimum_NValence": 4.0106928980982016e-05,
    "VoronoiFingerprint_std_dev_Voro_vol_mean": 3.978402333664039e-05,
    "ElementProperty_MagpieData_maximum_CovalentRadius": 3.919076625605403e-05,
    "CrystalNNFingerprint_std_dev_q6_CN_12": 3.83276395618277e-05
}