{
    "ElementProperty_MagpieData_mean_Column": 0.0002625076109539412,
    "ElementProperty_MagpieData_maximum_SpaceGroupNumber": 0.00017749859001694123,
    "GaussianSymmFunc_mean_G2_80_0": 0.00017749683316971543,
    "ElementProperty_MagpieData_maximum_CovalentRadius": 0.00017682354823141705,
    "ElementFraction_O": 0.00016508161751149506,
    "ElementFraction_S": 0.00015267813086728603,
    "ElementProperty_MagpieData_mean_NpValence": 0.00015190971156687932,
    "ElementFraction_Ca": 0.00014944851231676634,
    "ElementProperty_MagpieData_mean_CovalentRadius": 0.00012930150301855315,
    "ElementProperty_MagpieData_mode_GSbandgap": 0.00012894181807190342,
    "ElementProperty_MagpieData_maximum_Column": 0.00012871856603478,
    "ElementProperty_MagpieData_mode_GSvolume_pa": 0.0001251285445863223,
    "MEGNet_OFMEncoded_v1_147": 0.00012284031732643266,
    "ElementFraction_In": 0.00010694915426727644,
    "TMetalFraction_transition_metal_fraction": 0.00010135565376866268,
    "ElementProperty_MagpieData_avg_dev_CovalentRadius": 9.801295496911227e-05,
    "ElementProperty_MagpieData_mean_GSbandgap": 8.995492883706308e-05,
    "ElementFraction_Y": 8.388151611822061e-05,
    "ElementFraction_Yb": 8.289530396154738e-05,
    "ElementProperty_MagpieData_minimum_CovalentRadius": 8.235598409087897e-05,
    "ElementFraction_Au": 7.852761553838628e-05,
    "ElementProperty_MagpieData_mean_GSmagmom": 7.537929456872404e-05,
    "ElementProperty_MagpieData_mode_CovalentRadius": 6.517301443795571e-05,
    "ElementProperty_MagpieData_maximum_Electronegativity": 6.247511130301841e-05,
    "ElementProperty_MagpieData_avg_dev_GSmagmom": 6.171820181199873e-05,
    "ElementProperty_MagpieData_mode_SpaceGroupNumber": 5.951884802449462e-05,
    "ElementFraction_Ni": 5.7539454035535256e-05,
    "ElementProperty_MagpieData_maximum_NpUnfilled": 4.974849953049492e-05,
    "MEGNet_OFMEncoded_v1_24": 4.860433055200625e-05,
    "ElementFraction_Mn": 4.8542956177748894e-05
}