{
    "ElementProperty_MagpieData_mean_NUnfilled": 0.01942219731753941,
    "ElementProperty_MagpieData_mean_NsUnfilled": 0.01749490227263255,
    "ElementProperty_MagpieData_mean_NdUnfilled": 0.01643158469614797,
    "MEGNet_OFMEncoded_v1_185": 0.01633287354906287,
    "ElementProperty_MagpieData_mean_NpValence": 0.011217747749658918,
    "ElementFraction_Fe": 0.009941173569556387,
    "MEGNet_OFMEncoded_v1_18": 0.009692207328956372,
    "ElementProperty_MagpieData_mean_Column": 0.009289430721296723,
    "ElementProperty_MagpieData_avg_dev_MendeleevNumber": 0.009185373035994829,
    "AverageBondAngle_std_dev_Average_bond_angle": 0.008975266092841364,
    "BondOrientationParameter_mean_BOOP_Q_l=2": 0.008489230871814203,
    "TMetalFraction_transition_metal_fraction": 0.00841645454083087,
    "BondOrientationParameter_mean_BOOP_Q_l=6": 0.008089825990156242,
    "YangSolidSolution_Yang_omega": 0.007974212448855838,
    "ElementProperty_MagpieData_range_MeltingT": 0.007693001843119895,
    "BondFractions_Fe_-_Fe_bond_frac_": 0.007685613702451723,
    "GaussianSymmFunc_std_dev_G4_0_005_4_0_-1_0": 0.0074273932448210124,
    "ElementProperty_MagpieData_maximum_MeltingT": 0.007212085793550531,
    "BondOrientationParameter_mean_BOOP_Q_l=8": 0.007056738368162364,
    "ElementProperty_MagpieData_mode_MeltingT": 0.006573641313919838,
    "DensityFeatures_density": 0.006445118029817005,
    "MEGNet_OFMEncoded_v1_161": 0.006358613260717686,
    "MEGNet_OFMEncoded_v1_19": 0.00625090522459008,
    "OxidationStates_std_dev_oxidation_state": 0.006098917269807179,
    "CrystalNNFingerprint_mean_octahedral_CN_6": 0.006044243625332476,
    "OPSiteFingerprint_std_dev_tetrahedral_CN_4": 0.00600183045629031,
    "LocalPropertyDifference_std_dev_local_difference_in_Electronegativity": 0.005671159598588865,
    "ElementFraction_Cu": 0.005608456626269076,
    "BondOrientationParameter_mean_BOOP_Q_l=7": 0.00557878658100934,
    "ElementProperty_MagpieData_range_MendeleevNumber": 0.005439394282914167
}