{
    "ElementProperty_MagpieData_maximum_Electronegativity": 0.02232168729487845,
    "ElectronegativityDiff_mean_EN_difference": 0.021819983589844428,
    "ElementProperty_MagpieData_avg_dev_Column": 0.019106558480417663,
    "OxidationStates_minimum_oxidation_state": 0.011830951661749047,
    "ElementProperty_MagpieData_maximum_CovalentRadius": 0.008361045253030995,
    "ElementProperty_MagpieData_maximum_MendeleevNumber": 0.007687700255253888,
    "ElementProperty_MagpieData_avg_dev_CovalentRadius": 0.007244742056909316,
    "TMetalFraction_transition_metal_fraction": 0.007042936268029033,
    "AtomicOrbitals_HOMO_energy": 0.005990986421426842,
    "ElectronegativityDiff_minimum_EN_difference": 0.0057082059264455046,
    "AtomicOrbitals_gap_AO": 0.005663124352863545,
    "ElementProperty_MagpieData_avg_dev_NpUnfilled": 0.005659840769247078,
    "ElementProperty_MagpieData_maximum_MeltingT": 0.005640963687080922,
    "ElementProperty_MagpieData_mean_NpValence": 0.005470910814374032,
    "ElementProperty_MagpieData_mean_MendeleevNumber": 0.005034008314989651,
    "ElementProperty_MagpieData_mode_MendeleevNumber": 0.00499118804768698,
    "ElementProperty_MagpieData_avg_dev_NUnfilled": 0.004207184172871835,
    "AverageBondAngle_mean_Average_bond_angle": 0.004081543700660902,
    "ElementProperty_MagpieData_mode_NUnfilled": 0.004081247845559388,
    "ChemicalOrdering_mean_ordering_parameter_shell_3": 0.004074629524739607,
    "CrystalNNFingerprint_mean_hexagonal_planar_CN_6": 0.004033547279101907,
    "CrystalNNFingerprint_mean_octahedral_CN_6": 0.003778003497848831,
    "OPSiteFingerprint_mean_sgl_bd_CN_1": 0.003674088547213213,
    "ElementProperty_MagpieData_mode_Electronegativity": 0.0036629930852985146,
    "ElementFraction_Yb": 0.0035507012860658445,
    "XRDPowderPattern_xrd_35": 0.003449778838705247,
    "CrystalNNFingerprint_std_dev_octahedral_CN_6": 0.003418504604305773,
    "OPSiteFingerprint_std_dev_square_co-planar_CN_4": 0.0032935802108171736,
    "LocalPropertyDifference_mean_local_difference_in_Electronegativity": 0.0032291251914204726,
    "XRDPowderPattern_xrd_34": 0.0031451736524719595
}