{
    "GaussianSymmFunc_mean_G2_80_0": 0.00042631725510225806,
    "ElementProperty_MagpieData_mean_NpValence": 0.0003266053259734419,
    "ElementProperty_MagpieData_maximum_CovalentRadius": 0.00031980282072092964,
    "ElementProperty_MagpieData_mean_Column": 0.0002841753369821531,
    "ElementFraction_Ca": 0.0002176519713199036,
    "ElementProperty_MagpieData_mean_GSmagmom": 0.00021021031877789143,
    "ElementProperty_MagpieData_maximum_SpaceGroupNumber": 0.00019512736449559933,
    "ElementProperty_MagpieData_mode_GSbandgap": 0.0001683694568730102,
    "ElementFraction_Yb": 0.00016227907434125384,
    "ElementFraction_S": 0.00015080440223112245,
    "TMetalFraction_transition_metal_fraction": 0.00014506336237415132,
    "ElementFraction_In": 0.00013773496342788733,
    "MEGNet_OFMEncoded_v1_5": 0.00013475904065007386,
    "ElementProperty_MagpieData_mean_CovalentRadius": 0.00013327428605779904,
    "ElementFraction_Au": 0.00013014104153745768,
    "ElementProperty_MagpieData_mean_GSbandgap": 0.00011894326663599757,
    "ElementFraction_Y": 0.0001122731267924709,
    "ElementProperty_MagpieData_maximum_MendeleevNumber": 0.0001082975648511103,
    "ElementFraction_F": 9.953424248069932e-05,
    "ElementFraction_K": 8.800662122043167e-05,
    "ElementProperty_MagpieData_minimum_NValence": 8.638186285195137e-05,
    "ElementFraction_O": 8.259175864587053e-05,
    "ElementProperty_MagpieData_mode_CovalentRadius": 8.246883746299104e-05,
    "ElementProperty_MagpieData_avg_dev_NpValence": 8.19883003745869e-05,
    "AtomicOrbitals_LUMO_element": 7.54013092811408e-05,
    "MEGNet_OFMEncoded_v1_93": 7.314116563426024e-05,
    "ElementFraction_Pd": 7.260448802995768e-05,
    "ElementProperty_MagpieData_minimum_NUnfilled": 7.149986813034571e-05,
    "ElementProperty_MagpieData_minimum_Number": 7.04614605917106e-05,
    "ElementProperty_MagpieData_mode_GSvolume_pa": 6.899070824901284e-05
}