{
    "ElementProperty_MagpieData_mode_CovalentRadius": 0.03286493932985965,
    "ElementProperty_MagpieData_mode_MeltingT": 0.024312199567530262,
    "ElementProperty_MagpieData_minimum_CovalentRadius": 0.011157861079028721,
    "ElementProperty_MagpieData_minimum_MeltingT": 0.007858714540286658,
    "ElementProperty_MagpieData_maximum_MendeleevNumber": 0.005288462665456822,
    "ElementFraction_Cl": 0.004120344436960905,
    "ElementFraction_Na": 0.003612396439982293,
    "ElementProperty_MagpieData_mode_GSvolume_pa": 0.0034567996210792947,
    "ElementFraction_Se": 0.0028209328207296183,
    "ElementFraction_Br": 0.002793235302666017,
    "ElementProperty_MagpieData_mode_NValence": 0.002672395979487099,
    "ElementFraction_O": 0.002408848079908864,
    "MEGNet_OFMEncoded_v1_97": 0.0021719736439467724,
    "ElementProperty_MagpieData_maximum_NpUnfilled": 0.0020854680403581557,
    "ElementFraction_P": 0.0019411876500721537,
    "ElementFraction_Hg": 0.0018679665910146602,
    "ElementFraction_As": 0.001806119412002707,
    "ElementProperty_MagpieData_maximum_NValence": 0.0016918015447712651,
    "ElementFraction_Si": 0.0015582921182501503,
    "ElementProperty_MagpieData_mode_MendeleevNumber": 0.0015557578453346712,
    "ElementProperty_MagpieData_mean_NpUnfilled": 0.0014788595049747605,
    "ElementFraction_C": 0.0013883115973223014,
    "ElementFraction_Ge": 0.0011483799685388174,
    "ElementProperty_MagpieData_mode_Electronegativity": 0.0009935123544656183,
    "Stoichiometry_10-norm": 0.0009862778122752855,
    "ElementFraction_Tl": 0.0009539111930907691,
    "ElementProperty_MagpieData_maximum_GSbandgap": 0.000935595020800795,
    "ElementFraction_Ga": 0.0008994278062247104,
    "ElementProperty_MagpieData_minimum_GSvolume_pa": 0.0008723768405131,
    "ElementProperty_MagpieData_maximum_Electronegativity": 0.0008064345972427005
}