{
    "GeneralizedRDF_mean_Gaussian_center=3_0_width=1_0": 0.005598027653582506,
    "BandCenter_band_center": 0.0029703255284365703,
    "GeneralizedRDF_mean_Gaussian_center=2_0_width=1_0": 0.002159793856015913,
    "DensityFeatures_packing_fraction": 0.0006985016911019668,
    "ElementProperty_MagpieData_mean_NUnfilled": 0.0006555129760921029,
    "VoronoiFingerprint_mean_Voro_vol_maximum": 0.000554464853101911,
    "ElementProperty_MagpieData_mean_Column": 0.0005502768483477234,
    "AGNIFingerPrint_mean_AGNI_eta=1_60e+01": 0.000510904915198424,
    "GeneralizedRDF_mean_Gaussian_center=5_0_width=1_0": 0.0005101499766861447,
    "ElementProperty_MagpieData_mean_MendeleevNumber": 0.00047442769227118263,
    "GaussianSymmFunc_mean_G2_0_05": 0.0004659797803452908,
    "ElectronegativityDiff_mean_EN_difference": 0.00046138390357216126,
    "ElementProperty_MagpieData_mean_Electronegativity": 0.0004542060674209409,
    "ElementProperty_MagpieData_avg_dev_NdValence": 0.0004383896176000184,
    "ElectronegativityDiff_minimum_EN_difference": 0.0004361014466597754,
    "TMetalFraction_transition_metal_fraction": 0.0003892622405940949,
    "OPSiteFingerprint_std_dev_tetrahedral_CN_4": 0.0003740051854334439,
    "VoronoiFingerprint_mean_Voro_dist_mean": 0.00035796874784142123,
    "BondOrientationParameter_mean_BOOP_Q_l=2": 0.0003566648054431812,
    "ElementProperty_MagpieData_mode_MendeleevNumber": 0.0003527442511830989,
    "ElementProperty_MagpieData_mean_MeltingT": 0.0003317631837804163,
    "ElementProperty_MagpieData_avg_dev_NUnfilled": 0.00032891152520378864,
    "ElementProperty_MagpieData_avg_dev_MendeleevNumber": 0.00027669251335498416,
    "ElementProperty_MagpieData_mean_NpValence": 0.00027333804106070337,
    "ElementProperty_MagpieData_maximum_CovalentRadius": 0.00026368004727556017,
    "CrystalNNFingerprint_mean_tetrahedral_CN_4": 0.00025263654450996564,
    "CrystalNNFingerprint_mean_wt_CN_2": 0.00022843015784252188,
    "ElementProperty_MagpieData_maximum_NUnfilled": 0.00022472692669248166,
    "ElementProperty_MagpieData_minimum_NUnfilled": 0.00020997102606757845,
    "ElementProperty_MagpieData_mean_NdUnfilled": 0.00020776249176336723
}