{
    "TMetalFraction_transition_metal_fraction": 0.00899916289779277,
    "AtomicOrbitals_HOMO_energy": 0.008647446979586639,
    "ElectronegativityDiff_maximum_EN_difference": 0.006307244910670926,
    "ElectronegativityDiff_minimum_EN_difference": 0.0039283104217422505,
    "ChemicalOrdering_mean_ordering_parameter_shell_2": 0.0023954647759802986,
    "ElementProperty_MagpieData_maximum_MendeleevNumber": 0.002070730246233578,
    "Stoichiometry_0-norm": 0.0019624369672118884,
    "ValenceOrbital_frac_p_valence_electrons": 0.0017441392548956873,
    "ElementProperty_MagpieData_mode_GSvolume_pa": 0.0016641320228896839,
    "AtomicOrbitals_HOMO_element": 0.0016418898489635935,
    "MEGNet_OFMEncoded_v1_82": 0.0015661214523114918,
    "ElementProperty_MagpieData_mean_NpUnfilled": 0.0015041819919926888,
    "AGNIFingerPrint_std_dev_AGNI_dir=y_eta=8_00e-01": 0.001437875622540999,
    "YangSolidSolution_Yang_omega": 0.0013949042333785125,
    "ElementProperty_MagpieData_mean_MeltingT": 0.0013831870383718679,
    "OxidationStates_maximum_oxidation_state": 0.001326179962782977,
    "ElementProperty_MagpieData_mean_CovalentRadius": 0.0012935102896791868,
    "OxidationStates_range_oxidation_state": 0.0011881046184133283,
    "BondOrientationParameter_mean_BOOP_Q_l=4": 0.001154380347702624,
    "CrystalNNFingerprint_std_dev_tetrahedral_CN_4": 0.0011386457991899026,
    "AtomicOrbitals_gap_AO": 0.0010884139937878037,
    "OPSiteFingerprint_std_dev_square_co-planar_CN_4": 0.001078944040714811,
    "ElementProperty_MagpieData_mean_SpaceGroupNumber": 0.001071825149886085,
    "BondOrientationParameter_mean_BOOP_Q_l=8": 0.0010647169053550616,
    "OPSiteFingerprint_mean_sgl_bd_CN_1": 0.0010233690492497728,
    "ElementProperty_MagpieData_maximum_NValence": 0.0010002688048162394,
    "ElementProperty_MagpieData_range_Column": 0.000979920873812266,
    "ElementProperty_MagpieData_mean_NUnfilled": 0.0009697278542447441,
    "BondFractions_Cu_-_O_bond_frac_": 0.0009630259334733705,
    "RadialDistributionFunction_radial_distribution_function_d_1_90": 0.0009078542336993102
}