{
    "ElementProperty_MagpieData_mode_Number": 0.027945007641306405,
    "ElementProperty_MagpieData_minimum_CovalentRadius": 0.020739039285261957,
    "ElementProperty_MagpieData_maximum_MeltingT": 0.01943893151768276,
    "OxidationStates_std_dev_oxidation_state": 0.01814775979312009,
    "ElementProperty_MagpieData_minimum_GSvolume_pa": 0.017843414165881838,
    "CrystalNNFingerprint_mean_tetrahedral_CN_4": 0.01577024053735076,
    "AGNIFingerPrint_std_dev_AGNI_dir=y_eta=8_00e-01": 0.01575999824569062,
    "ElementProperty_MagpieData_mean_NpUnfilled": 0.015730410679188685,
    "AtomicOrbitals_HOMO_element": 0.015504961096978452,
    "ElementProperty_MagpieData_maximum_Number": 0.014880539264225463,
    "ElementProperty_MagpieData_mean_NUnfilled": 0.014871421605797994,
    "VoronoiFingerprint_mean_Voro_dist_minimum": 0.014032329956841786,
    "OxidationStates_minimum_oxidation_state": 0.013095717974040145,
    "ElementProperty_MagpieData_avg_dev_MeltingT": 0.012070088109296506,
    "ElementFraction_Pu": 0.011648792070446645,
    "ValenceOrbital_frac_d_valence_electrons": 0.010485328023134385,
    "CrystalNNFingerprint_mean_octahedral_CN_6": 0.010463440591362711,
    "GeneralizedRDF_mean_Gaussian_center=0_0_width=1_0": 0.010459086099100725,
    "ElementProperty_MagpieData_mode_MeltingT": 0.009902222993928832,
    "ElementProperty_MagpieData_minimum_SpaceGroupNumber": 0.009442431167150638,
    "ElementProperty_MagpieData_range_NUnfilled": 0.007643972219882417,
    "ElementProperty_MagpieData_mean_MeltingT": 0.007198053587191661,
    "BandCenter_band_center": 0.007005780866584788,
    "ElementProperty_MagpieData_avg_dev_NpValence": 0.006663268680529453,
    "AverageBondLength_mean_Average_bond_length": 0.006393248584671682,
    "MEGNet_OFMEncoded_v1_79": 0.006105006855208249,
    "ElementProperty_MagpieData_mean_SpaceGroupNumber": 0.00582530221177183,
    "MEGNet_OFMEncoded_v1_19": 0.005671521840358151,
    "ElectronegativityDiff_minimum_EN_difference": 0.005577929607848691,
    "OPSiteFingerprint_std_dev_octahedral_CN_6": 0.005491356965242791
}