{
    "GeneralizedRDF_mean_Gaussian_center=3_0_width=1_0": 0.005681258423393881,
    "GeneralizedRDF_mean_Gaussian_center=2_0_width=1_0": 0.00492598275456542,
    "ElementProperty_MagpieData_mean_Electronegativity": 0.001696076484175486,
    "BandCenter_band_center": 0.0015777816134947432,
    "ElementProperty_MagpieData_avg_dev_NdValence": 0.0010044022648364028,
    "GaussianSymmFunc_mean_G2_0_05": 0.0009843163967831478,
    "ElementProperty_MagpieData_mean_NUnfilled": 0.0007382238953673475,
    "DensityFeatures_packing_fraction": 0.0006889555733640527,
    "VoronoiFingerprint_mean_Voro_dist_mean": 0.0006051000585461683,
    "ElementProperty_MagpieData_maximum_MeltingT": 0.0005920069687531727,
    "ElectronegativityDiff_minimum_EN_difference": 0.0005918459604133514,
    "MEGNet_OFMEncoded_v1_172": 0.0005816227000187132,
    "OPSiteFingerprint_std_dev_tetrahedral_CN_4": 0.000580387423669823,
    "TMetalFraction_transition_metal_fraction": 0.0005267485660643524,
    "ElementProperty_MagpieData_mean_Column": 0.0005038957446361276,
    "CrystalNNFingerprint_std_dev_octahedral_CN_6": 0.00048367757954752223,
    "AGNIFingerPrint_mean_AGNI_eta=6_80e+00": 0.00046606542441259956,
    "ElementProperty_MagpieData_avg_dev_NpValence": 0.000434153844546663,
    "ElectronegativityDiff_mean_EN_difference": 0.000432819708400762,
    "BondOrientationParameter_mean_BOOP_Q_l=3": 0.0004057907434242749,
    "ElementProperty_MagpieData_mode_MendeleevNumber": 0.00039767050799850945,
    "ElementProperty_MagpieData_mean_MeltingT": 0.00039088327436541425,
    "ElementProperty_MagpieData_avg_dev_MeltingT": 0.00038615750628839867,
    "ElementProperty_MagpieData_mean_MendeleevNumber": 0.0003619657825656627,
    "CrystalNNFingerprint_mean_tetrahedral_CN_4": 0.0003613765097959711,
    "ElementFraction_Yb": 0.0003493579766182192,
    "BondOrientationParameter_mean_BOOP_Q_l=2": 0.0003482870651171238,
    "AtomicOrbitals_HOMO_element": 0.0003473058405717571,
    "OxidationStates_std_dev_oxidation_state": 0.0003419913976021972,
    "ElementProperty_MagpieData_minimum_Number": 0.0003312135013466947
}