{
    "ElementProperty_MagpieData_mode_Electronegativity": 0.2302281770420487,
    "GeneralizedRDF_mean_Gaussian_center=2_0_width=1_0": 0.10719856948241356,
    "ElementProperty_MagpieData_mean_Column": 0.09355044476385316,
    "GeneralizedRDF_mean_Gaussian_center=3_0_width=1_0": 0.0871505642680216,
    "ElementProperty_MagpieData_mean_NdValence": 0.07421559964979102,
    "DensityFeatures_packing_fraction": 0.05941764369696726,
    "MEGNet_OFMEncoded_v1_185": 0.05398345590619943,
    "MaximumPackingEfficiency_max_packing_efficiency": 0.05353252828671539,
    "MEGNet_OFMEncoded_v1_26": 0.05326387779645697,
    "ElementProperty_MagpieData_mean_NpUnfilled": 0.046516277101091956,
    "ValenceOrbital_frac_d_valence_electrons": 0.04170956834759696,
    "ElementProperty_MagpieData_maximum_MeltingT": 0.041671592081669186,
    "ElementProperty_MagpieData_minimum_GSvolume_pa": 0.040874043935012136,
    "MEGNet_OFMEncoded_v1_102": 0.04084148536181522,
    "VoronoiFingerprint_mean_Voro_area_maximum": 0.03922819220556488,
    "ElementProperty_MagpieData_avg_dev_NUnfilled": 0.03808719710681878,
    "MEGNet_OFMEncoded_v1_172": 0.03349286685428125,
    "CoordinationNumber_std_dev_CN_VoronoiNN": 0.03329550896764944,
    "ElementProperty_MagpieData_mean_GSbandgap": 0.033251969630168486,
    "CrystalNNFingerprint_mean_octahedral_CN_6": 0.03240594873188168,
    "ElementProperty_MagpieData_avg_dev_GSbandgap": 0.03203953812471263,
    "ElectronegativityDiff_minimum_EN_difference": 0.03194679507402051,
    "Stoichiometry_7-norm": 0.03178696877228762,
    "ElementProperty_MagpieData_mean_GSvolume_pa": 0.03172857302740075,
    "MEGNet_OFMEncoded_v1_79": 0.03084318418544994,
    "ElementProperty_MagpieData_maximum_GSvolume_pa": 0.030020073086425035,
    "VoronoiFingerprint_mean_Voro_dist_std_dev": 0.02956710584951518,
    "ElementProperty_MagpieData_maximum_CovalentRadius": 0.02950620661936338,
    "AGNIFingerPrint_std_dev_AGNI_dir=x_eta=1_23e+00": 0.029391466186399998,
    "BandCenter_band_center": 0.029284768209449957
}