{
    "ElementProperty_MagpieData_maximum_MeltingT": 0.03204130714483521,
    "BandCenter_band_center": 0.03004698130338986,
    "TMetalFraction_transition_metal_fraction": 0.029495642816951103,
    "MaximumPackingEfficiency_max_packing_efficiency": 0.017787055326400646,
    "ElementProperty_MagpieData_range_Electronegativity": 0.012957117095112068,
    "AtomicOrbitals_HOMO_energy": 0.01049862026921729,
    "ElementProperty_MagpieData_mean_Electronegativity": 0.010184685622418805,
    "GaussianSymmFunc_std_dev_G2_20_0": 0.008289283838616324,
    "DensityFeatures_density": 0.008010730265495345,
    "CoordinationNumber_std_dev_CN_VoronoiNN": 0.007455307257636635,
    "Miedema_Miedema_deltaH_ss_min": 0.007289558600218969,
    "ElementProperty_MagpieData_minimum_Electronegativity": 0.006872247081753543,
    "MEGNet_OFMEncoded_v1_115": 0.006706176132024027,
    "ElementProperty_MagpieData_mean_Column": 0.006277333901755474,
    "ElectronegativityDiff_maximum_EN_difference": 0.006062867803538962,
    "ElectronegativityDiff_range_EN_difference": 0.005604798379280633,
    "ElementFraction_Mn": 0.0055262001737461566,
    "CrystalNNFingerprint_mean_linear_CN_2": 0.005234230093980992,
    "ElementProperty_MagpieData_avg_dev_MendeleevNumber": 0.005228880280098771,
    "ElementProperty_MagpieData_mode_Number": 0.005152422392301418,
    "ElementProperty_MagpieData_avg_dev_NUnfilled": 0.005002406951716825,
    "ValenceOrbital_frac_p_valence_electrons": 0.004908576823572251,
    "ElementProperty_MagpieData_mode_MeltingT": 0.00475096435901264,
    "ElementProperty_MagpieData_mean_MeltingT": 0.004709590852853555,
    "CrystalNNFingerprint_mean_wt_CN_9": 0.004669338123292008,
    "GaussianSymmFunc_mean_G2_80_0": 0.004638271971085983,
    "ElementProperty_MagpieData_maximum_Electronegativity": 0.004376326149833425,
    "OPSiteFingerprint_std_dev_trigonal_planar_CN_3": 0.00414472989497662,
    "ElementProperty_MagpieData_mean_GSbandgap": 0.004123184067586702,
    "ElementProperty_MagpieData_maximum_MendeleevNumber": 0.0041025700288628
}