{
    "ElementProperty_MagpieData_avg_dev_Electronegativity": 0.10945967075747724,
    "ElementProperty_MagpieData_maximum_GSmagmom": 0.03677147883897568,
    "ElementProperty_MagpieData_mean_GSbandgap": 0.02699751606539561,
    "ElementProperty_MagpieData_avg_dev_GSbandgap": 0.015385750820835625,
    "TMetalFraction_transition_metal_fraction": 0.013884889392288083,
    "ElementProperty_MagpieData_maximum_NValence": 0.012959217255583322,
    "ElementProperty_MagpieData_avg_dev_SpaceGroupNumber": 0.01287262835772096,
    "IonProperty_avg_ionic_char": 0.012850583981601734,
    "Stoichiometry_2-norm": 0.012779670925237203,
    "AtomicOrbitals_HOMO_energy": 0.012410351961726969,
    "GeneralizedRDF_mean_Gaussian_center=3_0_width=1_0": 0.012190437528863758,
    "BondOrientationParameter_std_dev_BOOP_Q_l=1": 0.011615654021998092,
    "MEGNet_OFMEncoded_v1_161": 0.011127897080628172,
    "YangSolidSolution_Yang_delta": 0.010878952510498249,
    "GeneralizedRDF_mean_Gaussian_center=4_0_width=1_0": 0.010364529447503941,
    "ElementProperty_MagpieData_mean_NpValence": 0.010127659128328977,
    "MEGNet_OFMEncoded_v1_133": 0.009941896433981575,
    "ElementFraction_Mg": 0.00972565160080534,
    "AverageBondLength_mean_Average_bond_length": 0.009511623939612832,
    "ElementProperty_MagpieData_mode_SpaceGroupNumber": 0.009370581427394616,
    "ElementProperty_MagpieData_avg_dev_CovalentRadius": 0.009193249478499423,
    "ElementProperty_MagpieData_range_Electronegativity": 0.008682843984176633,
    "MEGNet_OFMEncoded_v1_131": 0.008345464201581517,
    "ElementProperty_MagpieData_mode_GSvolume_pa": 0.007883657491396577,
    "BondOrientationParameter_mean_BOOP_Q_l=1": 0.007873227185682414,
    "ElementProperty_MagpieData_range_SpaceGroupNumber": 0.007776618138695727,
    "ElementProperty_MagpieData_mode_Electronegativity": 0.007249325681067072,
    "ElementProperty_MagpieData_avg_dev_NpValence": 0.007110720854092642,
    "ElementProperty_MagpieData_minimum_CovalentRadius": 0.007015267104079376,
    "GaussianSymmFunc_std_dev_G2_80_0": 0.006998882283118695
}