{
    "ElementProperty_MagpieData_mean_NpValence": 0.0012610468682079838,
    "ElementProperty_MagpieData_mean_GSbandgap": 0.0012557659600333597,
    "ElementProperty_MagpieData_maximum_CovalentRadius": 0.0009400919817791348,
    "ElementProperty_MagpieData_mean_Column": 0.0008951721227248535,
    "ElementFraction_S": 0.0008555029934563973,
    "ElementFraction_Ca": 0.0007952510339464073,
    "GaussianSymmFunc_mean_G2_80_0": 0.0007103574457434925,
    "ElementProperty_MagpieData_maximum_Column": 0.0006550045596633529,
    "ElementProperty_MagpieData_mode_CovalentRadius": 0.0006404971194273072,
    "ElementProperty_MagpieData_maximum_SpaceGroupNumber": 0.0006085573620598837,
    "ElementProperty_MagpieData_avg_dev_CovalentRadius": 0.0005856019513082551,
    "ElementFraction_Yb": 0.0005607553608353249,
    "ElementProperty_MagpieData_mode_GSbandgap": 0.0005280198243003678,
    "TMetalFraction_transition_metal_fraction": 0.0005088884283277877,
    "ElementFraction_In": 0.0005063166465076259,
    "ElementFraction_O": 0.00048763836477299803,
    "ElementFraction_Au": 0.0004494731219022289,
    "ElementProperty_MagpieData_avg_dev_Column": 0.000408439675241839,
    "ElementProperty_MagpieData_mode_GSvolume_pa": 0.00039838527741184996,
    "ElementProperty_MagpieData_minimum_MendeleevNumber": 0.0003961948590300428,
    "ElementFraction_Ni": 0.0003745302320850691,
    "ElementProperty_MagpieData_maximum_MeltingT": 0.0003663078363905925,
    "ElementProperty_MagpieData_mean_GSmagmom": 0.0003641653940286778,
    "ElementProperty_MagpieData_minimum_NUnfilled": 0.0003599849447414905,
    "AtomicOrbitals_LUMO_element": 0.00034863198777411474,
    "ElementFraction_Y": 0.0003260054641281628,
    "ElementProperty_MagpieData_avg_dev_NpValence": 0.00032485041908345404,
    "ElementFraction_K": 0.00032137183262140497,
    "ElementFraction_Bi": 0.0002575150555706137,
    "ElementProperty_MagpieData_minimum_Column": 0.0002477793241565407
}