{
    "GaussianSymmFunc_mean_G2_20_0": 0.0034481301398653643,
    "ElementProperty_MagpieData_mode_NUnfilled": 0.001319769878385617,
    "AGNIFingerPrint_mean_AGNI_eta=1_88e+00": 0.0006086490821122641,
    "AGNIFingerPrint_mean_AGNI_eta=1_23e+00": 0.0005409114000182424,
    "ElementProperty_MagpieData_maximum_MeltingT": 0.00047221301389133673,
    "ElementProperty_MagpieData_mean_NpUnfilled": 0.0004120204768224845,
    "ElementFraction_H": 0.0003727802584650199,
    "ElementProperty_MagpieData_mean_MeltingT": 0.00036046331327818,
    "GeneralizedRDF_mean_Gaussian_center=1_0_width=1_0": 0.00034366926483379536,
    "ElectronegativityDiff_minimum_EN_difference": 0.00034320784790691064,
    "OxidationStates_std_dev_oxidation_state": 0.0003180137412138202,
    "ElementFraction_O": 0.0002835333825121011,
    "ElementProperty_MagpieData_avg_dev_Column": 0.00026787443021363845,
    "ElementProperty_MagpieData_avg_dev_Electronegativity": 0.00026246491826789506,
    "ElementProperty_MagpieData_minimum_CovalentRadius": 0.00022865413152590625,
    "GeneralizedRDF_mean_Gaussian_center=0_0_width=1_0": 0.00021067279881418748,
    "MEGNet_OFMEncoded_v1_87": 0.0001983888610613452,
    "GeneralizedRDF_mean_Gaussian_center=6_0_width=1_0": 0.00019598410892895737,
    "GeneralizedRDF_mean_Gaussian_center=2_0_width=1_0": 0.0001954278061082843,
    "MEGNet_OFMEncoded_v1_15": 0.00017354701618524894,
    "ElementProperty_MagpieData_mean_NpValence": 0.0001573567415317137,
    "ElementProperty_MagpieData_avg_dev_MeltingT": 0.0001481044867964942,
    "MEGNet_OFMEncoded_v1_99": 0.0001480015908837234,
    "GeneralizedRDF_mean_Gaussian_center=5_0_width=1_0": 0.00014744888248752276,
    "ElementProperty_MagpieData_minimum_Number": 0.00014286019082911236,
    "ElementProperty_MagpieData_mean_Electronegativity": 0.00014163633966779923,
    "BandCenter_band_center": 0.00013266742060306995,
    "GeneralizedRDF_mean_Gaussian_center=8_0_width=1_0": 0.0001275250542805906,
    "ElementProperty_MagpieData_minimum_NUnfilled": 0.00012268363813306302,
    "ElementProperty_MagpieData_mean_NdUnfilled": 0.00011941218736865698
}