{
    "MEGNet_OFMEncoded_v1_166": 0.01975357775090458,
    "TMetalFraction_transition_metal_fraction": 0.01694722362702404,
    "ElementProperty_MagpieData_mean_MendeleevNumber": 0.014311599207661552,
    "ElementProperty_MagpieData_maximum_Electronegativity": 0.012319327964257469,
    "VoronoiFingerprint_mean_Voro_area_std_dev": 0.012227742227817464,
    "ElementProperty_MagpieData_minimum_NValence": 0.011561801209764322,
    "ElementProperty_MagpieData_mean_Electronegativity": 0.011214597179032353,
    "DensityFeatures_density": 0.011013244832319212,
    "ElementProperty_MagpieData_avg_dev_GSbandgap": 0.010925721160680416,
    "ElementProperty_MagpieData_mean_Column": 0.010757507200791147,
    "ElementProperty_MagpieData_maximum_Number": 0.00990854482370596,
    "StructuralHeterogeneity_mean_absolute_deviation_in_relative_cell_size": 0.009852355930057564,
    "AtomicOrbitals_HOMO_energy": 0.009819070290160173,
    "AverageBondAngle_mean_Average_bond_angle": 0.008702126599907597,
    "Stoichiometry_7-norm": 0.008414759866486848,
    "ElementProperty_MagpieData_maximum_MeltingT": 0.008036126686666202,
    "ElementProperty_MagpieData_avg_dev_AtomicWeight": 0.00791723092206443,
    "MEGNet_OFMEncoded_v1_19": 0.007829010314959242,
    "AtomicOrbitals_LUMO_energy": 0.0077047693130906265,
    "MEGNet_OFMEncoded_v1_172": 0.0074835724607497335,
    "OPSiteFingerprint_mean_tetrahedral_CN_4": 0.007234309512831187,
    "ElementProperty_MagpieData_range_MeltingT": 0.007154227148888358,
    "ElementProperty_MagpieData_mean_SpaceGroupNumber": 0.006591701029140956,
    "MaximumPackingEfficiency_max_packing_efficiency": 0.006559892492637052,
    "CrystalNNFingerprint_mean_body-centered_cubic_CN_8": 0.006483212350450965,
    "ValenceOrbital_frac_f_valence_electrons": 0.0063931266678849755,
    "ElementProperty_MagpieData_mean_NpUnfilled": 0.0063681381679050126,
    "MEGNet_OFMEncoded_v1_55": 0.006323346413625775,
    "ValenceOrbital_frac_d_valence_electrons": 0.0063207562631559695,
    "ElementProperty_MagpieData_avg_dev_CovalentRadius": 0.0063021730310681146
}