{
    "GaussianSymmFunc_mean_G2_80_0": 0.36259447585206556,
    "ElementProperty_MagpieData_mean_CovalentRadius": 0.2700932884485084,
    "GeneralizedRDF_mean_Gaussian_center=3_0_width=1_0": 0.13903969425504,
    "GeneralizedRDF_mean_Gaussian_center=0_0_width=1_0": 0.11430829709364133,
    "TMetalFraction_transition_metal_fraction": 0.0953529513891493,
    "ElementProperty_MagpieData_range_MeltingT": 0.0928553914219591,
    "AtomicOrbitals_HOMO_element": 0.09165929094695001,
    "GaussianSymmFunc_mean_G2_20_0": 0.07217161420883007,
    "BondOrientationParameter_mean_BOOP_Q_l=3": 0.06674050159734875,
    "ElementProperty_MagpieData_avg_dev_GSmagmom": 0.05841604492214795,
    "OxidationStates_std_dev_oxidation_state": 0.05555264261049264,
    "GeneralizedRDF_mean_Gaussian_center=1_0_width=1_0": 0.048309022119543854,
    "MaximumPackingEfficiency_max_packing_efficiency": 0.04657189401050259,
    "ElementProperty_MagpieData_mean_NpUnfilled": 0.04588035877108183,
    "ElementProperty_MagpieData_mean_GSmagmom": 0.044550661030028305,
    "ElementProperty_MagpieData_avg_dev_NpValence": 0.0424512463781588,
    "ElementProperty_MagpieData_avg_dev_MeltingT": 0.040896245120647726,
    "ElementProperty_MagpieData_avg_dev_Electronegativity": 0.040130801587392836,
    "ElementProperty_MagpieData_maximum_GSvolume_pa": 0.03647944498047589,
    "AGNIFingerPrint_mean_AGNI_eta=8_00e-01": 0.033822356227901716,
    "ElementFraction_Yb": 0.0337503097445783,
    "ElementProperty_MagpieData_maximum_MeltingT": 0.033291485561335404,
    "AGNIFingerPrint_mean_AGNI_eta=1_23e+00": 0.03245471611480991,
    "ElementProperty_MagpieData_avg_dev_NUnfilled": 0.03155021221455474,
    "ValenceOrbital_frac_d_valence_electrons": 0.031016311107791926,
    "BandCenter_band_center": 0.03003420443320757,
    "BondOrientationParameter_mean_BOOP_Q_l=7": 0.030008029992267617,
    "ElementProperty_MagpieData_minimum_MendeleevNumber": 0.029507789646954063,
    "ElementProperty_MagpieData_avg_dev_GSvolume_pa": 0.028812259248805292,
    "YangSolidSolution_Yang_delta": 0.027604260173805368
}