{
    "MaximumPackingEfficiency_max_packing_efficiency": 0.04919672990130801,
    "DensityFeatures_packing_fraction": 0.027641814389528254,
    "AGNIFingerPrint_std_dev_AGNI_dir=y_eta=8_00e-01": 0.02671985849320181,
    "AtomicOrbitals_HOMO_energy": 0.025824222589127276,
    "ElementProperty_MagpieData_maximum_MeltingT": 0.02520127276932398,
    "AGNIFingerPrint_std_dev_AGNI_dir=z_eta=1_23e+00": 0.023676052472548673,
    "AGNIFingerPrint_std_dev_AGNI_dir=y_eta=1_23e+00": 0.023122419919399756,
    "CrystalNNFingerprint_mean_octahedral_CN_6": 0.021485770428928446,
    "BandCenter_band_center": 0.01971920888715268,
    "TMetalFraction_transition_metal_fraction": 0.01686290338983283,
    "AGNIFingerPrint_std_dev_AGNI_dir=z_eta=8_00e-01": 0.01622786924624452,
    "ElectronegativityDiff_mean_EN_difference": 0.015577497061193647,
    "ElementProperty_MagpieData_range_MeltingT": 0.01447842894942054,
    "ElementFraction_Yb": 0.012801566757310635,
    "BondOrientationParameter_mean_BOOP_Q_l=3": 0.012344905036129191,
    "ElementProperty_MagpieData_range_NdValence": 0.01170009060891297,
    "AtomicOrbitals_gap_AO": 0.011693979287487208,
    "AGNIFingerPrint_std_dev_AGNI_dir=z_eta=2_89e+00": 0.011377131555207977,
    "BondOrientationParameter_mean_BOOP_Q_l=4": 0.011083001001985351,
    "ElementProperty_MagpieData_mean_NpValence": 0.011040765619599968,
    "AGNIFingerPrint_std_dev_AGNI_dir=x_eta=1_23e+00": 0.010704873367223621,
    "ElementProperty_MagpieData_mean_NpUnfilled": 0.010297043720830207,
    "ElementProperty_MagpieData_mean_Column": 0.009760220901386396,
    "CrystalNNFingerprint_std_dev_wt_CN_4": 0.009202256290123648,
    "BondOrientationParameter_mean_BOOP_Q_l=5": 0.009189149737827858,
    "ElementProperty_MagpieData_avg_dev_NUnfilled": 0.009068450285128746,
    "OPSiteFingerprint_mean_sgl_bd_CN_1": 0.008940939589279405,
    "ElementProperty_MagpieData_minimum_Electronegativity": 0.00885794756752972,
    "ElementProperty_MagpieData_mode_Electronegativity": 0.008836049981329495,
    "CrystalNNFingerprint_std_dev_wt_CN_2": 0.008714224458291927
}