{
    "ElementProperty_MagpieData_maximum_Electronegativity": 0.0009147887400553978,
    "TMetalFraction_transition_metal_fraction": 0.0008412168049971282,
    "AtomicOrbitals_HOMO_energy": 0.0006029199017695856,
    "ElectronegativityDiff_minimum_EN_difference": 0.00048030382887944204,
    "ElectronegativityDiff_mean_EN_difference": 0.000468725810020436,
    "ElementProperty_MagpieData_mode_Electronegativity": 0.0003383637678433972,
    "ElementProperty_MagpieData_mode_GSvolume_pa": 0.00029730053694346264,
    "GeneralizedRDF_mean_Gaussian_center=7_0_width=1_0": 0.00027821519226205334,
    "ElementProperty_MagpieData_maximum_NdUnfilled": 0.0002746013185507536,
    "ChemicalOrdering_mean_ordering_parameter_shell_2": 0.00025480667185381206,
    "OPSiteFingerprint_mean_sgl_bd_CN_1": 0.00024361914172482964,
    "BondOrientationParameter_mean_BOOP_Q_l=2": 0.0002187934860113579,
    "OxidationStates_maximum_oxidation_state": 0.0002031727347852664,
    "ElementProperty_MagpieData_mean_NdUnfilled": 0.00019602953597220132,
    "MEGNet_OFMEncoded_v1_82": 0.00019535999977715325,
    "Stoichiometry_0-norm": 0.00019079523569651822,
    "GeneralizedRDF_mean_Gaussian_center=5_0_width=1_0": 0.00018157189370280713,
    "ElementProperty_MagpieData_avg_dev_Column": 0.0001756813298389411,
    "ElementProperty_MagpieData_maximum_MendeleevNumber": 0.00017261593325427625,
    "ElementProperty_MagpieData_mean_Electronegativity": 0.00016526515245496583,
    "LocalPropertyDifference_mean_local_difference_in_Electronegativity": 0.00016512665970248392,
    "ElementFraction_V": 0.00015922850061855936,
    "MEGNet_OFMEncoded_v1_125": 0.0001576811995100704,
    "ElementProperty_MagpieData_maximum_MeltingT": 0.0001545070840559082,
    "BondOrientationParameter_mean_BOOP_Q_l=4": 0.00015135405574927786,
    "MEGNet_OFMEncoded_v1_99": 0.00014776774426645387,
    "GaussianSymmFunc_mean_G4_0_005_4_0_-1_0": 0.00014442577053218816,
    "ElementProperty_MagpieData_mean_NUnfilled": 0.000135964423839699,
    "BondOrientationParameter_std_dev_BOOP_Q_l=6": 0.00013390498056773767,
    "ElementProperty_MagpieData_mean_MeltingT": 0.00013005405800058827
}