{
    "GeneralizedRDF_mean_Gaussian_center=3_0_width=1_0": 0.0008344477919238453,
    "BandCenter_band_center": 0.0004497822620387234,
    "GeneralizedRDF_mean_Gaussian_center=2_0_width=1_0": 0.00033685251128574546,
    "DensityFeatures_packing_fraction": 0.0001537306727070653,
    "ElementProperty_MagpieData_mean_NUnfilled": 0.00011415673885536876,
    "ElementProperty_MagpieData_mean_Column": 0.00010864013939055592,
    "GeneralizedRDF_mean_Gaussian_center=5_0_width=1_0": 9.855232349913745e-05,
    "ElementProperty_MagpieData_mean_MendeleevNumber": 8.36840626717292e-05,
    "ElementProperty_MagpieData_avg_dev_NdValence": 8.117382094129177e-05,
    "AGNIFingerPrint_mean_AGNI_eta=1_60e+01": 8.079156363193871e-05,
    "VoronoiFingerprint_mean_Voro_vol_maximum": 8.024029761747464e-05,
    "ElementProperty_MagpieData_mode_MendeleevNumber": 7.483526136229492e-05,
    "ElectronegativityDiff_minimum_EN_difference": 6.724655797879475e-05,
    "GaussianSymmFunc_mean_G2_0_05": 6.540550129481417e-05,
    "OPSiteFingerprint_std_dev_tetrahedral_CN_4": 6.345864390412461e-05,
    "ElectronegativityDiff_mean_EN_difference": 6.275848118732246e-05,
    "BondOrientationParameter_mean_BOOP_Q_l=2": 6.245575135643312e-05,
    "TMetalFraction_transition_metal_fraction": 6.208601056967238e-05,
    "VoronoiFingerprint_mean_Voro_dist_mean": 5.659855418160416e-05,
    "VoronoiFingerprint_mean_Voro_dist_maximum": 4.683239826554008e-05,
    "ElementProperty_MagpieData_avg_dev_MendeleevNumber": 4.5645430134108616e-05,
    "ElementProperty_MagpieData_avg_dev_NUnfilled": 4.5088749361687956e-05,
    "ElementProperty_MagpieData_mean_MeltingT": 4.248755826123483e-05,
    "ElementProperty_MagpieData_mean_NpValence": 4.069912322548106e-05,
    "ElementProperty_MagpieData_mean_Electronegativity": 4.0439711528527175e-05,
    "ElementProperty_MagpieData_maximum_NUnfilled": 3.941381440084116e-05,
    "ElementProperty_MagpieData_mean_CovalentRadius": 3.899471205819598e-05,
    "ElementProperty_MagpieData_range_NdValence": 3.832066086118818e-05,
    "StructuralHeterogeneity_mean_neighbor_distance_variation": 3.328984494572294e-05,
    "OxidationStates_std_dev_oxidation_state": 3.1914784084462206e-05
}