{
    "StructuralHeterogeneity_mean_neighbor_distance_variation": 0.024046214317560467,
    "AtomicOrbitals_HOMO_energy": 0.020873989726439078,
    "MaximumPackingEfficiency_max_packing_efficiency": 0.01787601397271502,
    "ElementProperty_MagpieData_mean_GSmagmom": 0.017481587966153577,
    "BondOrientationParameter_mean_BOOP_Q_l=2": 0.016721501290506886,
    "ElementProperty_MagpieData_mean_MeltingT": 0.016083181893666417,
    "ElementProperty_MagpieData_avg_dev_NUnfilled": 0.015148999031665144,
    "ElementProperty_MagpieData_mean_NpUnfilled": 0.013703686618308614,
    "ElectronegativityDiff_minimum_EN_difference": 0.013197806243748823,
    "CrystalNNFingerprint_mean_pentagonal_pyramidal_CN_6": 0.013086290508509383,
    "ChemicalOrdering_mean_ordering_parameter_shell_3": 0.011321705161101049,
    "GaussianSymmFunc_mean_G2_80_0": 0.011237674261910344,
    "ElementProperty_MagpieData_avg_dev_CovalentRadius": 0.009311771676448515,
    "TMetalFraction_transition_metal_fraction": 0.008794066953884799,
    "CrystalNNFingerprint_mean_bent_150_degrees_CN_2": 0.008225157584359545,
    "AverageBondAngle_mean_Average_bond_angle": 0.008053332288753072,
    "ElementProperty_MagpieData_mode_Electronegativity": 0.00792882887638167,
    "DensityFeatures_density": 0.00774965204508063,
    "ElementProperty_MagpieData_mode_MendeleevNumber": 0.007547913264409733,
    "GeneralizedRDF_std_dev_Gaussian_center=3_0_width=1_0": 0.007279810801164788,
    "MEGNet_OFMEncoded_v1_181": 0.0069896484411897854,
    "YangSolidSolution_Yang_omega": 0.006687423849386101,
    "ElementProperty_MagpieData_maximum_Electronegativity": 0.006648358303193601,
    "OPSiteFingerprint_std_dev_trigonal_planar_CN_3": 0.006447658389130154,
    "BondOrientationParameter_mean_BOOP_Q_l=1": 0.006312727133991219,
    "ElementProperty_MagpieData_mode_GSvolume_pa": 0.00603243065365835,
    "CrystalNNFingerprint_std_dev_wt_CN_2": 0.005974332458224469,
    "MEGNet_OFMEncoded_v1_14": 0.005892766904332103,
    "ElementProperty_MagpieData_avg_dev_NpValence": 0.005875285184703216,
    "ElementProperty_MagpieData_mode_Column": 0.005698790366930634
}