{
    "ElementProperty_MagpieData_mode_GSvolume_pa": 0.048614009052225904,
    "OPSiteFingerprint_mean_body-centered_cubic_CN_8": 0.02383357140281534,
    "DensityFeatures_packing_fraction": 0.021186874976311335,
    "BondOrientationParameter_mean_BOOP_Q_l=10": 0.018170016122328093,
    "CoordinationNumber_std_dev_CN_VoronoiNN": 0.014761014581587522,
    "ElementProperty_MagpieData_minimum_GSvolume_pa": 0.01458310395158156,
    "MEGNet_OFMEncoded_v1_122": 0.01401396217440459,
    "ElementProperty_MagpieData_mode_MeltingT": 0.012780624961128468,
    "ChemicalOrdering_mean_ordering_parameter_shell_2": 0.012742956842564882,
    "ElementProperty_MagpieData_maximum_MeltingT": 0.01081401847563579,
    "ElementProperty_MagpieData_mean_MeltingT": 0.010806269236420517,
    "AtomicOrbitals_LUMO_energy": 0.00899727727716754,
    "ElementProperty_MagpieData_range_Electronegativity": 0.008891108602399436,
    "VoronoiFingerprint_mean_Symmetry_index_5": 0.0081001195778788,
    "ElementProperty_MagpieData_mean_Column": 0.008066183024638811,
    "StructuralHeterogeneity_mean_neighbor_distance_variation": 0.00795058017327157,
    "ElementProperty_MagpieData_mean_NdUnfilled": 0.007790288286202137,
    "TMetalFraction_transition_metal_fraction": 0.007678886147075289,
    "ElementProperty_MagpieData_avg_dev_Column": 0.007273416552648435,
    "MaximumPackingEfficiency_max_packing_efficiency": 0.006914689530049354,
    "ElementProperty_MagpieData_avg_dev_MendeleevNumber": 0.006895352838918481,
    "ElementProperty_MagpieData_mean_MendeleevNumber": 0.0066153883682538795,
    "BondOrientationParameter_mean_BOOP_Q_l=7": 0.006476701015064878,
    "AGNIFingerPrint_std_dev_AGNI_dir=x_eta=1_88e+00": 0.006394300467444947,
    "ElementProperty_MagpieData_maximum_MendeleevNumber": 0.006274731575878617,
    "ElementProperty_MagpieData_mean_NUnfilled": 0.006121804384203126,
    "BondOrientationParameter_mean_BOOP_Q_l=1": 0.006084665323577616,
    "CoulombMatrix_coulomb_matrix_eig_5": 0.006032384846835627,
    "MEGNet_OFMEncoded_v1_115": 0.005977371722532414,
    "CrystalNNFingerprint_mean_q6_CN_12": 0.005878228649897769
}