{
    "AGNIFingerPrint_mean_AGNI_eta=1_23e+00": 0.8465458550440421,
    "GeneralizedRDF_mean_Gaussian_center=0_0_width=1_0": 0.4537175017534747,
    "TMetalFraction_transition_metal_fraction": 0.41653115760040826,
    "ElementProperty_MagpieData_mean_Electronegativity": 0.207190398753048,
    "AverageBondLength_mean_Average_bond_length": 0.1913472211473831,
    "ElementProperty_MagpieData_mean_CovalentRadius": 0.17591079906019022,
    "ElementProperty_MagpieData_avg_dev_GSvolume_pa": 0.15372876992266307,
    "ElementProperty_MagpieData_mean_GSvolume_pa": 0.13197911956387431,
    "ElementProperty_MagpieData_mean_GSmagmom": 0.12153944823540042,
    "BandCenter_band_center": 0.09786435184474569,
    "ElementProperty_MagpieData_mean_NpValence": 0.0790046022647904,
    "MEGNet_OFMEncoded_v1_19": 0.07535384407215222,
    "YangSolidSolution_Yang_omega": 0.07131457769642208,
    "DensityFeatures_packing_fraction": 0.06447515681607087,
    "ElementProperty_MagpieData_avg_dev_GSmagmom": 0.05924192186199381,
    "ElectronegativityDiff_minimum_EN_difference": 0.056191441721633206,
    "GeneralizedRDF_mean_Gaussian_center=3_0_width=1_0": 0.04946184099183944,
    "MEGNet_OFMEncoded_v1_135": 0.048665302336886866,
    "BondFractions_O_-_W_bond_frac_": 0.04652958216321022,
    "ElementProperty_MagpieData_range_MeltingT": 0.04628348494659534,
    "MEGNet_OFMEncoded_v1_102": 0.04491813972952583,
    "BondFractions_O_-_V_bond_frac_": 0.044497707870869936,
    "ElementProperty_MagpieData_maximum_NdValence": 0.04232332535797831,
    "MEGNet_OFMEncoded_v1_146": 0.041263539407429835,
    "BondFractions_Fe_-_O_bond_frac_": 0.04114869552512719,
    "ElementProperty_MagpieData_mean_NdUnfilled": 0.039811801601305506,
    "ElementProperty_MagpieData_maximum_Number": 0.03614933651998452,
    "ElementProperty_MagpieData_minimum_Electronegativity": 0.03586537861268618,
    "ElementProperty_MagpieData_mode_NUnfilled": 0.035413158835505866,
    "ElementFraction_Cr": 0.03480434625578318
}