{
    "TMetalFraction_transition_metal_fraction": 0.04312758846062371,
    "GeneralizedRDF_mean_Gaussian_center=2_0_width=1_0": 0.0232447181032342,
    "ElementProperty_MagpieData_mode_MeltingT": 0.01816991362247666,
    "ElectronegativityDiff_minimum_EN_difference": 0.016489698547520318,
    "ElementProperty_MagpieData_minimum_MeltingT": 0.014928184148514146,
    "AtomicOrbitals_HOMO_energy": 0.013443179297802324,
    "ValenceOrbital_frac_d_valence_electrons": 0.01203640341820245,
    "AtomicOrbitals_HOMO_element": 0.010490466998771516,
    "XRDPowderPattern_xrd_34": 0.010126221001041788,
    "ElementProperty_MagpieData_mean_CovalentRadius": 0.009616873544791958,
    "ElementProperty_MagpieData_maximum_MeltingT": 0.00815444175872531,
    "ElementProperty_MagpieData_maximum_Number": 0.007811348763461913,
    "ElementProperty_MagpieData_mean_MeltingT": 0.007060044242552752,
    "AtomicOrbitals_gap_AO": 0.007046911377862032,
    "DensityFeatures_packing_fraction": 0.006849828831227682,
    "BondOrientationParameter_mean_BOOP_Q_l=2": 0.0068018666562964705,
    "ElementProperty_MagpieData_maximum_NValence": 0.006702293565287272,
    "ElementProperty_MagpieData_maximum_CovalentRadius": 0.006221398930373144,
    "ElementProperty_MagpieData_mean_NpValence": 0.005974643514159229,
    "ElementFraction_Cu": 0.005569747273072837,
    "CoordinationNumber_mean_CN_VoronoiNN": 0.004873680526524665,
    "ChemicalOrdering_mean_ordering_parameter_shell_1": 0.004835669629628138,
    "ElementProperty_MagpieData_avg_dev_NfUnfilled": 0.0046564997366715394,
    "XRDPowderPattern_xrd_12": 0.0046552359283724256,
    "OPSiteFingerprint_mean_body-centered_cubic_CN_8": 0.004580229527136681,
    "OPSiteFingerprint_std_dev_square_co-planar_CN_4": 0.004509008190466977,
    "ChemicalOrdering_mean_ordering_parameter_shell_3": 0.0044841173118964255,
    "MEGNet_OFMEncoded_v1_70": 0.004378195470796591,
    "ElementProperty_MagpieData_maximum_NUnfilled": 0.004339736175894815,
    "ElementProperty_MagpieData_mean_Column": 0.004302702046505539
}