{
    "ElementProperty_MagpieData_maximum_NpUnfilled": 0.03043627582441564,
    "ElementProperty_MagpieData_mean_NpUnfilled": 0.026304061536853832,
    "ElementProperty_MagpieData_avg_dev_NpValence": 0.017589521721280692,
    "ElementProperty_MagpieData_mean_Column": 0.017177889301257215,
    "AtomicOrbitals_HOMO_energy": 0.01652285060607343,
    "ChemicalOrdering_mean_ordering_parameter_shell_3": 0.015673554865327767,
    "OxidationStates_std_dev_oxidation_state": 0.015267226751708537,
    "ElementProperty_MagpieData_mean_MeltingT": 0.014981723568421621,
    "BondOrientationParameter_mean_BOOP_Q_l=5": 0.012501293469616119,
    "ElementProperty_MagpieData_avg_dev_CovalentRadius": 0.01194867219681186,
    "MEGNet_OFMEncoded_v1_50": 0.011496196722631014,
    "BondOrientationParameter_mean_BOOP_Q_l=3": 0.011306222691921554,
    "DensityFeatures_packing_fraction": 0.00995021061949215,
    "MEGNet_OFMEncoded_v1_163": 0.00949803142263939,
    "MEGNet_OFMEncoded_v1_97": 0.00921681473467913,
    "ElementProperty_MagpieData_mean_GSvolume_pa": 0.00872584504298653,
    "CrystalNNFingerprint_mean_wt_CN_4": 0.008246760996731647,
    "TMetalFraction_transition_metal_fraction": 0.007874623166485255,
    "ElementProperty_MagpieData_maximum_Number": 0.007345015064179589,
    "ElementProperty_MagpieData_avg_dev_MeltingT": 0.007272778719674283,
    "BondOrientationParameter_mean_BOOP_Q_l=1": 0.007222775108465104,
    "AGNIFingerPrint_mean_AGNI_eta=1_23e+00": 0.0071865717442197805,
    "ElementProperty_MagpieData_maximum_Electronegativity": 0.007043655953657153,
    "CrystalNNFingerprint_mean_octahedral_CN_6": 0.0067157067690128665,
    "BondOrientationParameter_mean_BOOP_Q_l=4": 0.006676634518535746,
    "ElementProperty_MagpieData_maximum_NdUnfilled": 0.0065623592805419025,
    "ElementProperty_MagpieData_mean_Electronegativity": 0.006557299517604207,
    "ElementProperty_MagpieData_mean_CovalentRadius": 0.0065551582806946595,
    "AtomicOrbitals_LUMO_energy": 0.006335794284429933,
    "ElectronegativityDiff_std_dev_EN_difference": 0.006274212970553346
}