{
    "GeneralizedRDF_mean_Gaussian_center=1_0_width=1_0": 0.0020245225501128346,
    "GaussianSymmFunc_mean_G2_20_0": 0.0017058196769891654,
    "ElementProperty_MagpieData_mode_NUnfilled": 0.0012559760411447098,
    "AGNIFingerPrint_mean_AGNI_eta=1_23e+00": 0.0008365260255143509,
    "AGNIFingerPrint_mean_AGNI_eta=1_88e+00": 0.00047423770360664064,
    "ElementProperty_MagpieData_maximum_MeltingT": 0.0004390780379196939,
    "ElementProperty_MagpieData_mean_NpUnfilled": 0.00036423121267135645,
    "ElementProperty_MagpieData_minimum_CovalentRadius": 0.0003361319377440792,
    "GeneralizedRDF_mean_Gaussian_center=2_0_width=1_0": 0.0003256554899659125,
    "ElementProperty_MagpieData_mean_MeltingT": 0.00032534250457979874,
    "ElementProperty_MagpieData_avg_dev_Electronegativity": 0.0003161474088952926,
    "OxidationStates_std_dev_oxidation_state": 0.00028396493129213065,
    "ElementFraction_O": 0.00027363994760718993,
    "ElectronegativityDiff_minimum_EN_difference": 0.00025769223292430204,
    "ElementFraction_H": 0.0002521840035706276,
    "ElementProperty_MagpieData_avg_dev_Column": 0.0002435017616074381,
    "BandCenter_band_center": 0.00022959354010575764,
    "MEGNet_OFMEncoded_v1_87": 0.00021093025728735637,
    "MEGNet_OFMEncoded_v1_99": 0.0001933294285210032,
    "ElementProperty_MagpieData_mean_Column": 0.00018339852777320603,
    "ElementProperty_MagpieData_mean_NpValence": 0.00017947904371146947,
    "TMetalFraction_transition_metal_fraction": 0.00016656726879936835,
    "MEGNet_OFMEncoded_v1_15": 0.00016575278024403726,
    "GeneralizedRDF_mean_Gaussian_center=5_0_width=1_0": 0.0001589382414623069,
    "YangSolidSolution_Yang_delta": 0.0001541783472344889,
    "ElementProperty_MagpieData_minimum_Number": 0.00015380630566735862,
    "ElementProperty_MagpieData_mean_Electronegativity": 0.0001514818925000627,
    "GeneralizedRDF_mean_Gaussian_center=8_0_width=1_0": 0.00015015040360883704,
    "ElementProperty_MagpieData_avg_dev_MeltingT": 0.00013903935884074041,
    "ElementProperty_MagpieData_minimum_Column": 0.00013159772001859025
}