{
    "DensityFeatures_packing_fraction": 0.0446774672100486,
    "BondOrientationParameter_mean_BOOP_Q_l=2": 0.018383716896678653,
    "MEGNet_OFMEncoded_v1_122": 0.01489649005734218,
    "BandCenter_band_center": 0.014883487937920877,
    "TMetalFraction_transition_metal_fraction": 0.012303672522629627,
    "GeneralizedRDF_mean_Gaussian_center=2_0_width=1_0": 0.010267378143087761,
    "MEGNet_OFMEncoded_v1_19": 0.009018247471665094,
    "ElementProperty_MagpieData_avg_dev_MendeleevNumber": 0.009004312123645818,
    "ElementProperty_MagpieData_avg_dev_CovalentRadius": 0.008655740960578901,
    "GeneralizedRDF_mean_Gaussian_center=3_0_width=1_0": 0.008241990373648436,
    "CrystalNNFingerprint_mean_wt_CN_8": 0.008098024730149214,
    "GeneralizedRDF_mean_Gaussian_center=0_0_width=1_0": 0.00808548900946497,
    "ElementProperty_MagpieData_avg_dev_NpUnfilled": 0.007832760028145442,
    "ElementProperty_MagpieData_avg_dev_GSvolume_pa": 0.007818059931859354,
    "BondOrientationParameter_mean_BOOP_Q_l=7": 0.007230417781777391,
    "AtomicOrbitals_HOMO_element": 0.007119058053963251,
    "ElementProperty_MagpieData_mean_GSvolume_pa": 0.006906027071641665,
    "Miedema_Miedema_deltaH_amor": 0.006896456256236435,
    "ElementProperty_MagpieData_mean_NpUnfilled": 0.006815834863111167,
    "StructuralHeterogeneity_min_relative_bond_length": 0.006735611547397826,
    "BondOrientationParameter_mean_BOOP_Q_l=10": 0.006583602866327462,
    "ElementProperty_MagpieData_minimum_MendeleevNumber": 0.006313913794469369,
    "ElementProperty_MagpieData_avg_dev_NdUnfilled": 0.006244608594155031,
    "ElementProperty_MagpieData_range_CovalentRadius": 0.006010121289945276,
    "CrystalNNFingerprint_mean_octahedral_CN_6": 0.005946174815421436,
    "OxidationStates_std_dev_oxidation_state": 0.005863215745114107,
    "ElementProperty_MagpieData_mean_Column": 0.005863155739948535,
    "SineCoulombMatrix_sine_coulomb_matrix_eig_3": 0.005668924422050447,
    "AverageBondLength_mean_Average_bond_length": 0.005523980743640728,
    "ElementProperty_MagpieData_minimum_Electronegativity": 0.005433491200012125
}