{
    "TMetalFraction_transition_metal_fraction": 0.9631044676178193,
    "GeneralizedRDF_mean_Gaussian_center=3_0_width=1_0": 0.2953898728942309,
    "ElementProperty_MagpieData_avg_dev_SpaceGroupNumber": 0.25451829132218723,
    "ElementProperty_MagpieData_maximum_GSvolume_pa": 0.18372816937330666,
    "ElementProperty_MagpieData_mode_GSvolume_pa": 0.18276186729456462,
    "ElementProperty_MagpieData_maximum_Electronegativity": 0.1566842038262806,
    "ElementProperty_MagpieData_avg_dev_NpValence": 0.1471748396327136,
    "ElementProperty_MagpieData_mean_NsValence": 0.1257689607471376,
    "ElementProperty_MagpieData_mode_MeltingT": 0.12154804906797863,
    "ElementProperty_MagpieData_avg_dev_GSmagmom": 0.11170164996333996,
    "ElementProperty_MagpieData_mean_NdValence": 0.09463126897408677,
    "ElementProperty_MagpieData_mean_MeltingT": 0.08356464229230691,
    "MEGNet_OFMEncoded_v1_163": 0.07366785630500083,
    "ElementProperty_MagpieData_maximum_NdValence": 0.07239820561611676,
    "AtomicOrbitals_LUMO_energy": 0.07221852555702662,
    "ElementProperty_MagpieData_mean_CovalentRadius": 0.06470958350112423,
    "BandCenter_band_center": 0.0644703089046778,
    "ElementProperty_MagpieData_mean_Electronegativity": 0.0639597959939131,
    "MEGNet_OFMEncoded_v1_172": 0.06358937482884718,
    "Stoichiometry_2-norm": 0.06106405304423899,
    "ValenceOrbital_frac_d_valence_electrons": 0.06087687007053113,
    "DensityFeatures_packing_fraction": 0.05998239435003867,
    "ElementFraction_V": 0.059758116847901804,
    "MEGNet_OFMEncoded_v1_55": 0.05858574061871196,
    "MEGNet_OFMEncoded_v1_79": 0.058236684006075734,
    "ElementProperty_MagpieData_mode_Electronegativity": 0.05647330782140127,
    "ElementProperty_MagpieData_mode_NValence": 0.05172422312415518,
    "CrystalNNFingerprint_mean_octahedral_CN_6": 0.05130273718525455,
    "ElementProperty_MagpieData_mean_NsUnfilled": 0.0485655331941599,
    "MEGNet_OFMEncoded_v1_138": 0.04824818520193966
}