{
    "ElementProperty_MagpieData_minimum_CovalentRadius": 0.02368793577666041,
    "ElementProperty_MagpieData_mode_Number": 0.019265725444928366,
    "ElementProperty_MagpieData_mode_CovalentRadius": 0.016692766477962594,
    "ElementProperty_MagpieData_mean_GSbandgap": 0.009924447143968637,
    "ElementFraction_S": 0.009215200585163797,
    "ElementProperty_MagpieData_maximum_NdValence": 0.005497733177139545,
    "MEGNet_OFMEncoded_v1_119": 0.00491933183046377,
    "ElementProperty_MagpieData_mean_Electronegativity": 0.003989436803019306,
    "ElementProperty_MagpieData_maximum_MendeleevNumber": 0.003768294319672494,
    "ElementFraction_Ge": 0.0034208166575374487,
    "ElementProperty_MagpieData_maximum_GSbandgap": 0.0033034782126181786,
    "ElementFraction_Br": 0.0030735339264107045,
    "ElementProperty_MagpieData_mode_SpaceGroupNumber": 0.002884176236246339,
    "ElementProperty_MagpieData_minimum_Electronegativity": 0.0028727958967981414,
    "ElementFraction_P": 0.0028712363238905005,
    "ElementFraction_Ni": 0.002845183067613667,
    "ElementProperty_MagpieData_minimum_MendeleevNumber": 0.0028241457475309774,
    "ElementProperty_MagpieData_mode_NUnfilled": 0.0026879923407522846,
    "ElementFraction_Cd": 0.0024003355263199195,
    "ValenceOrbital_frac_d_valence_electrons": 0.002380171990807198,
    "ElementProperty_MagpieData_mode_MeltingT": 0.002268695778253554,
    "ElementProperty_MagpieData_maximum_NValence": 0.00210224922466126,
    "ElementFraction_Be": 0.002066151037611501,
    "ElementFraction_F": 0.0020634876913929044,
    "MEGNet_OFMEncoded_v1_58": 0.0019573341690303243,
    "ElementFraction_Pd": 0.001894933869476411,
    "ElementFraction_Al": 0.00183080971412021,
    "ElementProperty_MagpieData_maximum_MeltingT": 0.0018180792800110367,
    "ElementProperty_MagpieData_maximum_GSvolume_pa": 0.0017986114990474551,
    "ElementFraction_N": 0.0017900993747800179
}