{
    "ElementProperty_MagpieData_mean_Column": 0.0008854628994318616,
    "ElementProperty_MagpieData_mean_NpValence": 0.0007179993072958053,
    "ElementProperty_MagpieData_mode_GSvolume_pa": 0.0007044688150774837,
    "ElementProperty_MagpieData_maximum_CovalentRadius": 0.0006799948895142056,
    "GaussianSymmFunc_mean_G2_80_0": 0.0006556270879142527,
    "ElementFraction_Ca": 0.0005498906140954935,
    "ElementFraction_S": 0.0005411441506802677,
    "ElementProperty_MagpieData_maximum_Column": 0.0005317600803908843,
    "ElementProperty_MagpieData_mode_GSbandgap": 0.00045352482441549173,
    "ElementProperty_MagpieData_mode_CovalentRadius": 0.0004294263138384303,
    "ElementFraction_Au": 0.0004057451365790233,
    "ElementFraction_In": 0.0003966636009888012,
    "ElementProperty_MagpieData_avg_dev_GSmagmom": 0.00038703124769695705,
    "ElementFraction_Yb": 0.00037867320863823527,
    "ElementProperty_MagpieData_mean_CovalentRadius": 0.00037858078540701893,
    "ElementProperty_MagpieData_minimum_NUnfilled": 0.00035649171371720373,
    "ElementProperty_MagpieData_maximum_SpaceGroupNumber": 0.00034769306349745913,
    "ElementProperty_MagpieData_maximum_GSbandgap": 0.0003212880502302278,
    "ElementProperty_MagpieData_minimum_CovalentRadius": 0.0003005550060826754,
    "ElementFraction_K": 0.0002681012789643085,
    "ElementProperty_MagpieData_avg_dev_CovalentRadius": 0.00025658847361442055,
    "ElementFraction_Y": 0.00024218217976858402,
    "ElementProperty_MagpieData_mean_GSmagmom": 0.000226516205770274,
    "MEGNet_OFMEncoded_v1_5": 0.00022614871452752633,
    "MEGNet_OFMEncoded_v1_147": 0.00022550905959918766,
    "TMetalFraction_transition_metal_fraction": 0.00021975299846397852,
    "ElementFraction_Ni": 0.00020501265129435086,
    "ElementFraction_F": 0.00017102591264296153,
    "ElementFraction_Bi": 0.00015861373663909997,
    "ElementProperty_MagpieData_mean_NpUnfilled": 0.00015035722263874633
}