{
    "ElementProperty_MagpieData_mean_MeltingT": 6.744035473527151,
    "ElementProperty_MagpieData_mean_NUnfilled": 4.904325089365011,
    "ElementProperty_MagpieData_mode_NUnfilled": 3.5876024531684725,
    "ElementProperty_MagpieData_minimum_NUnfilled": 1.7525183640064443,
    "ElementProperty_MagpieData_maximum_MeltingT": 1.1071745823409942,
    "ElementProperty_MagpieData_avg_dev_MeltingT": 0.9461866564889875,
    "ElementProperty_MagpieData_maximum_Number": 0.8018117550204449,
    "ElementProperty_MagpieData_maximum_CovalentRadius": 0.6751272685897731,
    "ElementProperty_MagpieData_mode_MendeleevNumber": 0.5927603434518444,
    "Stoichiometry_7-norm": 0.5789062232971566,
    "ElementProperty_MagpieData_maximum_NdValence": 0.5747195930169461,
    "ElementProperty_MagpieData_mean_AtomicWeight": 0.503314817444559,
    "DensityFeatures_density": 0.439911154477171,
    "ElementProperty_MagpieData_maximum_NUnfilled": 0.3779893234258379,
    "ValenceOrbital_frac_f_valence_electrons": 0.37045466990063686,
    "ElementProperty_MagpieData_mode_GSvolume_pa": 0.36921554869842443,
    "ElementProperty_MagpieData_mean_NpUnfilled": 0.3666874130289205,
    "OxidationStates_std_dev_oxidation_state": 0.3348513073102464,
    "YangSolidSolution_Yang_delta": 0.3312615100918906,
    "ElementProperty_MagpieData_mode_NValence": 0.31229452363638693,
    "ElementFraction_Mg": 0.2829343944125783,
    "MEGNet_OFMEncoded_v1_149": 0.2798608775661261,
    "ElementProperty_MagpieData_maximum_NValence": 0.2506961599621785,
    "ElementProperty_MagpieData_mode_Number": 0.24647312273063815,
    "ElementProperty_MagpieData_mean_NdValence": 0.24241346089291763,
    "ElementFraction_Cr": 0.2404697579073347,
    "ElementProperty_MagpieData_maximum_MendeleevNumber": 0.23956744954226122,
    "ElementProperty_MagpieData_minimum_GSvolume_pa": 0.23474546369777727,
    "ElementFraction_Yb": 0.23436853668864996,
    "ElementProperty_MagpieData_mode_MeltingT": 0.2284514786241343
}