{
    "ElementProperty_MagpieData_maximum_MendeleevNumber": 0.018903995070168784,
    "ElementProperty_MagpieData_mode_GSvolume_pa": 0.01445392357078053,
    "ElementProperty_MagpieData_mean_GSbandgap": 0.009368488150370386,
    "ElementProperty_MagpieData_mode_CovalentRadius": 0.008879438350565622,
    "ElementProperty_MagpieData_maximum_GSbandgap": 0.008053767219869097,
    "ElementProperty_MagpieData_minimum_CovalentRadius": 0.007259600835643242,
    "ElementProperty_MagpieData_minimum_SpaceGroupNumber": 0.007103296156998476,
    "ElementProperty_MagpieData_mode_MeltingT": 0.006774538272301695,
    "ElementProperty_MagpieData_mean_NpValence": 0.006068870191395641,
    "ElementFraction_Ni": 0.005827296386977866,
    "ElementFraction_F": 0.005760751889883309,
    "ElementFraction_Cr": 0.004880084483637323,
    "ElementProperty_MagpieData_minimum_GSvolume_pa": 0.0047702320823166285,
    "ElementProperty_MagpieData_minimum_Number": 0.00425897619775152,
    "ElementFraction_Cu": 0.004254837873375298,
    "ElementFraction_S": 0.003981036246072941,
    "ElementFraction_Na": 0.003895466597363135,
    "ElementFraction_Mn": 0.003340343080937964,
    "ElementFraction_P": 0.0031011238388209917,
    "MEGNet_OFMEncoded_v1_69": 0.003019526262966139,
    "ElementFraction_I": 0.0028980741990262005,
    "ElementProperty_MagpieData_mode_MendeleevNumber": 0.002624747800917088,
    "ElementFraction_Se": 0.002570245830729009,
    "ElementFraction_C": 0.0025419701481404072,
    "ElementProperty_MagpieData_maximum_NValence": 0.0024365149876042352,
    "MEGNet_OFMEncoded_v1_119": 0.002402116200798488,
    "ElementFraction_Pd": 0.002305873824453864,
    "ElementProperty_MagpieData_mode_SpaceGroupNumber": 0.002216968199534055,
    "ElementProperty_MagpieData_mean_NdUnfilled": 0.0022150655376211377,
    "MEGNet_OFMEncoded_v1_134": 0.002136525186676074
}