{
    "MaximumPackingEfficiency_max_packing_efficiency": 0.08057001586606674,
    "BondOrientationParameter_mean_BOOP_Q_l=3": 0.04395660433878809,
    "OxidationStates_std_dev_oxidation_state": 0.021236031876835884,
    "DensityFeatures_packing_fraction": 0.020635907432208268,
    "BondOrientationParameter_mean_BOOP_Q_l=10": 0.018565928027990546,
    "ElementProperty_MagpieData_avg_dev_NpValence": 0.018068631236233076,
    "TMetalFraction_transition_metal_fraction": 0.017821522031396465,
    "BandCenter_band_center": 0.01745755927263357,
    "ElementProperty_MagpieData_mean_MeltingT": 0.01410663479952798,
    "ElementProperty_MagpieData_avg_dev_Electronegativity": 0.013572180993055585,
    "ElementProperty_MagpieData_maximum_MeltingT": 0.013398120650826297,
    "ElementProperty_MagpieData_mean_SpaceGroupNumber": 0.012724253955186926,
    "ElementFraction_V": 0.012713580605269914,
    "CrystalNNFingerprint_mean_q4_CN_12": 0.0121629700396703,
    "ElementProperty_MagpieData_avg_dev_GSvolume_pa": 0.011188154615045121,
    "ElementProperty_MagpieData_maximum_CovalentRadius": 0.011131802979165087,
    "OxidationStates_maximum_oxidation_state": 0.01099107241183335,
    "ElementProperty_MagpieData_range_GSbandgap": 0.010972807893231752,
    "ElementProperty_MagpieData_mean_Electronegativity": 0.010944873705247432,
    "MEGNet_OFMEncoded_v1_185": 0.01085002152590349,
    "ElementFraction_Mn": 0.010698893313788645,
    "DensityFeatures_density": 0.010612703045083847,
    "AGNIFingerPrint_mean_AGNI_eta=8_00e-01": 0.010470878896851764,
    "ElementProperty_MagpieData_minimum_Number": 0.01017447152981407,
    "LocalPropertyDifference_mean_local_difference_in_Electronegativity": 0.010026667781759304,
    "ElementProperty_MagpieData_mode_GSbandgap": 0.009888726690443606,
    "ElementProperty_MagpieData_avg_dev_GSbandgap": 0.009012394210990735,
    "BondOrientationParameter_std_dev_BOOP_Q_l=3": 0.008953482428903942,
    "MEGNet_OFMEncoded_v1_93": 0.008878834049243502,
    "BondOrientationParameter_mean_BOOP_Q_l=5": 0.008679083817691127
}