{
    "OxidationStates_std_dev_oxidation_state": 0.030872356749769576,
    "ElementProperty_MagpieData_avg_dev_CovalentRadius": 0.02762485182759961,
    "ElementProperty_MagpieData_avg_dev_MeltingT": 0.025281447536637382,
    "ElementProperty_MagpieData_range_CovalentRadius": 0.023280880347518483,
    "ElementProperty_MagpieData_avg_dev_NdUnfilled": 0.019106558617873356,
    "ElementProperty_MagpieData_mean_Column": 0.0182353713861608,
    "ElementProperty_MagpieData_mean_Electronegativity": 0.014734814037830928,
    "GaussianSymmFunc_std_dev_G4_0_005_4_0_-1_0": 0.0121798722520388,
    "ElementProperty_MagpieData_range_MeltingT": 0.011053173622143432,
    "VoronoiFingerprint_mean_Voro_dist_mean": 0.010227835245586073,
    "GeneralizedRDF_mean_Gaussian_center=5_0_width=1_0": 0.010114946183046392,
    "MEGNet_OFMEncoded_v1_122": 0.009872415995933035,
    "MEGNet_OFMEncoded_v1_115": 0.009859593619080788,
    "ElementProperty_MagpieData_mode_GSvolume_pa": 0.009833863688799606,
    "TMetalFraction_transition_metal_fraction": 0.009245518465630171,
    "BondOrientationParameter_mean_BOOP_Q_l=3": 0.008810997070587205,
    "VoronoiFingerprint_std_dev_Voro_dist_mean": 0.008803280166636986,
    "ElementProperty_MagpieData_range_NUnfilled": 0.008636941461191885,
    "ElementProperty_MagpieData_mean_MeltingT": 0.008611480713197865,
    "ElementProperty_MagpieData_mean_MendeleevNumber": 0.008486109802666874,
    "Stoichiometry_10-norm": 0.008300322892897246,
    "GeneralizedRDF_mean_Gaussian_center=2_0_width=1_0": 0.008194869781350825,
    "ElementProperty_MagpieData_mean_NUnfilled": 0.007844790852719193,
    "ElementFraction_Yb": 0.007833071387342851,
    "AGNIFingerPrint_std_dev_AGNI_eta=2_89e+00": 0.007566318109109167,
    "CrystalNNFingerprint_mean_pentagonal_planar_CN_5": 0.007480887943313208,
    "ElementProperty_MagpieData_maximum_CovalentRadius": 0.007381827036816758,
    "ElementProperty_MagpieData_avg_dev_NpValence": 0.007338795164598969,
    "OPSiteFingerprint_mean_rectangular_see-saw-like_CN_4": 0.007303053671216589,
    "OPSiteFingerprint_mean_bent_120_degrees_CN_2": 0.007081133879462024
}