{
    "ElementProperty_MagpieData_mean_NdValence": 0.05452072160394129,
    "TMetalFraction_transition_metal_fraction": 0.03771885910736938,
    "ValenceOrbital_frac_p_valence_electrons": 0.03419897395709651,
    "MaximumPackingEfficiency_max_packing_efficiency": 0.029143349980089033,
    "ElementProperty_MagpieData_maximum_Electronegativity": 0.021855251995394672,
    "ElementProperty_MagpieData_mode_MeltingT": 0.01799553852288517,
    "YangSolidSolution_Yang_delta": 0.016634408644848237,
    "ElementProperty_MagpieData_mean_NpValence": 0.014629642794988648,
    "ElementProperty_MagpieData_minimum_Electronegativity": 0.014269194787323034,
    "ElectronegativityDiff_mean_EN_difference": 0.014100144821643587,
    "BondOrientationParameter_mean_BOOP_Q_l=1": 0.013527304644165461,
    "ElementProperty_MagpieData_avg_dev_GSmagmom": 0.0128569520195602,
    "GeneralizedRDF_std_dev_Gaussian_center=1_0_width=1_0": 0.012397732619143235,
    "OxidationStates_std_dev_oxidation_state": 0.011074610984031947,
    "AtomicOrbitals_HOMO_energy": 0.010249708462908902,
    "ElementProperty_MagpieData_maximum_Number": 0.01022646356812285,
    "ElementProperty_MagpieData_avg_dev_Electronegativity": 0.009369901936917701,
    "ElementProperty_MagpieData_maximum_NValence": 0.008244535233504723,
    "ElementProperty_MagpieData_mean_NUnfilled": 0.007775703321708908,
    "MEGNet_OFMEncoded_v1_48": 0.007603855013861211,
    "ElementProperty_MagpieData_avg_dev_NpValence": 0.007473950092743645,
    "ElementProperty_MagpieData_mean_GSmagmom": 0.007432863788399759,
    "ElementProperty_MagpieData_mean_MendeleevNumber": 0.007398405217513329,
    "OPSiteFingerprint_std_dev_tetrahedral_CN_4": 0.0073128417207190275,
    "ElementProperty_MagpieData_range_MeltingT": 0.006978849456236798,
    "ElementProperty_MagpieData_maximum_MeltingT": 0.006671182069539601,
    "CrystalNNFingerprint_std_dev_tetrahedral_CN_4": 0.0066599563706427195,
    "ElementProperty_MagpieData_mean_CovalentRadius": 0.006466579987495999,
    "GeneralizedRDF_mean_Gaussian_center=2_0_width=1_0": 0.00644005812411077,
    "AverageBondLength_std_dev_Average_bond_length": 0.006312971870472619
}