{
    "GeneralizedRDF_mean_Gaussian_center=1_0_width=1_0": 0.008614084196157223,
    "GaussianSymmFunc_mean_G2_20_0": 0.006588276853986701,
    "ElementProperty_MagpieData_mode_NUnfilled": 0.0043375758347048085,
    "ElementProperty_MagpieData_maximum_MeltingT": 0.002200127777085493,
    "AGNIFingerPrint_mean_AGNI_eta=1_23e+00": 0.0016309983566956978,
    "GeneralizedRDF_mean_Gaussian_center=0_0_width=1_0": 0.0013621425377603165,
    "ElementProperty_MagpieData_mean_NpUnfilled": 0.0012897331680323282,
    "OxidationStates_std_dev_oxidation_state": 0.0011478225315613446,
    "AGNIFingerPrint_mean_AGNI_eta=1_88e+00": 0.0011423508956989272,
    "ElementFraction_H": 0.0011403720890566507,
    "ElectronegativityDiff_minimum_EN_difference": 0.0010590509638222004,
    "ElementProperty_MagpieData_minimum_CovalentRadius": 0.0009603066789641087,
    "ElementProperty_MagpieData_mean_Electronegativity": 0.0008701145967848757,
    "ElementProperty_MagpieData_mean_MeltingT": 0.0008655944296929952,
    "GeneralizedRDF_mean_Gaussian_center=5_0_width=1_0": 0.0007529610234989442,
    "GeneralizedRDF_mean_Gaussian_center=2_0_width=1_0": 0.0007402136283408516,
    "ElementProperty_MagpieData_minimum_Column": 0.0007222672088699309,
    "MEGNet_OFMEncoded_v1_87": 0.0006949674222466742,
    "ElementProperty_MagpieData_avg_dev_Column": 0.0006672179540287711,
    "ElementFraction_O": 0.0006671272744346105,
    "GeneralizedRDF_mean_Gaussian_center=8_0_width=1_0": 0.0006664858056097405,
    "ElementProperty_MagpieData_minimum_Number": 0.0006485960345136815,
    "ElementProperty_MagpieData_avg_dev_MeltingT": 0.0005853412130676006,
    "GeneralizedRDF_mean_Gaussian_center=9_0_width=1_0": 0.0005583159486265379,
    "YangSolidSolution_Yang_delta": 0.000541372586650091,
    "BandCenter_band_center": 0.0005287054656005123,
    "MEGNet_OFMEncoded_v1_99": 0.0005113261805646372,
    "VoronoiFingerprint_mean_Voro_vol_maximum": 0.0004997952646491848,
    "ElementProperty_MagpieData_avg_dev_Electronegativity": 0.00048273797589922277,
    "ElementProperty_MagpieData_mode_MeltingT": 0.0004437818386423435
}