{
    "GeneralizedRDF_mean_Gaussian_center=3_0_width=1_0": 0.0019923634777837093,
    "BandCenter_band_center": 0.0009350265351616084,
    "GeneralizedRDF_mean_Gaussian_center=2_0_width=1_0": 0.0008734292122038053,
    "DensityFeatures_packing_fraction": 0.00029150067681565407,
    "ElementProperty_MagpieData_mean_MendeleevNumber": 0.0002857979293550498,
    "ElementProperty_MagpieData_mean_NUnfilled": 0.00023775302196204316,
    "GeneralizedRDF_mean_Gaussian_center=5_0_width=1_0": 0.00023673237482051926,
    "ElementProperty_MagpieData_mean_Column": 0.0002338284317350739,
    "VoronoiFingerprint_mean_Voro_vol_maximum": 0.00022064137978139418,
    "AGNIFingerPrint_mean_AGNI_eta=1_60e+01": 0.0001978098100265157,
    "ElectronegativityDiff_minimum_EN_difference": 0.0001943987072623704,
    "ElementProperty_MagpieData_mean_Electronegativity": 0.0001817691183898188,
    "ElectronegativityDiff_mean_EN_difference": 0.00014604700832449803,
    "ElementProperty_MagpieData_avg_dev_NdValence": 0.00014175843535123292,
    "VoronoiFingerprint_mean_Voro_dist_mean": 0.0001381282771053414,
    "OPSiteFingerprint_std_dev_tetrahedral_CN_4": 0.00012982433220818973,
    "BondOrientationParameter_mean_BOOP_Q_l=2": 0.0001255700163317158,
    "ElementProperty_MagpieData_mean_CovalentRadius": 0.00011940753178199045,
    "TMetalFraction_transition_metal_fraction": 0.00011845696920597435,
    "ElementProperty_MagpieData_maximum_CovalentRadius": 0.00011721315505575001,
    "ElementProperty_MagpieData_mean_MeltingT": 0.00011071930323382192,
    "CrystalNNFingerprint_mean_tetrahedral_CN_4": 0.00010987719559789849,
    "ElementProperty_MagpieData_mean_NpValence": 0.00010621952214584717,
    "ElementProperty_MagpieData_avg_dev_MendeleevNumber": 0.00010240604877162261,
    "GaussianSymmFunc_mean_G2_0_05": 9.76302858517999e-05,
    "ElementProperty_MagpieData_maximum_NUnfilled": 9.416453388321088e-05,
    "ElementProperty_MagpieData_avg_dev_NUnfilled": 8.977666941516047e-05,
    "CrystalNNFingerprint_mean_wt_CN_2": 8.381341391724466e-05,
    "MaximumPackingEfficiency_max_packing_efficiency": 8.030397471876912e-05,
    "ChemicalOrdering_mean_ordering_parameter_shell_1": 7.943718970552781e-05
}