{
    "ElementProperty_MagpieData_mode_GSvolume_pa": 0.6323849950436983,
    "ElementProperty_MagpieData_mean_NpValence": 0.2956409268567724,
    "TMetalFraction_transition_metal_fraction": 0.26613998690563,
    "ElementProperty_MagpieData_mean_NpUnfilled": 0.24780205726914264,
    "ElementProperty_MagpieData_mean_Electronegativity": 0.23261148529477238,
    "ElementProperty_MagpieData_mean_GSmagmom": 0.22264218313236858,
    "ValenceOrbital_frac_p_valence_electrons": 0.2207501600096965,
    "MaximumPackingEfficiency_max_packing_efficiency": 0.19905643461833672,
    "ElementProperty_MagpieData_avg_dev_NpUnfilled": 0.18774028851868613,
    "ElementProperty_MagpieData_mean_MendeleevNumber": 0.13010555940816207,
    "BondOrientationParameter_mean_BOOP_Q_l=2": 0.10940780222434557,
    "ElementProperty_MagpieData_mode_NpUnfilled": 0.1002537406600949,
    "ElementProperty_MagpieData_mode_NUnfilled": 0.09356492190380739,
    "Stoichiometry_10-norm": 0.09119300340394883,
    "CrystalNNFingerprint_mean_bent_150_degrees_CN_2": 0.08179610558211681,
    "ElementProperty_MagpieData_mean_GSbandgap": 0.08095610049199406,
    "AtomicOrbitals_HOMO_energy": 0.07492050978522624,
    "CoordinationNumber_std_dev_CN_VoronoiNN": 0.07208479538517079,
    "ElementProperty_MagpieData_minimum_CovalentRadius": 0.07174876239846757,
    "OxidationStates_std_dev_oxidation_state": 0.0716397416412103,
    "ElementProperty_MagpieData_mode_NValence": 0.06646873866491465,
    "CrystalNNFingerprint_std_dev_bent_150_degrees_CN_2": 0.06161988676127865,
    "ElementFraction_O": 0.06121118642732501,
    "ElementFraction_S": 0.060878490410760704,
    "GeneralizedRDF_mean_Gaussian_center=3_0_width=1_0": 0.060488028445183084,
    "AverageBondAngle_std_dev_Average_bond_angle": 0.05916283420994004,
    "GeneralizedRDF_mean_Gaussian_center=2_0_width=1_0": 0.0577044664088578,
    "ElementProperty_MagpieData_minimum_Electronegativity": 0.05018886800773708,
    "ElementProperty_MagpieData_maximum_Electronegativity": 0.04972163887157026,
    "GaussianSymmFunc_mean_G2_80_0": 0.048481329163353556
}