{
    "ElementProperty_MagpieData_mean_GSbandgap": 0.015470657263956434,
    "ElementFraction_Se": 0.012215285657558531,
    "ElementProperty_MagpieData_minimum_CovalentRadius": 0.011698716523511874,
    "ElementProperty_MagpieData_maximum_GSbandgap": 0.011294268928312796,
    "ElementFraction_S": 0.01124027821200212,
    "ElementFraction_H": 0.009944465328511927,
    "ElementFraction_P": 0.00792054507757345,
    "ElementFraction_Pd": 0.006333218985452619,
    "MEGNet_OFMEncoded_v1_24": 0.005996201336348023,
    "ElementProperty_MagpieData_avg_dev_GSbandgap": 0.005778277290009866,
    "ElementProperty_MagpieData_maximum_NpUnfilled": 0.005683715183764304,
    "ElementProperty_MagpieData_maximum_MendeleevNumber": 0.005378714561211176,
    "ElementFraction_Ge": 0.005089837755383338,
    "ElementFraction_As": 0.0048899650555704,
    "ElementProperty_MagpieData_mode_GSbandgap": 0.00454769164985172,
    "ElementProperty_MagpieData_maximum_CovalentRadius": 0.00436831749863153,
    "ElementProperty_MagpieData_maximum_GSvolume_pa": 0.004336725318411821,
    "ValenceOrbital_frac_p_valence_electrons": 0.004082047322154285,
    "ElementProperty_MagpieData_minimum_MendeleevNumber": 0.003804850881475766,
    "ElementFraction_Al": 0.003759485201142648,
    "ElementFraction_Ba": 0.0030958704144897556,
    "ElementFraction_Cd": 0.0029872724718628266,
    "ElementProperty_MagpieData_minimum_Number": 0.0028907063377797693,
    "ElementFraction_Te": 0.002789367990811756,
    "ElementProperty_MagpieData_mode_NValence": 0.0027654556873739546,
    "ElementFraction_V": 0.002688259879667978,
    "ElementProperty_MagpieData_mode_MeltingT": 0.0025187064624661673,
    "ElementProperty_MagpieData_mode_Number": 0.0022214690122191864,
    "ElementProperty_MagpieData_mode_NpUnfilled": 0.0019783736956786304,
    "ElementFraction_Sn": 0.0018731582382281225
}