{
    "GeneralizedRDF_mean_Gaussian_center=1_0_width=1_0": 0.0319345403801318,
    "TMetalFraction_transition_metal_fraction": 0.022807707316619415,
    "CrystalNNFingerprint_mean_octahedral_CN_6": 0.01751009969451848,
    "ElementProperty_MagpieData_avg_dev_CovalentRadius": 0.015053094499299554,
    "AverageBondLength_mean_Average_bond_length": 0.01243323759903823,
    "GaussianSymmFunc_mean_G2_80_0": 0.012366363434223633,
    "ElementProperty_MagpieData_avg_dev_Column": 0.010056642357512108,
    "GaussianSymmFunc_std_dev_G2_80_0": 0.009489888801826572,
    "AtomicOrbitals_LUMO_energy": 0.009219266296068727,
    "GaussianSymmFunc_mean_G2_20_0": 0.008978450174156846,
    "MEGNet_OFMEncoded_v1_122": 0.008767785594539952,
    "ElementProperty_MagpieData_mean_NpValence": 0.008192504496974439,
    "ElementProperty_MagpieData_mode_CovalentRadius": 0.00798387567734552,
    "AtomicOrbitals_LUMO_element": 0.007651369728207293,
    "BandCenter_band_center": 0.007601471495930213,
    "ElementProperty_MagpieData_avg_dev_NpUnfilled": 0.007595851092946451,
    "ElementProperty_MagpieData_range_NdValence": 0.0072039262773898405,
    "ElementProperty_MagpieData_mean_Column": 0.007045966033426549,
    "ElementProperty_MagpieData_avg_dev_NUnfilled": 0.0070326993153106195,
    "ElementProperty_MagpieData_maximum_Number": 0.007028172084710946,
    "GaussianSymmFunc_std_dev_G4_0_005_4_0_-1_0": 0.0066865978624459635,
    "AtomicOrbitals_HOMO_energy": 0.006552253271985751,
    "ElectronegativityDiff_minimum_EN_difference": 0.006548313494482974,
    "ElementProperty_MagpieData_mean_NUnfilled": 0.006058182289217724,
    "ElementProperty_MagpieData_minimum_Column": 0.006022866280495214,
    "IonProperty_max_ionic_char": 0.005876549103002003,
    "MEGNet_OFMEncoded_v1_132": 0.005729231760063883,
    "StructuralHeterogeneity_mean_absolute_deviation_in_relative_bond_length": 0.0056352572887816265,
    "GeneralizedRDF_std_dev_Gaussian_center=3_0_width=1_0": 0.0054965715658194005,
    "AGNIFingerPrint_std_dev_AGNI_dir=x_eta=4_43e+00": 0.005230989741953098
}