{
    "TMetalFraction_transition_metal_fraction": 1.7364892951436597e-05,
    "ElementProperty_MagpieData_maximum_Electronegativity": 1.6959161836152123e-05,
    "AtomicOrbitals_HOMO_energy": 1.1899521004905599e-05,
    "ElementProperty_MagpieData_mode_Electronegativity": 1.1300135760003188e-05,
    "ElectronegativityDiff_mean_EN_difference": 9.58579194882384e-06,
    "ElementProperty_MagpieData_maximum_NdUnfilled": 6.910350581550228e-06,
    "ElectronegativityDiff_minimum_EN_difference": 6.4533231092121305e-06,
    "ElementProperty_MagpieData_maximum_MeltingT": 4.954331722640851e-06,
    "ChemicalOrdering_mean_ordering_parameter_shell_2": 4.600032908063535e-06,
    "ElementProperty_MagpieData_avg_dev_NpValence": 4.250329413541285e-06,
    "Stoichiometry_0-norm": 3.757586182331261e-06,
    "VoronoiFingerprint_mean_Voro_dist_mean": 3.7229929972209965e-06,
    "MEGNet_OFMEncoded_v1_82": 3.488029251570585e-06,
    "GaussianSymmFunc_mean_G2_20_0": 3.218302914793924e-06,
    "AtomicOrbitals_gap_AO": 2.947875267884489e-06,
    "GeneralizedRDF_mean_Gaussian_center=5_0_width=1_0": 2.8122981672677695e-06,
    "ElementProperty_MagpieData_mode_MeltingT": 2.807376261871379e-06,
    "ChemicalOrdering_mean_ordering_parameter_shell_1": 2.8045170425124873e-06,
    "MEGNet_OFMEncoded_v1_63": 2.7760898861476505e-06,
    "BondOrientationParameter_mean_BOOP_Q_l=4": 2.775802713321936e-06,
    "ElementProperty_MagpieData_mode_GSvolume_pa": 2.7573383766508315e-06,
    "GaussianSymmFunc_mean_G4_0_005_4_0_-1_0": 2.663063045446445e-06,
    "ElementProperty_MagpieData_avg_dev_NUnfilled": 2.5357232036968766e-06,
    "AtomicOrbitals_HOMO_element": 2.3573717697470615e-06,
    "ElementProperty_MagpieData_mean_MeltingT": 2.300500880605741e-06,
    "RadialDistributionFunction_radial_distribution_function_d_1_90": 2.276558117829809e-06,
    "ElementFraction_Cu": 2.246350131026676e-06,
    "ElementProperty_MagpieData_mean_NdUnfilled": 2.1970256737605896e-06,
    "OPSiteFingerprint_mean_sgl_bd_CN_1": 2.0898679569571077e-06,
    "BondOrientationParameter_mean_BOOP_Q_l=8": 2.047535843873118e-06
}