{
    "GeneralizedRDF_mean_Gaussian_center=3_0_width=1_0": 0.00222641937165682,
    "BandCenter_band_center": 0.0011133151901815256,
    "GeneralizedRDF_mean_Gaussian_center=2_0_width=1_0": 0.0009185760865763976,
    "DensityFeatures_packing_fraction": 0.0003298477461394231,
    "ElementProperty_MagpieData_mean_NUnfilled": 0.00030023364938108884,
    "ElementProperty_MagpieData_mean_Column": 0.0002574822899755518,
    "ElementProperty_MagpieData_mean_MendeleevNumber": 0.00022986754855663,
    "GeneralizedRDF_mean_Gaussian_center=5_0_width=1_0": 0.00022236412620615226,
    "AGNIFingerPrint_mean_AGNI_eta=1_60e+01": 0.00022231533098684278,
    "VoronoiFingerprint_mean_Voro_vol_maximum": 0.00021671027677561288,
    "ElectronegativityDiff_minimum_EN_difference": 0.00020031478327171972,
    "TMetalFraction_transition_metal_fraction": 0.00016868707752289508,
    "BondOrientationParameter_mean_BOOP_Q_l=2": 0.000152602069316052,
    "ElectronegativityDiff_mean_EN_difference": 0.00015253153372050157,
    "ElementProperty_MagpieData_mean_NpValence": 0.00014878397654157453,
    "ElementProperty_MagpieData_mean_CovalentRadius": 0.00014823624353957265,
    "VoronoiFingerprint_mean_Voro_dist_mean": 0.00014460120192391014,
    "ElementProperty_MagpieData_avg_dev_NdValence": 0.00012702491143418309,
    "ElementProperty_MagpieData_avg_dev_NUnfilled": 0.00011963711067163617,
    "OPSiteFingerprint_std_dev_tetrahedral_CN_4": 0.00011773799655101478,
    "GeneralizedRDF_mean_Gaussian_center=4_0_width=1_0": 0.0001173310386199746,
    "ValenceOrbital_frac_d_valence_electrons": 0.00011424465741085911,
    "ElementProperty_MagpieData_mean_MeltingT": 0.00011413073575382781,
    "ElementProperty_MagpieData_avg_dev_MendeleevNumber": 0.00011291396823431,
    "VoronoiFingerprint_mean_Voro_dist_maximum": 0.00011268482404413936,
    "ElementProperty_MagpieData_mean_Electronegativity": 0.00011024637910446812,
    "ElectronegativityDiff_std_dev_EN_difference": 0.00010124094306636331,
    "OPSiteFingerprint_mean_tetrahedral_CN_4": 9.778680003824582e-05,
    "ElementProperty_MagpieData_maximum_CovalentRadius": 9.27797959095041e-05,
    "ElementProperty_MagpieData_mode_MendeleevNumber": 8.732934456182023e-05
}