{
    "ElementProperty_MagpieData_maximum_CovalentRadius": 1.3683249205977668,
    "ElectronegativityDiff_minimum_EN_difference": 0.6870598262653237,
    "IonProperty_avg_ionic_char": 0.536957841710196,
    "ElementProperty_MagpieData_avg_dev_GSmagmom": 0.5330113298179031,
    "MEGNet_OFMEncoded_v1_19": 0.47398918782609645,
    "ElementProperty_MagpieData_avg_dev_Electronegativity": 0.4729544814385883,
    "ElementFraction_O": 0.45425629936648154,
    "ElementProperty_MagpieData_mean_GSmagmom": 0.3744914814547863,
    "ElementProperty_MagpieData_avg_dev_GSbandgap": 0.31729081167654233,
    "MEGNet_OFMEncoded_v1_102": 0.3065471417913914,
    "ElementProperty_MagpieData_mean_Electronegativity": 0.30152227844314183,
    "ValenceOrbital_frac_d_valence_electrons": 0.2734984778138467,
    "ElementProperty_MagpieData_mean_GSvolume_pa": 0.26345116719421474,
    "ElementProperty_MagpieData_minimum_Electronegativity": 0.2495247780131185,
    "ElementProperty_MagpieData_avg_dev_CovalentRadius": 0.24567569896890468,
    "BondFractions_Ni_-_O_bond_frac_": 0.24442427532956126,
    "ElementProperty_MagpieData_avg_dev_NdValence": 0.23589421766313987,
    "ElementProperty_MagpieData_minimum_NValence": 0.2260872078991517,
    "ElementProperty_MagpieData_maximum_NdValence": 0.21472229229793904,
    "GeneralizedRDF_mean_Gaussian_center=3_0_width=1_0": 0.19540759311771716,
    "OxidationStates_maximum_oxidation_state": 0.1879626060991999,
    "ElementProperty_MagpieData_avg_dev_Row": 0.18166313649876079,
    "BondFractions_O_-_W_bond_frac_": 0.17389088582019724,
    "MEGNet_OFMEncoded_v1_79": 0.1724614714941764,
    "ElementProperty_MagpieData_avg_dev_NUnfilled": 0.1722201103235344,
    "ElementProperty_MagpieData_mean_Column": 0.17160301466675884,
    "MEGNet_OFMEncoded_v1_94": 0.16566912007169157,
    "ElementProperty_MagpieData_maximum_NUnfilled": 0.15983355673081748,
    "ElementProperty_MagpieData_mean_MeltingT": 0.15839587371502414,
    "BondFractions_O_-_P_bond_frac_": 0.15774820197006498
}