{
    "OxidationStates_minimum_oxidation_state": 0.025405268020912353,
    "ElementProperty_MagpieData_avg_dev_NpUnfilled": 0.01600059665781521,
    "AverageBondLength_mean_Average_bond_length": 0.014846426351425282,
    "ElectronegativityDiff_minimum_EN_difference": 0.009414639309864945,
    "GeneralizedRDF_mean_Gaussian_center=2_0_width=1_0": 0.009138977198178515,
    "ElementProperty_MagpieData_mode_NValence": 0.009072646757666104,
    "ElementProperty_MagpieData_mean_NpValence": 0.00692232642694672,
    "AGNIFingerPrint_mean_AGNI_eta=1_23e+00": 0.006689862672330742,
    "ElementProperty_MagpieData_minimum_GSvolume_pa": 0.006583529034085752,
    "VoronoiFingerprint_mean_Voro_area_mean": 0.00599029906839751,
    "LocalPropertyDifference_std_dev_local_difference_in_Electronegativity": 0.0058472910692605054,
    "GeneralizedRDF_mean_Gaussian_center=5_0_width=1_0": 0.005714320582865305,
    "MEGNet_OFMEncoded_v1_105": 0.005582823212980648,
    "ElementProperty_MagpieData_maximum_MeltingT": 0.005527739756397655,
    "ElementProperty_MagpieData_avg_dev_NpValence": 0.005264806835060115,
    "OPSiteFingerprint_std_dev_octahedral_CN_6": 0.005192995030325214,
    "TMetalFraction_transition_metal_fraction": 0.00514957638936207,
    "ElementProperty_MagpieData_mean_MeltingT": 0.005072026912456712,
    "BondOrientationParameter_mean_BOOP_Q_l=5": 0.005041968786994304,
    "ElementProperty_MagpieData_maximum_Number": 0.004912039031715299,
    "ElementProperty_MagpieData_maximum_CovalentRadius": 0.004779329196099532,
    "OPSiteFingerprint_mean_octahedral_CN_6": 0.004649394089320865,
    "ElementProperty_MagpieData_mode_MeltingT": 0.004618497987242526,
    "ElementProperty_MagpieData_avg_dev_Column": 0.0046047931370661,
    "CrystalNNFingerprint_std_dev_tetrahedral_CN_4": 0.004502918417191349,
    "MEGNet_OFMEncoded_v1_102": 0.0041023981632149495,
    "AtomicPackingEfficiency_dist_from_1_clusters__APE____0_010": 0.004028377561588165,
    "ElementProperty_MagpieData_avg_dev_MeltingT": 0.003994662093175168,
    "MEGNet_OFMEncoded_v1_107": 0.0038717623141682547,
    "ElementProperty_MagpieData_maximum_Electronegativity": 0.003845051737323682
}