{
    "MEGNet_OFMEncoded_v1_68": 0.022982570440641694,
    "ElementProperty_MagpieData_mode_MendeleevNumber": 0.021899885676632216,
    "ElementProperty_MagpieData_avg_dev_Electronegativity": 0.015287325559464103,
    "ElectronegativityDiff_mean_EN_difference": 0.014750509809017423,
    "ElementProperty_MagpieData_avg_dev_CovalentRadius": 0.013890237860612319,
    "ElementProperty_MagpieData_range_Electronegativity": 0.01240496952736423,
    "AtomicOrbitals_HOMO_energy": 0.012047085054991047,
    "CrystalNNFingerprint_mean_octahedral_CN_6": 0.011185262332776651,
    "ChemicalOrdering_mean_ordering_parameter_shell_2": 0.010584233080087217,
    "ElementProperty_MagpieData_mean_MeltingT": 0.010584073078605306,
    "TMetalFraction_transition_metal_fraction": 0.010519357516703133,
    "ElementProperty_MagpieData_mean_NpValence": 0.009758599132079781,
    "ElementProperty_MagpieData_avg_dev_MeltingT": 0.009544601514480581,
    "GaussianSymmFunc_mean_G2_20_0": 0.009356007308122988,
    "ElementProperty_MagpieData_avg_dev_GSvolume_pa": 0.009318733811746983,
    "ElementProperty_MagpieData_mode_Electronegativity": 0.008583042867454626,
    "ElectronegativityDiff_minimum_EN_difference": 0.008324806865470926,
    "ElementProperty_MagpieData_maximum_GSvolume_pa": 0.007171700875043415,
    "MEGNet_OFMEncoded_v1_13": 0.0068714585490862335,
    "CrystalNNFingerprint_mean_wt_CN_2": 0.006866772052718357,
    "MEGNet_OFMEncoded_v1_153": 0.006816864249025453,
    "ElementProperty_MagpieData_minimum_Electronegativity": 0.0067135752282957255,
    "ElementProperty_MagpieData_maximum_MeltingT": 0.006416502710611108,
    "GaussianSymmFunc_mean_G2_80_0": 0.00638124671613908,
    "BondOrientationParameter_mean_BOOP_Q_l=1": 0.006307046747527103,
    "BondFractions_O_-_V_bond_frac_": 0.006026420226613915,
    "ElementProperty_MagpieData_maximum_NUnfilled": 0.00598637179491235,
    "AGNIFingerPrint_mean_AGNI_eta=8_00e-01": 0.005617314074761207,
    "ElementProperty_MagpieData_range_CovalentRadius": 0.005549188261978669,
    "ElementProperty_MagpieData_mode_MeltingT": 0.005493633109561454
}