{
    "ElementProperty_MagpieData_range_NdValence": 0.03562048500342083,
    "DensityFeatures_packing_fraction": 0.03513402662420131,
    "TMetalFraction_transition_metal_fraction": 0.029709986005485287,
    "ElementProperty_MagpieData_mean_NpValence": 0.027264337598192537,
    "ElementProperty_MagpieData_maximum_NdUnfilled": 0.02711940641539061,
    "ElementProperty_MagpieData_avg_dev_NUnfilled": 0.025488316688120415,
    "ElementProperty_MagpieData_avg_dev_CovalentRadius": 0.025196779954766865,
    "BondOrientationParameter_mean_BOOP_Q_l=1": 0.022889452190039544,
    "ElementProperty_MagpieData_avg_dev_Column": 0.01869786910967253,
    "ElementProperty_MagpieData_maximum_Number": 0.01790399787902132,
    "Stoichiometry_5-norm": 0.017556745348818452,
    "ElementProperty_MagpieData_maximum_NUnfilled": 0.01735488107077261,
    "YangSolidSolution_Yang_delta": 0.015808173422265683,
    "GaussianSymmFunc_std_dev_G2_20_0": 0.014923208411784879,
    "CrystalNNFingerprint_mean_wt_CN_4": 0.014917454859534555,
    "ElectronegativityDiff_minimum_EN_difference": 0.014474019463630838,
    "MaximumPackingEfficiency_max_packing_efficiency": 0.01356082532446753,
    "ElementProperty_MagpieData_minimum_MendeleevNumber": 0.013541828059968975,
    "ElectronegativityDiff_mean_EN_difference": 0.013080228594974683,
    "ElementProperty_MagpieData_mode_MendeleevNumber": 0.012663917637448997,
    "Stoichiometry_10-norm": 0.012329868923497696,
    "ValenceOrbital_frac_d_valence_electrons": 0.012076931201007874,
    "ElementProperty_MagpieData_avg_dev_GSvolume_pa": 0.011852835789120464,
    "BondOrientationParameter_mean_BOOP_Q_l=7": 0.011285116810052207,
    "GeneralizedRDF_std_dev_Gaussian_center=2_0_width=1_0": 0.010863926367458468,
    "CrystalNNFingerprint_mean_wt_CN_2": 0.010468769461160132,
    "ElementProperty_MagpieData_mode_Electronegativity": 0.010372545376028072,
    "ElementProperty_MagpieData_range_CovalentRadius": 0.010205828844638658,
    "ElementProperty_MagpieData_mode_MeltingT": 0.010194637799851676,
    "ElementProperty_MagpieData_mode_CovalentRadius": 0.009968181177463422
}