{
    "GeneralizedRDF_mean_Gaussian_center=1_0_width=1_0": 0.004393106955956878,
    "ElementProperty_MagpieData_mode_NUnfilled": 0.001188162202967433,
    "ElementFraction_O": 0.0007745764577416448,
    "AGNIFingerPrint_mean_AGNI_eta=1_88e+00": 0.0006368747713837909,
    "ElementProperty_MagpieData_maximum_MeltingT": 0.000604605639122532,
    "GaussianSymmFunc_mean_G2_20_0": 0.0005149574745638943,
    "OxidationStates_std_dev_oxidation_state": 0.00045054754388423255,
    "ElementProperty_MagpieData_mean_Electronegativity": 0.0004129671196800373,
    "GeneralizedRDF_mean_Gaussian_center=0_0_width=1_0": 0.00040017859464909115,
    "ElementProperty_MagpieData_mean_MeltingT": 0.0003766752880593816,
    "AGNIFingerPrint_mean_AGNI_eta=1_23e+00": 0.00036274183068029243,
    "ElementProperty_MagpieData_minimum_CovalentRadius": 0.0003409964403600894,
    "ElementFraction_H": 0.00033557993909634953,
    "ElementProperty_MagpieData_avg_dev_Electronegativity": 0.00027002630874345716,
    "ElementProperty_MagpieData_minimum_NUnfilled": 0.0002645830022923512,
    "ElectronegativityDiff_minimum_EN_difference": 0.00026142232924449433,
    "ElementProperty_MagpieData_mean_NpUnfilled": 0.0002532443331229349,
    "ElementProperty_MagpieData_mean_NpValence": 0.0002395067269857566,
    "MEGNet_OFMEncoded_v1_16": 0.00023619735975562647,
    "MEGNet_OFMEncoded_v1_87": 0.00023208002863880908,
    "GeneralizedRDF_mean_Gaussian_center=2_0_width=1_0": 0.00022700623562851388,
    "ElementProperty_MagpieData_avg_dev_MeltingT": 0.00021951667861774097,
    "ElementProperty_MagpieData_maximum_NpUnfilled": 0.00020850513143822909,
    "ElementProperty_MagpieData_minimum_Number": 0.0002039935519381674,
    "ElementProperty_MagpieData_avg_dev_Column": 0.00020297696145690758,
    "MEGNet_OFMEncoded_v1_99": 0.00019226323148088543,
    "TMetalFraction_transition_metal_fraction": 0.00017558630503399907,
    "MEGNet_OFMEncoded_v1_29": 0.00016200237856858605,
    "AGNIFingerPrint_std_dev_AGNI_dir=x_eta=1_23e+00": 0.0001560214472503835,
    "GeneralizedRDF_mean_Gaussian_center=5_0_width=1_0": 0.00014836269758665104
}