{
    "MaximumPackingEfficiency_max_packing_efficiency": 0.719528436207535,
    "VoronoiFingerprint_mean_Voro_area_maximum": 0.31397794067379425,
    "GeneralizedRDF_mean_Gaussian_center=2_0_width=1_0": 0.31125385397649036,
    "GeneralizedRDF_mean_Gaussian_center=3_0_width=1_0": 0.3104411549820155,
    "VoronoiFingerprint_mean_Voro_dist_std_dev": 0.2739897956664541,
    "ElementProperty_MagpieData_mean_NdValence": 0.22385636936914635,
    "TMetalFraction_transition_metal_fraction": 0.2181783860672224,
    "DensityFeatures_density": 0.21208565229177728,
    "ValenceOrbital_frac_d_valence_electrons": 0.1194573244386348,
    "ElementProperty_MagpieData_range_NdValence": 0.0982309360872,
    "ElementProperty_MagpieData_avg_dev_GSbandgap": 0.08804100555728069,
    "ElementProperty_MagpieData_mean_GSmagmom": 0.08518344599658874,
    "ElectronegativityDiff_minimum_EN_difference": 0.08345318961060402,
    "ElementProperty_MagpieData_maximum_Electronegativity": 0.07993530586870083,
    "StructuralHeterogeneity_mean_neighbor_distance_variation": 0.07938186582373279,
    "ElementProperty_MagpieData_mean_GSvolume_pa": 0.07927152737707456,
    "VoronoiFingerprint_mean_Voro_vol_maximum": 0.07885730793416597,
    "ElementProperty_MagpieData_minimum_GSvolume_pa": 0.06473347703327066,
    "ElementProperty_MagpieData_avg_dev_Electronegativity": 0.06375564770965032,
    "BondFractions_Ni_-_O_bond_frac_": 0.06142630609480465,
    "ElementProperty_MagpieData_mean_MendeleevNumber": 0.06076553413697983,
    "AverageBondLength_std_dev_Average_bond_length": 0.05274282481801554,
    "ElementProperty_MagpieData_avg_dev_GSvolume_pa": 0.05159881285533557,
    "BondFractions_O_-_W_bond_frac_": 0.051470387731142875,
    "ElementProperty_MagpieData_avg_dev_Column": 0.05145037480513331,
    "ElementProperty_MagpieData_maximum_NdValence": 0.05108286246056671,
    "ElementProperty_MagpieData_avg_dev_MendeleevNumber": 0.0501941065396364,
    "ElementProperty_MagpieData_avg_dev_MeltingT": 0.049797375392682884,
    "ElementProperty_MagpieData_avg_dev_NUnfilled": 0.049474387902628585,
    "VoronoiFingerprint_mean_Voro_area_sum": 0.04904779223971662
}