{
    "ElementProperty_MagpieData_mode_MeltingT": 1.7964636407152217,
    "ElementProperty_MagpieData_minimum_MeltingT": 0.8463941529950666,
    "ElementProperty_MagpieData_mean_GSvolume_pa": 0.8216872786021109,
    "ElementProperty_MagpieData_mean_Electronegativity": 0.7869653635932695,
    "TMetalFraction_transition_metal_fraction": 0.48172646952632076,
    "ElementFraction_O": 0.46081587947558045,
    "BandCenter_band_center": 0.339658630177106,
    "ElementProperty_MagpieData_mean_GSmagmom": 0.26578921310331344,
    "ElementProperty_MagpieData_mode_CovalentRadius": 0.25762151982082665,
    "ElementProperty_MagpieData_maximum_Electronegativity": 0.2089674302358555,
    "AGNIFingerPrint_mean_AGNI_eta=1_23e+00": 0.13779868217843205,
    "AGNIFingerPrint_mean_AGNI_eta=8_00e-01": 0.13580962609523,
    "ElementProperty_MagpieData_maximum_NpUnfilled": 0.12792130736799515,
    "ElementProperty_MagpieData_minimum_GSvolume_pa": 0.12189606836379627,
    "ElementProperty_MagpieData_mean_NsValence": 0.11359375865454731,
    "DensityFeatures_packing_fraction": 0.11322267026773025,
    "ElectronegativityDiff_minimum_EN_difference": 0.09336970865030064,
    "ElementProperty_MagpieData_avg_dev_NpUnfilled": 0.09248131801090903,
    "ElementProperty_MagpieData_avg_dev_GSmagmom": 0.09044056896199545,
    "ElementProperty_MagpieData_maximum_NdValence": 0.0815590618077236,
    "ElementProperty_MagpieData_minimum_MendeleevNumber": 0.07718661084137401,
    "ElementProperty_MagpieData_maximum_NValence": 0.07092390049821277,
    "ElementProperty_MagpieData_mean_NdUnfilled": 0.07044620959467139,
    "ElementProperty_MagpieData_mean_MeltingT": 0.06295290106348082,
    "MEGNet_OFMEncoded_v1_19": 0.06162028070835637,
    "ElementProperty_MagpieData_mode_MendeleevNumber": 0.0598471411529988,
    "ValenceOrbital_frac_p_valence_electrons": 0.059781557426964976,
    "YangSolidSolution_Yang_delta": 0.057540356751348117,
    "ElementProperty_MagpieData_mean_NUnfilled": 0.05732591807366662,
    "AtomicOrbitals_LUMO_energy": 0.05686081364679917
}