{
    "ElementProperty_MagpieData_minimum_CovalentRadius": 0.037761205253370046,
    "ElementProperty_MagpieData_mode_CovalentRadius": 0.024420780757978922,
    "ValenceOrbital_frac_d_valence_electrons": 0.021039789671175358,
    "ElementProperty_MagpieData_maximum_NpUnfilled": 0.020431319424893513,
    "ElementProperty_MagpieData_mode_Electronegativity": 0.01359346317707473,
    "ElementFraction_Ba": 0.011733650620103734,
    "ElementProperty_MagpieData_maximum_AtomicWeight": 0.01108987733577729,
    "ElementProperty_MagpieData_mean_NpUnfilled": 0.010031461292879577,
    "ElementProperty_MagpieData_mode_NpUnfilled": 0.009656717471616599,
    "ElementFraction_Cl": 0.008969607139645097,
    "ElementProperty_MagpieData_minimum_MendeleevNumber": 0.008901595890783825,
    "ElementProperty_MagpieData_mean_NpValence": 0.008389624729847467,
    "MEGNet_OFMEncoded_v1_14": 0.007723503356397343,
    "ElementFraction_Ge": 0.007383295989142621,
    "ElementFraction_V": 0.007004568965887658,
    "ElementFraction_K": 0.006683859414797387,
    "ElementFraction_Au": 0.005962439679063537,
    "ElementProperty_MagpieData_mean_Electronegativity": 0.005752333233460268,
    "ElementFraction_S": 0.005589257019271378,
    "MEGNet_OFMEncoded_v1_107": 0.005413749706329558,
    "ElementProperty_MagpieData_maximum_GSbandgap": 0.005180226538066739,
    "MEGNet_OFMEncoded_v1_76": 0.004807450932852873,
    "ElementFraction_Sn": 0.004681187411573001,
    "ElementFraction_Cu": 0.004603114796434845,
    "MEGNet_OFMEncoded_v1_17": 0.0044540777846485665,
    "ElementProperty_MagpieData_mode_MendeleevNumber": 0.00423817030833773,
    "ElementProperty_MagpieData_maximum_NdUnfilled": 0.004234769287177796,
    "ElementProperty_MagpieData_mean_NdValence": 0.0040428071718763454,
    "ElementProperty_MagpieData_maximum_GSvolume_pa": 0.004000177237087642,
    "ElementProperty_MagpieData_maximum_CovalentRadius": 0.003999556784706644
}