{
    "GeneralizedRDF_mean_Gaussian_center=3_0_width=1_0": 0.07632832418787508,
    "GeneralizedRDF_mean_Gaussian_center=2_0_width=1_0": 0.051535638080241995,
    "BandCenter_band_center": 0.025345371808203197,
    "GaussianSymmFunc_mean_G2_0_05": 0.019520849378741607,
    "ElementProperty_MagpieData_mean_Electronegativity": 0.013450556823683516,
    "ElementProperty_MagpieData_avg_dev_NdValence": 0.011532069135516777,
    "DensityFeatures_packing_fraction": 0.011469750269611325,
    "ElementProperty_MagpieData_mean_NUnfilled": 0.011077275330173657,
    "ElementProperty_MagpieData_mean_Column": 0.009709718519520297,
    "ElementProperty_MagpieData_maximum_MeltingT": 0.00907298842546031,
    "VoronoiFingerprint_mean_Voro_dist_mean": 0.008657151206930122,
    "ElectronegativityDiff_mean_EN_difference": 0.00765870119980931,
    "ElementProperty_MagpieData_mode_MeltingT": 0.00734973403089433,
    "AGNIFingerPrint_mean_AGNI_eta=6_80e+00": 0.0070484460443999706,
    "ElectronegativityDiff_minimum_EN_difference": 0.006979322086117712,
    "TMetalFraction_transition_metal_fraction": 0.006154120747152984,
    "OPSiteFingerprint_std_dev_tetrahedral_CN_4": 0.005932935756999692,
    "BondOrientationParameter_mean_BOOP_Q_l=2": 0.005774440232677542,
    "ElementProperty_MagpieData_avg_dev_GSvolume_pa": 0.005478082663265015,
    "ElementProperty_MagpieData_range_NdValence": 0.005142462214801782,
    "ElementProperty_MagpieData_maximum_MendeleevNumber": 0.005060373924600061,
    "BondOrientationParameter_mean_BOOP_Q_l=3": 0.005003967056983009,
    "ElementFraction_Yb": 0.004920102457585674,
    "ElementProperty_MagpieData_minimum_Number": 0.004562862776730354,
    "CrystalNNFingerprint_mean_tetrahedral_CN_4": 0.004534781894031971,
    "ElementProperty_MagpieData_avg_dev_GSmagmom": 0.004505760896347906,
    "GaussianSymmFunc_mean_G4_0_005_4_0_1_0": 0.004462079519802994,
    "ValenceOrbital_frac_d_valence_electrons": 0.004402431959192955,
    "ElementProperty_MagpieData_maximum_CovalentRadius": 0.004382130085799193,
    "ElementProperty_MagpieData_mean_CovalentRadius": 0.00396066673554337
}