{
    "GeneralizedRDF_mean_Gaussian_center=3_0_width=1_0": 0.0017073245128719423,
    "BandCenter_band_center": 0.0007851717919289409,
    "GeneralizedRDF_mean_Gaussian_center=2_0_width=1_0": 0.0007385556646623377,
    "DensityFeatures_packing_fraction": 0.00030688170068385654,
    "ElementProperty_MagpieData_mean_Electronegativity": 0.00024221340006143924,
    "ElementProperty_MagpieData_mean_Column": 0.00023395377923936887,
    "GeneralizedRDF_mean_Gaussian_center=5_0_width=1_0": 0.00017464245227231864,
    "ElementProperty_MagpieData_mean_NUnfilled": 0.00017228160000387898,
    "VoronoiFingerprint_mean_Voro_vol_maximum": 0.00017053247840254218,
    "AGNIFingerPrint_mean_AGNI_eta=1_60e+01": 0.00016154520818264782,
    "ElectronegativityDiff_minimum_EN_difference": 0.00015984247008634915,
    "ElementProperty_MagpieData_mean_MendeleevNumber": 0.0001563850142430744,
    "ElementProperty_MagpieData_avg_dev_NdValence": 0.0001473462176484498,
    "ElectronegativityDiff_mean_EN_difference": 0.00014218323992634397,
    "BondOrientationParameter_mean_BOOP_Q_l=2": 0.00013667561176974364,
    "TMetalFraction_transition_metal_fraction": 0.00013358707635519374,
    "ElementProperty_MagpieData_avg_dev_NUnfilled": 0.00013183056995955404,
    "VoronoiFingerprint_mean_Voro_dist_mean": 0.00011323960438062124,
    "ElementProperty_MagpieData_mean_CovalentRadius": 0.00010867890141145609,
    "GaussianSymmFunc_mean_G2_0_05": 9.630080942686854e-05,
    "OPSiteFingerprint_std_dev_tetrahedral_CN_4": 9.406548261298433e-05,
    "ElementProperty_MagpieData_maximum_NUnfilled": 9.363613300037084e-05,
    "VoronoiFingerprint_mean_Voro_dist_maximum": 9.034678768470971e-05,
    "OPSiteFingerprint_mean_tetrahedral_CN_4": 9.01568298662637e-05,
    "MaximumPackingEfficiency_max_packing_efficiency": 8.504055085988107e-05,
    "ElementProperty_MagpieData_mean_NpValence": 8.172784189676806e-05,
    "CrystalNNFingerprint_mean_wt_CN_2": 7.733460961942615e-05,
    "ElementProperty_MagpieData_avg_dev_MendeleevNumber": 7.376821045301888e-05,
    "ElementProperty_MagpieData_maximum_NfUnfilled": 7.372865590391919e-05,
    "ElectronegativityDiff_std_dev_EN_difference": 6.645852826556765e-05
}