{
    "ElementProperty_MagpieData_mode_GSvolume_pa": 0.057281716757650515,
    "ElementProperty_MagpieData_maximum_MeltingT": 0.02463184360639229,
    "AtomicOrbitals_HOMO_energy": 0.023078449324480037,
    "ElementProperty_MagpieData_mean_NdUnfilled": 0.0216127677653893,
    "ElementProperty_MagpieData_mean_Electronegativity": 0.021430556585130517,
    "OxidationStates_std_dev_oxidation_state": 0.019789565411516327,
    "ElectronegativityDiff_minimum_EN_difference": 0.014782427777413624,
    "AverageBondAngle_std_dev_Average_bond_angle": 0.014762408638289207,
    "ElementFraction_O": 0.014585319727867882,
    "ElementProperty_MagpieData_range_MeltingT": 0.012782034948712814,
    "ElementProperty_MagpieData_avg_dev_NpUnfilled": 0.012521211134902333,
    "ElementProperty_MagpieData_maximum_NdUnfilled": 0.012365778034699744,
    "ElementProperty_MagpieData_avg_dev_Electronegativity": 0.011984120374795121,
    "ElementProperty_MagpieData_maximum_CovalentRadius": 0.011933585636270876,
    "ValenceOrbital_frac_p_valence_electrons": 0.011545809274110249,
    "LocalPropertyDifference_std_dev_local_difference_in_Electronegativity": 0.011157377438874622,
    "ElementProperty_MagpieData_mean_NpUnfilled": 0.010955053163871726,
    "CoordinationNumber_std_dev_CN_VoronoiNN": 0.010365690462694402,
    "ElementProperty_MagpieData_mean_GSmagmom": 0.009793483442865684,
    "CrystalNNFingerprint_mean_bent_150_degrees_CN_2": 0.0092712580436681,
    "ElementProperty_MagpieData_mean_MendeleevNumber": 0.008836004295023105,
    "ElementProperty_MagpieData_maximum_GSvolume_pa": 0.008569596667559382,
    "ElementProperty_MagpieData_avg_dev_Number": 0.008535657787999229,
    "Stoichiometry_10-norm": 0.008513579601554216,
    "TMetalFraction_transition_metal_fraction": 0.007761381678409161,
    "OPSiteFingerprint_mean_q6_CN_12": 0.007632279499167425,
    "MEGNet_OFMEncoded_v1_50": 0.007331292061298693,
    "MEGNet_OFMEncoded_v1_147": 0.007013310449746602,
    "CrystalNNFingerprint_mean_linear_CN_2": 0.006939468669727125,
    "ElementProperty_MagpieData_mode_MeltingT": 0.006703921979076745
}