{
    "TMetalFraction_transition_metal_fraction": 0.12727764833755942,
    "ValenceOrbital_frac_p_valence_electrons": 0.06819452225666754,
    "OxidationStates_std_dev_oxidation_state": 0.04700513899483919,
    "ElementProperty_MagpieData_maximum_MeltingT": 0.04654488998580406,
    "OxidationStates_maximum_oxidation_state": 0.03761907452495694,
    "ElementProperty_MagpieData_minimum_MendeleevNumber": 0.03298565318993818,
    "ElementProperty_MagpieData_maximum_MendeleevNumber": 0.02529027383282935,
    "DensityFeatures_packing_fraction": 0.025026030003115297,
    "ElementProperty_MagpieData_range_CovalentRadius": 0.02441306760780914,
    "DensityFeatures_density": 0.02038465919442529,
    "ElementProperty_MagpieData_maximum_NValence": 0.020330312602000283,
    "ElementProperty_MagpieData_mean_Column": 0.0202941629827638,
    "ElementProperty_MagpieData_mean_NdUnfilled": 0.02017880035851402,
    "ElementProperty_MagpieData_mean_NsValence": 0.019293708988553718,
    "MEGNet_OFMEncoded_v1_149": 0.01913212305075398,
    "ElementFraction_Mn": 0.018247169148238894,
    "GeneralizedRDF_mean_Gaussian_center=2_0_width=1_0": 0.01808754192533389,
    "ElementProperty_MagpieData_mode_MeltingT": 0.017122913987391283,
    "ElementProperty_MagpieData_mean_MeltingT": 0.016150569870636906,
    "ElementProperty_MagpieData_minimum_GSvolume_pa": 0.014206471082805296,
    "ElementProperty_MagpieData_mean_NpUnfilled": 0.013971795554389611,
    "GeneralizedRDF_mean_Gaussian_center=5_0_width=1_0": 0.012828350804018772,
    "BondOrientationParameter_mean_BOOP_Q_l=6": 0.012464322966911861,
    "ElementProperty_MagpieData_mean_NUnfilled": 0.012428291298114779,
    "ElementProperty_MagpieData_maximum_GSvolume_pa": 0.012379122500907823,
    "GeneralizedRDF_mean_Gaussian_center=1_0_width=1_0": 0.01220774418415922,
    "ElementProperty_MagpieData_maximum_NUnfilled": 0.011495422502866991,
    "ElementProperty_MagpieData_mode_GSvolume_pa": 0.011260216079777336,
    "ElementProperty_MagpieData_mean_GSvolume_pa": 0.011200989126064476,
    "ElementProperty_MagpieData_avg_dev_NpValence": 0.010667922772738257
}