{
    "TMetalFraction_transition_metal_fraction": 1.920391693619522,
    "ElementProperty_MagpieData_maximum_Electronegativity": 1.154613588023206,
    "GaussianSymmFunc_mean_G2_20_0": 1.0604016721793832,
    "ElementProperty_MagpieData_maximum_GSvolume_pa": 1.0515491245030846,
    "ElementProperty_MagpieData_avg_dev_GSvolume_pa": 0.7566310750231736,
    "ElementFraction_O": 0.6397043572778727,
    "ElementProperty_MagpieData_minimum_CovalentRadius": 0.6261795551345937,
    "AGNIFingerPrint_mean_AGNI_eta=1_88e+00": 0.5042862090635862,
    "ElementProperty_MagpieData_minimum_MeltingT": 0.503407511403947,
    "ElementProperty_MagpieData_mode_MeltingT": 0.47752457285098177,
    "ElementProperty_MagpieData_mode_CovalentRadius": 0.4176571144352396,
    "ElementProperty_MagpieData_mean_GSvolume_pa": 0.3421211805165287,
    "ElementFraction_Cu": 0.3321471538423712,
    "YangSolidSolution_Yang_delta": 0.31321271055675093,
    "ElementProperty_MagpieData_avg_dev_MendeleevNumber": 0.31048481321010507,
    "ElementProperty_MagpieData_maximum_MeltingT": 0.308526504592998,
    "ElementFraction_P": 0.2774675370390475,
    "ElementProperty_MagpieData_mean_MeltingT": 0.266207413476787,
    "AverageBondLength_mean_Average_bond_length": 0.24933267727924693,
    "ElementProperty_MagpieData_maximum_Number": 0.24262557996980544,
    "ElementProperty_MagpieData_mode_Number": 0.2273839935475091,
    "IonProperty_avg_ionic_char": 0.22555070248130069,
    "ElementProperty_MagpieData_avg_dev_Electronegativity": 0.2227094982223382,
    "GeneralizedRDF_mean_Gaussian_center=1_0_width=1_0": 0.2200012994436983,
    "ElementFraction_S": 0.21733978474338694,
    "ElementProperty_MagpieData_mean_CovalentRadius": 0.21348151115477826,
    "AGNIFingerPrint_mean_AGNI_eta=1_23e+00": 0.20019573141490762,
    "ElementProperty_MagpieData_maximum_NValence": 0.1844638422217048,
    "ElementFraction_Ca": 0.18101290731987613,
    "ElementFraction_Cd": 0.18043644014624846
}