{
    "ElementProperty_MagpieData_mode_CovalentRadius": 0.07661908743492801,
    "ElementProperty_MagpieData_mode_Number": 0.023766552653014864,
    "ElementProperty_MagpieData_minimum_CovalentRadius": 0.01347952539983281,
    "ElementProperty_MagpieData_maximum_Electronegativity": 0.013419001449754938,
    "ElementFraction_Se": 0.010004968997397886,
    "ElementFraction_O": 0.00899188038155395,
    "ElementProperty_MagpieData_mode_MendeleevNumber": 0.008904675026860875,
    "ElementFraction_Mg": 0.0076206784929844186,
    "ValenceOrbital_frac_d_valence_electrons": 0.007598328294317816,
    "DensityFeatures_packing_fraction": 0.007416056821419549,
    "ElementProperty_MagpieData_mode_GSvolume_pa": 0.006471016066454286,
    "ElementFraction_F": 0.006387809692349706,
    "ElementFraction_Ag": 0.006050919629603398,
    "ElementProperty_MagpieData_minimum_Number": 0.00592644286417718,
    "ElementProperty_MagpieData_mean_GSmagmom": 0.005747163630353484,
    "MEGNet_OFMEncoded_v1_91": 0.00562254713273444,
    "ElementFraction_Cu": 0.005265168023098282,
    "MEGNet_OFMEncoded_v1_87": 0.005188481669912768,
    "MaximumPackingEfficiency_max_packing_efficiency": 0.004823357207644241,
    "ElementProperty_MagpieData_maximum_GSmagmom": 0.004720992818197693,
    "ElementProperty_MagpieData_maximum_MeltingT": 0.004553802588814973,
    "ElementProperty_MagpieData_mean_NsValence": 0.004031898144035317,
    "ElementProperty_MagpieData_minimum_Electronegativity": 0.004023353171516568,
    "ElementProperty_MagpieData_maximum_NpUnfilled": 0.003977988837151818,
    "ElementFraction_Co": 0.0039478439759678035,
    "ElementFraction_Al": 0.003943239227146257,
    "ElementFraction_Nb": 0.0037843577952690003,
    "ElementFraction_S": 0.0037451729558997467,
    "ElementProperty_MagpieData_maximum_MendeleevNumber": 0.003732463545179559,
    "MEGNet_OFMEncoded_v1_63": 0.0031629350199005846
}