{
    "AGNIFingerPrint_mean_AGNI_eta=8_00e-01": 0.00024197659153392235,
    "ElementFraction_Ca": 0.00017616272464732476,
    "ElementProperty_MagpieData_maximum_CovalentRadius": 0.00016514309639565193,
    "ElementProperty_MagpieData_maximum_SpaceGroupNumber": 0.0001509211010062262,
    "GeneralizedRDF_mean_Gaussian_center=0_0_width=1_0": 0.0001395963669116615,
    "ElementFraction_F": 0.0001320096450806269,
    "ElementProperty_MagpieData_mean_CovalentRadius": 0.00011705941559802852,
    "ElementFraction_In": 0.00011535177656592815,
    "ElementProperty_MagpieData_mode_CovalentRadius": 0.00011461063317312986,
    "ElementFraction_Yb": 0.00011379375157025254,
    "ElementFraction_Au": 0.00010693412235993297,
    "MEGNet_OFMEncoded_v1_147": 9.450510565710026e-05,
    "ElementProperty_MagpieData_mean_NpValence": 9.342655881533001e-05,
    "MEGNet_OFMEncoded_v1_93": 8.479370037334427e-05,
    "ElementFraction_Y": 7.985202220801888e-05,
    "ElementProperty_MagpieData_mode_Number": 7.77318306058391e-05,
    "ElementProperty_MagpieData_maximum_MendeleevNumber": 7.697045949059563e-05,
    "ElementProperty_MagpieData_maximum_NpUnfilled": 7.664126346976262e-05,
    "ElementFraction_Ni": 6.316269935135398e-05,
    "TMetalFraction_transition_metal_fraction": 6.14738972939538e-05,
    "ElementFraction_K": 6.114160945237922e-05,
    "ElementFraction_S": 6.108790829209963e-05,
    "ElementFraction_Pd": 6.003254137486578e-05,
    "ElementFraction_Mg": 5.999660638131663e-05,
    "ElementProperty_MagpieData_maximum_GSbandgap": 5.855070717039465e-05,
    "ElementProperty_MagpieData_minimum_MendeleevNumber": 5.81597202363679e-05,
    "MEGNet_OFMEncoded_v1_5": 5.5768906225495516e-05,
    "ElementFraction_Se": 5.258937284115268e-05,
    "ElementProperty_MagpieData_mode_GSbandgap": 5.123488169977615e-05,
    "ElementFraction_Bi": 5.021141418446209e-05
}