{
    "DensityFeatures_packing_fraction": 0.040381541436825666,
    "OxidationStates_std_dev_oxidation_state": 0.04035026652005256,
    "OPSiteFingerprint_mean_body-centered_cubic_CN_8": 0.03263302172850163,
    "BondOrientationParameter_mean_BOOP_Q_l=7": 0.026940321067900626,
    "ElementProperty_MagpieData_mean_NdUnfilled": 0.024935965640309112,
    "CoulombMatrix_coulomb_matrix_eig_5": 0.02304567408373592,
    "CrystalNNFingerprint_std_dev_octahedral_CN_6": 0.022495212157974023,
    "OxidationStates_maximum_oxidation_state": 0.01978020637757244,
    "ChemicalOrdering_mean_ordering_parameter_shell_3": 0.018126057029535396,
    "CrystalNNFingerprint_std_dev_wt_CN_3": 0.017360413185344675,
    "AGNIFingerPrint_std_dev_AGNI_eta=8_00e-01": 0.016912515292517326,
    "SineCoulombMatrix_sine_coulomb_matrix_eig_10": 0.016875070115001896,
    "ElementProperty_MagpieData_avg_dev_Column": 0.014395946418496185,
    "AtomicOrbitals_HOMO_energy": 0.013624790758627107,
    "ElementFraction_Fe": 0.01278237022046335,
    "TMetalFraction_transition_metal_fraction": 0.01240849188153653,
    "MEGNet_OFMEncoded_v1_181": 0.012300277413763395,
    "CoordinationNumber_std_dev_CN_VoronoiNN": 0.012162561433210387,
    "ElementProperty_MagpieData_avg_dev_CovalentRadius": 0.011873576935408628,
    "OPSiteFingerprint_std_dev_tetrahedral_CN_4": 0.011740708216491357,
    "ElementProperty_MagpieData_range_MeltingT": 0.011423997742206283,
    "ElementProperty_MagpieData_mode_MeltingT": 0.011283986622141626,
    "ElementProperty_MagpieData_maximum_MendeleevNumber": 0.011249918130346936,
    "ElementProperty_MagpieData_mean_GSbandgap": 0.01103322744112701,
    "ElementProperty_MagpieData_mean_Electronegativity": 0.011022935706732023,
    "MEGNet_OFMEncoded_v1_185": 0.010711966361611348,
    "ElectronegativityDiff_minimum_EN_difference": 0.010635374185826267,
    "BondOrientationParameter_mean_BOOP_Q_l=5": 0.010371029703291831,
    "CrystalNNFingerprint_mean_L-shaped_CN_2": 0.010201398406954653,
    "RadialDistributionFunction_radial_distribution_function_d_1_70": 0.010174376516209118
}