{
    "ElementProperty_MagpieData_mean_MeltingT": 0.00022959958045873743,
    "ElementProperty_MagpieData_avg_dev_NpValence": 0.00022290741319740977,
    "ValenceOrbital_frac_d_valence_electrons": 0.0001934754116166004,
    "GeneralizedRDF_mean_Gaussian_center=5_0_width=1_0": 0.00014959597702890551,
    "ElementProperty_MagpieData_maximum_MeltingT": 0.00012315542037784883,
    "ElementProperty_MagpieData_minimum_Electronegativity": 0.00011946640552749244,
    "TMetalFraction_transition_metal_fraction": 0.00011053872277362366,
    "GeneralizedRDF_mean_Gaussian_center=4_0_width=1_0": 0.00010898133258589054,
    "ElementProperty_MagpieData_range_MeltingT": 0.00010188672853639787,
    "ElementProperty_MagpieData_mean_NdValence": 9.43355860383641e-05,
    "ElementProperty_MagpieData_avg_dev_MeltingT": 8.173581955264086e-05,
    "ElementProperty_MagpieData_avg_dev_NpUnfilled": 7.936675681780734e-05,
    "BondOrientationParameter_std_dev_BOOP_Q_l=1": 7.853941281724048e-05,
    "ElementProperty_MagpieData_minimum_MendeleevNumber": 6.905545638527185e-05,
    "ElementProperty_MagpieData_avg_dev_GSmagmom": 6.407329187339247e-05,
    "ElementProperty_MagpieData_avg_dev_NdValence": 6.35383887416105e-05,
    "VoronoiFingerprint_std_dev_Voro_vol_mean": 6.270702766134783e-05,
    "AtomicOrbitals_HOMO_energy": 6.250746939744594e-05,
    "CrystalNNFingerprint_mean_T-shaped_CN_3": 6.097857194196621e-05,
    "CrystalNNFingerprint_mean_bent_150_degrees_CN_2": 6.071642336537561e-05,
    "ElementProperty_MagpieData_avg_dev_Column": 5.972804759749007e-05,
    "ElectronegativityDiff_maximum_EN_difference": 5.961190780223091e-05,
    "OPSiteFingerprint_std_dev_q6_CN_12": 5.8968434574954203e-05,
    "OPSiteFingerprint_std_dev_bent_150_degrees_CN_2": 5.760715267904473e-05,
    "MEGNet_OFMEncoded_v1_132": 5.688548897284181e-05,
    "ElementProperty_MagpieData_avg_dev_CovalentRadius": 5.607298234561472e-05,
    "ElementProperty_MagpieData_maximum_NdValence": 5.59539963739854e-05,
    "StructuralHeterogeneity_minimum_neighbor_distance_variation": 5.4705460437395926e-05,
    "ElementProperty_MagpieData_mode_NdValence": 5.3298292942012936e-05,
    "ElementFraction_Cr": 5.297084095410584e-05
}