{
    "TMetalFraction_transition_metal_fraction": 2.6429384656061834,
    "ValenceOrbital_frac_d_valence_electrons": 1.4017616829496427,
    "ElementProperty_MagpieData_maximum_MendeleevNumber": 0.7523127210997947,
    "MEGNet_OFMEncoded_v1_76": 0.5644322944570066,
    "ElementFraction_Mg": 0.5518058469023287,
    "ElementFraction_Pd": 0.4802602531069054,
    "ElementProperty_MagpieData_mode_GSbandgap": 0.468924459433313,
    "ElementProperty_MagpieData_maximum_GSvolume_pa": 0.4402312497972994,
    "ElementProperty_MagpieData_mean_GSmagmom": 0.4234908067923542,
    "ElementProperty_MagpieData_mode_NUnfilled": 0.41464234977236725,
    "ElementProperty_MagpieData_maximum_MeltingT": 0.37961054986839976,
    "ElementFraction_Zn": 0.3648831779787755,
    "MEGNet_OFMEncoded_v1_97": 0.3224882009897889,
    "MEGNet_OFMEncoded_v1_169": 0.30659591893670607,
    "ElementProperty_MagpieData_maximum_GSbandgap": 0.30063326629216675,
    "ElementProperty_MagpieData_maximum_Number": 0.29847819289860855,
    "ElementFraction_F": 0.2980292316894717,
    "ElementFraction_O": 0.29573603336983106,
    "ElementFraction_Cd": 0.27196093159710594,
    "ElementProperty_MagpieData_mode_Number": 0.2685326145234024,
    "ElementProperty_MagpieData_mode_GSvolume_pa": 0.24509978141804026,
    "ElementProperty_MagpieData_maximum_NValence": 0.2262960038370647,
    "ElementProperty_MagpieData_mode_Electronegativity": 0.22580151635867585,
    "ElementProperty_MagpieData_maximum_NpUnfilled": 0.20687873037355436,
    "ElementFraction_Al": 0.2048937551612571,
    "ValenceOrbital_frac_f_valence_electrons": 0.1998302240579232,
    "ElementProperty_MagpieData_minimum_Electronegativity": 0.1904332561467179,
    "ElementProperty_MagpieData_minimum_Number": 0.18841096443198943,
    "ElementProperty_MagpieData_mean_NpValence": 0.1674552653884973,
    "ElementProperty_MagpieData_mean_NUnfilled": 0.15413783381571694
}