{
    "GaussianSymmFunc_mean_G2_80_0": 0.00023238778532949262,
    "ElementProperty_MagpieData_mean_Column": 0.00021379307768196648,
    "ElementProperty_MagpieData_maximum_CovalentRadius": 0.0001547289788503652,
    "ElementProperty_MagpieData_mean_NpValence": 0.00014981785281854374,
    "ElementFraction_Ca": 0.0001237588292755697,
    "ElementFraction_S": 0.0001204214775975627,
    "ElementProperty_MagpieData_mode_CovalentRadius": 0.00011962826064915628,
    "ElementProperty_MagpieData_mean_CovalentRadius": 9.002154730765083e-05,
    "ElementProperty_MagpieData_maximum_SpaceGroupNumber": 8.7582009923936e-05,
    "ElementFraction_In": 8.54721027225628e-05,
    "ElementProperty_MagpieData_mode_GSbandgap": 8.286865958769183e-05,
    "TMetalFraction_transition_metal_fraction": 8.09446648306998e-05,
    "ElementFraction_Yb": 8.063177956514456e-05,
    "ElementProperty_MagpieData_minimum_NUnfilled": 7.802142633423307e-05,
    "ElementFraction_O": 7.506487114452046e-05,
    "ElementFraction_Au": 7.38788158421965e-05,
    "ElementProperty_MagpieData_mean_GSmagmom": 6.924904711466433e-05,
    "ElementProperty_MagpieData_maximum_GSbandgap": 6.756544793263201e-05,
    "ElementFraction_Y": 6.627206306372219e-05,
    "ElementProperty_MagpieData_avg_dev_CovalentRadius": 6.066339524548252e-05,
    "ElementProperty_MagpieData_mode_GSvolume_pa": 5.616119737829917e-05,
    "ElementProperty_MagpieData_mean_GSbandgap": 5.4700325170682015e-05,
    "ElementFraction_Ni": 4.499566339488654e-05,
    "ElementFraction_K": 4.387539037699016e-05,
    "MEGNet_OFMEncoded_v1_93": 4.323193708452791e-05,
    "ElementProperty_MagpieData_maximum_MendeleevNumber": 4.321748585959963e-05,
    "ElementProperty_MagpieData_maximum_MeltingT": 4.313175432898473e-05,
    "ElementProperty_MagpieData_avg_dev_NfValence": 4.276387731458126e-05,
    "ElementProperty_MagpieData_maximum_NpUnfilled": 4.246471189742107e-05,
    "ElementProperty_MagpieData_minimum_NValence": 4.1949026267400616e-05
}