{
    "ElementProperty_MagpieData_avg_dev_NdUnfilled": 0.06270653087087022,
    "BondOrientationParameter_mean_BOOP_Q_l=6": 0.043293154644448134,
    "ElementProperty_MagpieData_maximum_MendeleevNumber": 0.041767464414226664,
    "ElementProperty_MagpieData_mean_NdUnfilled": 0.03651448519510448,
    "ElementProperty_MagpieData_mode_MendeleevNumber": 0.03038502189754406,
    "MEGNet_OFMEncoded_v1_33": 0.027356091959064282,
    "ElementProperty_MagpieData_avg_dev_NUnfilled": 0.026335820624036124,
    "ElementProperty_MagpieData_mean_Row": 0.024648217602782848,
    "ElementProperty_MagpieData_mean_MeltingT": 0.023356850962843123,
    "TMetalFraction_transition_metal_fraction": 0.022755092688615086,
    "ElementProperty_MagpieData_minimum_MendeleevNumber": 0.02272015183352801,
    "MEGNet_OFMEncoded_v1_113": 0.022631721198733783,
    "AGNIFingerPrint_std_dev_AGNI_eta=4_43e+00": 0.0210349747208308,
    "AtomicOrbitals_HOMO_energy": 0.020169420908391415,
    "CrystalNNFingerprint_mean_wt_CN_14": 0.019520896159527828,
    "ElectronegativityDiff_minimum_EN_difference": 0.018797622586209147,
    "AGNIFingerPrint_std_dev_AGNI_dir=z_eta=1_88e+00": 0.0187627202389291,
    "DensityFeatures_packing_fraction": 0.0180471388424805,
    "CrystalNNFingerprint_std_dev_wt_CN_6": 0.01795613005738693,
    "ElementProperty_MagpieData_mean_Column": 0.01791621647515653,
    "ElementProperty_MagpieData_mean_NpValence": 0.017859379510602732,
    "ElementProperty_MagpieData_mean_Electronegativity": 0.016818405895629197,
    "ElementProperty_MagpieData_minimum_Column": 0.016302183038528633,
    "ElementFraction_O": 0.01614746622026064,
    "ElementProperty_MagpieData_mean_NpUnfilled": 0.01613709063073622,
    "BondOrientationParameter_mean_BOOP_Q_l=10": 0.01613441057647221,
    "ElementProperty_MagpieData_avg_dev_NpValence": 0.015764544157687906,
    "ElementProperty_MagpieData_mean_NsUnfilled": 0.015559029009538742,
    "OPSiteFingerprint_mean_body-centered_cubic_CN_8": 0.015306548738953372,
    "ElementProperty_MagpieData_avg_dev_Row": 0.015205270927181299
}