{
    "ElementProperty_MagpieData_avg_dev_CovalentRadius": 0.04555450911551253,
    "ElementProperty_MagpieData_maximum_CovalentRadius": 0.04213270769727884,
    "ElementProperty_MagpieData_avg_dev_NdValence": 0.035841952057452504,
    "ElementProperty_MagpieData_mean_MeltingT": 0.030791110216616006,
    "ValenceOrbital_frac_d_valence_electrons": 0.029539946287791188,
    "ElementProperty_MagpieData_range_NdValence": 0.01759341099657071,
    "ElementProperty_MagpieData_mode_NUnfilled": 0.014860000348818134,
    "MEGNet_OFMEncoded_v1_79": 0.012733998140249636,
    "YangSolidSolution_Yang_delta": 0.01228775844573813,
    "ElementFraction_H": 0.01131310023307583,
    "MEGNet_OFMEncoded_v1_115": 0.011114508766424861,
    "ElementProperty_MagpieData_maximum_MendeleevNumber": 0.010830757081099303,
    "ElementProperty_MagpieData_mode_MendeleevNumber": 0.01055770163998852,
    "ElementProperty_MagpieData_avg_dev_NpValence": 0.010541776362610411,
    "ElementProperty_MagpieData_maximum_NdValence": 0.01054024162649245,
    "ElementProperty_MagpieData_mean_NpUnfilled": 0.010193745820003793,
    "ElementProperty_MagpieData_minimum_Electronegativity": 0.009683412545092937,
    "ElectronegativityDiff_minimum_EN_difference": 0.009306466646725176,
    "TMetalFraction_transition_metal_fraction": 0.009108697307212463,
    "ElementProperty_MagpieData_avg_dev_Row": 0.009007312978749231,
    "ElementProperty_MagpieData_mode_MeltingT": 0.008798239640665971,
    "ElementProperty_MagpieData_range_Electronegativity": 0.008719853602749076,
    "GaussianSymmFunc_mean_G4_0_005_4_0_-1_0": 0.008696868217427992,
    "BandCenter_band_center": 0.00857027546269501,
    "ElementProperty_MagpieData_maximum_NdUnfilled": 0.008134066367182422,
    "IonProperty_avg_ionic_char": 0.00792655366764307,
    "ElementFraction_V": 0.007824803513561978,
    "AGNIFingerPrint_mean_AGNI_eta=2_89e+00": 0.007697755680784763,
    "ElementProperty_MagpieData_minimum_CovalentRadius": 0.007519261548783283,
    "ElementProperty_MagpieData_mean_NsValence": 0.007340371453181622
}