{
    "ElementProperty_MagpieData_mean_NpValence": 0.05693577890443028,
    "ElementProperty_MagpieData_maximum_Electronegativity": 0.047769570391125865,
    "MEGNet_OFMEncoded_v1_55": 0.03692177205280139,
    "ElementProperty_MagpieData_mean_Electronegativity": 0.017612797003918823,
    "ElementProperty_MagpieData_range_MeltingT": 0.015354894688671622,
    "ElementProperty_MagpieData_maximum_NdUnfilled": 0.015121230636821451,
    "ElementProperty_MagpieData_mean_NdUnfilled": 0.013192225245801652,
    "MEGNet_OFMEncoded_v1_82": 0.01259422121425725,
    "AverageBondLength_mean_Average_bond_length": 0.0123272273729802,
    "ElementProperty_MagpieData_mean_Column": 0.009976109658025492,
    "ElementProperty_MagpieData_minimum_MendeleevNumber": 0.00912760479346435,
    "ElementProperty_MagpieData_mean_GSbandgap": 0.00866404332378909,
    "MEGNet_OFMEncoded_v1_63": 0.008641648971153403,
    "ElementProperty_MagpieData_mean_SpaceGroupNumber": 0.008437504865853589,
    "ElementProperty_MagpieData_avg_dev_NdUnfilled": 0.008435777740414334,
    "ElementProperty_MagpieData_avg_dev_NpValence": 0.007838637228893613,
    "ElementProperty_MagpieData_avg_dev_NpUnfilled": 0.007632417520577207,
    "ValenceOrbital_frac_d_valence_electrons": 0.007448425863674793,
    "CrystalNNFingerprint_std_dev_wt_CN_6": 0.006930899875731373,
    "ElementProperty_MagpieData_mean_MeltingT": 0.006910060903189589,
    "TMetalFraction_transition_metal_fraction": 0.006898518270198629,
    "ElementProperty_MagpieData_maximum_GSbandgap": 0.00671106405085358,
    "VoronoiFingerprint_std_dev_Voro_vol_sum": 0.006542841124660921,
    "ElementProperty_MagpieData_mode_GSvolume_pa": 0.006478768023560096,
    "AverageBondAngle_mean_Average_bond_angle": 0.00645155295089155,
    "AtomicOrbitals_HOMO_energy": 0.006368311519025891,
    "AGNIFingerPrint_std_dev_AGNI_dir=z_eta=1_88e+00": 0.006158077674479082,
    "OxidationStates_std_dev_oxidation_state": 0.0061421008439998676,
    "ChemicalOrdering_mean_ordering_parameter_shell_2": 0.005867966508194083,
    "VoronoiFingerprint_std_dev_Voro_area_sum": 0.0052599916596356945
}