{
    "ElementFraction_Al": 0.027199932530224732,
    "ElementProperty_MagpieData_minimum_MeltingT": 0.025514424181534757,
    "ElementProperty_MagpieData_mean_MeltingT": 0.01954587068106409,
    "ElementProperty_MagpieData_mean_NsUnfilled": 0.017173879425448277,
    "YangSolidSolution_Yang_omega": 0.013260590697965308,
    "ElementProperty_MagpieData_mode_MeltingT": 0.012918777555790475,
    "ElementProperty_MagpieData_minimum_Column": 0.012683519200283596,
    "ElementFraction_Sn": 0.012257941260393174,
    "ElementFraction_Mg": 0.011763614846729092,
    "ElementProperty_MagpieData_maximum_CovalentRadius": 0.010362502437870106,
    "ElementProperty_MagpieData_mode_Number": 0.008029113457943708,
    "MEGNet_OFMEncoded_v1_24": 0.007781027206181101,
    "ElementProperty_MagpieData_maximum_GSvolume_pa": 0.007701967024626222,
    "ElementFraction_Y": 0.00743769503472933,
    "ElementFraction_Li": 0.0073932974164145565,
    "ElementFraction_In": 0.0070143818945064985,
    "ElementProperty_MagpieData_mean_NpUnfilled": 0.006074351094327206,
    "ElementProperty_MagpieData_maximum_MeltingT": 0.00514045773671681,
    "ElementFraction_Cu": 0.0051017836347799495,
    "ElementFraction_Sb": 0.00509028695792145,
    "ElementProperty_MagpieData_avg_dev_MeltingT": 0.005004450876945753,
    "ElementFraction_N": 0.004934175041811378,
    "MEGNet_OFMEncoded_v1_177": 0.004872244768325356,
    "ElementFraction_Be": 0.004652446774002082,
    "ElementProperty_MagpieData_mode_CovalentRadius": 0.004545401153125192,
    "ElementFraction_Si": 0.004525313446864041,
    "ElementProperty_MagpieData_mode_SpaceGroupNumber": 0.0044798357398456645,
    "MEGNet_OFMEncoded_v1_172": 0.004476883277723442,
    "ElementFraction_Cr": 0.003954346917306859,
    "ElementProperty_MagpieData_maximum_Column": 0.0038807208263295302
}