{
    "ElementProperty_MagpieData_mean_Column": 0.00019064289873404103,
    "ElementProperty_MagpieData_mean_NpValence": 0.00015329163644103654,
    "GaussianSymmFunc_mean_G2_80_0": 0.00013874807279892973,
    "ElementProperty_MagpieData_maximum_CovalentRadius": 0.000123828899339293,
    "ElementFraction_S": 0.00011202654609489497,
    "ElementFraction_Ca": 9.579407200727972e-05,
    "ElementProperty_MagpieData_maximum_SpaceGroupNumber": 8.345579722534132e-05,
    "ElementProperty_MagpieData_mode_GSvolume_pa": 8.024977326466962e-05,
    "TMetalFraction_transition_metal_fraction": 7.891262443374812e-05,
    "ElementFraction_Yb": 7.866376899972717e-05,
    "ElementFraction_In": 7.51538396051045e-05,
    "ElementProperty_MagpieData_mean_CovalentRadius": 7.396013945544371e-05,
    "ElementFraction_O": 7.280265169706364e-05,
    "ElementProperty_MagpieData_maximum_Column": 6.684065435995345e-05,
    "ElementProperty_MagpieData_avg_dev_CovalentRadius": 6.66013636294601e-05,
    "ElementProperty_MagpieData_mode_CovalentRadius": 6.358366552385036e-05,
    "ElementFraction_Au": 6.352263451292993e-05,
    "ElementProperty_MagpieData_mode_GSbandgap": 5.986123237560728e-05,
    "ElementProperty_MagpieData_mean_GSmagmom": 5.979718192817931e-05,
    "ElementProperty_MagpieData_mean_GSbandgap": 5.7319114677013516e-05,
    "ElementProperty_MagpieData_minimum_NUnfilled": 5.493298384344956e-05,
    "AGNIFingerPrint_mean_AGNI_eta=8_00e-01": 5.093753459301324e-05,
    "ElementFraction_Y": 4.801161200045409e-05,
    "ElementProperty_MagpieData_minimum_MeltingT": 4.035632099788588e-05,
    "ElementProperty_MagpieData_maximum_MendeleevNumber": 3.939414133283889e-05,
    "ElementFraction_K": 3.7017178159859615e-05,
    "ElementProperty_MagpieData_avg_dev_GSmagmom": 3.7016789420387545e-05,
    "ElementFraction_Ni": 3.1738060265109994e-05,
    "ElementProperty_MagpieData_mode_SpaceGroupNumber": 3.085305559441173e-05,
    "ElementProperty_MagpieData_mode_MeltingT": 3.0824242330409606e-05
}