{
    "AverageBondLength_mean_Average_bond_length": 0.0476723148513867,
    "TMetalFraction_transition_metal_fraction": 0.03879306823648617,
    "ElementProperty_MagpieData_avg_dev_NUnfilled": 0.027132514299485537,
    "BondOrientationParameter_mean_BOOP_Q_l=10": 0.02601935578406652,
    "ElementProperty_MagpieData_mean_Row": 0.02274704269908526,
    "DensityFeatures_packing_fraction": 0.02274394273202847,
    "ElementProperty_MagpieData_mode_GSvolume_pa": 0.02263683640479468,
    "GaussianSymmFunc_mean_G4_0_005_4_0_1_0": 0.021329268558251714,
    "ElementProperty_MagpieData_maximum_NpUnfilled": 0.020775020137345675,
    "ElementProperty_MagpieData_mean_GSmagmom": 0.01892546472044043,
    "BandCenter_band_center": 0.018210870104354543,
    "CrystalNNFingerprint_mean_wt_CN_14": 0.018062151864168957,
    "ElementProperty_MagpieData_maximum_Number": 0.01708524525969492,
    "StructuralHeterogeneity_minimum_neighbor_distance_variation": 0.01567461554754486,
    "CrystalNNFingerprint_mean_wt_CN_2": 0.015227452235021772,
    "ElementProperty_MagpieData_avg_dev_NValence": 0.015081855273634613,
    "CrystalNNFingerprint_mean_body-centered_cubic_CN_8": 0.014812001390468718,
    "ElementProperty_MagpieData_avg_dev_MendeleevNumber": 0.01466315178771868,
    "ElementProperty_MagpieData_mean_Column": 0.014473533271985452,
    "ElementProperty_MagpieData_minimum_MendeleevNumber": 0.014417575944397461,
    "ElectronegativityDiff_mean_EN_difference": 0.01415962769227331,
    "ElementProperty_MagpieData_avg_dev_NpUnfilled": 0.013817785158808849,
    "ElementFraction_Cu": 0.0136948605315234,
    "OPSiteFingerprint_mean_sgl_bd_CN_1": 0.0135344772706911,
    "ChemicalOrdering_mean_ordering_parameter_shell_2": 0.0121508521247326,
    "IonProperty_avg_ionic_char": 0.011911185938763523,
    "ElementProperty_MagpieData_range_NdUnfilled": 0.01086225640353296,
    "ElectronegativityDiff_minimum_EN_difference": 0.010739567091050466,
    "GeneralizedRDF_mean_Gaussian_center=5_0_width=1_0": 0.010602296773900703,
    "OxidationStates_maximum_oxidation_state": 0.010417889895055026
}