{
    "GeneralizedRDF_mean_Gaussian_center=3_0_width=1_0": 0.8026632439121285,
    "GeneralizedRDF_mean_Gaussian_center=2_0_width=1_0": 0.2899955942419686,
    "MaximumPackingEfficiency_max_packing_efficiency": 0.26109099479224895,
    "DensityFeatures_density": 0.22274538635767668,
    "DensityFeatures_packing_fraction": 0.1950395265183855,
    "ElementProperty_MagpieData_mean_NpValence": 0.1587648287130174,
    "ElementProperty_MagpieData_mode_NValence": 0.14822222957782888,
    "ElementProperty_MagpieData_mean_GSvolume_pa": 0.12526787480035848,
    "GeneralizedRDF_mean_Gaussian_center=6_0_width=1_0": 0.11906241969975855,
    "Stoichiometry_2-norm": 0.09447956781832155,
    "MEGNet_OFMEncoded_v1_19": 0.08998912152488645,
    "MEGNet_OFMEncoded_v1_103": 0.08859648648441656,
    "MEGNet_OFMEncoded_v1_75": 0.08541690726981466,
    "ElementProperty_MagpieData_mean_Electronegativity": 0.0807316278497875,
    "ElementProperty_MagpieData_avg_dev_NpUnfilled": 0.07244686454977071,
    "ElementProperty_MagpieData_range_Electronegativity": 0.07036976772563708,
    "ElementProperty_MagpieData_maximum_NdUnfilled": 0.06880222154118458,
    "VoronoiFingerprint_mean_Voro_area_maximum": 0.062717406387163,
    "ElementProperty_MagpieData_maximum_NValence": 0.05633260057272366,
    "ElementProperty_MagpieData_mean_MeltingT": 0.053958466830306875,
    "MEGNet_OFMEncoded_v1_181": 0.05360209382737789,
    "AGNIFingerPrint_std_dev_AGNI_dir=x_eta=1_23e+00": 0.051713883641490765,
    "BondOrientationParameter_mean_BOOP_Q_l=2": 0.04951378236323482,
    "ElementProperty_MagpieData_mean_Column": 0.0477871751095175,
    "VoronoiFingerprint_mean_Voro_dist_maximum": 0.047551753701341376,
    "LocalPropertyDifference_mean_local_difference_in_Electronegativity": 0.04525618486503733,
    "ElementProperty_MagpieData_maximum_GSvolume_pa": 0.04396514191259,
    "CoordinationNumber_std_dev_CN_VoronoiNN": 0.040659499962107146,
    "AGNIFingerPrint_std_dev_AGNI_dir=z_eta=8_00e-01": 0.04037173496524116,
    "AGNIFingerPrint_std_dev_AGNI_eta=1_23e+00": 0.03989713337465168
}