{
    "GaussianSymmFunc_mean_G2_20_0": 0.0035904694949437078,
    "ElementProperty_MagpieData_mode_NUnfilled": 0.001691613091441532,
    "ElementProperty_MagpieData_mean_MeltingT": 0.0004895146901630085,
    "ElementProperty_MagpieData_maximum_MeltingT": 0.0004835867506236796,
    "AGNIFingerPrint_mean_AGNI_eta=1_23e+00": 0.0004769820826196385,
    "ElementProperty_MagpieData_avg_dev_Column": 0.00040878468726433044,
    "OxidationStates_std_dev_oxidation_state": 0.0004056986811922509,
    "ElementProperty_MagpieData_mean_Electronegativity": 0.0003873357456299794,
    "ElementProperty_MagpieData_mean_Column": 0.0003334755009371766,
    "AGNIFingerPrint_mean_AGNI_eta=1_88e+00": 0.00032751929012292316,
    "ElementProperty_MagpieData_mean_NpUnfilled": 0.00032061691957321106,
    "ElectronegativityDiff_minimum_EN_difference": 0.0003084087977800822,
    "GeneralizedRDF_mean_Gaussian_center=1_0_width=1_0": 0.0003010982696483681,
    "GeneralizedRDF_mean_Gaussian_center=2_0_width=1_0": 0.0002917731985793533,
    "ElementFraction_H": 0.0002659127133948969,
    "ElementProperty_MagpieData_avg_dev_Electronegativity": 0.0002659016875180644,
    "TMetalFraction_transition_metal_fraction": 0.00024842050035200886,
    "MEGNet_OFMEncoded_v1_15": 0.00021973369385657067,
    "GeneralizedRDF_mean_Gaussian_center=8_0_width=1_0": 0.00019731628492076028,
    "GeneralizedRDF_mean_Gaussian_center=5_0_width=1_0": 0.00019563769271477914,
    "GeneralizedRDF_mean_Gaussian_center=3_0_width=1_0": 0.00019090848715399848,
    "MEGNet_OFMEncoded_v1_99": 0.0001847317054383221,
    "YangSolidSolution_Yang_delta": 0.00017628945851235557,
    "MEGNet_OFMEncoded_v1_87": 0.0001470306283538504,
    "ElementProperty_MagpieData_mean_NpValence": 0.00013805286122473955,
    "BandCenter_band_center": 0.00013064736423856567,
    "ElementProperty_MagpieData_avg_dev_MeltingT": 0.0001261233768010028,
    "ElementProperty_MagpieData_minimum_Column": 0.00011975152471589801,
    "ElementProperty_MagpieData_minimum_CovalentRadius": 0.00011782837392157389,
    "ElementProperty_MagpieData_mode_NpUnfilled": 0.00011571513087070372
}