{
    "DensityFeatures_packing_fraction": 0.08327485845320053,
    "AverageBondLength_std_dev_Average_bond_length": 0.055055328986207124,
    "ElementProperty_MagpieData_maximum_MeltingT": 0.0470257572641865,
    "ElementProperty_MagpieData_maximum_CovalentRadius": 0.04070145995545098,
    "ElementProperty_MagpieData_avg_dev_NpUnfilled": 0.027081167781352607,
    "ValenceOrbital_frac_d_valence_electrons": 0.026122150737727907,
    "ElementProperty_MagpieData_mean_MendeleevNumber": 0.02600857130743758,
    "ElementProperty_MagpieData_mean_NpValence": 0.02311201946250611,
    "VoronoiFingerprint_mean_Voro_area_maximum": 0.022067685816103782,
    "ElementProperty_MagpieData_mean_GSmagmom": 0.020918306373200656,
    "OPSiteFingerprint_mean_body-centered_cubic_CN_8": 0.02083864019800664,
    "TMetalFraction_transition_metal_fraction": 0.018927513971702614,
    "ElementProperty_MagpieData_avg_dev_Column": 0.018639677725447078,
    "ChemicalOrdering_mean_ordering_parameter_shell_1": 0.01630576666331707,
    "OxidationStates_maximum_oxidation_state": 0.015537676780724641,
    "GeneralizedRDF_mean_Gaussian_center=3_0_width=1_0": 0.014641830129930715,
    "BondOrientationParameter_mean_BOOP_Q_l=2": 0.013949804287994914,
    "ElementProperty_MagpieData_mean_Electronegativity": 0.013872943004073341,
    "CrystalNNFingerprint_mean_body-centered_cubic_CN_8": 0.013418688561254976,
    "ElementProperty_MagpieData_mean_GSbandgap": 0.012633020411028161,
    "ElementProperty_MagpieData_mean_GSvolume_pa": 0.012155339942130507,
    "YangSolidSolution_Yang_omega": 0.012121413671468115,
    "ElementProperty_MagpieData_mean_NUnfilled": 0.012082035444312349,
    "GeneralizedRDF_mean_Gaussian_center=2_0_width=1_0": 0.011157351514689919,
    "ElementProperty_MagpieData_avg_dev_NdValence": 0.010756630090663681,
    "GaussianSymmFunc_std_dev_G4_0_005_4_0_-1_0": 0.0105477175374215,
    "VoronoiFingerprint_mean_Voro_vol_std_dev": 0.010311001849526756,
    "CrystalNNFingerprint_std_dev_bent_120_degrees_CN_2": 0.010078461259387288,
    "ElementProperty_MagpieData_mean_Column": 0.00950681645560806,
    "GaussianSymmFunc_mean_G4_0_005_4_0_-1_0": 0.009277585950445104
}