{
    "ElementProperty_MagpieData_mean_NpValence": 0.04968842106942355,
    "ElementProperty_MagpieData_mode_Number": 0.048115703072139,
    "ElementProperty_MagpieData_minimum_Number": 0.04478488440304886,
    "OPSiteFingerprint_mean_linear_CN_2": 0.028988133612312113,
    "CrystalNNFingerprint_mean_wt_CN_14": 0.025781892046859593,
    "ElementProperty_MagpieData_mean_Column": 0.0253177201741606,
    "ElementProperty_MagpieData_avg_dev_NpValence": 0.024214137745450646,
    "ElementProperty_MagpieData_avg_dev_NpUnfilled": 0.02316914322286865,
    "AGNIFingerPrint_mean_AGNI_eta=8_00e-01": 0.0230944047253672,
    "AtomicOrbitals_HOMO_energy": 0.022634725111898516,
    "OxidationStates_std_dev_oxidation_state": 0.021489838698667753,
    "ElementProperty_MagpieData_avg_dev_MeltingT": 0.021474025942060285,
    "ElementProperty_MagpieData_range_MeltingT": 0.018495384831494353,
    "ElectronegativityDiff_maximum_EN_difference": 0.018392765862522004,
    "ElementProperty_MagpieData_avg_dev_NUnfilled": 0.01713921636912751,
    "CrystalNNFingerprint_mean_linear_CN_2": 0.01690723583490881,
    "GeneralizedRDF_std_dev_Gaussian_center=3_0_width=1_0": 0.01643681667229007,
    "ElectronegativityDiff_std_dev_EN_difference": 0.015266842079863603,
    "ElementProperty_MagpieData_avg_dev_Column": 0.015103696538004504,
    "ElementProperty_MagpieData_mean_MendeleevNumber": 0.014186665273969726,
    "ElementProperty_MagpieData_mean_CovalentRadius": 0.013637463935107732,
    "ElementProperty_MagpieData_maximum_CovalentRadius": 0.013378225286061014,
    "XRDPowderPattern_xrd_15": 0.012927405311301647,
    "MEGNet_OFMEncoded_v1_118": 0.0119485655144261,
    "MEGNet_OFMEncoded_v1_166": 0.011880229920271915,
    "RadialDistributionFunction_radial_distribution_function_d_1_90": 0.011549616944323911,
    "OxidationStates_maximum_oxidation_state": 0.01127614419245023,
    "ElementProperty_MagpieData_maximum_MeltingT": 0.011051029395130228,
    "YangSolidSolution_Yang_delta": 0.010881183442185055,
    "ElementProperty_MagpieData_mean_NUnfilled": 0.010597302493467187
}