{
    "ElementProperty_MagpieData_maximum_MeltingT": 0.0556038457075537,
    "GeneralizedRDF_mean_Gaussian_center=9_0_width=1_0": 0.043088133813317664,
    "GeneralizedRDF_mean_Gaussian_center=3_0_width=1_0": 0.031147472851803946,
    "GeneralizedRDF_mean_Gaussian_center=2_0_width=1_0": 0.01679571835040001,
    "ElementProperty_MagpieData_mean_NpUnfilled": 0.016622079714043756,
    "ElementProperty_MagpieData_mean_MeltingT": 0.016546363037966253,
    "TMetalFraction_transition_metal_fraction": 0.01585884884968075,
    "ElementProperty_MagpieData_minimum_NUnfilled": 0.015401082003883517,
    "ElementProperty_MagpieData_maximum_NUnfilled": 0.014515444339545413,
    "DensityFeatures_packing_fraction": 0.014497838877404419,
    "AtomicOrbitals_HOMO_energy": 0.013847280919642237,
    "BondOrientationParameter_mean_BOOP_Q_l=3": 0.013095222484044483,
    "ElementProperty_MagpieData_mean_Column": 0.012478448956059499,
    "YangSolidSolution_Yang_omega": 0.012048980794919931,
    "BondOrientationParameter_mean_BOOP_Q_l=5": 0.01197086235315278,
    "ElementProperty_MagpieData_mean_MendeleevNumber": 0.011481891428117182,
    "CrystalNNFingerprint_mean_pentagonal_planar_CN_5": 0.01106658417699627,
    "ElementProperty_MagpieData_avg_dev_Column": 0.010680568521172832,
    "ElementProperty_MagpieData_avg_dev_GSbandgap": 0.010413805832580924,
    "ElementProperty_MagpieData_mean_Electronegativity": 0.009928119718440128,
    "ElementProperty_MagpieData_mode_NUnfilled": 0.009482729638793527,
    "ElementProperty_MagpieData_minimum_Electronegativity": 0.009224943608607395,
    "MEGNet_OFMEncoded_v1_132": 0.009041477701423935,
    "ElementProperty_MagpieData_range_GSbandgap": 0.00890643140470865,
    "ElementProperty_MagpieData_mean_CovalentRadius": 0.008687035746390364,
    "VoronoiFingerprint_std_dev_Voro_vol_sum": 0.008440939320320941,
    "ElementProperty_MagpieData_maximum_NValence": 0.008306835907923976,
    "ElementProperty_MagpieData_range_MeltingT": 0.008075622726262862,
    "GaussianSymmFunc_std_dev_G2_80_0": 0.00784385840340226,
    "ElementProperty_MagpieData_avg_dev_NdValence": 0.00769288108556923
}