{
    "ElementProperty_MagpieData_mode_MeltingT": 0.027197778289663476,
    "ElementProperty_MagpieData_minimum_MeltingT": 0.012459532892452767,
    "ElementProperty_MagpieData_maximum_MendeleevNumber": 0.00791454148333257,
    "ElementProperty_MagpieData_maximum_Electronegativity": 0.007012813120131493,
    "ElementFraction_Hf": 0.005525254445171876,
    "ElementProperty_MagpieData_mode_MendeleevNumber": 0.0051442349314783165,
    "ElementProperty_MagpieData_maximum_NValence": 0.004903336080545716,
    "ElementFraction_Ru": 0.0036167219412557186,
    "ElementFraction_P": 0.0034343997719278488,
    "ElementFraction_Ta": 0.00342715659465552,
    "ElementProperty_MagpieData_mean_Number": 0.003349660778591656,
    "ElementProperty_MagpieData_mean_Electronegativity": 0.0032955277662950933,
    "ElementFraction_Sn": 0.00309198500935435,
    "ElectronegativityDiff_maximum_EN_difference": 0.003061673205149912,
    "ElementFraction_Pd": 0.0029294549031903716,
    "AtomicOrbitals_HOMO_energy": 0.0028140455613450393,
    "ElementFraction_Mo": 0.002798797917772095,
    "ElementProperty_MagpieData_minimum_Number": 0.0026970483866205616,
    "ElementFraction_W": 0.0026731450337958923,
    "ElementFraction_Al": 0.002322900856341385,
    "ElementFraction_Li": 0.0021999588256623945,
    "ElementFraction_I": 0.0021694757030203287,
    "MEGNet_OFMEncoded_v1_180": 0.002033002293106424,
    "ElementFraction_Si": 0.001993566238887657,
    "BondFractions_O_-_P_bond_frac_": 0.0017784884343399498,
    "ElementProperty_MagpieData_mode_NValence": 0.0017731281002518432,
    "ElementProperty_MagpieData_minimum_Electronegativity": 0.0017363983402594507,
    "ElementFraction_Se": 0.001733845906392668,
    "ElementProperty_MagpieData_maximum_MeltingT": 0.0016896417247043087,
    "ElementProperty_MagpieData_avg_dev_NValence": 0.0016051279766667573
}