{
    "GeneralizedRDF_mean_Gaussian_center=3_0_width=1_0": 0.0012756766906483446,
    "BandCenter_band_center": 0.0005825719209141004,
    "GeneralizedRDF_mean_Gaussian_center=2_0_width=1_0": 0.0005020291642036866,
    "DensityFeatures_packing_fraction": 0.00020630982587058625,
    "ElementProperty_MagpieData_mean_MendeleevNumber": 0.0001855868350452251,
    "ElementProperty_MagpieData_mean_Column": 0.00013659127483924764,
    "GeneralizedRDF_mean_Gaussian_center=5_0_width=1_0": 0.00013254267170463381,
    "ElementProperty_MagpieData_mean_NUnfilled": 0.000129630582621163,
    "ElectronegativityDiff_minimum_EN_difference": 0.00012780172791291734,
    "AGNIFingerPrint_mean_AGNI_eta=1_60e+01": 0.00012165769411460419,
    "VoronoiFingerprint_mean_Voro_vol_maximum": 0.0001179260756881378,
    "ElementProperty_MagpieData_avg_dev_NdValence": 0.00011260294510768221,
    "GaussianSymmFunc_mean_G2_0_05": 0.0001033671142656119,
    "BondOrientationParameter_mean_BOOP_Q_l=2": 0.00010221468968857363,
    "ElementProperty_MagpieData_mean_Electronegativity": 9.41295752880133e-05,
    "VoronoiFingerprint_mean_Voro_dist_mean": 8.950440120509976e-05,
    "ElectronegativityDiff_mean_EN_difference": 8.73689092643867e-05,
    "OPSiteFingerprint_std_dev_tetrahedral_CN_4": 8.12995896334916e-05,
    "TMetalFraction_transition_metal_fraction": 7.614768482625895e-05,
    "ElementProperty_MagpieData_maximum_NUnfilled": 7.147466027804747e-05,
    "ElementProperty_MagpieData_maximum_MendeleevNumber": 6.636445441013147e-05,
    "ElementProperty_MagpieData_avg_dev_NUnfilled": 6.505348780682339e-05,
    "ElementProperty_MagpieData_mean_NpValence": 6.337729200054153e-05,
    "ElementProperty_MagpieData_avg_dev_MendeleevNumber": 6.28675447797848e-05,
    "ElementProperty_MagpieData_maximum_CovalentRadius": 6.128091505614152e-05,
    "CrystalNNFingerprint_mean_tetrahedral_CN_4": 5.644941119010669e-05,
    "ElementProperty_MagpieData_mean_MeltingT": 5.5840075216735795e-05,
    "MaximumPackingEfficiency_max_packing_efficiency": 5.342979385389406e-05,
    "CrystalNNFingerprint_mean_wt_CN_2": 5.2410371579709244e-05,
    "GeneralizedRDF_mean_Gaussian_center=4_0_width=1_0": 5.201952411645122e-05
}