{
    "GeneralizedRDF_mean_Gaussian_center=3_0_width=1_0": 0.002119877975419527,
    "BandCenter_band_center": 0.0009918921471888437,
    "GeneralizedRDF_mean_Gaussian_center=2_0_width=1_0": 0.000938803455401301,
    "ElementProperty_MagpieData_mean_Electronegativity": 0.00038445335712853013,
    "DensityFeatures_packing_fraction": 0.00034011815717175184,
    "ElementProperty_MagpieData_mean_NUnfilled": 0.0002764339000230417,
    "ElementProperty_MagpieData_mean_Column": 0.00025880204154709967,
    "ElectronegativityDiff_minimum_EN_difference": 0.00021971540604396643,
    "VoronoiFingerprint_mean_Voro_vol_maximum": 0.00021898532136685236,
    "GeneralizedRDF_mean_Gaussian_center=5_0_width=1_0": 0.0002135035723757748,
    "AGNIFingerPrint_mean_AGNI_eta=1_60e+01": 0.00019618600611466874,
    "ElementProperty_MagpieData_mean_MendeleevNumber": 0.0001843742651935217,
    "GaussianSymmFunc_mean_G2_0_05": 0.00017774599184470263,
    "ElementProperty_MagpieData_avg_dev_NdValence": 0.00015284515251516722,
    "BondOrientationParameter_mean_BOOP_Q_l=2": 0.00014654283955773122,
    "TMetalFraction_transition_metal_fraction": 0.00014096752764637755,
    "ElectronegativityDiff_mean_EN_difference": 0.00012987085471513772,
    "ElementProperty_MagpieData_minimum_Number": 0.00011907407366945199,
    "VoronoiFingerprint_mean_Voro_dist_mean": 0.00011715926219875173,
    "OPSiteFingerprint_std_dev_tetrahedral_CN_4": 0.00011336809178327705,
    "ElementProperty_MagpieData_avg_dev_MendeleevNumber": 0.00010462293980347888,
    "CrystalNNFingerprint_mean_tetrahedral_CN_4": 9.971044554013635e-05,
    "ElementProperty_MagpieData_mean_NpValence": 9.85520366002069e-05,
    "ElementProperty_MagpieData_maximum_NUnfilled": 9.836668998700332e-05,
    "BondOrientationParameter_mean_BOOP_Q_l=1": 9.547703982516081e-05,
    "CrystalNNFingerprint_mean_wt_CN_2": 9.336997789344823e-05,
    "ElementProperty_MagpieData_mode_MendeleevNumber": 8.9811728277478e-05,
    "ElementProperty_MagpieData_mean_NdUnfilled": 8.882351330861408e-05,
    "ElementProperty_MagpieData_mean_CovalentRadius": 8.805617476010988e-05,
    "MaximumPackingEfficiency_max_packing_efficiency": 8.786931148429088e-05
}