{
    "ElectronegativityDiff_mean_EN_difference": 0.05947244334125984,
    "LocalPropertyDifference_mean_local_difference_in_Electronegativity": 0.02971277260995774,
    "AtomicOrbitals_HOMO_energy": 0.027442652738449837,
    "ElementProperty_MagpieData_mean_MendeleevNumber": 0.022451924065553356,
    "ElectronegativityDiff_minimum_EN_difference": 0.020385058186473032,
    "ElementProperty_MagpieData_mean_NpUnfilled": 0.01999849506105749,
    "OPSiteFingerprint_mean_body-centered_cubic_CN_8": 0.019619110410316384,
    "ElementProperty_MagpieData_avg_dev_Column": 0.019225258423675215,
    "AtomicOrbitals_gap_AO": 0.016980430519577785,
    "BondOrientationParameter_mean_BOOP_Q_l=2": 0.016458976628288987,
    "ChemicalOrdering_mean_ordering_parameter_shell_2": 0.01606965414418101,
    "MEGNet_OFMEncoded_v1_102": 0.01593853037417191,
    "DensityFeatures_packing_fraction": 0.014588151426124952,
    "BondOrientationParameter_mean_BOOP_Q_l=8": 0.013786749556889735,
    "OPSiteFingerprint_mean_cuboctahedral_CN_12": 0.013250865140550992,
    "IonProperty_avg_ionic_char": 0.011548031512300425,
    "OPSiteFingerprint_std_dev_square_co-planar_CN_4": 0.011256055052705672,
    "CrystalNNFingerprint_mean_tetrahedral_CN_4": 0.010224718471446967,
    "ElectronegativityDiff_maximum_EN_difference": 0.010151682092185877,
    "StructuralHeterogeneity_maximum_neighbor_distance_variation": 0.00979714960101007,
    "ElementProperty_MagpieData_mean_MeltingT": 0.009576998049637834,
    "Stoichiometry_3-norm": 0.009371532037837495,
    "OxidationStates_range_oxidation_state": 0.008872763783401624,
    "ElementProperty_MagpieData_avg_dev_NpValence": 0.008711780644591204,
    "ChemicalOrdering_mean_ordering_parameter_shell_1": 0.008209633195219878,
    "OxidationStates_std_dev_oxidation_state": 0.007581416776589388,
    "Stoichiometry_0-norm": 0.0073276543750908675,
    "Stoichiometry_2-norm": 0.00725071629535442,
    "ElementProperty_MagpieData_avg_dev_CovalentRadius": 0.007026516614704223,
    "CrystalNNFingerprint_std_dev_square_co-planar_CN_4": 0.0069362821776318955
}