{
    "ElementFraction_O": 0.05978055375647508,
    "ElementProperty_MagpieData_mean_NpUnfilled": 0.012500992328191454,
    "ElementProperty_MagpieData_maximum_NpUnfilled": 0.011054585359036393,
    "ElementFraction_Si": 0.009621866099435236,
    "ElementProperty_MagpieData_mode_Electronegativity": 0.007471346423947203,
    "ElementProperty_MagpieData_maximum_NdUnfilled": 0.0070495930647065845,
    "ElementProperty_MagpieData_mean_NdValence": 0.00684586065088857,
    "ElementFraction_Se": 0.005557217003319995,
    "ElementFraction_Cd": 0.004624114803058261,
    "ElementProperty_MagpieData_mode_MeltingT": 0.0036792731470124966,
    "ElementFraction_V": 0.003132236611506182,
    "ElementFraction_Pb": 0.003118135879498719,
    "ElementProperty_MagpieData_mode_Number": 0.0029222817002900973,
    "ValenceOrbital_frac_d_valence_electrons": 0.002908669099986272,
    "ElementProperty_MagpieData_minimum_MendeleevNumber": 0.0026739060276335094,
    "ElementFraction_Ge": 0.00262641934528886,
    "MEGNet_OFMEncoded_v1_26": 0.0025485025859445292,
    "MEGNet_OFMEncoded_v1_172": 0.0023550594098535583,
    "ElementFraction_Tl": 0.0023181847633103212,
    "ElementProperty_MagpieData_mean_NsValence": 0.002173010762591892,
    "ElementFraction_As": 0.0020015693137625736,
    "ElementFraction_Mg": 0.0019864390026002,
    "ElementProperty_MagpieData_maximum_Number": 0.0018958942666650119,
    "MEGNet_OFMEncoded_v1_74": 0.0018311507737487041,
    "ElementProperty_MagpieData_mode_NdValence": 0.0018132212040116746,
    "ElementProperty_MagpieData_mean_SpaceGroupNumber": 0.001756198610317455,
    "ElementProperty_MagpieData_minimum_MeltingT": 0.001732810802911443,
    "ElementProperty_MagpieData_mean_GSbandgap": 0.001714729762351324,
    "ElementFraction_Sb": 0.001692377631811837,
    "ElementProperty_MagpieData_mode_GSvolume_pa": 0.0015775298397428554
}