{
    "ElementProperty_MagpieData_maximum_Electronegativity": 0.00024217765304140366,
    "TMetalFraction_transition_metal_fraction": 0.00022054346936007117,
    "AtomicOrbitals_HOMO_energy": 0.00017507550741135294,
    "ElectronegativityDiff_minimum_EN_difference": 0.00010337609225099479,
    "MEGNet_OFMEncoded_v1_82": 8.702761826673431e-05,
    "ElectronegativityDiff_mean_EN_difference": 7.854389457146341e-05,
    "ChemicalOrdering_mean_ordering_parameter_shell_2": 7.655904958907252e-05,
    "ElementProperty_MagpieData_mode_Electronegativity": 6.63770539283936e-05,
    "Stoichiometry_0-norm": 6.29853684224846e-05,
    "ElementProperty_MagpieData_mean_NdUnfilled": 6.247772019490743e-05,
    "ElementProperty_MagpieData_mode_GSvolume_pa": 6.022007430870024e-05,
    "AtomicOrbitals_HOMO_element": 5.6309912354754556e-05,
    "GeneralizedRDF_mean_Gaussian_center=2_0_width=1_0": 5.444396651594702e-05,
    "BondOrientationParameter_mean_BOOP_Q_l=4": 5.387950365352775e-05,
    "ElementProperty_MagpieData_avg_dev_NpValence": 4.761745641621475e-05,
    "ElementProperty_MagpieData_maximum_NdUnfilled": 4.6214104719888355e-05,
    "MEGNet_OFMEncoded_v1_63": 4.558114284194262e-05,
    "GeneralizedRDF_mean_Gaussian_center=3_0_width=1_0": 4.549166878290325e-05,
    "ElementProperty_MagpieData_maximum_MeltingT": 4.5437385091026076e-05,
    "BondOrientationParameter_mean_BOOP_Q_l=8": 4.489096765382313e-05,
    "OPSiteFingerprint_mean_sgl_bd_CN_1": 3.87016614451074e-05,
    "OxidationStates_maximum_oxidation_state": 3.840976020709805e-05,
    "GeneralizedRDF_mean_Gaussian_center=7_0_width=1_0": 3.811680814320222e-05,
    "MEGNet_OFMEncoded_v1_122": 3.7799296889504106e-05,
    "YangSolidSolution_Yang_delta": 3.767725245428504e-05,
    "ElementProperty_MagpieData_avg_dev_Column": 3.682170679123413e-05,
    "MEGNet_OFMEncoded_v1_125": 3.5571120276266034e-05,
    "ValenceOrbital_frac_d_valence_electrons": 3.507557323558477e-05,
    "ElementProperty_MagpieData_mean_Electronegativity": 3.468850177910079e-05,
    "BondOrientationParameter_mean_BOOP_Q_l=2": 3.450103104247608e-05
}