{
    "GeneralizedRDF_mean_Gaussian_center=2_0_width=1_0": 0.6092431316467284,
    "ElementProperty_MagpieData_maximum_NpUnfilled": 0.36836464610409214,
    "ElementProperty_MagpieData_mean_NpUnfilled": 0.264196746059601,
    "GeneralizedRDF_mean_Gaussian_center=4_0_width=1_0": 0.24284203878851363,
    "ElementProperty_MagpieData_avg_dev_NpUnfilled": 0.1796637521740788,
    "GeneralizedRDF_mean_Gaussian_center=3_0_width=1_0": 0.15512758861074039,
    "BandCenter_band_center": 0.14003578856139962,
    "GeneralizedRDF_mean_Gaussian_center=6_0_width=1_0": 0.12315177096116313,
    "ElementProperty_MagpieData_mean_MeltingT": 0.12308720966061316,
    "ElementProperty_MagpieData_mean_NUnfilled": 0.12102710181751271,
    "TMetalFraction_transition_metal_fraction": 0.10859776660771407,
    "ElementProperty_MagpieData_mean_GSvolume_pa": 0.10608929765510823,
    "ValenceOrbital_frac_d_valence_electrons": 0.10173273635142259,
    "ElementProperty_MagpieData_avg_dev_Column": 0.09852949418394447,
    "ElectronegativityDiff_minimum_EN_difference": 0.09795197398277423,
    "MEGNet_OFMEncoded_v1_68": 0.0946500738930134,
    "ElementProperty_MagpieData_mean_Electronegativity": 0.08629440605795459,
    "ElementProperty_MagpieData_mean_NsValence": 0.08299558322829513,
    "MEGNet_OFMEncoded_v1_79": 0.08272393464638572,
    "GaussianSymmFunc_mean_G2_80_0": 0.07289135206383139,
    "ElementProperty_MagpieData_mean_MendeleevNumber": 0.07285007852513839,
    "Stoichiometry_10-norm": 0.06924298055558423,
    "ElementProperty_MagpieData_mean_GSbandgap": 0.06720866859943977,
    "MaximumPackingEfficiency_max_packing_efficiency": 0.06555198674358076,
    "ElementProperty_MagpieData_mean_NpValence": 0.06405943261955252,
    "AGNIFingerPrint_std_dev_AGNI_dir=x_eta=8_00e-01": 0.0635461271857829,
    "ElementProperty_MagpieData_avg_dev_NpValence": 0.06227424807942657,
    "ElementProperty_MagpieData_maximum_NValence": 0.061112897344473026,
    "AGNIFingerPrint_std_dev_AGNI_dir=x_eta=1_23e+00": 0.05961925308937135,
    "DensityFeatures_packing_fraction": 0.05607791681595878
}