{
    "MEGNet_OFMEncoded_v1_19": 0.02254878609641544,
    "GeneralizedRDF_mean_Gaussian_center=3_0_width=1_0": 0.016293630433200958,
    "ElementProperty_MagpieData_mean_Column": 0.013710773504062253,
    "ElementProperty_MagpieData_minimum_CovalentRadius": 0.012584752108586183,
    "OxidationStates_std_dev_oxidation_state": 0.011645118643908716,
    "ElementProperty_MagpieData_minimum_NUnfilled": 0.011072617314227458,
    "ElementProperty_MagpieData_mean_GSvolume_pa": 0.010677314201827276,
    "YangSolidSolution_Yang_delta": 0.008271077013519406,
    "BondOrientationParameter_mean_BOOP_Q_l=3": 0.00823895105174094,
    "ElementProperty_MagpieData_mean_NpValence": 0.007936009942033927,
    "ElementProperty_MagpieData_avg_dev_NpUnfilled": 0.007596365459717016,
    "MEGNet_OFMEncoded_v1_65": 0.00742815910390673,
    "ElementProperty_MagpieData_avg_dev_NdUnfilled": 0.007369395782842632,
    "MEGNet_OFMEncoded_v1_27": 0.006889358704670275,
    "LocalPropertyDifference_mean_local_difference_in_Electronegativity": 0.006692136772221987,
    "ElementProperty_MagpieData_mean_CovalentRadius": 0.006455906762939146,
    "ElementProperty_MagpieData_mean_NUnfilled": 0.006386875679699047,
    "ElementProperty_MagpieData_avg_dev_NpValence": 0.006097307906248516,
    "ElementProperty_MagpieData_maximum_NValence": 0.0056954611530234235,
    "ElementProperty_MagpieData_avg_dev_Column": 0.005667918121675912,
    "ElementProperty_MagpieData_minimum_MeltingT": 0.005667310914135628,
    "ElementProperty_MagpieData_minimum_MendeleevNumber": 0.005508118476279972,
    "ElementProperty_MagpieData_mode_MeltingT": 0.005480308275121101,
    "ElementProperty_MagpieData_range_MendeleevNumber": 0.005300339651766009,
    "IonProperty_max_ionic_char": 0.005280952403110396,
    "ElementProperty_MagpieData_maximum_NdValence": 0.0051412923107588895,
    "ElementProperty_MagpieData_mean_NdUnfilled": 0.005067054730380832,
    "ElementProperty_MagpieData_mean_NValence": 0.0047224513869335485,
    "OPSiteFingerprint_std_dev_linear_CN_2": 0.004686597313714956,
    "ElementProperty_MagpieData_range_CovalentRadius": 0.004624811178844817
}