{
    "OxidationStates_minimum_oxidation_state": 0.09243597783690259,
    "TMetalFraction_transition_metal_fraction": 0.06696427321912946,
    "ElectronegativityDiff_maximum_EN_difference": 0.03247094005969286,
    "MEGNet_OFMEncoded_v1_82": 0.02803406636065194,
    "ElementProperty_MagpieData_mean_Electronegativity": 0.024678615072102405,
    "AtomicOrbitals_gap_AO": 0.023832591536999733,
    "ElementProperty_MagpieData_maximum_MeltingT": 0.0235896725329315,
    "ElectronegativityDiff_std_dev_EN_difference": 0.023099997561554998,
    "ElementProperty_MagpieData_avg_dev_MeltingT": 0.020736984105679892,
    "CrystalNNFingerprint_std_dev_octahedral_CN_6": 0.019250734400151244,
    "MEGNet_OFMEncoded_v1_75": 0.01729138244395654,
    "ElementFraction_Yb": 0.016840775044307033,
    "MaximumPackingEfficiency_max_packing_efficiency": 0.01649771681318578,
    "ElementProperty_MagpieData_mean_GSmagmom": 0.016324588220447345,
    "RadialDistributionFunction_radial_distribution_function_d_1_90": 0.015535489680362858,
    "BondOrientationParameter_mean_BOOP_Q_l=3": 0.015069450512911371,
    "ElementProperty_MagpieData_avg_dev_Column": 0.01336563986640799,
    "ElementProperty_MagpieData_mean_MendeleevNumber": 0.01315155262007835,
    "ValenceOrbital_frac_p_valence_electrons": 0.013013993621563356,
    "GlobalSymmetryFeatures_spacegroup_num": 0.012494612199935763,
    "ElementProperty_MagpieData_mean_Column": 0.012233522452417362,
    "OPSiteFingerprint_std_dev_sgl_bd_CN_1": 0.012014780265979349,
    "GeneralizedRDF_mean_Gaussian_center=0_0_width=1_0": 0.011544375530138415,
    "ElementProperty_MagpieData_range_MeltingT": 0.011157712159117148,
    "ElementProperty_MagpieData_avg_dev_NpUnfilled": 0.011060979996693927,
    "ElementProperty_MagpieData_mean_NUnfilled": 0.01093832504698529,
    "ElementProperty_MagpieData_mean_NfUnfilled": 0.010753058713112326,
    "ElementProperty_MagpieData_avg_dev_CovalentRadius": 0.010661669619737411,
    "DensityFeatures_density": 0.010477566389130067,
    "AverageBondLength_mean_Average_bond_length": 0.010392344718166358
}