{
    "TMetalFraction_transition_metal_fraction": 3.480521796779666e-05,
    "CrystalNNFingerprint_mean_tetrahedral_CN_4": 2.48573455171703e-05,
    "Miedema_Miedema_deltaH_inter": 2.1188393291436057e-05,
    "DensityFeatures_density": 1.7885863443753337e-05,
    "ChemicalOrdering_mean_ordering_parameter_shell_2": 1.6492897079936675e-05,
    "ElementProperty_MagpieData_mean_NdValence": 1.5255591099505521e-05,
    "ElementProperty_MagpieData_minimum_Column": 1.5245010283181757e-05,
    "BondOrientationParameter_mean_BOOP_Q_l=10": 1.2253496986837236e-05,
    "OPSiteFingerprint_std_dev_square_co-planar_CN_4": 1.2117780440240825e-05,
    "ElectronegativityDiff_minimum_EN_difference": 1.146994049234333e-05,
    "AtomicOrbitals_HOMO_energy": 8.943529641283899e-06,
    "GeneralizedRDF_mean_Gaussian_center=0_0_width=1_0": 8.865579250800445e-06,
    "ElementProperty_MagpieData_avg_dev_Column": 8.305803909101503e-06,
    "AtomicOrbitals_HOMO_element": 6.812732679738151e-06,
    "ValenceOrbital_frac_d_valence_electrons": 6.6573454961067165e-06,
    "ElectronegativityDiff_maximum_EN_difference": 6.565721688825813e-06,
    "OPSiteFingerprint_std_dev_tetrahedral_CN_4": 6.363466803831185e-06,
    "ChemicalOrdering_mean_ordering_parameter_shell_3": 6.3192302128440754e-06,
    "ElectronegativityDiff_mean_EN_difference": 6.253296649943067e-06,
    "AtomicOrbitals_gap_AO": 5.739601824508455e-06,
    "ElementProperty_MagpieData_mean_NpValence": 5.1059108548041564e-06,
    "OPSiteFingerprint_mean_L-shaped_CN_2": 4.945860015269196e-06,
    "ElementProperty_MagpieData_mean_MeltingT": 4.708256605832245e-06,
    "StructuralHeterogeneity_min_relative_bond_length": 4.414073138759378e-06,
    "OPSiteFingerprint_mean_body-centered_cubic_CN_8": 4.395547909874681e-06,
    "OPSiteFingerprint_mean_linear_CN_2": 4.129564183120095e-06,
    "BondOrientationParameter_mean_BOOP_Q_l=6": 4.112548425971755e-06,
    "GaussianSymmFunc_mean_G4_0_005_4_0_-1_0": 3.938019234232421e-06,
    "ElementProperty_MagpieData_range_SpaceGroupNumber": 3.7937105341877013e-06,
    "ElementProperty_MagpieData_range_MeltingT": 3.733181126887858e-06
}