{
    "ElementProperty_MagpieData_mode_Electronegativity": 0.014480222144552994,
    "ElementProperty_MagpieData_maximum_CovalentRadius": 0.012637925123658314,
    "ElementFraction_O": 0.009774402983412573,
    "ElementProperty_MagpieData_mode_SpaceGroupNumber": 0.009136782667413261,
    "ElementProperty_MagpieData_range_CovalentRadius": 0.008999919367719569,
    "ElementProperty_MagpieData_avg_dev_Column": 0.007855766028428555,
    "AtomicOrbitals_LUMO_energy": 0.006759235808771069,
    "CrystalNNFingerprint_mean_wt_CN_6": 0.006437287071815178,
    "ElementFraction_Mn": 0.006257380789088707,
    "GeneralizedRDF_mean_Gaussian_center=2_0_width=1_0": 0.005739557969716793,
    "ElementProperty_MagpieData_minimum_Electronegativity": 0.005654875197979647,
    "CrystalNNFingerprint_mean_bent_150_degrees_CN_2": 0.0056146881827253085,
    "BondOrientationParameter_mean_BOOP_Q_l=6": 0.00549446667380668,
    "ElementProperty_MagpieData_mean_NUnfilled": 0.005311410140664484,
    "ElementProperty_MagpieData_mean_NpUnfilled": 0.0051672082650829915,
    "ElementProperty_MagpieData_mean_MendeleevNumber": 0.005077736207194426,
    "ElementProperty_MagpieData_mean_Column": 0.0050645731726778,
    "OPSiteFingerprint_mean_pentagonal_pyramidal_CN_6": 0.004937948944776571,
    "CrystalNNFingerprint_mean_wt_CN_14": 0.004891386389810389,
    "AverageBondLength_std_dev_Average_bond_length": 0.00480610006162882,
    "CrystalNNFingerprint_std_dev_q4_CN_12": 0.004678124077289985,
    "ElementProperty_MagpieData_mean_Electronegativity": 0.00461128854451053,
    "MEGNet_OFMEncoded_v1_161": 0.0044498112788482844,
    "BondFractions_Mn_-_O_bond_frac_": 0.004421115806275463,
    "MEGNet_OFMEncoded_v1_82": 0.004284768023769781,
    "ElementProperty_MagpieData_avg_dev_NUnfilled": 0.004227061532806595,
    "OPSiteFingerprint_mean_octahedral_CN_6": 0.004128741505660816,
    "ElementProperty_MagpieData_mean_MeltingT": 0.004077358037615627,
    "ElementProperty_MagpieData_avg_dev_NpValence": 0.0039616699724528675,
    "ElementProperty_MagpieData_maximum_MeltingT": 0.00384895118076703
}