{
    "GeneralizedRDF_mean_Gaussian_center=3_0_width=1_0": 0.06241750359421911,
    "BandCenter_band_center": 0.03266797934017894,
    "GeneralizedRDF_mean_Gaussian_center=2_0_width=1_0": 0.0195320480729728,
    "DensityFeatures_packing_fraction": 0.0108434946002474,
    "ElementProperty_MagpieData_mean_Column": 0.009330915595413937,
    "ElementProperty_MagpieData_mean_NUnfilled": 0.00901571849208875,
    "VoronoiFingerprint_mean_Voro_vol_maximum": 0.007025350156467031,
    "ElectronegativityDiff_minimum_EN_difference": 0.006569303451086698,
    "ElementProperty_MagpieData_mean_MendeleevNumber": 0.006152584024029263,
    "ElectronegativityDiff_mean_EN_difference": 0.006124098921090823,
    "AGNIFingerPrint_mean_AGNI_eta=1_60e+01": 0.005681784500177082,
    "BondOrientationParameter_mean_BOOP_Q_l=2": 0.005411762073613509,
    "ElementProperty_MagpieData_mean_MeltingT": 0.005011662127521099,
    "VoronoiFingerprint_mean_Voro_dist_maximum": 0.0044252230342223,
    "ElementProperty_MagpieData_avg_dev_NdValence": 0.004378045291813816,
    "VoronoiFingerprint_mean_Voro_dist_mean": 0.004133912660340567,
    "GeneralizedRDF_mean_Gaussian_center=5_0_width=1_0": 0.0040981788000252675,
    "TMetalFraction_transition_metal_fraction": 0.004037186248676414,
    "ElementProperty_MagpieData_avg_dev_NUnfilled": 0.0039913317354100634,
    "OPSiteFingerprint_std_dev_tetrahedral_CN_4": 0.003967829952773949,
    "ElementProperty_MagpieData_maximum_NUnfilled": 0.003736823914340227,
    "OPSiteFingerprint_mean_tetrahedral_CN_4": 0.0031308245183769914,
    "ValenceOrbital_frac_d_valence_electrons": 0.0030709827082802264,
    "ElementProperty_MagpieData_mode_MeltingT": 0.0030541929771916495,
    "ElementProperty_MagpieData_range_NdValence": 0.002802933921364637,
    "ElementProperty_MagpieData_mean_Electronegativity": 0.002781712037090943,
    "ElementProperty_MagpieData_mode_MendeleevNumber": 0.002621935252066922,
    "ElementProperty_MagpieData_maximum_CovalentRadius": 0.002598703262402083,
    "ElementProperty_MagpieData_maximum_MendeleevNumber": 0.00242696250902095,
    "ElementProperty_MagpieData_avg_dev_Column": 0.002380029779926431
}