{
    "MaximumPackingEfficiency_max_packing_efficiency": 0.07421456902061753,
    "GaussianSymmFunc_mean_G2_80_0": 0.024243045064977802,
    "ElementProperty_MagpieData_mean_NpValence": 0.018214355744842103,
    "GeneralizedRDF_mean_Gaussian_center=0_0_width=1_0": 0.017092056610882846,
    "DensityFeatures_packing_fraction": 0.011221644779075899,
    "AGNIFingerPrint_mean_AGNI_eta=8_00e-01": 0.01058238830454484,
    "ElementProperty_MagpieData_avg_dev_Row": 0.01050844175831956,
    "ElectronegativityDiff_mean_EN_difference": 0.009842722331231719,
    "GeneralizedRDF_mean_Gaussian_center=8_0_width=1_0": 0.009098242560520052,
    "ElementFraction_O": 0.008866110453222267,
    "BandCenter_band_center": 0.008846885851911462,
    "AGNIFingerPrint_mean_AGNI_eta=1_23e+00": 0.007331660564136163,
    "ElementProperty_MagpieData_maximum_MeltingT": 0.006709185308312967,
    "ElectronegativityDiff_minimum_EN_difference": 0.006622984444075318,
    "ElementProperty_MagpieData_avg_dev_MeltingT": 0.006622204665238547,
    "BondOrientationParameter_mean_BOOP_Q_l=2": 0.006250294226208161,
    "GeneralizedRDF_mean_Gaussian_center=5_0_width=1_0": 0.005319110768229261,
    "ElementProperty_MagpieData_mean_NpUnfilled": 0.005316893046737899,
    "MEGNet_OFMEncoded_v1_166": 0.005311461148701713,
    "ValenceOrbital_frac_d_valence_electrons": 0.005234596215633458,
    "ElementProperty_MagpieData_maximum_Number": 0.005233914893177421,
    "Miedema_Miedema_deltaH_ss_min": 0.005098231776792523,
    "ElementProperty_MagpieData_mean_AtomicWeight": 0.00493979571755796,
    "ElementProperty_MagpieData_mean_Column": 0.004936449606412999,
    "ElementProperty_MagpieData_avg_dev_CovalentRadius": 0.004469965899649498,
    "GeneralizedRDF_mean_Gaussian_center=4_0_width=1_0": 0.004125885931938215,
    "GaussianSymmFunc_mean_G2_0_05": 0.004090133610508624,
    "ElementFraction_Yb": 0.0040738035333262425,
    "ElementProperty_MagpieData_mode_Electronegativity": 0.00392804835837717,
    "VoronoiFingerprint_mean_Voro_vol_maximum": 0.003827848598481635
}