{
    "GeneralizedRDF_mean_Gaussian_center=3_0_width=1_0": 0.0002741828185787827,
    "BandCenter_band_center": 0.00014226234149010476,
    "GeneralizedRDF_mean_Gaussian_center=2_0_width=1_0": 0.0001204854149984726,
    "DensityFeatures_packing_fraction": 4.594542406030843e-05,
    "VoronoiFingerprint_mean_Voro_vol_maximum": 3.5243509558335937e-05,
    "ElementProperty_MagpieData_mean_Column": 3.405221095260876e-05,
    "ElementProperty_MagpieData_mean_NUnfilled": 3.371007150154162e-05,
    "AGNIFingerPrint_mean_AGNI_eta=1_60e+01": 3.262875012924102e-05,
    "ElementProperty_MagpieData_mean_MendeleevNumber": 3.2547349649132434e-05,
    "ElectronegativityDiff_minimum_EN_difference": 3.1446602667358506e-05,
    "GeneralizedRDF_mean_Gaussian_center=5_0_width=1_0": 2.7908605706322556e-05,
    "ElementProperty_MagpieData_avg_dev_NdValence": 2.3174311547596625e-05,
    "ElementProperty_MagpieData_mean_Electronegativity": 2.2572828333623986e-05,
    "TMetalFraction_transition_metal_fraction": 2.167763421249536e-05,
    "ElectronegativityDiff_mean_EN_difference": 2.1090848158971238e-05,
    "ElementProperty_MagpieData_maximum_NUnfilled": 1.9493450688874317e-05,
    "VoronoiFingerprint_mean_Voro_dist_mean": 1.780634532580526e-05,
    "OPSiteFingerprint_std_dev_tetrahedral_CN_4": 1.7617707238176566e-05,
    "VoronoiFingerprint_mean_Voro_dist_maximum": 1.6601286292349212e-05,
    "CrystalNNFingerprint_mean_tetrahedral_CN_4": 1.6574563057723348e-05,
    "ElementProperty_MagpieData_avg_dev_NUnfilled": 1.6107784289119363e-05,
    "BondOrientationParameter_mean_BOOP_Q_l=2": 1.5246238393725753e-05,
    "MaximumPackingEfficiency_max_packing_efficiency": 1.3042642213825491e-05,
    "ElementProperty_MagpieData_avg_dev_MendeleevNumber": 1.2341850305259943e-05,
    "ElementProperty_MagpieData_mean_MeltingT": 1.2144453914318998e-05,
    "ElementProperty_MagpieData_range_NfUnfilled": 1.0009334560238026e-05,
    "OPSiteFingerprint_mean_tetrahedral_CN_4": 9.887686240187782e-06,
    "CrystalNNFingerprint_mean_wt_CN_2": 9.727386584609277e-06,
    "ElementProperty_MagpieData_mean_NpValence": 9.503031194407084e-06,
    "Miedema_Miedema_deltaH_amor": 9.129459918113839e-06
}