{
    "GeneralizedRDF_mean_Gaussian_center=3_0_width=1_0": 0.0027493667131787696,
    "BandCenter_band_center": 0.001409212659305832,
    "GeneralizedRDF_mean_Gaussian_center=2_0_width=1_0": 0.001381097222251575,
    "DensityFeatures_packing_fraction": 0.0005850292263852399,
    "ElementProperty_MagpieData_mean_Column": 0.0003663419783403926,
    "ElementProperty_MagpieData_mean_NUnfilled": 0.0003341259892868882,
    "ElementProperty_MagpieData_mean_MendeleevNumber": 0.00032519773099032637,
    "VoronoiFingerprint_mean_Voro_vol_maximum": 0.0003195956121259654,
    "AGNIFingerPrint_mean_AGNI_eta=1_60e+01": 0.0002688323690624643,
    "ElectronegativityDiff_minimum_EN_difference": 0.00024167071212302885,
    "GeneralizedRDF_mean_Gaussian_center=5_0_width=1_0": 0.0002356233212853737,
    "TMetalFraction_transition_metal_fraction": 0.00022622822355174843,
    "ElementProperty_MagpieData_avg_dev_NdValence": 0.00021879485281726594,
    "GeneralizedRDF_mean_Gaussian_center=4_0_width=1_0": 0.00021209091125703303,
    "BondOrientationParameter_mean_BOOP_Q_l=2": 0.00021200852682596606,
    "ElementProperty_MagpieData_mean_Electronegativity": 0.00019237022406683952,
    "ElectronegativityDiff_mean_EN_difference": 0.0001838995874021871,
    "ElementProperty_MagpieData_avg_dev_NUnfilled": 0.00017887611694125807,
    "OPSiteFingerprint_std_dev_tetrahedral_CN_4": 0.00016844245163786882,
    "VoronoiFingerprint_mean_Voro_dist_mean": 0.00016444001646711426,
    "GaussianSymmFunc_mean_G2_0_05": 0.00015977747670931132,
    "ElementProperty_MagpieData_mean_NpValence": 0.00015030406689928044,
    "VoronoiFingerprint_mean_Voro_dist_maximum": 0.0001437100026095047,
    "MaximumPackingEfficiency_max_packing_efficiency": 0.00014250498542125648,
    "ElementProperty_MagpieData_mode_MendeleevNumber": 0.00013613623549812507,
    "ElementProperty_MagpieData_avg_dev_MendeleevNumber": 0.00013307697505284514,
    "ElementProperty_MagpieData_mean_CovalentRadius": 0.00012797394314123948,
    "ChemicalOrdering_mean_ordering_parameter_shell_1": 0.00012488605876364106,
    "OPSiteFingerprint_mean_tetrahedral_CN_4": 0.00012318851848033927,
    "ElementProperty_MagpieData_maximum_CovalentRadius": 0.00011429054422483102
}