{
    "TMetalFraction_transition_metal_fraction": 0.105566157534601,
    "ElementProperty_MagpieData_mean_MeltingT": 0.024668043071002628,
    "AtomicOrbitals_HOMO_energy": 0.02310151114674103,
    "Miedema_Miedema_deltaH_inter": 0.014396577504735003,
    "ElectronegativityDiff_minimum_EN_difference": 0.01255822983720518,
    "ElementProperty_MagpieData_mean_NpValence": 0.010266688564903561,
    "ElementProperty_MagpieData_avg_dev_NpValence": 0.00986760384643783,
    "BandCenter_band_center": 0.008105599069892779,
    "BondOrientationParameter_std_dev_BOOP_Q_l=6": 0.007369499945461432,
    "Stoichiometry_0-norm": 0.007234212584345757,
    "ElectronegativityDiff_maximum_EN_difference": 0.007100462979134771,
    "ElementFraction_Yb": 0.007057443301281893,
    "ElementProperty_MagpieData_mean_Column": 0.006990418380982578,
    "ElementProperty_MagpieData_mean_Electronegativity": 0.006959467350052057,
    "ElementProperty_MagpieData_mean_SpaceGroupNumber": 0.006822839382212901,
    "ElementProperty_MagpieData_maximum_MendeleevNumber": 0.006516028242939084,
    "AtomicOrbitals_gap_AO": 0.006210288838115445,
    "ElementProperty_MagpieData_minimum_NValence": 0.0060568717899125305,
    "OxidationStates_std_dev_oxidation_state": 0.005984886182278639,
    "ElementProperty_MagpieData_maximum_NpUnfilled": 0.005751697575409835,
    "OPSiteFingerprint_std_dev_linear_CN_2": 0.00566870456080773,
    "StructuralHeterogeneity_mean_neighbor_distance_variation": 0.005577969392443212,
    "MEGNet_OFMEncoded_v1_91": 0.0054318103353535475,
    "BondOrientationParameter_mean_BOOP_Q_l=4": 0.005379540784822483,
    "ElementProperty_MagpieData_avg_dev_CovalentRadius": 0.005372891434926616,
    "ElementProperty_MagpieData_maximum_MeltingT": 0.005206869021926237,
    "ElementProperty_MagpieData_avg_dev_GSvolume_pa": 0.005167928530160493,
    "ElementProperty_MagpieData_maximum_Electronegativity": 0.0050745476159899175,
    "BondOrientationParameter_mean_BOOP_Q_l=3": 0.005056129590802517,
    "ElementProperty_MagpieData_avg_dev_Column": 0.004974602089683016
}