{
    "ElementFraction_O": 0.19027894178236504,
    "ElementProperty_MagpieData_mode_Column": 0.02350986051930494,
    "ElementProperty_MagpieData_maximum_MendeleevNumber": 0.015539730994855392,
    "ElementProperty_MagpieData_mean_NsValence": 0.010704829531212655,
    "ElementFraction_Pd": 0.00899745553881598,
    "Stoichiometry_5-norm": 0.007758777954982347,
    "MEGNet_OFMEncoded_v1_82": 0.006609647515114417,
    "ElementFraction_F": 0.0060898793484937255,
    "ElementProperty_MagpieData_minimum_Number": 0.005664099803293392,
    "MEGNet_OFMEncoded_v1_166": 0.005033946787642144,
    "ElementProperty_MagpieData_maximum_CovalentRadius": 0.004623617172214574,
    "ElementProperty_MagpieData_maximum_NpUnfilled": 0.004247727851843926,
    "ElementFraction_I": 0.004226061418413061,
    "ElementFraction_Li": 0.004196254259346409,
    "MEGNet_OFMEncoded_v1_13": 0.003949972939893186,
    "ElementProperty_MagpieData_mode_SpaceGroupNumber": 0.003608790049332383,
    "ElementProperty_MagpieData_mean_NpUnfilled": 0.0035579883916281576,
    "ElementProperty_MagpieData_mean_Row": 0.0034802748372275514,
    "ElementProperty_MagpieData_maximum_NValence": 0.0031181339340005413,
    "MEGNet_OFMEncoded_v1_172": 0.0031165934343628026,
    "ElementProperty_MagpieData_maximum_Electronegativity": 0.0029412973811321044,
    "ElementFraction_Cl": 0.0028559159996764997,
    "ElementProperty_MagpieData_mode_Number": 0.002697310095237373,
    "ElementProperty_MagpieData_minimum_SpaceGroupNumber": 0.00268925255565681,
    "ElementFraction_As": 0.002636106005308862,
    "MEGNet_OFMEncoded_v1_157": 0.0026268802715226666,
    "MEGNet_OFMEncoded_v1_9": 0.002572221961706974,
    "ElementFraction_Mg": 0.0022816290703118543,
    "MEGNet_OFMEncoded_v1_118": 0.0021939858904577764,
    "Stoichiometry_10-norm": 0.0021423676670669065
}