{
    "AtomicOrbitals_HOMO_energy": 0.030099578734987642,
    "ElectronegativityDiff_maximum_EN_difference": 0.014776612318210385,
    "DensityFeatures_packing_fraction": 0.010826679306612437,
    "ElementProperty_MagpieData_mode_GSvolume_pa": 0.010207618014368596,
    "OPSiteFingerprint_mean_body-centered_cubic_CN_8": 0.00961130032554271,
    "ElementProperty_MagpieData_mean_NpUnfilled": 0.007617095050743557,
    "ValenceOrbital_frac_p_valence_electrons": 0.0064856078307837664,
    "ElectronegativityDiff_mean_EN_difference": 0.006340869180082482,
    "ElementProperty_MagpieData_mean_NdUnfilled": 0.005996605267820719,
    "ElectronegativityDiff_minimum_EN_difference": 0.005393796337436978,
    "CrystalNNFingerprint_mean_linear_CN_2": 0.005278659441397607,
    "ElementProperty_MagpieData_mean_NpValence": 0.00513036093531828,
    "ElementProperty_MagpieData_maximum_MeltingT": 0.004897648345978149,
    "TMetalFraction_transition_metal_fraction": 0.00437500160721723,
    "ElementProperty_MagpieData_mode_NUnfilled": 0.003672435031988417,
    "ElementProperty_MagpieData_mean_MeltingT": 0.003657777234894265,
    "Stoichiometry_2-norm": 0.003546796470684709,
    "AtomicOrbitals_LUMO_character": 0.003515338231705563,
    "ElementProperty_MagpieData_mode_NValence": 0.003501745641869025,
    "OxidationStates_range_oxidation_state": 0.003475524347939666,
    "OxidationStates_std_dev_oxidation_state": 0.0034599961466260966,
    "MEGNet_OFMEncoded_v1_110": 0.003390199256079808,
    "Stoichiometry_0-norm": 0.003330700922881632,
    "ChemicalOrdering_mean_ordering_parameter_shell_2": 0.0032688170331241126,
    "AverageBondAngle_mean_Average_bond_angle": 0.003190957846098824,
    "BondOrientationParameter_mean_BOOP_Q_l=1": 0.0031160682280274446,
    "ElementFraction_Yb": 0.003065625071512171,
    "ElementProperty_MagpieData_mean_Column": 0.003026993298139873,
    "AtomicOrbitals_HOMO_element": 0.002944814067619675,
    "MEGNet_OFMEncoded_v1_102": 0.002906035675629855
}