{
    "StructuralHeterogeneity_mean_neighbor_distance_variation": 0.026493798127144818,
    "ElectronegativityDiff_minimum_EN_difference": 0.017352857231054675,
    "OPSiteFingerprint_mean_tetrahedral_CN_4": 0.016194741101877238,
    "AtomicOrbitals_LUMO_energy": 0.014156098990256983,
    "BondOrientationParameter_mean_BOOP_Q_l=8": 0.013457775479181124,
    "BondOrientationParameter_mean_BOOP_Q_l=2": 0.011074277935890909,
    "CoordinationNumber_std_dev_CN_VoronoiNN": 0.010898912383451682,
    "ElementProperty_MagpieData_avg_dev_NpValence": 0.010284857923556866,
    "IonProperty_avg_ionic_char": 0.009949770773083632,
    "MEGNet_OFMEncoded_v1_132": 0.009890365542818578,
    "BondOrientationParameter_mean_BOOP_Q_l=9": 0.009497083730113537,
    "ElementFraction_O": 0.00875804750032637,
    "ElementProperty_MagpieData_mean_NpUnfilled": 0.008685617729082351,
    "OPSiteFingerprint_std_dev_square_co-planar_CN_4": 0.008269657693952857,
    "ElementProperty_MagpieData_mean_MendeleevNumber": 0.008233773986335733,
    "ElementProperty_MagpieData_range_MeltingT": 0.007635230835395132,
    "TMetalFraction_transition_metal_fraction": 0.007428113014356428,
    "ElementProperty_MagpieData_avg_dev_NUnfilled": 0.007376244729058328,
    "CrystalNNFingerprint_mean_tetrahedral_CN_4": 0.007072341177852893,
    "ElementProperty_MagpieData_mean_NpValence": 0.006946251935260887,
    "ElectronegativityDiff_maximum_EN_difference": 0.006775750217352784,
    "ElementProperty_MagpieData_mode_MeltingT": 0.006750544549813066,
    "ElementProperty_MagpieData_maximum_Number": 0.0067163463056678,
    "CrystalNNFingerprint_std_dev_trigonal_planar_CN_3": 0.00669530163434056,
    "ElementProperty_MagpieData_mode_MendeleevNumber": 0.006666170299209557,
    "YangSolidSolution_Yang_delta": 0.006543512152373446,
    "ElementProperty_MagpieData_avg_dev_Row": 0.0064989095638280535,
    "MEGNet_OFMEncoded_v1_123": 0.006495112605132046,
    "MaximumPackingEfficiency_max_packing_efficiency": 0.006475584331147658,
    "MEGNet_OFMEncoded_v1_87": 0.006405395711971722
}