{
    "GeneralizedRDF_mean_Gaussian_center=3_0_width=1_0": 0.0014603013076167053,
    "BandCenter_band_center": 0.0007439799547267276,
    "GeneralizedRDF_mean_Gaussian_center=2_0_width=1_0": 0.0006190287209743029,
    "DensityFeatures_packing_fraction": 0.00022244097868124566,
    "ElementProperty_MagpieData_mean_NUnfilled": 0.00022155360129186467,
    "ElementProperty_MagpieData_mean_Column": 0.0001869490227907882,
    "GeneralizedRDF_mean_Gaussian_center=5_0_width=1_0": 0.0001653144628525895,
    "ElementProperty_MagpieData_mean_MendeleevNumber": 0.0001547327018452029,
    "ElectronegativityDiff_minimum_EN_difference": 0.00015024069842031843,
    "AGNIFingerPrint_mean_AGNI_eta=1_60e+01": 0.00014720395885204897,
    "VoronoiFingerprint_mean_Voro_vol_maximum": 0.00014677107309831816,
    "ElementProperty_MagpieData_avg_dev_NdValence": 0.0001246208902510379,
    "BondOrientationParameter_mean_BOOP_Q_l=2": 0.00011735300295082886,
    "ElementProperty_MagpieData_mean_Electronegativity": 0.00010953499498067122,
    "VoronoiFingerprint_mean_Voro_dist_mean": 9.287461863399018e-05,
    "TMetalFraction_transition_metal_fraction": 8.992275760459893e-05,
    "ElectronegativityDiff_mean_EN_difference": 8.909903633678693e-05,
    "ElementProperty_MagpieData_mean_CovalentRadius": 8.21311191054307e-05,
    "OPSiteFingerprint_std_dev_tetrahedral_CN_4": 7.916081324998772e-05,
    "ElementProperty_MagpieData_avg_dev_MendeleevNumber": 7.362347545542519e-05,
    "ElementProperty_MagpieData_avg_dev_NUnfilled": 7.176873968321792e-05,
    "ElementProperty_MagpieData_maximum_CovalentRadius": 7.027169766682338e-05,
    "GaussianSymmFunc_mean_G2_0_05": 7.02168384954402e-05,
    "ElementProperty_MagpieData_mean_NpValence": 6.745541556058915e-05,
    "CrystalNNFingerprint_mean_tetrahedral_CN_4": 6.564702032936134e-05,
    "ElementProperty_MagpieData_mean_MeltingT": 6.459062094306306e-05,
    "ChemicalOrdering_mean_ordering_parameter_shell_1": 6.288364844473451e-05,
    "ElementProperty_MagpieData_mode_MendeleevNumber": 5.883030359751938e-05,
    "OPSiteFingerprint_mean_tetrahedral_CN_4": 5.781508258925525e-05,
    "MaximumPackingEfficiency_max_packing_efficiency": 5.248892486793569e-05
}