{
    "TMetalFraction_transition_metal_fraction": 0.0007090781713360748,
    "ElementProperty_MagpieData_maximum_Electronegativity": 0.0007021548266158051,
    "AtomicOrbitals_HOMO_energy": 0.0004961171958887773,
    "ElectronegativityDiff_minimum_EN_difference": 0.00044061447404562706,
    "ElectronegativityDiff_mean_EN_difference": 0.0003581464264741689,
    "ElementProperty_MagpieData_mode_Electronegativity": 0.00027393818370664564,
    "GeneralizedRDF_mean_Gaussian_center=7_0_width=1_0": 0.00025953652793303246,
    "ElementProperty_MagpieData_mean_NdUnfilled": 0.0002101495862724651,
    "MEGNet_OFMEncoded_v1_82": 0.00019438388855509152,
    "OPSiteFingerprint_mean_sgl_bd_CN_1": 0.0001870422510150179,
    "Stoichiometry_0-norm": 0.00017819154149821193,
    "ElementProperty_MagpieData_maximum_MeltingT": 0.00017319610477052675,
    "OxidationStates_maximum_oxidation_state": 0.0001710436365605218,
    "ElementProperty_MagpieData_maximum_NdUnfilled": 0.0001657750603257019,
    "ElementProperty_MagpieData_mode_CovalentRadius": 0.00015502960916144332,
    "GeneralizedRDF_mean_Gaussian_center=3_0_width=1_0": 0.0001475639092801157,
    "ElementProperty_MagpieData_avg_dev_NpValence": 0.00014125049031889217,
    "AtomicOrbitals_HOMO_element": 0.00013469544476529046,
    "BondOrientationParameter_std_dev_BOOP_Q_l=6": 0.00012598773797065698,
    "ElementProperty_MagpieData_mean_Electronegativity": 0.00012419741017851294,
    "ElementProperty_MagpieData_avg_dev_NUnfilled": 0.00012285642093166636,
    "ChemicalOrdering_mean_ordering_parameter_shell_1": 0.00012264818029215243,
    "MEGNet_OFMEncoded_v1_122": 0.00011976227692886806,
    "ChemicalOrdering_mean_ordering_parameter_shell_2": 0.00011966475176834419,
    "ElementFraction_V": 0.00011539881899022101,
    "AGNIFingerPrint_mean_AGNI_eta=1_88e+00": 0.00011016587986062994,
    "BondOrientationParameter_mean_BOOP_Q_l=4": 0.00010795022694441688,
    "ElementProperty_MagpieData_avg_dev_Column": 0.00010548833286820322,
    "MEGNet_OFMEncoded_v1_125": 0.00010537060452348584,
    "MaximumPackingEfficiency_max_packing_efficiency": 0.00010129479164068471
}