{
    "ElementProperty_MagpieData_mean_MeltingT": 0.056589995061842154,
    "ElementProperty_MagpieData_mean_NUnfilled": 0.044367591212842596,
    "ElementProperty_MagpieData_mean_MendeleevNumber": 0.03098584513487705,
    "ElementProperty_MagpieData_maximum_MeltingT": 0.02455899435484014,
    "ElementProperty_MagpieData_range_MeltingT": 0.022643066983571297,
    "ElementProperty_MagpieData_mode_NUnfilled": 0.019907033167934556,
    "TMetalFraction_transition_metal_fraction": 0.019304899976502324,
    "ElementProperty_MagpieData_mode_MendeleevNumber": 0.0159132204036166,
    "OxidationStates_std_dev_oxidation_state": 0.01514356200226984,
    "ElementProperty_MagpieData_avg_dev_MeltingT": 0.014428614960346045,
    "ElementProperty_MagpieData_maximum_MendeleevNumber": 0.013778646395523758,
    "ElementProperty_MagpieData_mean_CovalentRadius": 0.012636363488276152,
    "DensityFeatures_packing_fraction": 0.011881282167080143,
    "OxidationStates_maximum_oxidation_state": 0.011806556688146853,
    "MEGNet_OFMEncoded_v1_115": 0.010423089649183731,
    "AGNIFingerPrint_mean_AGNI_eta=1_23e+00": 0.010219152975600979,
    "OxidationStates_range_oxidation_state": 0.010185859855373396,
    "MEGNet_OFMEncoded_v1_152": 0.009399185602261639,
    "MaximumPackingEfficiency_max_packing_efficiency": 0.008596192134650413,
    "YangSolidSolution_Yang_delta": 0.008478704230513834,
    "OPSiteFingerprint_std_dev_sgl_bd_CN_1": 0.00807055419804249,
    "LocalPropertyDifference_mean_local_difference_in_Electronegativity": 0.007924639573051144,
    "ElementProperty_MagpieData_mean_Column": 0.007831477370346798,
    "ElementProperty_MagpieData_range_MendeleevNumber": 0.00745520973096528,
    "ElementProperty_MagpieData_maximum_Number": 0.007166506038801098,
    "ElementProperty_MagpieData_avg_dev_NpUnfilled": 0.006994446667081431,
    "MEGNet_OFMEncoded_v1_87": 0.0062266542769757235,
    "ValenceOrbital_frac_p_valence_electrons": 0.006097598111726204,
    "GaussianSymmFunc_std_dev_G4_0_005_4_0_-1_0": 0.005769993300696385,
    "BondOrientationParameter_mean_BOOP_Q_l=4": 0.005764558433402958
}