{
    "ElementProperty_MagpieData_minimum_MendeleevNumber": 0.008508571869051296,
    "ElementProperty_MagpieData_mode_MendeleevNumber": 0.007557967537089825,
    "ElementFraction_Mg": 0.007498542366801903,
    "MEGNet_OFMEncoded_v1_68": 0.004752668448715114,
    "ElementProperty_MagpieData_minimum_Electronegativity": 0.004450086717112149,
    "ElementFraction_S": 0.0043057529924843034,
    "ElementFraction_Se": 0.0035240598489088967,
    "ElementFraction_K": 0.0032464577499019404,
    "ElementProperty_MagpieData_mean_Column": 0.002872909043342668,
    "ElementProperty_MagpieData_maximum_NValence": 0.0025841754089554092,
    "ElementProperty_MagpieData_mode_Number": 0.00255941913563984,
    "ElementProperty_MagpieData_mean_NsValence": 0.002435232789226548,
    "ElementFraction_P": 0.002328445029138589,
    "ElementFraction_Fe": 0.002277263242748077,
    "MEGNet_OFMEncoded_v1_18": 0.002224506950251268,
    "ElementProperty_MagpieData_maximum_GSbandgap": 0.0018245892949681755,
    "ElementProperty_MagpieData_mode_CovalentRadius": 0.0018166248873021287,
    "ElementProperty_MagpieData_mean_GSmagmom": 0.00178159677030731,
    "MEGNet_OFMEncoded_v1_122": 0.00175520598916253,
    "ElementProperty_MagpieData_avg_dev_MendeleevNumber": 0.0016766465156159208,
    "OxidationStates_std_dev_oxidation_state": 0.0016459598089493415,
    "ElementProperty_MagpieData_mean_NsUnfilled": 0.001626094628005033,
    "ElementProperty_MagpieData_minimum_NUnfilled": 0.001527168526237963,
    "ElementFraction_Na": 0.0015123923375194533,
    "ElementFraction_Rb": 0.0013907119617192535,
    "ElementFraction_O": 0.0012044727302798937,
    "ElementFraction_Cs": 0.001191393926976186,
    "ElementProperty_MagpieData_mode_NdValence": 0.001177406014564001,
    "ElementFraction_Cd": 0.0011730846947856082,
    "ElementProperty_MagpieData_minimum_Number": 0.0011706342003894809
}