{
    "GeneralizedRDF_mean_Gaussian_center=3_0_width=1_0": 0.0038443664599259165,
    "BandCenter_band_center": 0.001820704656535375,
    "GeneralizedRDF_mean_Gaussian_center=2_0_width=1_0": 0.0013760409597897583,
    "DensityFeatures_packing_fraction": 0.0006972858480413831,
    "ElementProperty_MagpieData_mean_Column": 0.0005279115400277182,
    "ElementProperty_MagpieData_mean_NUnfilled": 0.000406722687229442,
    "VoronoiFingerprint_mean_Voro_vol_maximum": 0.0003942274907274756,
    "ElementProperty_MagpieData_mean_Electronegativity": 0.00039311130491818697,
    "AGNIFingerPrint_mean_AGNI_eta=1_60e+01": 0.0003927610629089894,
    "GeneralizedRDF_mean_Gaussian_center=5_0_width=1_0": 0.00036297030939988094,
    "ElementProperty_MagpieData_avg_dev_NdValence": 0.0003564781184111765,
    "ElectronegativityDiff_minimum_EN_difference": 0.00034939790817693664,
    "BondOrientationParameter_mean_BOOP_Q_l=2": 0.00033534338616772187,
    "ElectronegativityDiff_mean_EN_difference": 0.0003082191961054229,
    "ElementProperty_MagpieData_mean_MendeleevNumber": 0.00029562846839447504,
    "VoronoiFingerprint_mean_Voro_dist_mean": 0.00027010514381053453,
    "OPSiteFingerprint_std_dev_tetrahedral_CN_4": 0.00023665586413070997,
    "TMetalFraction_transition_metal_fraction": 0.00022853191311112328,
    "GaussianSymmFunc_mean_G2_0_05": 0.00021101378889673306,
    "ElementProperty_MagpieData_avg_dev_NUnfilled": 0.00020543768330168083,
    "OPSiteFingerprint_mean_tetrahedral_CN_4": 0.00017379210465969566,
    "ElementProperty_MagpieData_range_NdValence": 0.00017351719401307501,
    "ElementProperty_MagpieData_avg_dev_MendeleevNumber": 0.0001685383994799297,
    "ElementProperty_MagpieData_maximum_CovalentRadius": 0.00015081677899080796,
    "ElementProperty_MagpieData_mode_MendeleevNumber": 0.00015037890089390573,
    "CrystalNNFingerprint_mean_tetrahedral_CN_4": 0.0001435971088825619,
    "ElementProperty_MagpieData_maximum_NUnfilled": 0.000140424488791646,
    "ElementProperty_MagpieData_mean_NpValence": 0.00013830923233481565,
    "MEGNet_OFMEncoded_v1_86": 0.0001379625420131887,
    "CrystalNNFingerprint_mean_wt_CN_2": 0.00013072695942009007
}