{
    "ElementProperty_MagpieData_maximum_NValence": 0.014098131393800168,
    "ElementFraction_Mg": 0.010814573874042476,
    "ElementProperty_MagpieData_mode_NValence": 0.010048917242738882,
    "ElementFraction_O": 0.009990872733193578,
    "ElementProperty_MagpieData_mode_GSbandgap": 0.00954399517383093,
    "ElementProperty_MagpieData_maximum_CovalentRadius": 0.008602805012949697,
    "ElementProperty_MagpieData_maximum_MendeleevNumber": 0.0074386577969828595,
    "ElementFraction_K": 0.007134120118991156,
    "AtomicPackingEfficiency_mean_abs_simul__packing_efficiency": 0.006965586919638175,
    "ElementFraction_Ga": 0.006423025686146938,
    "ElementProperty_MagpieData_avg_dev_NpUnfilled": 0.006369935144105874,
    "ElementProperty_MagpieData_mode_Column": 0.00549766182875995,
    "ElementProperty_MagpieData_minimum_Number": 0.005276203304998625,
    "AtomicPackingEfficiency_dist_from_1_clusters__APE____0_010": 0.00514598032977331,
    "MEGNet_OFMEncoded_v1_165": 0.00488155302772053,
    "ElementProperty_MagpieData_mode_GSvolume_pa": 0.004880503817553988,
    "ElementProperty_MagpieData_mode_Number": 0.004627945588791713,
    "ElementProperty_MagpieData_mean_NpUnfilled": 0.0044890086657980175,
    "ElementFraction_Al": 0.004306478838312195,
    "ElementProperty_MagpieData_mean_GSbandgap": 0.004262885203425587,
    "ElementFraction_Ge": 0.0036865116221716236,
    "ElementProperty_MagpieData_mode_CovalentRadius": 0.003611086477606775,
    "ElementFraction_Sr": 0.0034951012853114923,
    "MEGNet_OFMEncoded_v1_158": 0.003355973821234593,
    "ElementFraction_Rh": 0.0031349665196205674,
    "ElementFraction_Br": 0.0031269773662663185,
    "MEGNet_OFMEncoded_v1_122": 0.0029594858194707534,
    "ElementProperty_MagpieData_minimum_MeltingT": 0.0029328112216174566,
    "MEGNet_OFMEncoded_v1_24": 0.0028804974436566,
    "ElementFraction_As": 0.0028493702271261113
}