{
    "TMetalFraction_transition_metal_fraction": 0.00023598908949087603,
    "ElementProperty_MagpieData_mean_NdValence": 0.00021656334358143288,
    "DensityFeatures_density": 0.00021489968462787463,
    "ChemicalOrdering_mean_ordering_parameter_shell_2": 0.00019110816033591642,
    "Miedema_Miedema_deltaH_inter": 0.00016590135481532703,
    "CrystalNNFingerprint_mean_tetrahedral_CN_4": 0.00016340694566417267,
    "ElementProperty_MagpieData_minimum_Column": 0.00016035837496587049,
    "ElectronegativityDiff_minimum_EN_difference": 0.0001595836275565303,
    "AtomicOrbitals_HOMO_energy": 0.00012237944225485206,
    "BondOrientationParameter_mean_BOOP_Q_l=10": 0.00011160791184112808,
    "GeneralizedRDF_mean_Gaussian_center=0_0_width=1_0": 0.00010133832688502611,
    "ElementProperty_MagpieData_mean_MeltingT": 9.456812162897675e-05,
    "OPSiteFingerprint_std_dev_square_co-planar_CN_4": 8.833841464530291e-05,
    "ElementProperty_MagpieData_range_SpaceGroupNumber": 8.59018528085961e-05,
    "BondOrientationParameter_mean_BOOP_Q_l=2": 8.19426477132904e-05,
    "OPSiteFingerprint_std_dev_tetrahedral_CN_4": 7.52924136064667e-05,
    "OPSiteFingerprint_mean_L-shaped_CN_2": 6.611521503897073e-05,
    "AtomicOrbitals_gap_AO": 6.334035866519341e-05,
    "AGNIFingerPrint_mean_AGNI_eta=8_00e-01": 6.290200706980399e-05,
    "CrystalNNFingerprint_std_dev_tetrahedral_CN_4": 6.043183450234478e-05,
    "ChemicalOrdering_mean_ordering_parameter_shell_3": 5.807156155475654e-05,
    "StructuralHeterogeneity_min_relative_bond_length": 5.736100281793844e-05,
    "ElectronegativityDiff_maximum_EN_difference": 5.668194232995137e-05,
    "ElementProperty_MagpieData_mean_NpValence": 5.293357961050109e-05,
    "AtomicOrbitals_HOMO_element": 5.211191011588416e-05,
    "ElectronegativityDiff_mean_EN_difference": 5.182456074478592e-05,
    "ElementFraction_Yb": 4.8594243981564555e-05,
    "AverageBondLength_std_dev_Average_bond_length": 4.7660000008522596e-05,
    "CrystalNNFingerprint_mean_body-centered_cubic_CN_8": 4.300534760573651e-05,
    "ElementProperty_MagpieData_mode_MeltingT": 4.2969328247613994e-05
}