{
    "ElementFraction_O": 2.0666377065820147,
    "ElementProperty_MagpieData_mean_Electronegativity": 1.8142743166507689,
    "ElementProperty_MagpieData_mode_NUnfilled": 1.72864263557172,
    "ElementProperty_MagpieData_mean_SpaceGroupNumber": 1.728322750233457,
    "ElementProperty_MagpieData_mode_Column": 1.6487784986314131,
    "ElementProperty_MagpieData_minimum_NUnfilled": 1.2864632625196162,
    "ElementProperty_MagpieData_maximum_Number": 1.1937939130757511,
    "ElementProperty_MagpieData_mean_NUnfilled": 1.036953114977189,
    "DensityFeatures_density": 0.9293386115181723,
    "ElementProperty_MagpieData_maximum_Electronegativity": 0.8324966476950454,
    "ElementProperty_MagpieData_mean_GSbandgap": 0.8025533027377879,
    "ElementProperty_MagpieData_mean_NpUnfilled": 0.6670225568303915,
    "ElementFraction_Cr": 0.5448475372822557,
    "MEGNet_OFMEncoded_v1_104": 0.489070029785524,
    "ElementProperty_MagpieData_mean_Column": 0.4641385905289243,
    "ElementProperty_MagpieData_minimum_SpaceGroupNumber": 0.4629810317731514,
    "ElementProperty_MagpieData_mode_MendeleevNumber": 0.4607762384590722,
    "MEGNet_OFMEncoded_v1_126": 0.44296765017394824,
    "ElementProperty_MagpieData_mode_GSvolume_pa": 0.4368663768735613,
    "MEGNet_OFMEncoded_v1_149": 0.43238205425220777,
    "ElementProperty_MagpieData_maximum_NValence": 0.4109089710346619,
    "DensityFeatures_packing_fraction": 0.40279909126253777,
    "ElementProperty_MagpieData_mode_Number": 0.3862159149465259,
    "ElementProperty_MagpieData_maximum_MeltingT": 0.341034503284921,
    "MEGNet_OFMEncoded_v1_50": 0.3151053949523443,
    "ElementProperty_MagpieData_minimum_Electronegativity": 0.28944363682527924,
    "MEGNet_OFMEncoded_v1_129": 0.27192985089782673,
    "ElementFraction_K": 0.26736370706864304,
    "ElementProperty_MagpieData_minimum_Column": 0.26627499090410023,
    "ElementFraction_Yb": 0.2575881045260771
}