{
    "ElementProperty_MagpieData_mean_NpValence": 0.02467042949034537,
    "ElementProperty_MagpieData_mean_Column": 0.01891891971115705,
    "ElementProperty_MagpieData_mean_MendeleevNumber": 0.016748779209391912,
    "GeneralizedRDF_mean_Gaussian_center=3_0_width=1_0": 0.014292129420544872,
    "VoronoiFingerprint_mean_Voro_area_maximum": 0.012808626482514443,
    "ElementProperty_MagpieData_mode_MeltingT": 0.010272013613836388,
    "TMetalFraction_transition_metal_fraction": 0.010202073824910667,
    "AtomicOrbitals_HOMO_energy": 0.009311688645558971,
    "ElementProperty_MagpieData_mean_MeltingT": 0.00895559849060513,
    "OPSiteFingerprint_mean_octahedral_CN_6": 0.0070097190729334945,
    "ElementProperty_MagpieData_maximum_MendeleevNumber": 0.006908179612940593,
    "GeneralizedRDF_mean_Gaussian_center=2_0_width=1_0": 0.006664185918807933,
    "AGNIFingerPrint_std_dev_AGNI_eta=8_00e-01": 0.006658508112867569,
    "CrystalNNFingerprint_mean_q6_CN_12": 0.006576561858006085,
    "BondOrientationParameter_mean_BOOP_Q_l=6": 0.0062461849465364405,
    "IonProperty_avg_ionic_char": 0.006243740521248235,
    "ElementProperty_MagpieData_maximum_CovalentRadius": 0.006088167108244459,
    "CrystalNNFingerprint_mean_linear_CN_2": 0.006011127811264619,
    "ElementProperty_MagpieData_mode_MendeleevNumber": 0.005685828120343002,
    "ElementProperty_MagpieData_maximum_GSvolume_pa": 0.005642628025422302,
    "OPSiteFingerprint_mean_tetrahedral_CN_4": 0.005462497619959617,
    "AGNIFingerPrint_std_dev_AGNI_eta=1_88e+00": 0.005429493923253976,
    "CrystalNNFingerprint_mean_tetrahedral_CN_4": 0.005241713622169398,
    "OPSiteFingerprint_std_dev_tetrahedral_CN_4": 0.005129765998196549,
    "ElectronegativityDiff_maximum_EN_difference": 0.005067842199603721,
    "ElementProperty_MagpieData_maximum_MeltingT": 0.004721417398382005,
    "ElementProperty_MagpieData_maximum_NdUnfilled": 0.004705565883386061,
    "MEGNet_OFMEncoded_v1_93": 0.00467496980011011,
    "ElementProperty_MagpieData_mode_NdUnfilled": 0.004670244846917395,
    "ElementProperty_MagpieData_mean_NdUnfilled": 0.0045363207411295604
}