{
    "ElementProperty_MagpieData_maximum_MeltingT": 0.02954923165371772,
    "ElementProperty_MagpieData_avg_dev_NdUnfilled": 0.017948815436384984,
    "MEGNet_OFMEncoded_v1_24": 0.01703666652801291,
    "ElementProperty_MagpieData_avg_dev_MendeleevNumber": 0.014820309604172315,
    "ElementProperty_MagpieData_maximum_NUnfilled": 0.013866945533659785,
    "CoordinationNumber_std_dev_CN_VoronoiNN": 0.012874063798619753,
    "TMetalFraction_transition_metal_fraction": 0.01284291923360514,
    "ElementProperty_MagpieData_mean_Column": 0.01099186624876627,
    "LocalPropertyDifference_std_dev_local_difference_in_Electronegativity": 0.010787152991396574,
    "MEGNet_OFMEncoded_v1_7": 0.010655900094208035,
    "BondOrientationParameter_mean_BOOP_Q_l=2": 0.0104898995549134,
    "ElementProperty_MagpieData_range_MendeleevNumber": 0.010437878776072999,
    "ElementProperty_MagpieData_mean_NpUnfilled": 0.010425037692161156,
    "MEGNet_OFMEncoded_v1_147": 0.00957540552413612,
    "MEGNet_OFMEncoded_v1_96": 0.008461116376064991,
    "ElementProperty_MagpieData_mean_GSbandgap": 0.008427230248323392,
    "CrystalNNFingerprint_std_dev_wt_CN_4": 0.008417520342556523,
    "ElementProperty_MagpieData_avg_dev_GSvolume_pa": 0.008028993625914716,
    "ElectronegativityDiff_mean_EN_difference": 0.007642429152336695,
    "ElementFraction_Cu": 0.007510515480397559,
    "ElementProperty_MagpieData_mean_CovalentRadius": 0.007155479202837574,
    "AtomicOrbitals_gap_AO": 0.007027871332137395,
    "ElementProperty_MagpieData_avg_dev_Column": 0.0070097458612813045,
    "ElementProperty_MagpieData_range_Column": 0.006490334296408786,
    "ElementProperty_MagpieData_mean_GSmagmom": 0.006441781937896579,
    "BondFractions_Li_-_O_bond_frac_": 0.006352180361960721,
    "ElementProperty_MagpieData_mean_NpValence": 0.0061760545592834904,
    "ElementProperty_MagpieData_mean_MeltingT": 0.006105163887255115,
    "GeneralizedRDF_mean_Gaussian_center=5_0_width=1_0": 0.006056111483614327,
    "VoronoiFingerprint_mean_Voro_dist_std_dev": 0.005878836481330329
}