{
    "ElementProperty_MagpieData_mode_NpUnfilled": 0.020737013974326642,
    "ElementProperty_MagpieData_mode_GSvolume_pa": 0.018341745789748152,
    "ElementProperty_MagpieData_minimum_GSvolume_pa": 0.015662986926859412,
    "AtomicOrbitals_LUMO_element": 0.012835121170479871,
    "DensityFeatures_packing_fraction": 0.012590178992224992,
    "GeneralizedRDF_std_dev_Gaussian_center=1_0_width=1_0": 0.011484291190541241,
    "OxidationStates_std_dev_oxidation_state": 0.01127112648936268,
    "ElementProperty_MagpieData_mean_Column": 0.010557435368619587,
    "AGNIFingerPrint_mean_AGNI_eta=1_88e+00": 0.010488102164763273,
    "CrystalNNFingerprint_mean_q6_CN_12": 0.010172088116696872,
    "CrystalNNFingerprint_std_dev_square_co-planar_CN_4": 0.008759065902140447,
    "AGNIFingerPrint_std_dev_AGNI_eta=1_23e+00": 0.008655561822794653,
    "TMetalFraction_transition_metal_fraction": 0.008589566128067059,
    "CrystalNNFingerprint_mean_wt_CN_12": 0.008343490070957013,
    "MEGNet_OFMEncoded_v1_131": 0.008317106443227426,
    "MEGNet_OFMEncoded_v1_165": 0.008244008264141347,
    "ElementProperty_MagpieData_avg_dev_GSbandgap": 0.00817937685830743,
    "ElementProperty_MagpieData_mean_NpValence": 0.008068101084806505,
    "GaussianSymmFunc_mean_G2_20_0": 0.0078908446748865,
    "ElementProperty_MagpieData_mean_MendeleevNumber": 0.007807706724496051,
    "GeneralizedRDF_mean_Gaussian_center=1_0_width=1_0": 0.007751687032447191,
    "ElementProperty_MagpieData_mode_NUnfilled": 0.007731860765956288,
    "BondOrientationParameter_mean_BOOP_Q_l=1": 0.007535523237269666,
    "StructuralHeterogeneity_min_relative_bond_length": 0.0074915706229516125,
    "MEGNet_OFMEncoded_v1_147": 0.0072429696337478824,
    "ElementProperty_MagpieData_range_CovalentRadius": 0.007153291519301146,
    "ElementFraction_F": 0.007066964855981238,
    "ElementProperty_MagpieData_mean_NUnfilled": 0.006813950055709919,
    "MEGNet_OFMEncoded_v1_71": 0.006720869378926884,
    "GeneralizedRDF_mean_Gaussian_center=4_0_width=1_0": 0.0065794709544353515
}