{
    "ElementProperty_MagpieData_mean_NdUnfilled": 0.049273403054075106,
    "ElementProperty_MagpieData_mean_MeltingT": 0.03542659223963006,
    "BondOrientationParameter_mean_BOOP_Q_l=3": 0.03380906062744591,
    "ElementProperty_MagpieData_mean_MendeleevNumber": 0.029310162158391887,
    "TMetalFraction_transition_metal_fraction": 0.017403242421934074,
    "ElementProperty_MagpieData_mean_NUnfilled": 0.017071939278997895,
    "ElementProperty_MagpieData_avg_dev_Column": 0.016461516538073716,
    "OPSiteFingerprint_mean_tetrahedral_CN_4": 0.014078555969627203,
    "MEGNet_OFMEncoded_v1_97": 0.013922316677855658,
    "ElectronegativityDiff_maximum_EN_difference": 0.01315980059714,
    "CrystalNNFingerprint_mean_octahedral_CN_6": 0.013086965306070229,
    "GeneralizedRDF_mean_Gaussian_center=1_0_width=1_0": 0.010673003531479867,
    "OPSiteFingerprint_mean_linear_CN_2": 0.010613363685230602,
    "ElementProperty_MagpieData_minimum_GSvolume_pa": 0.01041761763315413,
    "ElectronegativityDiff_minimum_EN_difference": 0.010163124500646074,
    "ElementFraction_Mn": 0.010111262260527039,
    "ElementProperty_MagpieData_avg_dev_MendeleevNumber": 0.008579071303446059,
    "CrystalNNFingerprint_mean_tetrahedral_CN_4": 0.008334934677503568,
    "ElementProperty_MagpieData_mode_MeltingT": 0.008271869291195291,
    "ElementProperty_MagpieData_maximum_Electronegativity": 0.007913832484212489,
    "OPSiteFingerprint_mean_trigonal_non-coplanar_CN_3": 0.00762872975067555,
    "ElementProperty_MagpieData_mean_Column": 0.007557289092251254,
    "DensityFeatures_density": 0.007546698822660208,
    "StructuralHeterogeneity_mean_absolute_deviation_in_relative_cell_size": 0.007017650947491039,
    "MEGNet_OFMEncoded_v1_18": 0.006791149261665093,
    "ElementProperty_MagpieData_minimum_MendeleevNumber": 0.0067658836748089035,
    "ElementProperty_MagpieData_maximum_NUnfilled": 0.006727289878932015,
    "ElementProperty_MagpieData_maximum_NdUnfilled": 0.006654240909952068,
    "BondFractions_Cu_-_O_bond_frac_": 0.006649785122730771,
    "ValenceOrbital_frac_p_valence_electrons": 0.006624618063440565
}