{
    "ValenceOrbital_frac_p_valence_electrons": 0.010185845328467202,
    "ElementProperty_MagpieData_mean_NpValence": 0.006404107442689822,
    "TMetalFraction_transition_metal_fraction": 0.003267534264645316,
    "BondOrientationParameter_mean_BOOP_Q_l=2": 0.0022804169815099588,
    "MEGNet_OFMEncoded_v1_118": 0.0020766888667810373,
    "GeneralizedRDF_mean_Gaussian_center=1_0_width=1_0": 0.0017619926872024822,
    "OPSiteFingerprint_mean_linear_CN_2": 0.0017310356365487524,
    "AtomicOrbitals_HOMO_energy": 0.0016874954692812922,
    "ElementProperty_MagpieData_range_Column": 0.0016443024190253893,
    "CrystalNNFingerprint_mean_q6_CN_12": 0.0016137491882880434,
    "GeneralizedRDF_mean_Gaussian_center=2_0_width=1_0": 0.0014606416602055503,
    "BandCenter_band_center": 0.0014433144143160069,
    "BondOrientationParameter_mean_BOOP_Q_l=3": 0.001409247234697568,
    "ElementProperty_MagpieData_minimum_CovalentRadius": 0.0013883982390308657,
    "AtomicOrbitals_HOMO_element": 0.0012715401259265112,
    "ElementProperty_MagpieData_maximum_NdValence": 0.0012505528813662888,
    "AGNIFingerPrint_std_dev_AGNI_dir=z_eta=1_23e+00": 0.0012035662667977836,
    "AGNIFingerPrint_mean_AGNI_eta=8_00e-01": 0.001180312496812053,
    "ElementProperty_MagpieData_maximum_Number": 0.0011342356780618308,
    "ElectronegativityDiff_minimum_EN_difference": 0.0010287032086672347,
    "CrystalNNFingerprint_std_dev_tetrahedral_CN_4": 0.0010214307324527797,
    "ElementProperty_MagpieData_avg_dev_Column": 0.0010159025145241548,
    "OxidationStates_std_dev_oxidation_state": 0.0010024727783971422,
    "MEGNet_OFMEncoded_v1_67": 0.0009094829658845283,
    "ElementProperty_MagpieData_mean_NUnfilled": 0.0008922656593649653,
    "OPSiteFingerprint_mean_body-centered_cubic_CN_8": 0.0008780828528014948,
    "GeneralizedRDF_mean_Gaussian_center=0_0_width=1_0": 0.0008766567179891954,
    "AGNIFingerPrint_std_dev_AGNI_dir=z_eta=1_88e+00": 0.0008703266073567727,
    "OPSiteFingerprint_std_dev_square_co-planar_CN_4": 0.0008688198957198654,
    "ElementProperty_MagpieData_mean_Column": 0.0008132750039187714
}