{
    "ElementProperty_MagpieData_avg_dev_Column": 0.040988357165441,
    "ElementProperty_MagpieData_maximum_MeltingT": 0.033591969168410125,
    "CrystalNNFingerprint_mean_q6_CN_12": 0.02374824298579992,
    "ElementProperty_MagpieData_mean_NUnfilled": 0.02275175678844596,
    "BandCenter_band_center": 0.02244785714751175,
    "MEGNet_OFMEncoded_v1_165": 0.01825974154110563,
    "MEGNet_OFMEncoded_v1_19": 0.015170145222574276,
    "ElementProperty_MagpieData_range_Column": 0.014753314767877421,
    "DensityFeatures_packing_fraction": 0.01425519348400717,
    "OxidationStates_range_oxidation_state": 0.014228783665348018,
    "TMetalFraction_transition_metal_fraction": 0.013305928118555509,
    "ElectronegativityDiff_minimum_EN_difference": 0.012225336884848921,
    "MaximumPackingEfficiency_max_packing_efficiency": 0.011257445409076913,
    "AGNIFingerPrint_std_dev_AGNI_eta=4_43e+00": 0.01045056050008174,
    "ElementProperty_MagpieData_maximum_NpUnfilled": 0.010216996678643694,
    "BondOrientationParameter_mean_BOOP_Q_l=4": 0.009854812206431434,
    "ElementProperty_MagpieData_maximum_MendeleevNumber": 0.009651113526223696,
    "MEGNet_OFMEncoded_v1_62": 0.009563065063326125,
    "ElementProperty_MagpieData_minimum_GSvolume_pa": 0.009550888199304206,
    "MEGNet_OFMEncoded_v1_110": 0.009538780186122716,
    "MEGNet_OFMEncoded_v1_68": 0.00950644733201628,
    "ElementProperty_MagpieData_avg_dev_NpUnfilled": 0.008529216491213408,
    "ElementProperty_MagpieData_mode_GSvolume_pa": 0.008253946413755674,
    "ElementProperty_MagpieData_avg_dev_NpValence": 0.008072683286921208,
    "CrystalNNFingerprint_std_dev_q4_CN_11": 0.007621234588465753,
    "ElectronegativityDiff_std_dev_EN_difference": 0.007603866067034459,
    "GlobalSymmetryFeatures_spacegroup_num": 0.0073317383983934,
    "MEGNet_OFMEncoded_v1_102": 0.006875106415225356,
    "ElementProperty_MagpieData_mean_Electronegativity": 0.006868289323184208,
    "MEGNet_OFMEncoded_v1_58": 0.0065260265332759025
}