{
    "DensityFeatures_density": 9.073121746891307e-05,
    "ElementProperty_MagpieData_mean_NdValence": 4.9747720630163286e-05,
    "ElementProperty_MagpieData_range_MeltingT": 3.3960353507747455e-05,
    "CrystalNNFingerprint_mean_tetrahedral_CN_4": 2.7385131406327405e-05,
    "OPSiteFingerprint_mean_body-centered_cubic_CN_8": 2.1855839432471023e-05,
    "ElementProperty_MagpieData_avg_dev_Column": 1.9838448128441024e-05,
    "OPSiteFingerprint_std_dev_square_co-planar_CN_4": 1.8918149073493364e-05,
    "AGNIFingerPrint_std_dev_AGNI_dir=y_eta=8_00e-01": 1.8433084771022204e-05,
    "OPSiteFingerprint_mean_linear_CN_2": 1.824259219690835e-05,
    "BondOrientationParameter_mean_BOOP_Q_l=6": 1.8195701293098877e-05,
    "ChemicalOrdering_mean_ordering_parameter_shell_2": 1.79440262756714e-05,
    "ValenceOrbital_frac_p_valence_electrons": 1.7823684963020563e-05,
    "AGNIFingerPrint_mean_AGNI_eta=8_00e-01": 1.760640292346544e-05,
    "AtomicOrbitals_HOMO_energy": 1.7422464220920422e-05,
    "GeneralizedRDF_mean_Gaussian_center=3_0_width=1_0": 1.721012685254113e-05,
    "BondOrientationParameter_mean_BOOP_Q_l=3": 1.6378546059164206e-05,
    "OPSiteFingerprint_mean_q6_CN_12": 1.6307636153023523e-05,
    "GeneralizedRDF_mean_Gaussian_center=9_0_width=1_0": 1.558051942225145e-05,
    "RadialDistributionFunction_radial_distribution_function_d_1_90": 1.5536470123793032e-05,
    "CrystalNNFingerprint_mean_wt_CN_14": 1.5232942772180491e-05,
    "ElementProperty_MagpieData_mean_NUnfilled": 1.5093602409678521e-05,
    "Miedema_Miedema_deltaH_inter": 1.4205849592663e-05,
    "ElementProperty_MagpieData_minimum_Electronegativity": 1.4141941118401074e-05,
    "BondFractions_Fe_-_Fe_bond_frac_": 1.308645666302211e-05,
    "ElementProperty_MagpieData_mean_MendeleevNumber": 1.2710009360436966e-05,
    "VoronoiFingerprint_mean_Voro_area_maximum": 1.2250904881695308e-05,
    "ElementProperty_MagpieData_mean_Column": 1.2027060664614017e-05,
    "BondOrientationParameter_mean_BOOP_Q_l=8": 1.169818377547993e-05,
    "CrystalNNFingerprint_mean_octahedral_CN_6": 1.1210306579371576e-05,
    "CrystalNNFingerprint_mean_rectangular_see-saw-like_CN_4": 1.086125586151116e-05
}