{
    "ElementProperty_MagpieData_avg_dev_MendeleevNumber": 0.3473191288507663,
    "TMetalFraction_transition_metal_fraction": 0.3470418272661299,
    "ElementProperty_MagpieData_avg_dev_CovalentRadius": 0.18319075432494775,
    "ElementProperty_MagpieData_mean_GSmagmom": 0.1582785457118312,
    "DensityFeatures_packing_fraction": 0.13940142610188913,
    "ElementProperty_MagpieData_avg_dev_Column": 0.12396587612059014,
    "BandCenter_band_center": 0.11837025196300491,
    "ElementProperty_MagpieData_minimum_Column": 0.1121825806438521,
    "ElementProperty_MagpieData_maximum_CovalentRadius": 0.08133173770342554,
    "ElementProperty_MagpieData_maximum_NdValence": 0.0773319737918314,
    "ElementFraction_Mn": 0.06552706960601128,
    "ElementProperty_MagpieData_mean_NdValence": 0.06529762003799444,
    "ElementProperty_MagpieData_avg_dev_GSmagmom": 0.06386961177242093,
    "ElementFraction_V": 0.06096097570239389,
    "ElementProperty_MagpieData_mean_Column": 0.05994171748178992,
    "ElementProperty_MagpieData_mean_NsValence": 0.05932564160642568,
    "ElementProperty_MagpieData_avg_dev_NUnfilled": 0.05779613325505047,
    "ElementProperty_MagpieData_mean_MendeleevNumber": 0.05063367129987529,
    "ElementProperty_MagpieData_mode_MendeleevNumber": 0.05057650228493927,
    "ElementProperty_MagpieData_mean_GSvolume_pa": 0.04943510304049915,
    "ElementProperty_MagpieData_avg_dev_NpUnfilled": 0.04859919812360834,
    "ElementProperty_MagpieData_minimum_MendeleevNumber": 0.0464849379793983,
    "DensityFeatures_density": 0.0446434594018383,
    "ElementProperty_MagpieData_mean_Electronegativity": 0.04388534191432249,
    "ValenceOrbital_frac_d_valence_electrons": 0.039998026256048015,
    "ElementFraction_Fe": 0.039148375704634135,
    "ElementProperty_MagpieData_maximum_Number": 0.037306383985781295,
    "AtomicOrbitals_LUMO_energy": 0.036972503721696276,
    "ElementProperty_MagpieData_minimum_Electronegativity": 0.03644117827195224,
    "ElementProperty_MagpieData_mode_NUnfilled": 0.03573201881413854
}