{
    "BondFractions_Mn_-_O_bond_frac_": 0.014256901172739998,
    "BondOrientationParameter_mean_BOOP_Q_l=10": 0.012773605661637474,
    "ElectronegativityDiff_minimum_EN_difference": 0.012059977446515859,
    "Stoichiometry_2-norm": 0.011948620219696393,
    "ElectronegativityDiff_maximum_EN_difference": 0.011111414211937816,
    "ElementProperty_MagpieData_mean_Column": 0.01063187834101275,
    "OxidationStates_maximum_oxidation_state": 0.010437827443186732,
    "ElectronegativityDiff_range_EN_difference": 0.010390672899010944,
    "OxidationStates_minimum_oxidation_state": 0.010142318836904496,
    "ElementProperty_MagpieData_avg_dev_NpUnfilled": 0.009953481749211497,
    "BondOrientationParameter_mean_BOOP_Q_l=7": 0.009650896170739158,
    "ElementProperty_MagpieData_range_CovalentRadius": 0.0095953667424904,
    "CrystalNNFingerprint_mean_wt_CN_14": 0.00947360961496076,
    "MEGNet_OFMEncoded_v1_47": 0.008860744100255679,
    "ElementProperty_MagpieData_mean_MendeleevNumber": 0.008733499772583324,
    "MEGNet_OFMEncoded_v1_147": 0.008201132780348406,
    "ElementProperty_MagpieData_mean_MeltingT": 0.008185772930314455,
    "ElementProperty_MagpieData_mean_NpUnfilled": 0.007147253590688781,
    "MEGNet_OFMEncoded_v1_55": 0.006937917338587126,
    "BandCenter_band_center": 0.00670573095298344,
    "ElementProperty_MagpieData_minimum_Electronegativity": 0.00649108084147264,
    "CrystalNNFingerprint_mean_wt_CN_6": 0.006467204821590524,
    "GeneralizedRDF_std_dev_Gaussian_center=5_0_width=1_0": 0.006034849414288746,
    "MEGNet_OFMEncoded_v1_72": 0.006001169652345027,
    "ElementProperty_MagpieData_maximum_NdValence": 0.005981963313224783,
    "VoronoiFingerprint_std_dev_Voro_dist_minimum": 0.005873622679419654,
    "MEGNet_OFMEncoded_v1_134": 0.005856031856602049,
    "ElementProperty_MagpieData_mean_GSvolume_pa": 0.005702461135568944,
    "ElementFraction_Cu": 0.005645272822743793,
    "ElementProperty_MagpieData_maximum_CovalentRadius": 0.00558864197162969
}