{
    "ElementProperty_MagpieData_avg_dev_Column": 0.031072220821662683,
    "AverageBondLength_std_dev_Average_bond_length": 0.02913690322176226,
    "ElementProperty_MagpieData_avg_dev_GSmagmom": 0.027688317072288002,
    "ElectronegativityDiff_minimum_EN_difference": 0.02431516026451796,
    "MaximumPackingEfficiency_max_packing_efficiency": 0.01635653093336257,
    "TMetalFraction_transition_metal_fraction": 0.014576558426630836,
    "BondOrientationParameter_std_dev_BOOP_Q_l=2": 0.01265870953662933,
    "ElementProperty_MagpieData_range_MeltingT": 0.011453500156830144,
    "ValenceOrbital_frac_p_valence_electrons": 0.011059153426369192,
    "ElementProperty_MagpieData_mean_NdValence": 0.010787187886504965,
    "BondOrientationParameter_mean_BOOP_Q_l=7": 0.009875374378252456,
    "ElementProperty_MagpieData_maximum_MeltingT": 0.009740500690112067,
    "GeneralizedRDF_std_dev_Gaussian_center=0_0_width=1_0": 0.009556540651583288,
    "StructuralHeterogeneity_min_relative_bond_length": 0.009508481802025293,
    "CrystalNNFingerprint_mean_hexagonal_planar_CN_6": 0.00946514148153738,
    "ElementProperty_MagpieData_avg_dev_NpUnfilled": 0.008754980692753446,
    "OPSiteFingerprint_mean_octahedral_CN_6": 0.008327989752635403,
    "ElementProperty_MagpieData_avg_dev_MeltingT": 0.007926738520159458,
    "ElementFraction_Cu": 0.0075335743965364,
    "AtomicOrbitals_LUMO_energy": 0.007276686946420747,
    "ElementProperty_MagpieData_mean_Column": 0.0070077107123588354,
    "ElementProperty_MagpieData_mode_Number": 0.00674627284033883,
    "YangSolidSolution_Yang_delta": 0.006703371206604227,
    "VoronoiFingerprint_mean_Voro_dist_minimum": 0.006369843826058562,
    "BondOrientationParameter_mean_BOOP_Q_l=3": 0.006278459204481616,
    "ElementProperty_MagpieData_mean_MendeleevNumber": 0.00621061987934109,
    "AGNIFingerPrint_mean_AGNI_eta=8_00e-01": 0.0061973379212503345,
    "CrystalNNFingerprint_mean_q4_CN_12": 0.006142068582672558,
    "MEGNet_OFMEncoded_v1_180": 0.006086923034983242,
    "CoordinationNumber_std_dev_CN_VoronoiNN": 0.0059624678208033705
}