{
    "ElementProperty_MagpieData_minimum_Column": 0.0168346116036571,
    "ElementProperty_MagpieData_mode_NUnfilled": 0.014963398136072037,
    "BondOrientationParameter_mean_BOOP_Q_l=7": 0.013784727848233314,
    "AGNIFingerPrint_std_dev_AGNI_eta=8_00e-01": 0.011164958698688613,
    "BondOrientationParameter_mean_BOOP_Q_l=3": 0.009913623025350598,
    "ElementFraction_O": 0.008732982441400323,
    "CrystalNNFingerprint_mean_trigonal_planar_CN_3": 0.00806555300602199,
    "DensityFeatures_density": 0.007145357838684565,
    "ElementProperty_MagpieData_mean_NdUnfilled": 0.007130173642312919,
    "OxidationStates_std_dev_oxidation_state": 0.006759985095783446,
    "AtomicOrbitals_HOMO_energy": 0.006714633235428007,
    "OPSiteFingerprint_mean_sgl_bd_CN_1": 0.006593174323295455,
    "ElementProperty_MagpieData_mode_MeltingT": 0.006570879778117172,
    "VoronoiFingerprint_mean_Voro_area_maximum": 0.006376018199791866,
    "AGNIFingerPrint_std_dev_AGNI_eta=1_04e+01": 0.006228963478777008,
    "ElementProperty_MagpieData_mean_MeltingT": 0.0050092629584543745,
    "StructuralHeterogeneity_mean_absolute_deviation_in_relative_bond_length": 0.0049108003564679635,
    "ElementProperty_MagpieData_maximum_MeltingT": 0.0048686533151758625,
    "ElementProperty_MagpieData_maximum_MendeleevNumber": 0.004692169783284725,
    "ElementProperty_MagpieData_mean_NsValence": 0.004481492102555195,
    "MEGNet_OFMEncoded_v1_164": 0.004252220324752473,
    "TMetalFraction_transition_metal_fraction": 0.004161305651218266,
    "CrystalNNFingerprint_mean_wt_CN_1": 0.0041578419322176804,
    "ElementFraction_Yb": 0.004142887856502016,
    "MEGNet_OFMEncoded_v1_87": 0.004081611984398922,
    "CrystalNNFingerprint_mean_body-centered_cubic_CN_8": 0.004062352084572191,
    "ElementProperty_MagpieData_avg_dev_CovalentRadius": 0.004037426773083104,
    "ElementProperty_MagpieData_mean_NpUnfilled": 0.004012481540088102,
    "ElementProperty_MagpieData_minimum_CovalentRadius": 0.003987056630909889,
    "ElementProperty_MagpieData_mean_NpValence": 0.003943452809821012
}