{
    "ElementFraction_F": 0.00023161642621954883,
    "ElementFraction_Ca": 0.00021931246489083225,
    "ElementProperty_MagpieData_mode_GSvolume_pa": 0.0001750800502978755,
    "AGNIFingerPrint_mean_AGNI_eta=8_00e-01": 0.00016947311504037743,
    "ElementFraction_Yb": 0.00014573929180437408,
    "ElementProperty_MagpieData_maximum_GSbandgap": 0.00014421670193423132,
    "ElementFraction_In": 0.0001213175138838182,
    "ElementProperty_MagpieData_maximum_CovalentRadius": 0.00011986168476763696,
    "ElementFraction_Au": 0.00011793067485915714,
    "ElementProperty_MagpieData_maximum_SpaceGroupNumber": 0.00011739195745882766,
    "ElementProperty_MagpieData_maximum_NpUnfilled": 0.00011717059813995368,
    "ElementProperty_MagpieData_mode_GSbandgap": 0.00011384295948231153,
    "MEGNet_OFMEncoded_v1_132": 0.00010402478642016074,
    "ElementFraction_Ni": 9.433277823703809e-05,
    "ElementFraction_K": 9.223314579801462e-05,
    "ElementFraction_Se": 8.883507890555752e-05,
    "MEGNet_OFMEncoded_v1_93": 8.774812236607974e-05,
    "MEGNet_OFMEncoded_v1_5": 8.749233687153546e-05,
    "ElementFraction_Y": 8.350637603950137e-05,
    "TMetalFraction_transition_metal_fraction": 7.827560791008285e-05,
    "ElementProperty_MagpieData_avg_dev_NpValence": 7.644581663499856e-05,
    "ElementFraction_Mg": 7.202770447749073e-05,
    "ElementProperty_MagpieData_mean_GSvolume_pa": 6.994656377897108e-05,
    "ElementProperty_MagpieData_mode_Number": 6.837263254547912e-05,
    "AtomicOrbitals_HOMO_element": 6.781313564798679e-05,
    "ElementProperty_MagpieData_mean_GSmagmom": 6.641947537119911e-05,
    "ElementFraction_S": 6.212180953602819e-05,
    "ElementFraction_Pd": 5.9523544386001785e-05,
    "ElementProperty_MagpieData_minimum_CovalentRadius": 5.354375333296227e-05,
    "ElementProperty_MagpieData_minimum_MendeleevNumber": 5.305418172737867e-05
}