{
    "ElementProperty_MagpieData_avg_dev_NpUnfilled": 0.05675848681620008,
    "TMetalFraction_transition_metal_fraction": 0.034047098763344996,
    "ElementProperty_MagpieData_mean_NpValence": 0.026216618028801243,
    "ElementProperty_MagpieData_avg_dev_Electronegativity": 0.02271023992541582,
    "OPSiteFingerprint_std_dev_tetrahedral_CN_4": 0.019856856576370815,
    "ElementProperty_MagpieData_mean_Electronegativity": 0.018451400475312445,
    "AtomicOrbitals_HOMO_element": 0.01792598157690776,
    "Miedema_Miedema_deltaH_inter": 0.017000841987060675,
    "ElementProperty_MagpieData_avg_dev_MeltingT": 0.016416138210715303,
    "AtomicOrbitals_HOMO_energy": 0.014451139033516977,
    "ElectronegativityDiff_minimum_EN_difference": 0.013961146992949754,
    "AverageBondLength_std_dev_Average_bond_length": 0.013788369453819064,
    "BondFractions_O_-_P_bond_frac_": 0.01321016979540335,
    "Stoichiometry_3-norm": 0.012970537001483776,
    "AGNIFingerPrint_std_dev_AGNI_eta=8_00e-01": 0.012245839499408953,
    "ElementProperty_MagpieData_mean_MendeleevNumber": 0.011889478766753296,
    "ElementProperty_MagpieData_avg_dev_CovalentRadius": 0.011551638809886692,
    "DensityFeatures_packing_fraction": 0.010673492785052415,
    "CrystalNNFingerprint_mean_body-centered_cubic_CN_8": 0.01005461159129883,
    "MEGNet_OFMEncoded_v1_19": 0.0097212418843691,
    "ElementProperty_MagpieData_minimum_MendeleevNumber": 0.009480286795676484,
    "CrystalNNFingerprint_std_dev_wt_CN_6": 0.009329737627267723,
    "MEGNet_OFMEncoded_v1_115": 0.009033882244212614,
    "ElementProperty_MagpieData_mean_Column": 0.008913211016494553,
    "ElementProperty_MagpieData_maximum_MeltingT": 0.008877113293162882,
    "ElementProperty_MagpieData_maximum_MendeleevNumber": 0.008587743608155791,
    "ElementProperty_MagpieData_mode_MeltingT": 0.008520099131542643,
    "ElementFraction_Mg": 0.008439587938141953,
    "YangSolidSolution_Yang_omega": 0.008269262858366133,
    "GeneralizedRDF_mean_Gaussian_center=6_0_width=1_0": 0.00818232691552098
}