{
    "OxidationStates_minimum_oxidation_state": 0.022714254132080027,
    "GeneralizedRDF_mean_Gaussian_center=5_0_width=1_0": 0.018331737327993345,
    "IonProperty_avg_ionic_char": 0.018300743377153303,
    "ElectronegativityDiff_maximum_EN_difference": 0.01632069147125771,
    "OxidationStates_maximum_oxidation_state": 0.014489196775714664,
    "ElementProperty_MagpieData_maximum_MendeleevNumber": 0.013185202088113947,
    "ElementProperty_MagpieData_mean_MendeleevNumber": 0.012965903536413937,
    "ElementProperty_MagpieData_mode_NdUnfilled": 0.012625795884356071,
    "IonProperty_max_ionic_char": 0.011997843184592454,
    "AtomicOrbitals_HOMO_energy": 0.011362862005616684,
    "YangSolidSolution_Yang_omega": 0.010120529248776402,
    "ElementProperty_MagpieData_minimum_GSvolume_pa": 0.009177699663996685,
    "AtomicOrbitals_gap_AO": 0.008735990169760701,
    "CrystalNNFingerprint_std_dev_square_co-planar_CN_4": 0.008425700739113346,
    "ElectronegativityDiff_minimum_EN_difference": 0.008423693342094082,
    "OPSiteFingerprint_std_dev_tetrahedral_CN_4": 0.00821540296395519,
    "ElementProperty_MagpieData_mean_NpValence": 0.008066738951044325,
    "ElementProperty_MagpieData_mean_NUnfilled": 0.007970531517016342,
    "VoronoiFingerprint_mean_Voro_vol_maximum": 0.007909135299929197,
    "MEGNet_OFMEncoded_v1_116": 0.007766354944728774,
    "RadialDistributionFunction_radial_distribution_function_d_1_90": 0.007673602745168071,
    "GeneralizedRDF_mean_Gaussian_center=3_0_width=1_0": 0.007352967656627105,
    "AtomicOrbitals_LUMO_energy": 0.0068702166184888116,
    "MEGNet_OFMEncoded_v1_91": 0.006772796748750103,
    "ElectronegativityDiff_mean_EN_difference": 0.006751532907751386,
    "ChemicalOrdering_mean_ordering_parameter_shell_2": 0.0062964310925980645,
    "CoulombMatrix_coulomb_matrix_eig_7": 0.00626521957825917,
    "ElementProperty_MagpieData_mode_NUnfilled": 0.006255618689547242,
    "MEGNet_OFMEncoded_v1_149": 0.006212483042443914,
    "TMetalFraction_transition_metal_fraction": 0.006163793128072488
}