{
    "ElementProperty_MagpieData_maximum_CovalentRadius": 0.0006422182440759666,
    "ElementProperty_MagpieData_mean_GSbandgap": 0.0005254031970253286,
    "ElementFraction_O": 0.0005038655509048396,
    "ElementProperty_MagpieData_mean_Column": 0.00042164351635058835,
    "ElementProperty_MagpieData_maximum_SpaceGroupNumber": 0.0003742745626904621,
    "ElementProperty_MagpieData_maximum_Column": 0.0003667092555947154,
    "ElementFraction_Ca": 0.0003309585249786429,
    "ElementProperty_MagpieData_mode_GSvolume_pa": 0.0003241964654267796,
    "ElementProperty_MagpieData_mode_GSbandgap": 0.000292676672467009,
    "ValenceOrbital_frac_p_valence_electrons": 0.00028075306237205654,
    "ElementFraction_In": 0.00025267633615997867,
    "ElementFraction_Au": 0.0002471058449787104,
    "AGNIFingerPrint_mean_AGNI_eta=8_00e-01": 0.00021878249290524062,
    "ElementFraction_Yb": 0.00021445995634493018,
    "ElementProperty_MagpieData_mean_CovalentRadius": 0.0001988130386653362,
    "ElementProperty_MagpieData_maximum_Electronegativity": 0.00019848157815073757,
    "ElementProperty_MagpieData_mean_NpValence": 0.00018549148298024695,
    "ElementFraction_Y": 0.00018181403268885128,
    "ElementFraction_S": 0.0001480293512521922,
    "ElementProperty_MagpieData_mode_MeltingT": 0.00014686625203164558,
    "ElementProperty_MagpieData_avg_dev_CovalentRadius": 0.00013923629567228282,
    "GeneralizedRDF_mean_Gaussian_center=0_0_width=1_0": 0.00012641611342754068,
    "ElementFraction_Pd": 0.00012114019645351377,
    "ElementFraction_H": 0.00012049253259729053,
    "ElementProperty_MagpieData_mode_CovalentRadius": 0.00011615815354118693,
    "ElementProperty_MagpieData_maximum_Number": 0.00011493430410468827,
    "ElementFraction_K": 0.00011426857732249978,
    "ElementProperty_MagpieData_mean_GSmagmom": 0.00011378617241281383,
    "ValenceOrbital_frac_f_valence_electrons": 0.00011369307421165697,
    "ElementProperty_MagpieData_mean_GSvolume_pa": 0.00011101122488346933
}