{
    "AverageBondLength_std_dev_Average_bond_length": 0.015608938848451989,
    "ElementProperty_MagpieData_mode_NdValence": 0.015557529857573183,
    "OPSiteFingerprint_mean_linear_CN_2": 0.015458027598378447,
    "MEGNet_OFMEncoded_v1_115": 0.011934092591701655,
    "MaximumPackingEfficiency_max_packing_efficiency": 0.010426049448701064,
    "BondOrientationParameter_mean_BOOP_Q_l=1": 0.009546287866648216,
    "ElementProperty_MagpieData_range_MeltingT": 0.00852298415641738,
    "AtomicOrbitals_HOMO_energy": 0.008190908642771775,
    "ElementProperty_MagpieData_maximum_NUnfilled": 0.008048052373841891,
    "ElementProperty_MagpieData_maximum_Number": 0.0075346579366396575,
    "MEGNet_OFMEncoded_v1_58": 0.007329371017823259,
    "ElementProperty_MagpieData_mean_MendeleevNumber": 0.007306435380310032,
    "ElementProperty_MagpieData_avg_dev_CovalentRadius": 0.0071806697432023866,
    "ElectronegativityDiff_minimum_EN_difference": 0.006924462145476685,
    "MEGNet_OFMEncoded_v1_102": 0.006892637439123749,
    "ElementProperty_MagpieData_mode_Electronegativity": 0.006855127090087677,
    "StructuralHeterogeneity_min_relative_bond_length": 0.0067393318553868545,
    "AtomicOrbitals_gap_AO": 0.006604301132066698,
    "ValenceOrbital_frac_d_valence_electrons": 0.006144257483031564,
    "OPSiteFingerprint_mean_trigonal_non-coplanar_CN_3": 0.006048216313454059,
    "OPSiteFingerprint_std_dev_q6_CN_12": 0.006038546131634497,
    "ElementProperty_MagpieData_maximum_NdUnfilled": 0.005942851841559252,
    "ElementProperty_MagpieData_mean_NdUnfilled": 0.005930004064267094,
    "ElementProperty_MagpieData_mean_Electronegativity": 0.005837901789481119,
    "Stoichiometry_10-norm": 0.005498476608859501,
    "GeneralizedRDF_mean_Gaussian_center=3_0_width=1_0": 0.005419958972214128,
    "MEGNet_OFMEncoded_v1_122": 0.005398412389446685,
    "TMetalFraction_transition_metal_fraction": 0.0053307822177714615,
    "BondOrientationParameter_mean_BOOP_Q_l=6": 0.005299453873819764,
    "ElementProperty_MagpieData_minimum_NUnfilled": 0.005279166273114652
}