{
    "GeneralizedRDF_mean_Gaussian_center=3_0_width=1_0": 0.0013209564094505616,
    "BandCenter_band_center": 0.0005792350699657452,
    "GeneralizedRDF_mean_Gaussian_center=2_0_width=1_0": 0.0005111418389999533,
    "DensityFeatures_packing_fraction": 0.00021367923606934795,
    "ElementProperty_MagpieData_mean_NUnfilled": 0.00016894239967077098,
    "ElementProperty_MagpieData_mean_MendeleevNumber": 0.0001570013145861599,
    "ElementProperty_MagpieData_mean_Column": 0.00013281235382581744,
    "ElementProperty_MagpieData_mean_Electronegativity": 0.0001325965390475574,
    "VoronoiFingerprint_mean_Voro_vol_maximum": 0.000131174644753631,
    "AGNIFingerPrint_mean_AGNI_eta=1_60e+01": 0.0001294251250465033,
    "GeneralizedRDF_mean_Gaussian_center=5_0_width=1_0": 0.00011474889177426578,
    "BondOrientationParameter_mean_BOOP_Q_l=2": 0.00010948816786941496,
    "ElectronegativityDiff_minimum_EN_difference": 0.00010363728624619925,
    "ElementProperty_MagpieData_avg_dev_NdValence": 8.195738287350782e-05,
    "ElectronegativityDiff_mean_EN_difference": 7.962757283486937e-05,
    "VoronoiFingerprint_mean_Voro_dist_mean": 7.640805931814888e-05,
    "ElementProperty_MagpieData_avg_dev_NUnfilled": 7.546132673557574e-05,
    "TMetalFraction_transition_metal_fraction": 7.338877277891586e-05,
    "OPSiteFingerprint_std_dev_tetrahedral_CN_4": 7.06380494301021e-05,
    "ElementProperty_MagpieData_mean_CovalentRadius": 6.814299416651547e-05,
    "ElementProperty_MagpieData_avg_dev_MendeleevNumber": 6.428688666153921e-05,
    "OPSiteFingerprint_mean_tetrahedral_CN_4": 5.511592623439719e-05,
    "ElementProperty_MagpieData_mean_NpValence": 5.462040013552732e-05,
    "CrystalNNFingerprint_mean_tetrahedral_CN_4": 5.1159133432892606e-05,
    "ElectronegativityDiff_std_dev_EN_difference": 4.9840761498022493e-05,
    "ElementProperty_MagpieData_minimum_NUnfilled": 4.899419808667874e-05,
    "ElementProperty_MagpieData_maximum_NdValence": 4.878457257263166e-05,
    "ElementProperty_MagpieData_mean_MeltingT": 4.7373894160880465e-05,
    "ElementProperty_MagpieData_mean_NdUnfilled": 4.608501935452279e-05,
    "ValenceOrbital_frac_d_valence_electrons": 4.413251886797638e-05
}