{
    "ElementProperty_MagpieData_mode_CovalentRadius": 0.04382683061800712,
    "ElementProperty_MagpieData_mode_NUnfilled": 0.03481942177078571,
    "ElementProperty_MagpieData_mean_Column": 0.02166488261642101,
    "ElementFraction_O": 0.019923314533289483,
    "ElementProperty_MagpieData_mean_NsUnfilled": 0.01747768864682865,
    "TMetalFraction_transition_metal_fraction": 0.017335509775292073,
    "ElementProperty_MagpieData_mean_CovalentRadius": 0.01619839012681715,
    "ElementProperty_MagpieData_maximum_NValence": 0.0159872405478281,
    "AtomicOrbitals_LUMO_energy": 0.01588450162699921,
    "RadialDistributionFunction_radial_distribution_function_d_1_90": 0.015182943016395115,
    "ElementProperty_MagpieData_mean_NpUnfilled": 0.015138977050011437,
    "AGNIFingerPrint_std_dev_AGNI_dir=z_eta=1_88e+00": 0.012448526949234125,
    "BondOrientationParameter_mean_BOOP_Q_l=1": 0.012284294807827945,
    "ElementProperty_MagpieData_maximum_MendeleevNumber": 0.012085600754473024,
    "ElementProperty_MagpieData_mode_SpaceGroupNumber": 0.010824628789434337,
    "ElementProperty_MagpieData_avg_dev_GSbandgap": 0.010733032837639364,
    "ElementProperty_MagpieData_mean_MendeleevNumber": 0.010716069288408582,
    "ValenceOrbital_frac_p_valence_electrons": 0.009927458295949682,
    "GaussianSymmFunc_mean_G4_0_005_4_0_-1_0": 0.009839327843651388,
    "AGNIFingerPrint_std_dev_AGNI_dir=x_eta=1_88e+00": 0.009706596168633171,
    "AtomicOrbitals_HOMO_energy": 0.009550644658083435,
    "ElectronegativityDiff_range_EN_difference": 0.009180038287799662,
    "ElementProperty_MagpieData_mode_MendeleevNumber": 0.00893498269322572,
    "MEGNet_OFMEncoded_v1_136": 0.008740665916072692,
    "ElementProperty_MagpieData_avg_dev_NpValence": 0.008669631825545272,
    "MEGNet_OFMEncoded_v1_100": 0.00849550979075675,
    "ElementProperty_MagpieData_mean_NUnfilled": 0.008185230655607159,
    "ElementProperty_MagpieData_maximum_NUnfilled": 0.008131869926088485,
    "YangSolidSolution_Yang_omega": 0.008045520624604794,
    "MaximumPackingEfficiency_max_packing_efficiency": 0.008012765621087443
}