{
    "ValenceOrbital_frac_p_valence_electrons": 0.07786222331598931,
    "ElementProperty_MagpieData_maximum_MendeleevNumber": 0.06521645539222645,
    "ElementProperty_MagpieData_mean_NpValence": 0.05542475413791451,
    "MEGNet_OFMEncoded_v1_93": 0.04380201466058607,
    "TMetalFraction_transition_metal_fraction": 0.037365077806946964,
    "ElementProperty_MagpieData_range_MeltingT": 0.030910996416931222,
    "OxidationStates_minimum_oxidation_state": 0.024550043644142344,
    "ElementProperty_MagpieData_mean_GSbandgap": 0.023217748479020556,
    "ElementProperty_MagpieData_mean_NUnfilled": 0.01850842720574607,
    "ElectronegativityDiff_mean_EN_difference": 0.017597341171759654,
    "ElementProperty_MagpieData_avg_dev_CovalentRadius": 0.016839969030237583,
    "AGNIFingerPrint_std_dev_AGNI_dir=z_eta=1_88e+00": 0.01645680841599285,
    "BondOrientationParameter_mean_BOOP_Q_l=1": 0.015759730467961367,
    "ElementProperty_MagpieData_mean_NdUnfilled": 0.01549904173094266,
    "ElementProperty_MagpieData_mode_CovalentRadius": 0.013141385534649226,
    "ElementProperty_MagpieData_mode_NUnfilled": 0.012684327841746928,
    "ElementProperty_MagpieData_maximum_MeltingT": 0.0126740512913593,
    "AtomicOrbitals_gap_AO": 0.011816973703550317,
    "ElementProperty_MagpieData_mean_Electronegativity": 0.011438379008128467,
    "MEGNet_OFMEncoded_v1_115": 0.01051370055846926,
    "DensityFeatures_packing_fraction": 0.009649177626434559,
    "ElementFraction_Cu": 0.009130094406791483,
    "MEGNet_OFMEncoded_v1_147": 0.00901478314272088,
    "ElementProperty_MagpieData_mean_MendeleevNumber": 0.008543135030649726,
    "ElementProperty_MagpieData_minimum_CovalentRadius": 0.008477093802927178,
    "CrystalNNFingerprint_std_dev_wt_CN_6": 0.008460715511546065,
    "ElementProperty_MagpieData_maximum_NdUnfilled": 0.008412331629333943,
    "ElementProperty_MagpieData_mean_MeltingT": 0.008321782525048574,
    "VoronoiFingerprint_std_dev_Voro_area_std_dev": 0.007849217578865513,
    "AGNIFingerPrint_std_dev_AGNI_dir=y_eta=2_89e+00": 0.007669838577738803
}