{
    "ElementProperty_MagpieData_mode_Electronegativity": 0.03152233972086719,
    "ElementFraction_O": 0.030801999665300783,
    "ElementProperty_MagpieData_maximum_Electronegativity": 0.01503084910431507,
    "ElementProperty_MagpieData_mode_SpaceGroupNumber": 0.01167330243796132,
    "ElementProperty_MagpieData_minimum_MendeleevNumber": 0.009011132729305949,
    "ElementProperty_MagpieData_maximum_CovalentRadius": 0.005658579699211164,
    "ElementFraction_Au": 0.004789966798027068,
    "ElementProperty_MagpieData_mean_Row": 0.00413867874198179,
    "ElementProperty_MagpieData_minimum_Number": 0.0039168541533583685,
    "ElementProperty_MagpieData_avg_dev_Row": 0.0037349578390345286,
    "ElementFraction_Zn": 0.003529550236992646,
    "ElementProperty_MagpieData_mean_SpaceGroupNumber": 0.003166018686862795,
    "ElementProperty_MagpieData_mean_NUnfilled": 0.003126997451354809,
    "ElementFraction_Na": 0.0028605101905554084,
    "ElementProperty_MagpieData_maximum_MendeleevNumber": 0.0028578539281777057,
    "ElementProperty_MagpieData_mean_AtomicWeight": 0.0028021148105457664,
    "ElementFraction_Mg": 0.002773108887009604,
    "ElementFraction_Ag": 0.0026418322141480675,
    "ElementProperty_MagpieData_mode_Number": 0.0023590637132550846,
    "ElementProperty_MagpieData_mode_CovalentRadius": 0.0020550954489136197,
    "ElementFraction_Cl": 0.0020062112018007726,
    "ElementFraction_Ba": 0.0018387961541389637,
    "ElementProperty_MagpieData_minimum_CovalentRadius": 0.0017763965563096166,
    "ElementProperty_MagpieData_mode_MeltingT": 0.001671080544877598,
    "ElementFraction_S": 0.0016675163358882148,
    "MEGNet_OFMEncoded_v1_69": 0.001617674241220787,
    "ElementProperty_MagpieData_maximum_NUnfilled": 0.0015780265981267744,
    "ElementFraction_Te": 0.001468721731247186,
    "ElementProperty_MagpieData_maximum_Number": 0.0014511679457450426,
    "AverageBondLength_mean_Average_bond_length": 0.0014074446267267145
}