{
    "ElementFraction_S": 0.00026300342464974147,
    "ElementProperty_MagpieData_maximum_Column": 0.00022793702993594765,
    "ElementProperty_MagpieData_mean_GSbandgap": 0.00011250911194400545,
    "ElementProperty_MagpieData_mean_Column": 0.00010182011523067577,
    "ElementProperty_MagpieData_avg_dev_Column": 8.901655821318995e-05,
    "TMetalFraction_transition_metal_fraction": 8.190119718712122e-05,
    "ElementProperty_MagpieData_mean_NpValence": 7.805272326074931e-05,
    "ElementProperty_MagpieData_mode_NValence": 7.57643945995809e-05,
    "ElementProperty_MagpieData_minimum_CovalentRadius": 7.090956628899746e-05,
    "ElementProperty_MagpieData_minimum_GSvolume_pa": 6.62294816615708e-05,
    "ElementFraction_Au": 6.474430110849394e-05,
    "ElementProperty_MagpieData_minimum_NValence": 6.08876638763676e-05,
    "ElementFraction_Ca": 6.0453771905950615e-05,
    "ElementProperty_MagpieData_minimum_NUnfilled": 6.036555135392861e-05,
    "ElementProperty_MagpieData_mode_CovalentRadius": 5.95883431843901e-05,
    "ElementProperty_MagpieData_mode_Number": 5.2009884053239213e-05,
    "ElementFraction_Yb": 4.817231427822393e-05,
    "ElementFraction_K": 4.702017302899912e-05,
    "ElementFraction_In": 4.587321893920428e-05,
    "ElementFraction_Se": 4.50627584775903e-05,
    "ElementProperty_MagpieData_mean_NUnfilled": 4.243415621041586e-05,
    "ElementProperty_MagpieData_mode_NUnfilled": 4.141403587893454e-05,
    "ElementFraction_Ni": 3.7826917880361304e-05,
    "ElementProperty_MagpieData_mode_GSvolume_pa": 3.4434887391925224e-05,
    "DensityFeatures_packing_fraction": 3.432230218804953e-05,
    "ElementProperty_MagpieData_mode_Electronegativity": 2.749001887805726e-05,
    "ElementFraction_Ba": 2.6403313902995683e-05,
    "ElementProperty_MagpieData_maximum_NpUnfilled": 2.4505839483990525e-05,
    "ElementProperty_MagpieData_maximum_MeltingT": 2.40875432244717e-05,
    "ElementProperty_MagpieData_maximum_Electronegativity": 2.3947516402792828e-05
}