{
    "ElementProperty_MagpieData_mean_Electronegativity": 0.0529322924639677,
    "ElementProperty_MagpieData_range_CovalentRadius": 0.028176385691635594,
    "GeneralizedRDF_mean_Gaussian_center=2_0_width=1_0": 0.02425684219060428,
    "ElementProperty_MagpieData_maximum_Electronegativity": 0.02221644322903361,
    "ElementProperty_MagpieData_mode_Electronegativity": 0.016410637994446736,
    "GaussianSymmFunc_std_dev_G2_80_0": 0.016187674768681708,
    "ElementProperty_MagpieData_range_MeltingT": 0.014828251907197854,
    "CrystalNNFingerprint_mean_octahedral_CN_6": 0.013473280908421561,
    "ElementProperty_MagpieData_avg_dev_NpValence": 0.013419680100057516,
    "ElementProperty_MagpieData_avg_dev_NUnfilled": 0.01340972548537505,
    "ElementProperty_MagpieData_avg_dev_MeltingT": 0.01303429360370221,
    "ElementProperty_MagpieData_minimum_CovalentRadius": 0.01232076854403054,
    "ElementProperty_MagpieData_mean_NpValence": 0.011566319943715096,
    "ElementProperty_MagpieData_mode_SpaceGroupNumber": 0.011193702969242773,
    "ElementProperty_MagpieData_mode_Number": 0.010667545574944764,
    "AGNIFingerPrint_std_dev_AGNI_dir=z_eta=8_00e-01": 0.010350276536185223,
    "ElementProperty_MagpieData_maximum_MeltingT": 0.009996781527356051,
    "AGNIFingerPrint_std_dev_AGNI_dir=z_eta=1_23e+00": 0.00982008209504734,
    "AtomicOrbitals_gap_AO": 0.009560016963510642,
    "TMetalFraction_transition_metal_fraction": 0.00920985956858988,
    "Stoichiometry_5-norm": 0.009033090626409931,
    "ElectronegativityDiff_minimum_EN_difference": 0.008918958607535658,
    "OPSiteFingerprint_mean_sgl_bd_CN_1": 0.008906182651585853,
    "GaussianSymmFunc_mean_G2_20_0": 0.008658085149455633,
    "XRDPowderPattern_xrd_31": 0.008168004361084698,
    "ElementProperty_MagpieData_range_GSvolume_pa": 0.008040758767678426,
    "ElementProperty_MagpieData_maximum_MendeleevNumber": 0.007916612253925686,
    "ElementProperty_MagpieData_avg_dev_Row": 0.007886633104721437,
    "GeneralizedRDF_mean_Gaussian_center=3_0_width=1_0": 0.007836224835889529,
    "OxidationStates_maximum_oxidation_state": 0.007749723500704924
}