{
    "DensityFeatures_density": 0.00013121657660957516,
    "TMetalFraction_transition_metal_fraction": 0.00011183392913825299,
    "ChemicalOrdering_mean_ordering_parameter_shell_2": 8.683135204829944e-05,
    "CrystalNNFingerprint_mean_tetrahedral_CN_4": 8.406746885720062e-05,
    "Miedema_Miedema_deltaH_inter": 7.915180612307724e-05,
    "ElementProperty_MagpieData_mean_NdValence": 7.624216496712382e-05,
    "ElectronegativityDiff_minimum_EN_difference": 7.271830431279311e-05,
    "AtomicOrbitals_HOMO_energy": 5.501523333082949e-05,
    "OPSiteFingerprint_std_dev_tetrahedral_CN_4": 5.1000107621220915e-05,
    "OPSiteFingerprint_std_dev_square_co-planar_CN_4": 4.4833816381219004e-05,
    "BondOrientationParameter_mean_BOOP_Q_l=10": 4.258057346315945e-05,
    "ElementProperty_MagpieData_minimum_Column": 4.047212573304014e-05,
    "ElementProperty_MagpieData_mean_MeltingT": 3.636403654347249e-05,
    "AverageBondLength_std_dev_Average_bond_length": 3.624595871300692e-05,
    "GeneralizedRDF_mean_Gaussian_center=0_0_width=1_0": 3.6199350286142266e-05,
    "ElementProperty_MagpieData_range_SpaceGroupNumber": 3.575325290462714e-05,
    "BondOrientationParameter_mean_BOOP_Q_l=2": 3.443852972969836e-05,
    "ElementProperty_MagpieData_mode_GSvolume_pa": 3.2986276507741385e-05,
    "Stoichiometry_0-norm": 3.142436493480464e-05,
    "AtomicOrbitals_gap_AO": 3.069472653114684e-05,
    "AtomicOrbitals_HOMO_element": 2.9582718917297735e-05,
    "StructuralHeterogeneity_min_relative_bond_length": 2.948442434096581e-05,
    "YangSolidSolution_Yang_omega": 2.902160146069653e-05,
    "AGNIFingerPrint_mean_AGNI_eta=8_00e-01": 2.8838111418227428e-05,
    "OPSiteFingerprint_mean_L-shaped_CN_2": 2.7951493998528367e-05,
    "ChemicalOrdering_mean_ordering_parameter_shell_3": 2.7395016016249617e-05,
    "AGNIFingerPrint_std_dev_AGNI_dir=z_eta=8_00e-01": 2.738803405819102e-05,
    "GeneralizedRDF_std_dev_Gaussian_center=0_0_width=1_0": 2.7077316711204475e-05,
    "ElementProperty_MagpieData_avg_dev_Column": 2.6752347667731444e-05,
    "MaximumPackingEfficiency_max_packing_efficiency": 2.6130412535242626e-05
}