{
    "ElementProperty_MagpieData_avg_dev_NpValence": 0.07762808459156159,
    "TMetalFraction_transition_metal_fraction": 0.07348285270814008,
    "ElementProperty_MagpieData_mean_NdValence": 0.0701853805211414,
    "ElementProperty_MagpieData_mean_NUnfilled": 0.05882819681559017,
    "ElementProperty_MagpieData_minimum_MendeleevNumber": 0.05068322704463823,
    "ElementProperty_MagpieData_mean_MeltingT": 0.036798185426553096,
    "ElementProperty_MagpieData_mode_CovalentRadius": 0.03500341403876815,
    "MEGNet_OFMEncoded_v1_24": 0.03436862907512055,
    "ElementFraction_O": 0.03237242606909134,
    "ElementProperty_MagpieData_mode_MendeleevNumber": 0.030239493909738673,
    "ElementProperty_MagpieData_maximum_NdValence": 0.024710021106673963,
    "ElementProperty_MagpieData_mean_NsValence": 0.023808876470883127,
    "ElementProperty_MagpieData_mode_NUnfilled": 0.021468188265874894,
    "ElementProperty_MagpieData_mean_Row": 0.02087443591287797,
    "ElementProperty_MagpieData_range_CovalentRadius": 0.020840898330640498,
    "CrystalNNFingerprint_mean_hexagonal_planar_CN_6": 0.02016457969917458,
    "ElementProperty_MagpieData_minimum_NUnfilled": 0.019303202787899567,
    "ElementProperty_MagpieData_mean_GSmagmom": 0.018354450987432436,
    "ElectronegativityDiff_minimum_EN_difference": 0.01728694815681351,
    "AverageBondLength_std_dev_Average_bond_length": 0.01727936481766071,
    "ElementProperty_MagpieData_maximum_MeltingT": 0.017033488323685987,
    "ElementProperty_MagpieData_mean_NpValence": 0.01635957833513809,
    "ElementProperty_MagpieData_mean_NdUnfilled": 0.014925652194953294,
    "MEGNet_OFMEncoded_v1_82": 0.014718397486963368,
    "CrystalNNFingerprint_mean_octahedral_CN_6": 0.014705464150350416,
    "BondOrientationParameter_mean_BOOP_Q_l=1": 0.014231971141768053,
    "OxidationStates_std_dev_oxidation_state": 0.013637621720321014,
    "ElementProperty_MagpieData_avg_dev_CovalentRadius": 0.013001343998880076,
    "OPSiteFingerprint_std_dev_tetrahedral_CN_4": 0.01298789772864319,
    "ElementProperty_MagpieData_mean_NpUnfilled": 0.012940708775677531
}