{
    "ElementProperty_MagpieData_maximum_GSbandgap": 1.2364239873612253,
    "ElementProperty_MagpieData_mean_GSbandgap": 0.9543609524773828,
    "ElementProperty_MagpieData_mean_NpUnfilled": 0.921131709727508,
    "DensityFeatures_packing_fraction": 0.8966810187155712,
    "ElementProperty_MagpieData_mode_CovalentRadius": 0.8783045373173479,
    "ValenceOrbital_frac_p_valence_electrons": 0.8033970586820801,
    "ElementProperty_MagpieData_minimum_CovalentRadius": 0.7543318369481041,
    "ElementProperty_MagpieData_mean_CovalentRadius": 0.672178420866318,
    "ElementProperty_MagpieData_avg_dev_CovalentRadius": 0.6192988958797621,
    "ElementProperty_MagpieData_mode_GSbandgap": 0.5691140966317086,
    "ElementProperty_MagpieData_mean_MendeleevNumber": 0.5264815141332271,
    "ElectronegativityDiff_mean_EN_difference": 0.31493921354806514,
    "ElementProperty_MagpieData_maximum_CovalentRadius": 0.30769367409239556,
    "ElementProperty_MagpieData_avg_dev_NdUnfilled": 0.30706388347811586,
    "ElementProperty_MagpieData_maximum_Electronegativity": 0.3011180698737554,
    "ElementProperty_MagpieData_mean_NdUnfilled": 0.2806661534173291,
    "GeneralizedRDF_mean_Gaussian_center=0_0_width=1_0": 0.2752996285891251,
    "AGNIFingerPrint_mean_AGNI_eta=1_23e+00": 0.243413739891558,
    "ElectronegativityDiff_minimum_EN_difference": 0.24281864774839412,
    "ElementProperty_MagpieData_maximum_MeltingT": 0.23968461529625928,
    "ElementProperty_MagpieData_avg_dev_Electronegativity": 0.2384479567831657,
    "ElementProperty_MagpieData_mean_NpValence": 0.23239301707789026,
    "ElementFraction_Yb": 0.21946068574045907,
    "AtomicOrbitals_LUMO_element": 0.21442714924888948,
    "ElementFraction_Ca": 0.2111682898312791,
    "ElementFraction_S": 0.2102088250501614,
    "ElementFraction_Cd": 0.20711881115032357,
    "ElementProperty_MagpieData_mean_Column": 0.2028715344807978,
    "IonProperty_avg_ionic_char": 0.19995754406348584,
    "ElementProperty_MagpieData_maximum_NValence": 0.18927450359685946
}