{
    "TMetalFraction_transition_metal_fraction": 0.5365249098275447,
    "ElementProperty_MagpieData_mean_CovalentRadius": 0.3562088531738583,
    "DensityFeatures_packing_fraction": 0.12240900763446594,
    "BondOrientationParameter_mean_BOOP_Q_l=3": 0.11784614607916513,
    "ValenceOrbital_frac_s_valence_electrons": 0.10232952728348535,
    "ElementProperty_MagpieData_minimum_NValence": 0.09477724273161872,
    "BandCenter_band_center": 0.09375951014351012,
    "ElementProperty_MagpieData_avg_dev_GSmagmom": 0.09308970222808308,
    "ElementProperty_MagpieData_mode_NUnfilled": 0.08952222560083505,
    "ElementProperty_MagpieData_mean_GSmagmom": 0.08172837426202881,
    "ElementProperty_MagpieData_mean_NdValence": 0.07854679539609806,
    "ElementProperty_MagpieData_maximum_NdValence": 0.07182191897819595,
    "OxidationStates_std_dev_oxidation_state": 0.06954333598134213,
    "MEGNet_OFMEncoded_v1_166": 0.06815678880959462,
    "GeneralizedRDF_mean_Gaussian_center=1_0_width=1_0": 0.06471119849517176,
    "ElementProperty_MagpieData_maximum_Electronegativity": 0.05967270737662495,
    "GeneralizedRDF_mean_Gaussian_center=3_0_width=1_0": 0.05795622749118102,
    "GeneralizedRDF_mean_Gaussian_center=2_0_width=1_0": 0.05760664771095358,
    "MaximumPackingEfficiency_max_packing_efficiency": 0.05597118629840807,
    "ElementProperty_MagpieData_mean_MeltingT": 0.054575645159797105,
    "ElementProperty_MagpieData_maximum_GSbandgap": 0.052880061639693575,
    "ElementProperty_MagpieData_mean_Electronegativity": 0.052776735406962504,
    "ElementProperty_MagpieData_avg_dev_Column": 0.05276488720019068,
    "ElementProperty_MagpieData_maximum_MendeleevNumber": 0.051588754317412694,
    "GaussianSymmFunc_mean_G2_20_0": 0.046865187218272104,
    "ElectronegativityDiff_minimum_EN_difference": 0.04483388152994793,
    "VoronoiFingerprint_mean_Voro_dist_std_dev": 0.04269271989770536,
    "MEGNet_OFMEncoded_v1_24": 0.04149379040234439,
    "ElementProperty_MagpieData_mean_NdUnfilled": 0.04107096191692712,
    "GeneralizedRDF_mean_Gaussian_center=4_0_width=1_0": 0.040779911920779434
}