{
    "ElementProperty_MagpieData_mean_NpUnfilled": 0.01971405455121079,
    "MEGNet_OFMEncoded_v1_147": 0.018226751224109546,
    "AtomicOrbitals_HOMO_energy": 0.0143489200942787,
    "TMetalFraction_transition_metal_fraction": 0.012279839621540244,
    "ElementProperty_MagpieData_avg_dev_Column": 0.010345165503778954,
    "BondOrientationParameter_mean_BOOP_Q_l=8": 0.008314571463077703,
    "MEGNet_OFMEncoded_v1_145": 0.008081370087715293,
    "OPSiteFingerprint_std_dev_square_co-planar_CN_4": 0.0070837738858363355,
    "BondOrientationParameter_mean_BOOP_Q_l=10": 0.006742406065148628,
    "ElementProperty_MagpieData_avg_dev_MendeleevNumber": 0.006557642026557182,
    "ElementProperty_MagpieData_avg_dev_NpUnfilled": 0.006164816716136493,
    "AverageBondLength_std_dev_Average_bond_length": 0.005976337555007456,
    "AtomicOrbitals_HOMO_element": 0.00581544160131067,
    "OPSiteFingerprint_mean_body-centered_cubic_CN_8": 0.005783921359228719,
    "ElementProperty_MagpieData_mean_NdValence": 0.0056260693243521025,
    "ElectronegativityDiff_mean_EN_difference": 0.005558068429218914,
    "MEGNet_OFMEncoded_v1_76": 0.005475142494824481,
    "ElementProperty_MagpieData_mode_CovalentRadius": 0.0053137673240355576,
    "CrystalNNFingerprint_std_dev_hexagonal_bipyramidal_CN_8": 0.005256233630086874,
    "ValenceOrbital_frac_p_valence_electrons": 0.0052504612421758875,
    "ElementProperty_MagpieData_maximum_NValence": 0.005163587757297114,
    "MaximumPackingEfficiency_max_packing_efficiency": 0.005060840353820617,
    "MEGNet_OFMEncoded_v1_122": 0.004902469857180746,
    "OPSiteFingerprint_mean_L-shaped_CN_2": 0.004767904778077007,
    "BondOrientationParameter_mean_BOOP_Q_l=6": 0.004647038947833876,
    "ElectronegativityDiff_maximum_EN_difference": 0.004628967529561394,
    "GeneralizedRDF_std_dev_Gaussian_center=4_0_width=1_0": 0.004611762109450937,
    "ElementProperty_MagpieData_mean_Column": 0.00454197555654795,
    "MEGNet_OFMEncoded_v1_178": 0.0045237412248818895,
    "OxidationStates_range_oxidation_state": 0.004520756147938458
}