{
    "ElementProperty_MagpieData_avg_dev_Column": 0.015990230390030512,
    "ElementFraction_V": 0.014522319803738604,
    "YangSolidSolution_Yang_delta": 0.013030332838672455,
    "GaussianSymmFunc_std_dev_G2_80_0": 0.012415333018767497,
    "TMetalFraction_transition_metal_fraction": 0.010083655861361618,
    "ElectronegativityDiff_mean_EN_difference": 0.010070712628509492,
    "ElementProperty_MagpieData_avg_dev_NdValence": 0.009771797900788868,
    "AtomicOrbitals_HOMO_energy": 0.009547535199213432,
    "GaussianSymmFunc_mean_G2_80_0": 0.00912733958074628,
    "CrystalNNFingerprint_mean_body-centered_cubic_CN_8": 0.008387073638010289,
    "ElementProperty_MagpieData_mean_MeltingT": 0.007940187780279714,
    "ElectronegativityDiff_minimum_EN_difference": 0.0075614678246503746,
    "ElementProperty_MagpieData_range_Electronegativity": 0.007551390517712265,
    "ElementProperty_MagpieData_range_CovalentRadius": 0.007175684420625153,
    "ElementProperty_MagpieData_mean_GSbandgap": 0.006625113748430738,
    "ElementFraction_Cr": 0.006369099987324974,
    "ElementProperty_MagpieData_mean_NpValence": 0.006281933518251601,
    "MEGNet_OFMEncoded_v1_99": 0.0060281535609514525,
    "MEGNet_OFMEncoded_v1_167": 0.005946009740115339,
    "ElementProperty_MagpieData_minimum_GSvolume_pa": 0.005908244234320124,
    "GeneralizedRDF_mean_Gaussian_center=3_0_width=1_0": 0.005356836768965554,
    "ElementProperty_MagpieData_range_MeltingT": 0.004865394740932052,
    "CrystalNNFingerprint_std_dev_wt_CN_3": 0.004790529092285281,
    "MEGNet_OFMEncoded_v1_158": 0.004598237637235473,
    "ElectronegativityDiff_maximum_EN_difference": 0.0044308339061521675,
    "ElementProperty_MagpieData_mode_CovalentRadius": 0.004355806385726503,
    "ChemEnvSiteFingerprint_mean_C:8": 0.004203204910863295,
    "MEGNet_OFMEncoded_v1_68": 0.003943552099739906,
    "DensityFeatures_packing_fraction": 0.003943231631545955,
    "ElementProperty_MagpieData_mean_Column": 0.003898315002190341
}