{
    "MEGNet_OFMEncoded_v1_62": 0.02462064837502545,
    "ElementProperty_MagpieData_mean_SpaceGroupNumber": 0.01787329506935705,
    "OxidationStates_std_dev_oxidation_state": 0.016564274799199162,
    "ElementFraction_O": 0.016156425243754654,
    "MEGNet_OFMEncoded_v1_68": 0.015190219185541478,
    "TMetalFraction_transition_metal_fraction": 0.014607320836977264,
    "OxidationStates_maximum_oxidation_state": 0.01423483881536979,
    "ElementProperty_MagpieData_avg_dev_Column": 0.014131132236055331,
    "MEGNet_OFMEncoded_v1_115": 0.014045150320677435,
    "ElementFraction_Cr": 0.011881099823965504,
    "ElementProperty_MagpieData_mean_Column": 0.011161843122669497,
    "ElectronegativityDiff_mean_EN_difference": 0.011079277599004407,
    "ElementFraction_Mn": 0.01096734182486613,
    "ElementProperty_MagpieData_avg_dev_NpUnfilled": 0.010947651053926448,
    "ElementProperty_MagpieData_avg_dev_NpValence": 0.01075912895056304,
    "ElementProperty_MagpieData_mode_Column": 0.010666732877836125,
    "DensityFeatures_packing_fraction": 0.010184330091764667,
    "ElementProperty_MagpieData_mean_NpValence": 0.009901301281467371,
    "BondOrientationParameter_mean_BOOP_Q_l=6": 0.009681638897369288,
    "ElementProperty_MagpieData_avg_dev_NUnfilled": 0.009428250768415544,
    "VoronoiFingerprint_mean_Voro_area_maximum": 0.009404004942393964,
    "ElectronegativityDiff_minimum_EN_difference": 0.009384803324699204,
    "ElementProperty_MagpieData_avg_dev_Electronegativity": 0.009238527585754788,
    "ElementProperty_MagpieData_avg_dev_SpaceGroupNumber": 0.009162644490855989,
    "VoronoiFingerprint_mean_Voro_area_std_dev": 0.008993301711362025,
    "ElementProperty_MagpieData_avg_dev_CovalentRadius": 0.008897963608399522,
    "MaximumPackingEfficiency_max_packing_efficiency": 0.008562678631631722,
    "AGNIFingerPrint_mean_AGNI_eta=1_23e+00": 0.008485019208633813,
    "AverageBondAngle_mean_Average_bond_angle": 0.008398914212856356,
    "GaussianSymmFunc_mean_G2_20_0": 0.008343563334677239
}