{
    "GaussianSymmFunc_mean_G2_20_0": 0.0005618949122410948,
    "ElementProperty_MagpieData_mode_NUnfilled": 0.00026211591225589484,
    "GeneralizedRDF_mean_Gaussian_center=1_0_width=1_0": 0.0001823781067498687,
    "ElementProperty_MagpieData_maximum_MeltingT": 0.0001262178169214927,
    "AGNIFingerPrint_mean_AGNI_eta=1_23e+00": 0.00011820663496571125,
    "GeneralizedRDF_mean_Gaussian_center=0_0_width=1_0": 9.031647035631957e-05,
    "AGNIFingerPrint_mean_AGNI_eta=1_88e+00": 8.553671274303694e-05,
    "OxidationStates_std_dev_oxidation_state": 6.91511472136086e-05,
    "ElementProperty_MagpieData_mean_NpUnfilled": 6.506462591573284e-05,
    "ElementProperty_MagpieData_mean_MeltingT": 6.329477124987597e-05,
    "ElementFraction_O": 6.0674457474798944e-05,
    "ElectronegativityDiff_minimum_EN_difference": 5.60918701502664e-05,
    "ElementFraction_H": 5.1890921947525355e-05,
    "ElementProperty_MagpieData_avg_dev_Column": 5.1636928980346545e-05,
    "ElementProperty_MagpieData_minimum_Number": 4.183297626479247e-05,
    "ElementProperty_MagpieData_mean_Electronegativity": 3.788826986757819e-05,
    "ElementProperty_MagpieData_mean_GSbandgap": 3.512515008286406e-05,
    "MEGNet_OFMEncoded_v1_99": 3.484611393542576e-05,
    "GeneralizedRDF_mean_Gaussian_center=5_0_width=1_0": 3.42871838746009e-05,
    "GeneralizedRDF_mean_Gaussian_center=6_0_width=1_0": 3.373151510393846e-05,
    "GeneralizedRDF_mean_Gaussian_center=2_0_width=1_0": 3.2339211477317215e-05,
    "ElementProperty_MagpieData_avg_dev_MeltingT": 2.996853501291672e-05,
    "MEGNet_OFMEncoded_v1_87": 2.970045694605809e-05,
    "MEGNet_OFMEncoded_v1_16": 2.9090841716393587e-05,
    "TMetalFraction_transition_metal_fraction": 2.8925078662963636e-05,
    "MEGNet_OFMEncoded_v1_15": 2.8110074760667146e-05,
    "ElementProperty_MagpieData_minimum_CovalentRadius": 2.79225753120318e-05,
    "GeneralizedRDF_mean_Gaussian_center=8_0_width=1_0": 2.707219629821062e-05,
    "ElementProperty_MagpieData_avg_dev_Electronegativity": 2.5797284510289694e-05,
    "ElementProperty_MagpieData_mean_NdValence": 2.5781850257852145e-05
}