{
    "ElementFraction_F": 0.015749534680507833,
    "ElementProperty_MagpieData_minimum_MendeleevNumber": 0.013278608712297382,
    "ElementProperty_MagpieData_mode_GSbandgap": 0.009185468662971864,
    "ElementFraction_Co": 0.009001041359229004,
    "ElementFraction_Mg": 0.007070750441362814,
    "ElementProperty_MagpieData_minimum_Number": 0.005433884321786238,
    "DensityFeatures_density": 0.004561853950728523,
    "ElementFraction_O": 0.003902019451372794,
    "ElementProperty_MagpieData_minimum_MeltingT": 0.003264861877605926,
    "ElementFraction_Li": 0.0031835280936424034,
    "ElementProperty_MagpieData_maximum_CovalentRadius": 0.002944852639304712,
    "ElementProperty_MagpieData_mean_GSbandgap": 0.0028684747907961267,
    "ElementFraction_Cd": 0.002812856099550185,
    "ElementFraction_Mn": 0.002809007653049999,
    "ElementProperty_MagpieData_mode_SpaceGroupNumber": 0.0026783111633074566,
    "YangSolidSolution_Yang_omega": 0.0026744841979701303,
    "ElementFraction_Cl": 0.0024782279988802536,
    "ElementFraction_Se": 0.002323109951887011,
    "ElementProperty_MagpieData_mode_Number": 0.0022880131409367998,
    "ElementProperty_MagpieData_mode_MeltingT": 0.002263841535608277,
    "ElementProperty_MagpieData_maximum_GSbandgap": 0.0021459555233497166,
    "ElementFraction_Na": 0.0017794532755490118,
    "MEGNet_OFMEncoded_v1_122": 0.001761869638150277,
    "ElementProperty_MagpieData_maximum_NValence": 0.0017215791432386896,
    "ElementProperty_MagpieData_maximum_MendeleevNumber": 0.0017031052631227759,
    "ElementFraction_Cu": 0.0016554755196208748,
    "ElementProperty_MagpieData_mean_Electronegativity": 0.001575407019853706,
    "ElementProperty_MagpieData_mode_MendeleevNumber": 0.0015716337819088838,
    "MEGNet_OFMEncoded_v1_97": 0.0014109847191298784,
    "ElementFraction_Ge": 0.0013804883808606059
}