{
    "BandCenter_band_center": 0.06985953783009755,
    "GeneralizedRDF_mean_Gaussian_center=0_0_width=1_0": 0.03358358321632305,
    "ElementProperty_MagpieData_minimum_CovalentRadius": 0.028824026285841322,
    "MaximumPackingEfficiency_max_packing_efficiency": 0.019501101130648287,
    "ElementProperty_MagpieData_avg_dev_NpValence": 0.019245785749615534,
    "ElementProperty_MagpieData_mean_NpValence": 0.018694514010298098,
    "ElementProperty_MagpieData_mean_MeltingT": 0.015379490589399905,
    "ElementProperty_MagpieData_mean_NUnfilled": 0.014457448604133585,
    "ElementProperty_MagpieData_maximum_MeltingT": 0.01328851535326495,
    "ElementProperty_MagpieData_avg_dev_MeltingT": 0.012889872875580648,
    "CrystalNNFingerprint_mean_octahedral_CN_6": 0.012501769822154084,
    "ElementProperty_MagpieData_maximum_Number": 0.012467186739664508,
    "GaussianSymmFunc_std_dev_G2_80_0": 0.01052539554002837,
    "ElementProperty_MagpieData_avg_dev_NdUnfilled": 0.010414354790534675,
    "AtomicOrbitals_HOMO_energy": 0.00978405451749087,
    "MEGNet_OFMEncoded_v1_102": 0.009113577950716954,
    "ElementProperty_MagpieData_mean_Column": 0.009055457710926699,
    "AverageBondLength_mean_Average_bond_length": 0.008622091369385694,
    "ElementProperty_MagpieData_avg_dev_CovalentRadius": 0.00810912815408784,
    "ElementFraction_Pu": 0.008094294405688027,
    "ElementProperty_MagpieData_mean_GSvolume_pa": 0.007416167096877566,
    "BondOrientationParameter_mean_BOOP_Q_l=3": 0.0073616541639618446,
    "OxidationStates_std_dev_oxidation_state": 0.006920777910713352,
    "StructuralHeterogeneity_mean_neighbor_distance_variation": 0.00691954846274607,
    "AGNIFingerPrint_mean_AGNI_eta=1_23e+00": 0.00659010217180933,
    "ElementProperty_MagpieData_range_MeltingT": 0.006481217636537061,
    "ElementProperty_MagpieData_avg_dev_NpUnfilled": 0.0061571812827459155,
    "ElementProperty_MagpieData_mode_SpaceGroupNumber": 0.006112576910930707,
    "CrystalNNFingerprint_mean_tetrahedral_CN_4": 0.006090480528594033,
    "CrystalNNFingerprint_mean_bent_150_degrees_CN_2": 0.00570345502297726
}