{
    "ElementFraction_O": 0.20054636497895229,
    "ElementProperty_MagpieData_mean_NpValence": 0.028892195879426198,
    "ElementProperty_MagpieData_mode_Column": 0.015648137245797576,
    "ElementFraction_F": 0.013715567889657412,
    "ElementProperty_MagpieData_mean_GSbandgap": 0.010157200911554115,
    "ValenceOrbital_frac_p_valence_electrons": 0.008481160576036748,
    "ElementFraction_S": 0.0068629437732379665,
    "ElementProperty_MagpieData_maximum_MendeleevNumber": 0.00547721284130368,
    "ElementProperty_MagpieData_minimum_SpaceGroupNumber": 0.004544144424340746,
    "ElementProperty_MagpieData_maximum_MeltingT": 0.004005197915141347,
    "ElementFraction_C": 0.003978945821543229,
    "ElementProperty_MagpieData_avg_dev_GSbandgap": 0.0035462398450024257,
    "ElementFraction_Y": 0.0035254550767515277,
    "ElementFraction_Na": 0.0033098232745225886,
    "Stoichiometry_5-norm": 0.0033056648254754404,
    "ElementFraction_Si": 0.003250240954584493,
    "ElementProperty_MagpieData_minimum_CovalentRadius": 0.0030133715109757126,
    "ElementFraction_Cu": 0.0029337916911431694,
    "ElementProperty_MagpieData_minimum_MeltingT": 0.002547517458215356,
    "ElementProperty_MagpieData_mode_SpaceGroupNumber": 0.0025446358478510116,
    "ElementProperty_MagpieData_maximum_NValence": 0.0025399280753411373,
    "ElementProperty_MagpieData_maximum_GSvolume_pa": 0.002500469559494975,
    "ElementProperty_MagpieData_minimum_GSvolume_pa": 0.002295282056146842,
    "ElementFraction_B": 0.0022570571766217513,
    "ElementFraction_K": 0.0021903055706982725,
    "ElementProperty_MagpieData_mode_GSbandgap": 0.002186446059974715,
    "ElementProperty_MagpieData_mode_Electronegativity": 0.002179513871039102,
    "ElementFraction_Br": 0.0021614626016774243,
    "ElementProperty_MagpieData_maximum_Electronegativity": 0.002127419439702132,
    "ElementProperty_MagpieData_minimum_MendeleevNumber": 0.002062745231527439
}