{
    "ElementProperty_MagpieData_mode_Electronegativity": 0.025068968394773013,
    "ElementProperty_MagpieData_maximum_Electronegativity": 0.019989272730811445,
    "ElementProperty_MagpieData_mode_MeltingT": 0.010402363731353444,
    "ElementProperty_MagpieData_mean_SpaceGroupNumber": 0.00768114914709411,
    "ElementFraction_Si": 0.005701694709348692,
    "ElementProperty_MagpieData_minimum_Number": 0.004851902181351388,
    "ElementFraction_N": 0.0047978486587405425,
    "ValenceOrbital_frac_p_valence_electrons": 0.004374274127930623,
    "ElementProperty_MagpieData_mode_Number": 0.004251892860366978,
    "ElementFraction_Sn": 0.003924017517767308,
    "ElementProperty_MagpieData_maximum_NpUnfilled": 0.003789040025251292,
    "ElementFraction_Sr": 0.003207911700763534,
    "ElementProperty_MagpieData_mode_CovalentRadius": 0.0031583525333975125,
    "ElementProperty_MagpieData_mean_NpValence": 0.002803173309150727,
    "ElementProperty_MagpieData_mean_NpUnfilled": 0.0027309827926473764,
    "ElementFraction_Te": 0.0024617256232169404,
    "ElementProperty_MagpieData_minimum_CovalentRadius": 0.0024471766414276308,
    "ElementProperty_MagpieData_mean_Electronegativity": 0.0020058687303912623,
    "ElementFraction_Mg": 0.0018738751933308308,
    "ElementProperty_MagpieData_maximum_NValence": 0.001843489497704449,
    "ElementFraction_Ni": 0.0018164835433317462,
    "ElementFraction_Au": 0.0017549168456549272,
    "ElementProperty_MagpieData_maximum_NdValence": 0.0017217798048373438,
    "ElementFraction_Br": 0.0017095013275112547,
    "ElementProperty_MagpieData_avg_dev_NpValence": 0.0016873637125807868,
    "ElementProperty_MagpieData_mean_NdUnfilled": 0.0016562243601217041,
    "ElementFraction_Al": 0.0016461308078651708,
    "ElementFraction_O": 0.0015429195582059413,
    "ElementFraction_Li": 0.0014878737314940882,
    "AtomicOrbitals_HOMO_energy": 0.0014706145274987015
}