{
    "DensityFeatures_packing_fraction": 0.0007550201961383937,
    "MaximumPackingEfficiency_max_packing_efficiency": 0.0005458169646507843,
    "ElementProperty_MagpieData_mean_Column": 0.00045556843532220477,
    "GeneralizedRDF_mean_Gaussian_center=3_0_width=1_0": 0.00039890106911790797,
    "GeneralizedRDF_mean_Gaussian_center=2_0_width=1_0": 0.00019316169648340281,
    "TMetalFraction_transition_metal_fraction": 0.00016586232517214154,
    "ElementProperty_MagpieData_mean_GSvolume_pa": 0.00014114278623610964,
    "ElementProperty_MagpieData_mean_Electronegativity": 0.00013999134542021994,
    "ElectronegativityDiff_minimum_EN_difference": 0.00011223633318884269,
    "VoronoiFingerprint_mean_Voro_vol_maximum": 9.705852074596793e-05,
    "ElementProperty_MagpieData_mean_MendeleevNumber": 7.771057298794217e-05,
    "AverageBondLength_std_dev_Average_bond_length": 7.669757486168679e-05,
    "ElementProperty_MagpieData_avg_dev_Electronegativity": 7.383849847121523e-05,
    "BondOrientationParameter_mean_BOOP_Q_l=2": 6.763735141575404e-05,
    "ElementProperty_MagpieData_mean_NpValence": 6.513877726128168e-05,
    "ElementProperty_MagpieData_minimum_Electronegativity": 5.9102427873740844e-05,
    "GeneralizedRDF_mean_Gaussian_center=5_0_width=1_0": 5.5853730000945904e-05,
    "ElectronegativityDiff_std_dev_EN_difference": 5.119994067253099e-05,
    "ElectronegativityDiff_mean_EN_difference": 5.0154722596496325e-05,
    "BondOrientationParameter_mean_BOOP_Q_l=3": 4.699535798245146e-05,
    "AtomicOrbitals_HOMO_element": 4.6482762915602105e-05,
    "ValenceOrbital_frac_d_valence_electrons": 4.307557369767816e-05,
    "CrystalNNFingerprint_mean_octahedral_CN_6": 4.298705034390232e-05,
    "AtomicOrbitals_LUMO_element": 4.222242817181799e-05,
    "ElementProperty_MagpieData_mean_NpUnfilled": 4.196235999697508e-05,
    "GeneralizedRDF_mean_Gaussian_center=4_0_width=1_0": 4.162123836220145e-05,
    "ElementProperty_MagpieData_range_MeltingT": 3.8215928973407056e-05,
    "ElementProperty_MagpieData_maximum_Number": 3.814941716204684e-05,
    "CrystalNNFingerprint_mean_wt_CN_6": 3.807505752067851e-05,
    "ElementProperty_MagpieData_avg_dev_CovalentRadius": 3.669838329392776e-05
}