{
    "OxidationStates_std_dev_oxidation_state": 0.028491598669100685,
    "ElementProperty_MagpieData_maximum_MeltingT": 0.023193632767932962,
    "ElementProperty_MagpieData_minimum_MendeleevNumber": 0.01410470745937591,
    "ElementProperty_MagpieData_avg_dev_MeltingT": 0.01333896640391381,
    "IonProperty_max_ionic_char": 0.013047736399337902,
    "ElementProperty_MagpieData_maximum_NdUnfilled": 0.012288909362114155,
    "ElementProperty_MagpieData_avg_dev_NdValence": 0.01148135357196117,
    "DensityFeatures_density": 0.011476885854959557,
    "ElementProperty_MagpieData_avg_dev_NpUnfilled": 0.011446677763794053,
    "ElementProperty_MagpieData_mean_NpUnfilled": 0.011367133024722233,
    "ElementProperty_MagpieData_mode_Electronegativity": 0.011242131688656273,
    "OxidationStates_maximum_oxidation_state": 0.011237022558462777,
    "CrystalNNFingerprint_std_dev_wt_CN_2": 0.01041818010598762,
    "ElementProperty_MagpieData_range_MeltingT": 0.010315001261148486,
    "ElementProperty_MagpieData_range_NdValence": 0.009991351916949791,
    "ElementProperty_MagpieData_avg_dev_CovalentRadius": 0.009800345205039012,
    "AverageBondLength_mean_Average_bond_length": 0.009091399716600512,
    "CoordinationNumber_std_dev_CN_VoronoiNN": 0.00853448310843537,
    "ElementProperty_MagpieData_maximum_CovalentRadius": 0.008187864808110934,
    "ElementProperty_MagpieData_mode_CovalentRadius": 0.008011027509196189,
    "ElementProperty_MagpieData_mean_GSbandgap": 0.007865126921052724,
    "ElectronegativityDiff_minimum_EN_difference": 0.007803413561049235,
    "ElementProperty_MagpieData_maximum_MendeleevNumber": 0.007767414075449733,
    "TMetalFraction_transition_metal_fraction": 0.007438324072223425,
    "ElementProperty_MagpieData_avg_dev_Row": 0.00735379772045939,
    "XRDPowderPattern_xrd_14": 0.007343522343795086,
    "ElementProperty_MagpieData_mean_Column": 0.0072461968824522344,
    "ValenceOrbital_frac_d_valence_electrons": 0.0070949014967933,
    "GeneralizedRDF_std_dev_Gaussian_center=3_0_width=1_0": 0.007033799381580453,
    "ElementProperty_MagpieData_avg_dev_NUnfilled": 0.006998203734112933
}