{
    "OxidationStates_std_dev_oxidation_state": 0.039077440405970075,
    "ElementProperty_MagpieData_mean_NpUnfilled": 0.02951231372514657,
    "ElementProperty_MagpieData_maximum_NUnfilled": 0.023486532301410384,
    "ElementProperty_MagpieData_maximum_MeltingT": 0.022032677954376124,
    "ElementProperty_MagpieData_mean_MeltingT": 0.01461376989638038,
    "TMetalFraction_transition_metal_fraction": 0.014332464696374456,
    "ElementProperty_MagpieData_minimum_Electronegativity": 0.013401045542327336,
    "ValenceOrbital_frac_d_valence_electrons": 0.01089037934902209,
    "MaximumPackingEfficiency_max_packing_efficiency": 0.010848517603538187,
    "ElementProperty_MagpieData_avg_dev_Column": 0.009403882344620449,
    "ElementProperty_MagpieData_mean_Column": 0.00934707279428609,
    "ElementProperty_MagpieData_mean_NUnfilled": 0.009346224483356083,
    "ElementProperty_MagpieData_avg_dev_NUnfilled": 0.00819120317870592,
    "GeneralizedRDF_mean_Gaussian_center=0_0_width=1_0": 0.008136222708105748,
    "BandCenter_band_center": 0.007906837117168452,
    "ElementProperty_MagpieData_avg_dev_NdUnfilled": 0.007844768928498384,
    "ElementProperty_MagpieData_avg_dev_CovalentRadius": 0.007568949779076648,
    "ElementProperty_MagpieData_avg_dev_GSmagmom": 0.007521000923671248,
    "ElementProperty_MagpieData_mean_MendeleevNumber": 0.007451031523190136,
    "MEGNet_OFMEncoded_v1_152": 0.007415108854663195,
    "CrystalNNFingerprint_mean_wt_CN_8": 0.0073638653352677795,
    "ElementProperty_MagpieData_maximum_CovalentRadius": 0.0069765300343881025,
    "ElementProperty_MagpieData_avg_dev_GSvolume_pa": 0.006934961603679043,
    "CrystalNNFingerprint_std_dev_wt_CN_1": 0.006760686069278763,
    "AtomicOrbitals_LUMO_energy": 0.0067572875535380295,
    "ElementProperty_MagpieData_avg_dev_MeltingT": 0.006563253945411559,
    "AGNIFingerPrint_mean_AGNI_eta=8_00e-01": 0.0063448084680733504,
    "ElementProperty_MagpieData_minimum_Column": 0.00609178981793994,
    "ElementProperty_MagpieData_maximum_NdValence": 0.0060775204431809575,
    "ElementProperty_MagpieData_mean_Electronegativity": 0.006012868147914425
}