{
    "GeneralizedRDF_mean_Gaussian_center=3_0_width=1_0": 0.19601515094945307,
    "DensityFeatures_packing_fraction": 0.1306925945951029,
    "GeneralizedRDF_mean_Gaussian_center=8_0_width=1_0": 0.12404847401066274,
    "GeneralizedRDF_mean_Gaussian_center=6_0_width=1_0": 0.09836163960458576,
    "AtomicOrbitals_HOMO_energy": 0.07353921056086303,
    "GeneralizedRDF_mean_Gaussian_center=2_0_width=1_0": 0.0729703449307219,
    "GeneralizedRDF_mean_Gaussian_center=7_0_width=1_0": 0.06847801935391158,
    "ElementProperty_MagpieData_mean_MeltingT": 0.05800916151730224,
    "ElementProperty_MagpieData_mode_CovalentRadius": 0.05748327813678283,
    "TMetalFraction_transition_metal_fraction": 0.052870869819351615,
    "MEGNet_OFMEncoded_v1_5": 0.05267411690222673,
    "ElementProperty_MagpieData_mean_GSvolume_pa": 0.04398667856833541,
    "AGNIFingerPrint_mean_AGNI_eta=1_23e+00": 0.043636622384323094,
    "YangSolidSolution_Yang_delta": 0.04345453489657905,
    "ElementProperty_MagpieData_mode_MeltingT": 0.04205974961729189,
    "CrystalNNFingerprint_mean_body-centered_cubic_CN_8": 0.040901116990792276,
    "VoronoiFingerprint_mean_Voro_dist_maximum": 0.039246249356583135,
    "ElementProperty_MagpieData_mode_NdUnfilled": 0.03830701117853385,
    "BondFractions_Ni_-_O_bond_frac_": 0.03758607445676742,
    "ElementProperty_MagpieData_mean_MendeleevNumber": 0.037320300788070554,
    "ElementProperty_MagpieData_minimum_Electronegativity": 0.03692204181087839,
    "AtomicPackingEfficiency_dist_from_5_clusters__APE____0_010": 0.031155970900970425,
    "GlobalSymmetryFeatures_spacegroup_num": 0.030828171862718374,
    "AGNIFingerPrint_mean_AGNI_eta=8_00e-01": 0.030340647783470006,
    "GeneralizedRDF_mean_Gaussian_center=5_0_width=1_0": 0.029627116215105536,
    "BondFractions_O_-_V_bond_frac_": 0.029454081667445595,
    "ElementProperty_MagpieData_maximum_MendeleevNumber": 0.028518214021596613,
    "MEGNet_OFMEncoded_v1_79": 0.02815236884863073,
    "ElementProperty_MagpieData_mean_NpUnfilled": 0.027820654731931196,
    "ElementProperty_MagpieData_mean_GSmagmom": 0.02647765863084108
}