{
    "AtomicOrbitals_HOMO_energy": 0.016975679551627248,
    "TMetalFraction_transition_metal_fraction": 0.014510531951317117,
    "ElectronegativityDiff_minimum_EN_difference": 0.014192595077320038,
    "CrystalNNFingerprint_mean_wt_CN_14": 0.012941104919670507,
    "MaximumPackingEfficiency_max_packing_efficiency": 0.01132306573147148,
    "ElementProperty_MagpieData_maximum_MendeleevNumber": 0.011272758202733638,
    "BondOrientationParameter_mean_BOOP_Q_l=3": 0.010638320665124563,
    "ElementProperty_MagpieData_maximum_CovalentRadius": 0.010096334923767021,
    "OxidationStates_minimum_oxidation_state": 0.009641949423534472,
    "ElementProperty_MagpieData_mean_MendeleevNumber": 0.008893065060297469,
    "ElementProperty_MagpieData_mean_NpUnfilled": 0.008755399360359368,
    "ChemicalOrdering_mean_ordering_parameter_shell_2": 0.007939076645843075,
    "ElementProperty_MagpieData_maximum_Number": 0.006905846474127933,
    "VoronoiFingerprint_mean_Voro_vol_maximum": 0.006650732383472251,
    "ElementProperty_MagpieData_maximum_MeltingT": 0.006569661345403909,
    "ElementProperty_MagpieData_minimum_MendeleevNumber": 0.006552178425555424,
    "ElementProperty_MagpieData_mean_Column": 0.006357999188924622,
    "ElementProperty_MagpieData_avg_dev_Column": 0.006312565263088029,
    "ElementProperty_MagpieData_avg_dev_NpUnfilled": 0.006031934567595359,
    "ElementProperty_MagpieData_mean_CovalentRadius": 0.005700227505356398,
    "ElementProperty_MagpieData_mean_NsValence": 0.005696335260913956,
    "CrystalNNFingerprint_mean_q2_CN_12": 0.005501019878917791,
    "ElementProperty_MagpieData_mean_Row": 0.0054405102588407,
    "ElectronegativityDiff_maximum_EN_difference": 0.005268619657635592,
    "ElectronegativityDiff_std_dev_EN_difference": 0.0052128761458930676,
    "ElementProperty_MagpieData_avg_dev_NpValence": 0.00518909192691296,
    "ElementProperty_MagpieData_minimum_Column": 0.005142563690327967,
    "ElementProperty_MagpieData_mean_MeltingT": 0.005137806728594088,
    "ElementProperty_MagpieData_maximum_NValence": 0.005099506341543965,
    "XRDPowderPattern_xrd_17": 0.005037908155634128
}