{
    "ElementProperty_MagpieData_avg_dev_MendeleevNumber": 0.016771021074829785,
    "ElementProperty_MagpieData_avg_dev_CovalentRadius": 0.011775975040183293,
    "TMetalFraction_transition_metal_fraction": 0.010962473647713975,
    "ElectronegativityDiff_mean_EN_difference": 0.010695645824149213,
    "ElectronegativityDiff_minimum_EN_difference": 0.010666331977194332,
    "ElementProperty_MagpieData_mean_CovalentRadius": 0.007519698484531084,
    "ElementProperty_MagpieData_mode_MendeleevNumber": 0.0062621151958257475,
    "ElementProperty_MagpieData_mean_MendeleevNumber": 0.0057709074050275476,
    "ElementProperty_MagpieData_mean_GSvolume_pa": 0.005680924286680185,
    "ElementProperty_MagpieData_maximum_CovalentRadius": 0.005615150175874958,
    "MaximumPackingEfficiency_max_packing_efficiency": 0.005091890971175779,
    "ElementProperty_MagpieData_maximum_Number": 0.004325685081865305,
    "BondOrientationParameter_mean_BOOP_Q_l=6": 0.004258304985867453,
    "ElementProperty_MagpieData_maximum_MendeleevNumber": 0.004218080847273174,
    "ElementProperty_MagpieData_avg_dev_Column": 0.003981979416588123,
    "MEGNet_OFMEncoded_v1_106": 0.0039080958188322515,
    "AGNIFingerPrint_mean_AGNI_eta=8_00e-01": 0.0038380308678857412,
    "MEGNet_OFMEncoded_v1_185": 0.0033963422591171016,
    "AtomicOrbitals_HOMO_energy": 0.0033830178961883326,
    "MEGNet_OFMEncoded_v1_186": 0.0033438311784793383,
    "ElementProperty_MagpieData_minimum_GSvolume_pa": 0.003254090263566641,
    "BondOrientationParameter_std_dev_BOOP_Q_l=3": 0.003249025786063412,
    "ElementFraction_Mn": 0.003234737194606621,
    "MEGNet_OFMEncoded_v1_55": 0.0031549436971522954,
    "ElementProperty_MagpieData_mode_NpUnfilled": 0.0030737679235077805,
    "ElementProperty_MagpieData_minimum_Electronegativity": 0.003023621490726434,
    "ElementProperty_MagpieData_avg_dev_NdValence": 0.0030165520866129642,
    "MEGNet_OFMEncoded_v1_19": 0.00297382501936337,
    "ElementProperty_MagpieData_maximum_MeltingT": 0.0029267450463841267,
    "MEGNet_OFMEncoded_v1_122": 0.0028457230275710167
}