{
    "GaussianSymmFunc_mean_G2_80_0": 0.02539511004524487,
    "AGNIFingerPrint_std_dev_AGNI_eta=8_00e-01": 0.015915877790211606,
    "ElementProperty_MagpieData_mean_NpUnfilled": 0.013973462036235302,
    "ElementProperty_MagpieData_mean_MendeleevNumber": 0.01319323360719634,
    "MaximumPackingEfficiency_max_packing_efficiency": 0.012489553349388777,
    "ElementProperty_MagpieData_maximum_CovalentRadius": 0.011857329141195198,
    "ElementProperty_MagpieData_maximum_NdValence": 0.011802526945256417,
    "AverageBondAngle_mean_Average_bond_angle": 0.011231023278664081,
    "ElementProperty_MagpieData_avg_dev_NpValence": 0.011194933791147561,
    "ElectronegativityDiff_maximum_EN_difference": 0.010912270920466394,
    "ElementProperty_MagpieData_avg_dev_NpUnfilled": 0.010879656958730718,
    "ElementProperty_MagpieData_mode_CovalentRadius": 0.010250864354666267,
    "ElementProperty_MagpieData_range_Column": 0.010056313833994314,
    "ElementFraction_O": 0.009725296038383737,
    "ElementProperty_MagpieData_avg_dev_MendeleevNumber": 0.009545287541284864,
    "TMetalFraction_transition_metal_fraction": 0.009138870095609646,
    "SineCoulombMatrix_sine_coulomb_matrix_eig_8": 0.008668074879021046,
    "MEGNet_OFMEncoded_v1_111": 0.008548908351375567,
    "ElectronegativityDiff_range_EN_difference": 0.008249084151154192,
    "YangSolidSolution_Yang_delta": 0.008011974918798423,
    "BondOrientationParameter_mean_BOOP_Q_l=9": 0.007902118906269427,
    "ElementProperty_MagpieData_maximum_MendeleevNumber": 0.007802705957087006,
    "ElementProperty_MagpieData_mode_GSbandgap": 0.007675893192818508,
    "ElementProperty_MagpieData_maximum_MeltingT": 0.00760052034788397,
    "GeneralizedRDF_mean_Gaussian_center=5_0_width=1_0": 0.0074269866152035634,
    "ElectronegativityDiff_mean_EN_difference": 0.007283269414333797,
    "ElementProperty_MagpieData_mode_MeltingT": 0.00726685678602627,
    "CoordinationNumber_std_dev_CN_VoronoiNN": 0.006960861664601018,
    "LocalPropertyDifference_mean_local_difference_in_Electronegativity": 0.0067925497752472615,
    "BondFractions_Mn_-_O_bond_frac_": 0.006765270174210094
}