{
    "AverageBondLength_mean_Average_bond_length": 0.22764005305446883,
    "ElementProperty_MagpieData_mean_NdValence": 0.07712824687296123,
    "ElementProperty_MagpieData_mean_Column": 0.05721258623672992,
    "ElementProperty_MagpieData_avg_dev_NpUnfilled": 0.04186449659234441,
    "ElementProperty_MagpieData_avg_dev_Electronegativity": 0.033522135565292495,
    "ElementProperty_MagpieData_mean_GSmagmom": 0.031178161248971274,
    "ElementProperty_MagpieData_maximum_NpUnfilled": 0.02788675276591362,
    "ElementProperty_MagpieData_minimum_Number": 0.026322483334594547,
    "ElementProperty_MagpieData_maximum_NValence": 0.026000420755457797,
    "ElementProperty_MagpieData_mean_MendeleevNumber": 0.023675893971289864,
    "AtomicOrbitals_HOMO_energy": 0.02241064187089238,
    "ElementProperty_MagpieData_avg_dev_GSmagmom": 0.02182667166141703,
    "OPSiteFingerprint_std_dev_tetrahedral_CN_4": 0.021332912007832692,
    "ElementProperty_MagpieData_minimum_NUnfilled": 0.02055668492392275,
    "AGNIFingerPrint_mean_AGNI_eta=8_00e-01": 0.020327512627574176,
    "ElementProperty_MagpieData_minimum_GSvolume_pa": 0.01989409019283476,
    "DensityFeatures_packing_fraction": 0.01988918071135868,
    "ElementProperty_MagpieData_maximum_CovalentRadius": 0.01803292370318756,
    "CoordinationNumber_std_dev_CN_VoronoiNN": 0.01756164840770481,
    "ElectronegativityDiff_mean_EN_difference": 0.017331696226834132,
    "ElementProperty_MagpieData_mode_CovalentRadius": 0.017280993853299044,
    "GeneralizedRDF_mean_Gaussian_center=4_0_width=1_0": 0.017006282896728044,
    "OPSiteFingerprint_mean_body-centered_cubic_CN_8": 0.01631978598816558,
    "BondOrientationParameter_mean_BOOP_Q_l=1": 0.015860017387552394,
    "TMetalFraction_transition_metal_fraction": 0.0156742697158357,
    "OPSiteFingerprint_std_dev_trigonal_planar_CN_3": 0.01532294389735049,
    "ValenceOrbital_frac_d_valence_electrons": 0.014432586338219625,
    "CrystalNNFingerprint_mean_tetrahedral_CN_4": 0.01442012398060724,
    "ElementProperty_MagpieData_mean_NdUnfilled": 0.014307652080353384,
    "ElementProperty_MagpieData_avg_dev_Column": 0.014102356199821179
}