{
    "ElementProperty_MagpieData_maximum_SpaceGroupNumber": 0.19317796087111935,
    "ElementFraction_Li": 0.15358040336192538,
    "ElementProperty_MagpieData_maximum_CovalentRadius": 0.12355005647689793,
    "ElementProperty_MagpieData_mode_MeltingT": 0.0873958030084351,
    "ElementProperty_MagpieData_mean_NUnfilled": 0.07772551131918631,
    "ElementFraction_Al": 0.07683341713503386,
    "ElementFraction_Cu": 0.07500877866822339,
    "ElementProperty_MagpieData_maximum_MeltingT": 0.07261969956118301,
    "ElementFraction_Ca": 0.06973960264812828,
    "ElementProperty_MagpieData_minimum_Number": 0.0666115625615765,
    "ElementProperty_MagpieData_mode_NValence": 0.06577481124360107,
    "ElementFraction_Mg": 0.06272038350201946,
    "ElementProperty_MagpieData_mode_CovalentRadius": 0.05826235025914218,
    "ElementProperty_MagpieData_mode_MendeleevNumber": 0.05663323447497786,
    "ElementProperty_MagpieData_mean_MeltingT": 0.055287992644266586,
    "ElementFraction_Au": 0.05523608295727959,
    "ElementProperty_MagpieData_minimum_MeltingT": 0.05505809855857052,
    "ElementFraction_Ge": 0.05483877796121433,
    "ValenceOrbital_frac_s_valence_electrons": 0.05346981297537443,
    "ElementProperty_MagpieData_mode_GSvolume_pa": 0.051912318139362,
    "ElementFraction_Y": 0.0496235404213067,
    "ElementFraction_Cd": 0.04860309309795841,
    "ElementFraction_Hf": 0.04847617869816218,
    "ElementProperty_MagpieData_mean_GSbandgap": 0.04784716818415648,
    "ElementProperty_MagpieData_minimum_MendeleevNumber": 0.04667876453856829,
    "ElementProperty_MagpieData_maximum_GSvolume_pa": 0.04532630587964709,
    "GeneralizedRDF_std_dev_Gaussian_center=1_0_width=1_0": 0.042671609967524456,
    "MEGNet_OFMEncoded_v1_33": 0.042402809344076316,
    "ElementProperty_MagpieData_maximum_NdUnfilled": 0.041113630864858905,
    "ElementProperty_MagpieData_mode_NUnfilled": 0.0409607751991206
}