{
    "IonProperty_avg_ionic_char": 0.7004089723954868,
    "ElementProperty_MagpieData_mode_Electronegativity": 0.496485875290593,
    "ElementProperty_MagpieData_avg_dev_CovalentRadius": 0.402937749441479,
    "GeneralizedRDF_mean_Gaussian_center=2_0_width=1_0": 0.34699578693014765,
    "ElementProperty_MagpieData_avg_dev_Electronegativity": 0.3343305456433716,
    "ElementProperty_MagpieData_avg_dev_NdUnfilled": 0.2364676960021231,
    "ElementProperty_MagpieData_maximum_Electronegativity": 0.1918490172890334,
    "ElectronegativityDiff_minimum_EN_difference": 0.1727957779864197,
    "ElementProperty_MagpieData_avg_dev_NUnfilled": 0.1548636984877021,
    "ElementProperty_MagpieData_mean_NpValence": 0.15044569344952965,
    "AGNIFingerPrint_mean_AGNI_eta=1_88e+00": 0.14697267168746883,
    "DensityFeatures_packing_fraction": 0.12985086912794788,
    "ElementProperty_MagpieData_avg_dev_MeltingT": 0.1268547994164846,
    "ElementProperty_MagpieData_maximum_NdValence": 0.12116099846191956,
    "TMetalFraction_transition_metal_fraction": 0.12035648066789556,
    "GeneralizedRDF_mean_Gaussian_center=3_0_width=1_0": 0.11670915388680173,
    "ElementProperty_MagpieData_mean_GSvolume_pa": 0.10220577742904503,
    "ElementProperty_MagpieData_mean_SpaceGroupNumber": 0.0836564027576731,
    "ElementProperty_MagpieData_maximum_MeltingT": 0.08017444139469117,
    "ElementProperty_MagpieData_mean_MendeleevNumber": 0.07862700860076677,
    "ElementProperty_MagpieData_mean_Electronegativity": 0.07846008512576728,
    "ElementProperty_MagpieData_maximum_CovalentRadius": 0.0741922179413218,
    "ValenceOrbital_frac_d_valence_electrons": 0.07081510579824997,
    "ElementProperty_MagpieData_mean_AtomicWeight": 0.06338350072068331,
    "ElementProperty_MagpieData_minimum_Number": 0.06180101504175448,
    "OxidationStates_std_dev_oxidation_state": 0.061607556041505765,
    "MEGNet_OFMEncoded_v1_58": 0.058825464408555905,
    "VoronoiFingerprint_mean_Voro_area_maximum": 0.057931612398173044,
    "Stoichiometry_10-norm": 0.057545365802097945,
    "MaximumPackingEfficiency_max_packing_efficiency": 0.0569311024710337
}