{
    "GeneralizedRDF_mean_Gaussian_center=3_0_width=1_0": 0.0017970504708761082,
    "BandCenter_band_center": 0.0008235953073006373,
    "GeneralizedRDF_mean_Gaussian_center=2_0_width=1_0": 0.000661582002865269,
    "DensityFeatures_packing_fraction": 0.00029931008374010763,
    "ElementProperty_MagpieData_mean_Column": 0.00024391749936986335,
    "ElementProperty_MagpieData_mean_NUnfilled": 0.0002305709040158761,
    "AGNIFingerPrint_mean_AGNI_eta=1_60e+01": 0.00018070044245027163,
    "ElectronegativityDiff_minimum_EN_difference": 0.0001651855337538257,
    "VoronoiFingerprint_mean_Voro_vol_maximum": 0.00016244003462433115,
    "ElementProperty_MagpieData_avg_dev_NdValence": 0.00016157326580654033,
    "ElementProperty_MagpieData_mean_Electronegativity": 0.00015556914272351436,
    "ElementProperty_MagpieData_mean_MendeleevNumber": 0.00015130783993344427,
    "GeneralizedRDF_mean_Gaussian_center=5_0_width=1_0": 0.00013486341521919753,
    "BondOrientationParameter_mean_BOOP_Q_l=2": 0.00012080179581662344,
    "ElectronegativityDiff_mean_EN_difference": 9.466443373363503e-05,
    "ElementProperty_MagpieData_maximum_NUnfilled": 9.433183275040905e-05,
    "TMetalFraction_transition_metal_fraction": 8.582464982589304e-05,
    "CrystalNNFingerprint_mean_tetrahedral_CN_4": 8.546949859184979e-05,
    "VoronoiFingerprint_mean_Voro_dist_mean": 8.072418834658129e-05,
    "ElementProperty_MagpieData_avg_dev_NUnfilled": 7.992652862413356e-05,
    "MaximumPackingEfficiency_max_packing_efficiency": 7.926003965666684e-05,
    "ElementProperty_MagpieData_minimum_Number": 7.528276334138052e-05,
    "ElementProperty_MagpieData_avg_dev_MendeleevNumber": 7.350906216138931e-05,
    "OPSiteFingerprint_std_dev_tetrahedral_CN_4": 7.226990990123224e-05,
    "ElementProperty_MagpieData_avg_dev_Column": 7.056274582095902e-05,
    "GeneralizedRDF_mean_Gaussian_center=4_0_width=1_0": 6.853523556653699e-05,
    "CrystalNNFingerprint_mean_wt_CN_2": 6.833474977884394e-05,
    "ElementProperty_MagpieData_mean_NpValence": 6.573469836650015e-05,
    "ElementProperty_MagpieData_mean_MeltingT": 6.434698432599281e-05,
    "ElementProperty_MagpieData_minimum_NUnfilled": 6.354559960187405e-05
}