{
    "BandCenter_band_center": 0.1614039745167287,
    "ElementProperty_MagpieData_mode_CovalentRadius": 0.0855318051512771,
    "GeneralizedRDF_mean_Gaussian_center=1_0_width=1_0": 0.060547158836224094,
    "ElementProperty_MagpieData_mean_MendeleevNumber": 0.05094794734278727,
    "MaximumPackingEfficiency_max_packing_efficiency": 0.04618007174088499,
    "ElementProperty_MagpieData_mean_Column": 0.0422679185735044,
    "StructuralHeterogeneity_mean_absolute_deviation_in_relative_bond_length": 0.042194722420455785,
    "ElementProperty_MagpieData_mode_MendeleevNumber": 0.03986121191242139,
    "OxidationStates_std_dev_oxidation_state": 0.039058669638180034,
    "GeneralizedRDF_std_dev_Gaussian_center=1_0_width=1_0": 0.033652808491410564,
    "ElementProperty_MagpieData_maximum_MeltingT": 0.031661356860210065,
    "DensityFeatures_packing_fraction": 0.030279872723656724,
    "AtomicOrbitals_HOMO_energy": 0.027099053045603692,
    "ElementProperty_MagpieData_avg_dev_MeltingT": 0.026697071261520457,
    "TMetalFraction_transition_metal_fraction": 0.026296360227166426,
    "AGNIFingerPrint_std_dev_AGNI_dir=x_eta=1_23e+00": 0.02608625088573377,
    "ElementProperty_MagpieData_maximum_Number": 0.025809448283702827,
    "ElementProperty_MagpieData_avg_dev_GSmagmom": 0.02578288565495063,
    "AGNIFingerPrint_std_dev_AGNI_eta=1_23e+00": 0.02557822720651103,
    "OxidationStates_maximum_oxidation_state": 0.025535281532833947,
    "ElementProperty_MagpieData_mode_SpaceGroupNumber": 0.024563081103051304,
    "OPSiteFingerprint_mean_sgl_bd_CN_1": 0.02451175051257769,
    "ElementProperty_MagpieData_mean_NpValence": 0.024042148424134678,
    "ElementProperty_MagpieData_mean_GSmagmom": 0.023511618199263944,
    "GeneralizedRDF_std_dev_Gaussian_center=0_0_width=1_0": 0.021710338190050617,
    "GeneralizedRDF_mean_Gaussian_center=2_0_width=1_0": 0.020433011994699973,
    "AtomicOrbitals_HOMO_element": 0.01933369007042739,
    "MEGNet_OFMEncoded_v1_96": 0.019063924920466463,
    "YangSolidSolution_Yang_omega": 0.019038567027152745,
    "ElementProperty_MagpieData_maximum_NValence": 0.017511658307311013
}