{
    "ElementProperty_MagpieData_mean_Electronegativity": 0.020877261347509925,
    "ElementProperty_MagpieData_mode_CovalentRadius": 0.012704734942147284,
    "ElementProperty_MagpieData_maximum_MeltingT": 0.010356358276044291,
    "ValenceOrbital_frac_d_valence_electrons": 0.007457659907500331,
    "ElementProperty_MagpieData_avg_dev_MeltingT": 0.007212473120672476,
    "ElementProperty_MagpieData_mean_NUnfilled": 0.006476720107885943,
    "GaussianSymmFunc_mean_G4_0_005_4_0_-1_0": 0.005553563929901781,
    "AtomicOrbitals_HOMO_element": 0.005352511154100121,
    "AGNIFingerPrint_mean_AGNI_eta=8_00e-01": 0.005286506859322594,
    "BondOrientationParameter_mean_BOOP_Q_l=7": 0.004747966224486148,
    "ElementProperty_MagpieData_mode_Number": 0.0045842199767411095,
    "GeneralizedRDF_mean_Gaussian_center=7_0_width=1_0": 0.004535698388464872,
    "TMetalFraction_transition_metal_fraction": 0.004475926639177132,
    "ElectronegativityDiff_minimum_EN_difference": 0.004401697832130103,
    "ElementProperty_MagpieData_mode_NUnfilled": 0.004373143717733302,
    "ElementProperty_MagpieData_mean_CovalentRadius": 0.004186733087892709,
    "OxidationStates_minimum_oxidation_state": 0.004162114892772178,
    "ElementProperty_MagpieData_range_Column": 0.0040755441134605695,
    "MaximumPackingEfficiency_max_packing_efficiency": 0.0039045825741509587,
    "ElementProperty_MagpieData_mean_Column": 0.0038741522302862806,
    "ElementProperty_MagpieData_mean_NpValence": 0.0035093143429582234,
    "ElementProperty_MagpieData_avg_dev_NpValence": 0.003461448194086137,
    "ElementProperty_MagpieData_maximum_Number": 0.0033736046931173882,
    "ElementProperty_MagpieData_mean_GSmagmom": 0.003340692153698959,
    "BondOrientationParameter_mean_BOOP_Q_l=6": 0.003302347062767244,
    "ElementProperty_MagpieData_mean_NpUnfilled": 0.003205448812979741,
    "CoordinationNumber_std_dev_CN_VoronoiNN": 0.003192310901447319,
    "ElementFraction_V": 0.0031234942976188776,
    "ElementFraction_Li": 0.0030907909357294257,
    "AtomicOrbitals_LUMO_energy": 0.0028486208428099157
}