{
    "ElementProperty_MagpieData_mean_NdUnfilled": 0.03354836812222939,
    "ElementProperty_MagpieData_mode_Electronegativity": 0.016276066174039996,
    "ElementProperty_MagpieData_avg_dev_CovalentRadius": 0.011241895213533899,
    "ElementProperty_MagpieData_mean_MendeleevNumber": 0.01046556789421456,
    "VoronoiFingerprint_mean_Voro_area_std_dev": 0.009950183537232248,
    "ElementProperty_MagpieData_mean_Column": 0.009589495597951197,
    "AtomicOrbitals_HOMO_energy": 0.008422739605710779,
    "ElementFraction_O": 0.008241068126737486,
    "TMetalFraction_transition_metal_fraction": 0.008220121041659825,
    "AverageBondAngle_mean_Average_bond_angle": 0.008049796596394505,
    "ElementProperty_MagpieData_maximum_MeltingT": 0.007919060837479477,
    "ElementProperty_MagpieData_range_MeltingT": 0.007526835256014131,
    "AGNIFingerPrint_std_dev_AGNI_dir=z_eta=8_00e-01": 0.007467547897613279,
    "ElementProperty_MagpieData_minimum_CovalentRadius": 0.007408314364457818,
    "MEGNet_OFMEncoded_v1_164": 0.007245497981155599,
    "ElementProperty_MagpieData_mode_GSvolume_pa": 0.007084227457259841,
    "CrystalNNFingerprint_std_dev_octahedral_CN_6": 0.006445628133287354,
    "AtomicOrbitals_LUMO_character": 0.006289437030340245,
    "ElementProperty_MagpieData_mode_CovalentRadius": 0.006039718186511267,
    "BondOrientationParameter_mean_BOOP_Q_l=3": 0.005509748102531925,
    "BandCenter_band_center": 0.005375737667086103,
    "MEGNet_OFMEncoded_v1_185": 0.0052466491731061726,
    "OPSiteFingerprint_mean_tetrahedral_CN_4": 0.005241433082266457,
    "MEGNet_OFMEncoded_v1_34": 0.0051929912722171595,
    "DensityFeatures_packing_fraction": 0.0051928027483213405,
    "ElementProperty_MagpieData_minimum_GSvolume_pa": 0.004815473230159479,
    "ElementProperty_MagpieData_mean_NpValence": 0.004651549371191382,
    "ElementProperty_MagpieData_mean_Row": 0.004651503893433529,
    "OxidationStates_maximum_oxidation_state": 0.00458743825974393,
    "GeneralizedRDF_std_dev_Gaussian_center=0_0_width=1_0": 0.004514441063577486
}