{
    "GeneralizedRDF_mean_Gaussian_center=1_0_width=1_0": 0.006046021130475333,
    "ElementProperty_MagpieData_mode_NpUnfilled": 0.0015863255090235822,
    "GaussianSymmFunc_mean_G2_20_0": 0.0014243189925803453,
    "ElementProperty_MagpieData_maximum_MeltingT": 0.0008284377094716481,
    "AGNIFingerPrint_mean_AGNI_eta=1_23e+00": 0.0006867327832140429,
    "ElementFraction_O": 0.0006319267783613608,
    "OxidationStates_std_dev_oxidation_state": 0.0006243289821330918,
    "ElementProperty_MagpieData_minimum_CovalentRadius": 0.0005912293365178443,
    "ElementProperty_MagpieData_mean_NpUnfilled": 0.0005468902684678403,
    "ElementFraction_H": 0.0005376829747673224,
    "ElementProperty_MagpieData_mean_Electronegativity": 0.0005095276372644529,
    "BandCenter_band_center": 0.00048519579986558144,
    "ElementProperty_MagpieData_avg_dev_Column": 0.000462157941185902,
    "ElementProperty_MagpieData_mode_NUnfilled": 0.0004587072629220877,
    "AGNIFingerPrint_mean_AGNI_eta=1_88e+00": 0.00043126590418068894,
    "MEGNet_OFMEncoded_v1_99": 0.00037691976813851886,
    "ElectronegativityDiff_minimum_EN_difference": 0.000346321674352713,
    "ElementProperty_MagpieData_mean_MeltingT": 0.00034412522789715674,
    "ElementProperty_MagpieData_minimum_Number": 0.0002868994168893253,
    "TMetalFraction_transition_metal_fraction": 0.000279086956107024,
    "GeneralizedRDF_mean_Gaussian_center=2_0_width=1_0": 0.00026624961565455406,
    "ElementProperty_MagpieData_avg_dev_Electronegativity": 0.0002575795913845119,
    "ElementProperty_MagpieData_avg_dev_MeltingT": 0.0002554073568659478,
    "ElementProperty_MagpieData_mean_NpValence": 0.0002549897921874058,
    "MEGNet_OFMEncoded_v1_87": 0.00025339185459990186,
    "GeneralizedRDF_mean_Gaussian_center=5_0_width=1_0": 0.00025073326002785005,
    "ElectronegativityDiff_mean_EN_difference": 0.00024221364386641832,
    "ValenceOrbital_frac_p_valence_electrons": 0.00022016064138279332,
    "ElementProperty_MagpieData_mean_SpaceGroupNumber": 0.00020915952559725804,
    "YangSolidSolution_Yang_delta": 0.00020778756813841958
}