{
    "TMetalFraction_transition_metal_fraction": 0.00011371364985934613,
    "AtomicOrbitals_HOMO_energy": 9.524742347417629e-05,
    "ElementProperty_MagpieData_maximum_Electronegativity": 8.018126428397613e-05,
    "ElectronegativityDiff_mean_EN_difference": 6.807567498903064e-05,
    "ElectronegativityDiff_minimum_EN_difference": 5.255093599832088e-05,
    "ElementProperty_MagpieData_mode_Electronegativity": 4.91252079002011e-05,
    "ElementProperty_MagpieData_maximum_NdUnfilled": 4.0475811626131654e-05,
    "ElementProperty_MagpieData_avg_dev_NpValence": 3.448019065286426e-05,
    "Stoichiometry_0-norm": 3.211814705259724e-05,
    "MEGNet_OFMEncoded_v1_82": 2.4882406883734096e-05,
    "ElementProperty_MagpieData_mean_NdUnfilled": 2.4791721909249946e-05,
    "ElementProperty_MagpieData_maximum_MeltingT": 2.471461868911259e-05,
    "VoronoiFingerprint_mean_Voro_dist_mean": 2.335184069434836e-05,
    "ChemicalOrdering_mean_ordering_parameter_shell_2": 2.1879484576889098e-05,
    "OPSiteFingerprint_mean_sgl_bd_CN_1": 2.021271512704036e-05,
    "OxidationStates_maximum_oxidation_state": 2.0134816078098436e-05,
    "ElementProperty_MagpieData_mean_NUnfilled": 2.0044149884180107e-05,
    "RadialDistributionFunction_radial_distribution_function_d_1_90": 1.9514092049153656e-05,
    "GeneralizedRDF_mean_Gaussian_center=3_0_width=1_0": 1.8513502296156742e-05,
    "MEGNet_OFMEncoded_v1_63": 1.82989638048597e-05,
    "ElementFraction_V": 1.796072376233397e-05,
    "GaussianSymmFunc_mean_G4_0_005_4_0_-1_0": 1.756193344999434e-05,
    "ElementProperty_MagpieData_mean_NpUnfilled": 1.755064375571146e-05,
    "ElementProperty_MagpieData_mean_MeltingT": 1.720376306448535e-05,
    "MEGNet_OFMEncoded_v1_99": 1.6984417552980956e-05,
    "MEGNet_OFMEncoded_v1_125": 1.694996974437177e-05,
    "ElementProperty_MagpieData_mean_Electronegativity": 1.615804116300811e-05,
    "ValenceOrbital_frac_d_valence_electrons": 1.6153078664030465e-05,
    "BondOrientationParameter_mean_BOOP_Q_l=2": 1.609742014754651e-05,
    "MEGNet_OFMEncoded_v1_70": 1.6081387385067852e-05
}