{
    "ValenceOrbital_frac_p_valence_electrons": 0.0006677152899655095,
    "ElementProperty_MagpieData_mean_Column": 0.0005295554402725606,
    "ElementProperty_MagpieData_minimum_CovalentRadius": 0.0004304172668541038,
    "GaussianSymmFunc_mean_G2_80_0": 0.00041237017184398464,
    "ElementProperty_MagpieData_mean_GSbandgap": 0.00039244975603324286,
    "ElementProperty_MagpieData_mode_AtomicWeight": 0.0003718923411837928,
    "ElementFraction_Ca": 0.0003669496276074477,
    "ElementProperty_MagpieData_mode_GSvolume_pa": 0.0003648156531560817,
    "ElementProperty_MagpieData_maximum_SpaceGroupNumber": 0.00035512957118877584,
    "ElementProperty_MagpieData_mode_SpaceGroupNumber": 0.0003438221774350717,
    "ElementProperty_MagpieData_mode_CovalentRadius": 0.0003418882586241089,
    "ElementFraction_In": 0.00033949652310589904,
    "ElementProperty_MagpieData_maximum_CovalentRadius": 0.0003264415968722609,
    "ElementFraction_Au": 0.00032073653436730064,
    "ElementFraction_Yb": 0.0002885081264494871,
    "ElementProperty_MagpieData_mean_CovalentRadius": 0.00026846676712552757,
    "ElementProperty_MagpieData_mean_NpValence": 0.00026492946585481177,
    "AGNIFingerPrint_mean_AGNI_eta=8_00e-01": 0.0002564288999326117,
    "ElementFraction_Bi": 0.00024796816619005206,
    "ElementProperty_MagpieData_maximum_Column": 0.00024546218670050114,
    "ElementFraction_S": 0.00024368705828348045,
    "ElementProperty_MagpieData_mean_GSmagmom": 0.0002270088332615493,
    "ElementFraction_Ni": 0.00020424830961040502,
    "ElementFraction_F": 0.0001979255591063268,
    "ElementFraction_K": 0.00019677746046368232,
    "ElementFraction_Y": 0.00018768458008413364,
    "ElementProperty_MagpieData_mode_MeltingT": 0.00017679042712886772,
    "ElementProperty_MagpieData_mode_GSbandgap": 0.00017663130757008624,
    "ElementFraction_Pd": 0.00016809804745967577,
    "ElementProperty_MagpieData_mean_NpUnfilled": 0.00015374696744523705
}