{
    "ElementProperty_MagpieData_avg_dev_NpValence": 0.023372175186887143,
    "ElementProperty_MagpieData_avg_dev_NsValence": 0.02275733343712443,
    "StructuralHeterogeneity_mean_neighbor_distance_variation": 0.01862155611222989,
    "CrystalNNFingerprint_std_dev_tetrahedral_CN_4": 0.016813003544394075,
    "DensityFeatures_packing_fraction": 0.015501022301397391,
    "AtomicOrbitals_HOMO_element": 0.014927253955930555,
    "ElementProperty_MagpieData_maximum_CovalentRadius": 0.014873809892084306,
    "ElementProperty_MagpieData_range_Column": 0.011750232589248835,
    "ElementProperty_MagpieData_mean_NsValence": 0.011460571613913666,
    "MEGNet_OFMEncoded_v1_69": 0.0113417809260932,
    "MEGNet_OFMEncoded_v1_125": 0.011193544702572191,
    "MaximumPackingEfficiency_max_packing_efficiency": 0.011071407129750226,
    "CoordinationNumber_std_dev_CN_VoronoiNN": 0.010583392281675024,
    "ElementFraction_O": 0.01052100254307621,
    "ElementProperty_MagpieData_minimum_GSvolume_pa": 0.010197886928854491,
    "ElectronegativityDiff_minimum_EN_difference": 0.010013343937004817,
    "MEGNet_OFMEncoded_v1_34": 0.009598976058095104,
    "BondOrientationParameter_mean_BOOP_Q_l=1": 0.009005978778390546,
    "ElementProperty_MagpieData_mean_NdValence": 0.008996557488976093,
    "StructuralHeterogeneity_maximum_neighbor_distance_variation": 0.008879157303629322,
    "GaussianSymmFunc_std_dev_G2_80_0": 0.008580900136456064,
    "ElementProperty_MagpieData_range_CovalentRadius": 0.007963635350589733,
    "ElementProperty_MagpieData_maximum_Number": 0.007711494399746803,
    "ElementProperty_MagpieData_mean_SpaceGroupNumber": 0.007455998869744836,
    "ElementProperty_MagpieData_mean_Column": 0.007136785483741783,
    "ChemicalOrdering_mean_ordering_parameter_shell_1": 0.007047880353159053,
    "YangSolidSolution_Yang_omega": 0.006936745764790438,
    "MEGNet_OFMEncoded_v1_133": 0.006702352137996258,
    "TMetalFraction_transition_metal_fraction": 0.006698736869886485,
    "CrystalNNFingerprint_mean_q2_CN_12": 0.006393633644437396
}