{
    "MaximumPackingEfficiency_max_packing_efficiency": 0.05259142767759113,
    "GeneralizedRDF_mean_Gaussian_center=0_0_width=1_0": 0.04936634629551718,
    "ElementProperty_MagpieData_maximum_CovalentRadius": 0.03065003704153121,
    "ElementProperty_MagpieData_mean_Column": 0.030400099342532582,
    "AGNIFingerPrint_mean_AGNI_eta=8_00e-01": 0.028133679758674115,
    "ElementProperty_MagpieData_avg_dev_NUnfilled": 0.02513413627318438,
    "ElementFraction_H": 0.02467684092252086,
    "ElementProperty_MagpieData_mean_MeltingT": 0.023093159369169784,
    "CrystalNNFingerprint_mean_trigonal_planar_CN_3": 0.021241087875660047,
    "ElementProperty_MagpieData_maximum_MeltingT": 0.02075727400880008,
    "AtomicOrbitals_LUMO_energy": 0.020150284942287263,
    "ElementProperty_MagpieData_avg_dev_Column": 0.017911246998734698,
    "ElementFraction_O": 0.015668986257689112,
    "ElementProperty_MagpieData_mean_GSbandgap": 0.01564148563195616,
    "Miedema_Miedema_deltaH_amor": 0.015309725111865404,
    "SineCoulombMatrix_sine_coulomb_matrix_eig_2": 0.015031006299934379,
    "ElementProperty_MagpieData_mean_NpUnfilled": 0.01473573007036144,
    "ElementProperty_MagpieData_mean_Row": 0.014526651181303096,
    "ElementProperty_MagpieData_avg_dev_MeltingT": 0.0138636755222606,
    "ElectronegativityDiff_std_dev_EN_difference": 0.013758966513632622,
    "OPSiteFingerprint_std_dev_trigonal_planar_CN_3": 0.013279189299064164,
    "BondOrientationParameter_std_dev_BOOP_Q_l=3": 0.01326098726127546,
    "ElementProperty_MagpieData_range_MeltingT": 0.0127689922890652,
    "CrystalNNFingerprint_mean_water-like_CN_2": 0.01248684834017521,
    "ElementProperty_MagpieData_mean_MendeleevNumber": 0.011755357448831326,
    "GaussianSymmFunc_std_dev_G2_80_0": 0.011739449620192176,
    "AGNIFingerPrint_std_dev_AGNI_dir=x_eta=4_43e+00": 0.011540281694949226,
    "ElementProperty_MagpieData_mode_Number": 0.011254308317798759,
    "ElementProperty_MagpieData_avg_dev_GSmagmom": 0.010971236104072017,
    "CoulombMatrix_coulomb_matrix_eig_0": 0.010803346245671336
}