{
    "ElementProperty_MagpieData_mode_MendeleevNumber": 0.027461668848198242,
    "ElementProperty_MagpieData_maximum_MendeleevNumber": 0.020695665764426725,
    "ElementProperty_MagpieData_minimum_GSvolume_pa": 0.01931381295355897,
    "ElementFraction_Pd": 0.017252640308172897,
    "ElementFraction_Zn": 0.014719927981520112,
    "ElementFraction_B": 0.01222053499729864,
    "ElementProperty_MagpieData_mode_GSvolume_pa": 0.00914879443406902,
    "MEGNet_OFMEncoded_v1_24": 0.007810022224479388,
    "ElementProperty_MagpieData_maximum_GSbandgap": 0.0076855868807479966,
    "ElementProperty_MagpieData_mode_Number": 0.007131188354028873,
    "ElementProperty_MagpieData_mode_MeltingT": 0.00645036812033753,
    "ElementFraction_C": 0.006344769374511651,
    "ElementProperty_MagpieData_minimum_MeltingT": 0.006283646474521954,
    "ElementProperty_MagpieData_maximum_Electronegativity": 0.005883567438045414,
    "ElementFraction_Mg": 0.005699907237669209,
    "ElementProperty_MagpieData_maximum_NpUnfilled": 0.005584373806981535,
    "ElementFraction_S": 0.005335499860587683,
    "ElementFraction_Ag": 0.005042864106198712,
    "MEGNet_OFMEncoded_v1_122": 0.004612667215785619,
    "ElementProperty_MagpieData_maximum_GSvolume_pa": 0.004515440518984473,
    "ElementProperty_MagpieData_maximum_NValence": 0.004309758334653598,
    "ElementFraction_Pb": 0.003955864976386914,
    "ElementFraction_Se": 0.003843972829775604,
    "ElementProperty_MagpieData_minimum_CovalentRadius": 0.0037879623173003294,
    "ElementProperty_MagpieData_mean_MendeleevNumber": 0.003414146126782312,
    "ElementFraction_Co": 0.0032356041863786543,
    "ElementProperty_MagpieData_mode_Electronegativity": 0.0032311099907533143,
    "AGNIFingerPrint_mean_AGNI_eta=1_23e+00": 0.0031592730950355578,
    "ElementFraction_Te": 0.003001278536194572,
    "ElementProperty_MagpieData_mean_GSbandgap": 0.002918401780232073
}