{
    "ElementProperty_MagpieData_mean_GSbandgap": 0.0057980336973244406,
    "ElementProperty_MagpieData_minimum_CovalentRadius": 0.005797204645223624,
    "ElementProperty_MagpieData_mean_NpValence": 0.005499418861257266,
    "ElementProperty_MagpieData_mode_Number": 0.005260820443130442,
    "ElementProperty_MagpieData_minimum_GSvolume_pa": 0.004114201231511137,
    "ElementFraction_S": 0.0026080876114635463,
    "ElementProperty_MagpieData_mode_CovalentRadius": 0.002051871483351818,
    "TMetalFraction_transition_metal_fraction": 0.0020247495483803157,
    "ElementProperty_MagpieData_mean_Column": 0.001920852381485086,
    "ElementProperty_MagpieData_minimum_NUnfilled": 0.0017160711689217561,
    "ElementProperty_MagpieData_maximum_SpaceGroupNumber": 0.0016571044436012458,
    "ElementFraction_F": 0.0014321831656776997,
    "GaussianSymmFunc_mean_G2_80_0": 0.0013475102205919478,
    "ElementFraction_Ca": 0.0013407392877730876,
    "ElementProperty_MagpieData_mode_GSvolume_pa": 0.0011565788665854559,
    "ElementFraction_Y": 0.0011450121450312307,
    "ElementProperty_MagpieData_avg_dev_SpaceGroupNumber": 0.0011222296796074794,
    "ElementProperty_MagpieData_avg_dev_CovalentRadius": 0.001085620124096218,
    "ElementProperty_MagpieData_maximum_CovalentRadius": 0.0010846762500516802,
    "ElementFraction_Ga": 0.0010116523775925749,
    "ElementFraction_O": 0.0009533419870286257,
    "ElementProperty_MagpieData_range_GSbandgap": 0.0009110329619483084,
    "ElementProperty_MagpieData_mean_NpUnfilled": 0.0008565087574543607,
    "ElementFraction_Yb": 0.0008518853437020789,
    "ElementFraction_Cd": 0.0008473627094916334,
    "ElementProperty_MagpieData_maximum_MendeleevNumber": 0.0007972811706574146,
    "ElementProperty_MagpieData_mode_NUnfilled": 0.0007500639017387164,
    "ElementProperty_MagpieData_mode_NpUnfilled": 0.0007143515695050912,
    "AGNIFingerPrint_mean_AGNI_eta=8_00e-01": 0.000700009002277212,
    "ElementFraction_Au": 0.000696980713475144
}