{
    "ElementFraction_Zn": 0.013802174360867366,
    "TMetalFraction_transition_metal_fraction": 0.013234447529425968,
    "ElementProperty_MagpieData_maximum_CovalentRadius": 0.012720121516182441,
    "ElementFraction_Mg": 0.011403553190001177,
    "ElementProperty_MagpieData_mode_Number": 0.010990009757175094,
    "ElementProperty_MagpieData_minimum_GSvolume_pa": 0.009529225489507758,
    "ElementProperty_MagpieData_maximum_NdUnfilled": 0.009473474008669528,
    "ElementProperty_MagpieData_minimum_Number": 0.008301573764136271,
    "ElementFraction_Li": 0.008069946819877778,
    "ElementFraction_S": 0.007208383898118871,
    "ElementFraction_Ga": 0.0070735096851387,
    "ElementProperty_MagpieData_mean_GSbandgap": 0.0069619907456108,
    "ElementProperty_MagpieData_mean_NsUnfilled": 0.006701603851501699,
    "ElementProperty_MagpieData_mean_NdUnfilled": 0.00669544104471128,
    "ElementProperty_MagpieData_maximum_GSmagmom": 0.005745229146311004,
    "ElementProperty_MagpieData_maximum_GSvolume_pa": 0.005444155551946629,
    "ElementProperty_MagpieData_mode_GSvolume_pa": 0.005372907465199663,
    "ElementProperty_MagpieData_minimum_MendeleevNumber": 0.005289192532876449,
    "ElementProperty_MagpieData_mean_GSmagmom": 0.005113131209358375,
    "ElementProperty_MagpieData_mode_CovalentRadius": 0.005018365073724076,
    "ElementProperty_MagpieData_avg_dev_GSmagmom": 0.00499722064809037,
    "ElementFraction_Br": 0.004969436102051932,
    "MEGNet_OFMEncoded_v1_80": 0.0038932493859768526,
    "ElementProperty_MagpieData_mode_NValence": 0.003831178898801037,
    "ValenceOrbital_frac_s_valence_electrons": 0.00375863482066994,
    "ElementFraction_V": 0.0036983758917167792,
    "ElementFraction_Y": 0.0036861650809655202,
    "ElementFraction_Pd": 0.0036535092197567025,
    "ElementProperty_MagpieData_maximum_MeltingT": 0.003047052934586791,
    "ElementProperty_MagpieData_minimum_CovalentRadius": 0.00299682271624015
}