{
    "ElementProperty_MagpieData_maximum_GSbandgap": 0.008120133121100234,
    "ElementProperty_MagpieData_minimum_MeltingT": 0.005953164349740477,
    "ElementProperty_MagpieData_mean_GSbandgap": 0.004946278697297422,
    "ElementFraction_Cd": 0.004848915250779764,
    "ElementProperty_MagpieData_minimum_Number": 0.004698995431561841,
    "ElementProperty_MagpieData_minimum_CovalentRadius": 0.004423845782810132,
    "ElementProperty_MagpieData_mode_MeltingT": 0.004371351637345865,
    "ElementProperty_MagpieData_mode_Electronegativity": 0.004227986252684651,
    "ElementFraction_Rh": 0.003051676101343416,
    "ElementProperty_MagpieData_mode_GSvolume_pa": 0.0029452770870537232,
    "ElementFraction_Pt": 0.0026082470050158347,
    "ElementProperty_MagpieData_mean_Column": 0.002597706718642227,
    "ElementFraction_As": 0.0023409425752975153,
    "ElementFraction_Ba": 0.002173934939281004,
    "ElementProperty_MagpieData_minimum_Electronegativity": 0.0021551352845735365,
    "ElementProperty_MagpieData_mode_MendeleevNumber": 0.0020052976017341123,
    "ElementFraction_Cl": 0.0018930321274926239,
    "ElementProperty_MagpieData_mode_GSbandgap": 0.0017362582691256656,
    "GaussianSymmFunc_std_dev_G2_80_0": 0.0017115546827983783,
    "ElementFraction_Pd": 0.0017013993029283683,
    "ElementProperty_MagpieData_avg_dev_GSbandgap": 0.0016700880598061708,
    "ElementFraction_P": 0.0015421243596385515,
    "ElementFraction_Zn": 0.0015134739086996919,
    "ElementFraction_Li": 0.0014794131797636403,
    "MEGNet_OFMEncoded_v1_177": 0.0014725654589503397,
    "MEGNet_OFMEncoded_v1_72": 0.0013930097670494753,
    "MEGNet_OFMEncoded_v1_143": 0.0013294394712160323,
    "ElementProperty_MagpieData_mode_NpUnfilled": 0.0013221079459458502,
    "ElementFraction_O": 0.0013086257819923343,
    "ElementFraction_B": 0.0012810037240143608
}