{
    "ElementProperty_MagpieData_mean_CovalentRadius": 13.16750891412211,
    "ElementFraction_O": 2.112099557592927,
    "ElementProperty_MagpieData_mean_Row": 1.7447706901432338,
    "GeneralizedRDF_mean_Gaussian_center=0_0_width=1_0": 1.631548894344524,
    "ElementProperty_MagpieData_minimum_CovalentRadius": 1.4170020214249437,
    "ElementProperty_MagpieData_mode_CovalentRadius": 0.7409878301860917,
    "ValenceOrbital_frac_p_valence_electrons": 0.7229537558899898,
    "AGNIFingerPrint_mean_AGNI_eta=8_00e-01": 0.5697109663213825,
    "ElementProperty_MagpieData_mean_SpaceGroupNumber": 0.5428310727251374,
    "ElementProperty_MagpieData_mode_SpaceGroupNumber": 0.507158125510052,
    "DensityFeatures_packing_fraction": 0.4490588381603664,
    "AGNIFingerPrint_mean_AGNI_eta=1_23e+00": 0.41507584976014616,
    "MaximumPackingEfficiency_max_packing_efficiency": 0.3398312348540251,
    "AverageBondLength_mean_Average_bond_length": 0.32970758263034383,
    "GaussianSymmFunc_mean_G2_80_0": 0.31509437985635924,
    "ElementProperty_MagpieData_avg_dev_CovalentRadius": 0.3111120766795536,
    "VoronoiFingerprint_mean_Voro_dist_minimum": 0.290897128971666,
    "ElementProperty_MagpieData_mode_NpUnfilled": 0.28233207739409566,
    "GaussianSymmFunc_mean_G2_20_0": 0.2656715550539551,
    "ElementProperty_MagpieData_avg_dev_NValence": 0.2634285514949298,
    "BandCenter_band_center": 0.24972503704576718,
    "OxidationStates_std_dev_oxidation_state": 0.23187105443620426,
    "ElementProperty_MagpieData_mean_Electronegativity": 0.22484947883725556,
    "ElementProperty_MagpieData_maximum_NdUnfilled": 0.22391785481056004,
    "ElementProperty_MagpieData_mean_Number": 0.2171773722625183,
    "ElementProperty_MagpieData_mean_NdValence": 0.21393604176744424,
    "ElementProperty_MagpieData_minimum_SpaceGroupNumber": 0.20485483770127846,
    "ElementProperty_MagpieData_mean_GSbandgap": 0.19872729910461956,
    "ElementProperty_MagpieData_mean_GSvolume_pa": 0.197940757219605,
    "ElementProperty_MagpieData_maximum_NValence": 0.19124318389959205
}