{
    "TMetalFraction_transition_metal_fraction": 0.0638562903451315,
    "ElementProperty_MagpieData_mean_MeltingT": 0.04060979949078068,
    "Miedema_Miedema_deltaH_inter": 0.013902773340939596,
    "DensityFeatures_density": 0.011754018970611254,
    "ElectronegativityDiff_maximum_EN_difference": 0.011231374481170345,
    "ElementProperty_MagpieData_avg_dev_Column": 0.01104008356223816,
    "OxidationStates_minimum_oxidation_state": 0.010182973094475899,
    "ElectronegativityDiff_minimum_EN_difference": 0.009313831374824201,
    "AtomicOrbitals_gap_AO": 0.007979465744784324,
    "MEGNet_OFMEncoded_v1_9": 0.0069632285109939044,
    "ElementProperty_MagpieData_maximum_Number": 0.006525541042931145,
    "ElectronegativityDiff_mean_EN_difference": 0.006458065759111462,
    "OPSiteFingerprint_mean_linear_CN_2": 0.006243097006913407,
    "AtomicOrbitals_HOMO_energy": 0.005941526341964981,
    "BondOrientationParameter_mean_BOOP_Q_l=5": 0.005693033782045409,
    "ValenceOrbital_frac_d_valence_electrons": 0.0052842642082491596,
    "ElementProperty_MagpieData_mean_NdUnfilled": 0.005192508077223873,
    "MEGNet_OFMEncoded_v1_86": 0.005046713522422579,
    "CrystalNNFingerprint_mean_octahedral_CN_6": 0.005026402932976688,
    "MaximumPackingEfficiency_max_packing_efficiency": 0.004955984467827925,
    "ElementProperty_MagpieData_mean_Electronegativity": 0.0048589392098230206,
    "AGNIFingerPrint_std_dev_AGNI_dir=z_eta=1_88e+00": 0.004841202665812192,
    "YangSolidSolution_Yang_delta": 0.004589253082033472,
    "ElementFraction_O": 0.0045563864034227075,
    "BondOrientationParameter_mean_BOOP_Q_l=3": 0.004484303255515815,
    "ElementProperty_MagpieData_mean_NpUnfilled": 0.004477132832213171,
    "DensityFeatures_packing_fraction": 0.00442766813821966,
    "ElementProperty_MagpieData_mode_NUnfilled": 0.00423911234254168,
    "GaussianSymmFunc_std_dev_G2_80_0": 0.004186871075110708,
    "ElementProperty_MagpieData_mean_Column": 0.004138844770211971
}