{
    "BondOrientationParameter_mean_BOOP_Q_l=2": 0.03239077136010891,
    "TMetalFraction_transition_metal_fraction": 0.03105506167677759,
    "ElementProperty_MagpieData_maximum_Electronegativity": 0.02629226376197545,
    "ElementProperty_MagpieData_mean_NpValence": 0.020786734404384423,
    "OPSiteFingerprint_mean_linear_CN_2": 0.020627312260617293,
    "MEGNet_OFMEncoded_v1_131": 0.020460703115832656,
    "GaussianSymmFunc_std_dev_G2_80_0": 0.019287253129811485,
    "CrystalNNFingerprint_mean_octahedral_CN_6": 0.01906921378978307,
    "MEGNet_OFMEncoded_v1_174": 0.018355108996863188,
    "CoordinationNumber_std_dev_CN_VoronoiNN": 0.018097099718055728,
    "GaussianSymmFunc_mean_G2_80_0": 0.01728258124001068,
    "MaximumPackingEfficiency_max_packing_efficiency": 0.01630804607100577,
    "ElementProperty_MagpieData_avg_dev_NdUnfilled": 0.016292804455169035,
    "GeneralizedRDF_std_dev_Gaussian_center=3_0_width=1_0": 0.015874861447086278,
    "ElementProperty_MagpieData_range_MeltingT": 0.015447669499955059,
    "ElementProperty_MagpieData_mean_Column": 0.015110500342234231,
    "ElementProperty_MagpieData_mean_Electronegativity": 0.015100789884754658,
    "IonProperty_max_ionic_char": 0.014585769248707805,
    "DensityFeatures_packing_fraction": 0.013575826819130698,
    "ElementProperty_MagpieData_mode_MeltingT": 0.013244470150674327,
    "AverageBondLength_mean_Average_bond_length": 0.013056273276643413,
    "ElementProperty_MagpieData_avg_dev_NpValence": 0.012604089417989659,
    "ChemicalOrdering_mean_ordering_parameter_shell_3": 0.012586562395237696,
    "StructuralHeterogeneity_minimum_neighbor_distance_variation": 0.012581113287405708,
    "CrystalNNFingerprint_mean_wt_CN_6": 0.012528075521278784,
    "ElementProperty_MagpieData_range_CovalentRadius": 0.012188316882357907,
    "ElementProperty_MagpieData_mode_Column": 0.012129464145841932,
    "ElectronegativityDiff_std_dev_EN_difference": 0.011810839397741933,
    "BondOrientationParameter_mean_BOOP_Q_l=6": 0.0112744938329973,
    "ElementProperty_MagpieData_mean_NUnfilled": 0.011051471251248002
}