{
    "ElementProperty_MagpieData_mean_MendeleevNumber": 0.03671376941759425,
    "DensityFeatures_packing_fraction": 0.03093773619220663,
    "ElementProperty_MagpieData_mean_NpUnfilled": 0.023420068768712086,
    "ElementProperty_MagpieData_avg_dev_MeltingT": 0.019333335526667682,
    "ElementProperty_MagpieData_mean_NpValence": 0.01776893039205682,
    "ElementProperty_MagpieData_maximum_MeltingT": 0.01772480827269143,
    "MEGNet_OFMEncoded_v1_93": 0.016228281854877118,
    "TMetalFraction_transition_metal_fraction": 0.015604936165453793,
    "BondFractions_Fe_-_Fe_bond_frac_": 0.015062356583346346,
    "GeneralizedRDF_mean_Gaussian_center=1_0_width=1_0": 0.014907912945198656,
    "BondOrientationParameter_mean_BOOP_Q_l=8": 0.013434200237735202,
    "OPSiteFingerprint_mean_body-centered_cubic_CN_8": 0.012639588732079361,
    "CrystalNNFingerprint_mean_body-centered_cubic_CN_8": 0.012334902618462196,
    "ElementProperty_MagpieData_avg_dev_NpValence": 0.011767390096453013,
    "MEGNet_OFMEncoded_v1_185": 0.011309373381734782,
    "GeneralizedRDF_mean_Gaussian_center=3_0_width=1_0": 0.011304354591466203,
    "ElementProperty_MagpieData_avg_dev_Column": 0.011056801675927708,
    "OPSiteFingerprint_mean_hexagonal_planar_CN_6": 0.010817909504648705,
    "ElementFraction_Cu": 0.010579669765322661,
    "ElementProperty_MagpieData_mean_MeltingT": 0.010539875813628556,
    "MEGNet_OFMEncoded_v1_19": 0.009563959070811765,
    "ValenceOrbital_frac_p_valence_electrons": 0.009555256924843904,
    "CrystalNNFingerprint_mean_tetrahedral_CN_4": 0.008991889694552823,
    "MaximumPackingEfficiency_max_packing_efficiency": 0.008892403649150065,
    "ElementProperty_MagpieData_maximum_GSbandgap": 0.008379117378229767,
    "ElementProperty_MagpieData_avg_dev_NfUnfilled": 0.0083756165002629,
    "DensityFeatures_density": 0.008179799238304423,
    "ElementProperty_MagpieData_minimum_MeltingT": 0.008161145296848683,
    "ElementProperty_MagpieData_mode_MendeleevNumber": 0.008131064070538633,
    "CrystalNNFingerprint_mean_wt_CN_14": 0.008098676582576408
}