{
    "TMetalFraction_transition_metal_fraction": 0.4600464958723779,
    "ElementProperty_MagpieData_avg_dev_Electronegativity": 0.3190857496417092,
    "ElementProperty_MagpieData_mean_NsValence": 0.19759119235905112,
    "ElementProperty_MagpieData_avg_dev_CovalentRadius": 0.14383172608191713,
    "GeneralizedRDF_mean_Gaussian_center=2_0_width=1_0": 0.1437552077520762,
    "ElectronegativityDiff_minimum_EN_difference": 0.13909908302666849,
    "ElementProperty_MagpieData_maximum_MeltingT": 0.13666943012027455,
    "GeneralizedRDF_mean_Gaussian_center=3_0_width=1_0": 0.11243145075687123,
    "MaximumPackingEfficiency_max_packing_efficiency": 0.10833135464964239,
    "BondOrientationParameter_mean_BOOP_Q_l=1": 0.10292493332925005,
    "ElementProperty_MagpieData_maximum_NValence": 0.10159219413243506,
    "LocalPropertyDifference_mean_local_difference_in_Electronegativity": 0.09679839575756508,
    "ElementProperty_MagpieData_maximum_NpUnfilled": 0.08837157082555479,
    "ElementProperty_MagpieData_mean_NdValence": 0.079360160585205,
    "BandCenter_band_center": 0.07094653081125937,
    "MEGNet_OFMEncoded_v1_115": 0.06838533244217905,
    "BondFractions_O_-_P_bond_frac_": 0.06531992709841601,
    "OxidationStates_maximum_oxidation_state": 0.0650757143924693,
    "ElementProperty_MagpieData_minimum_MendeleevNumber": 0.05647424424504318,
    "ElementProperty_MagpieData_mean_Electronegativity": 0.05491195196803108,
    "ElementProperty_MagpieData_mean_MendeleevNumber": 0.053879948368350764,
    "MEGNet_OFMEncoded_v1_102": 0.05326804045187681,
    "ElementProperty_MagpieData_range_MeltingT": 0.05236985384621167,
    "AtomicOrbitals_HOMO_element": 0.04878746608150151,
    "ElementProperty_MagpieData_avg_dev_NdUnfilled": 0.04491203373446321,
    "MEGNet_OFMEncoded_v1_58": 0.043546811919969494,
    "ElementProperty_MagpieData_minimum_Column": 0.042071854810032706,
    "ElementProperty_MagpieData_minimum_Electronegativity": 0.04108841571777907,
    "BondFractions_Fe_-_O_bond_frac_": 0.04005702670848958,
    "CrystalNNFingerprint_mean_octahedral_CN_6": 0.03926038967896866
}