{
    "ElementProperty_MagpieData_maximum_CovalentRadius": 0.00035792742729591866,
    "ElementProperty_MagpieData_mean_CovalentRadius": 0.0003290120019490732,
    "ElementProperty_MagpieData_maximum_SpaceGroupNumber": 0.00031516939713867326,
    "ElementProperty_MagpieData_mode_GSvolume_pa": 0.00028331735872576166,
    "ElementFraction_Ca": 0.0002543319738616411,
    "ElementFraction_In": 0.0002328616660380535,
    "ElementFraction_Au": 0.00020316925264534345,
    "ElementProperty_MagpieData_mean_Column": 0.0001863327636597936,
    "ElementProperty_MagpieData_mode_Number": 0.00018163305841791038,
    "ElementProperty_MagpieData_avg_dev_CovalentRadius": 0.00016916264447302065,
    "ElementProperty_MagpieData_mode_CovalentRadius": 0.0001584707693240118,
    "ElementFraction_Yb": 0.0001584284883674398,
    "TMetalFraction_transition_metal_fraction": 0.00014596715933295738,
    "GaussianSymmFunc_mean_G2_80_0": 0.00014561823211191812,
    "ElementFraction_Y": 0.00014247793934504905,
    "ElementProperty_MagpieData_mean_GSmagmom": 0.0001285914353595032,
    "ElementProperty_MagpieData_mean_GSbandgap": 0.00011338568547664582,
    "ElementFraction_S": 0.00010954842890767801,
    "ElementProperty_MagpieData_maximum_GSbandgap": 0.0001071420623208909,
    "ElementProperty_MagpieData_mode_SpaceGroupNumber": 0.00010694205571164764,
    "ElementProperty_MagpieData_maximum_NpUnfilled": 0.00010636584143432135,
    "ElementProperty_MagpieData_mean_NpValence": 0.0001061697352136157,
    "ElementProperty_MagpieData_maximum_MeltingT": 0.0001058556002361537,
    "ElementProperty_MagpieData_maximum_MendeleevNumber": 0.00010382884230995347,
    "ValenceOrbital_frac_p_valence_electrons": 0.00010232494921839801,
    "ElementFraction_Mn": 9.831756844397764e-05,
    "ElementProperty_MagpieData_mode_GSbandgap": 9.777195632671715e-05,
    "ElementFraction_Cr": 9.427271231203802e-05,
    "MEGNet_OFMEncoded_v1_23": 9.339016336670016e-05,
    "ElementProperty_MagpieData_range_CovalentRadius": 9.167733776169669e-05
}