{
    "BandCenter_band_center": 0.025221747958528964,
    "ElectronegativityDiff_maximum_EN_difference": 0.012229030664709045,
    "AtomicOrbitals_HOMO_energy": 0.0102643820396978,
    "ElementProperty_MagpieData_maximum_MeltingT": 0.009053840996693027,
    "TMetalFraction_transition_metal_fraction": 0.008943509722543206,
    "ElementProperty_MagpieData_minimum_CovalentRadius": 0.008465045584432772,
    "ElementProperty_MagpieData_avg_dev_NpValence": 0.007504650111370488,
    "OxidationStates_minimum_oxidation_state": 0.0071371243393703555,
    "GeneralizedRDF_mean_Gaussian_center=7_0_width=1_0": 0.006974738091766068,
    "MEGNet_OFMEncoded_v1_33": 0.006574530239392915,
    "ElementFraction_Cu": 0.006279992412018204,
    "AverageBondLength_std_dev_Average_bond_length": 0.006136326505780105,
    "GeneralizedRDF_mean_Gaussian_center=5_0_width=1_0": 0.006054476551065539,
    "ValenceOrbital_frac_d_valence_electrons": 0.005491208156500504,
    "ElementProperty_MagpieData_mean_GSmagmom": 0.005288735611107662,
    "ElementProperty_MagpieData_minimum_MeltingT": 0.005204060717470991,
    "MEGNet_OFMEncoded_v1_125": 0.005143861453900014,
    "ElementProperty_MagpieData_mean_Column": 0.005060403266045149,
    "VoronoiFingerprint_mean_Voro_dist_mean": 0.005035294710192003,
    "RadialDistributionFunction_radial_distribution_function_d_1_90": 0.004695423239207712,
    "MaximumPackingEfficiency_max_packing_efficiency": 0.004663814826479717,
    "GaussianSymmFunc_mean_G2_80_0": 0.004626266397078024,
    "ElementProperty_MagpieData_avg_dev_Column": 0.0046152005376548025,
    "ElementProperty_MagpieData_mean_NpValence": 0.004551015898706148,
    "ElectronegativityDiff_mean_EN_difference": 0.004340681545435598,
    "ElementProperty_MagpieData_mean_MendeleevNumber": 0.004133171517508912,
    "OxidationStates_maximum_oxidation_state": 0.00406895053395072,
    "OxidationStates_range_oxidation_state": 0.003849424702357735,
    "MEGNet_OFMEncoded_v1_163": 0.003788431677380815,
    "YangSolidSolution_Yang_omega": 0.0037519763726310312
}