{
    "Miedema_Miedema_deltaH_inter": 0.01842061148185053,
    "BondOrientationParameter_mean_BOOP_Q_l=1": 0.018264961955930695,
    "ElementProperty_MagpieData_mean_MendeleevNumber": 0.01765468143408755,
    "BondOrientationParameter_mean_BOOP_Q_l=2": 0.017646737469120797,
    "ElementProperty_MagpieData_avg_dev_Electronegativity": 0.015104657751731003,
    "MEGNet_OFMEncoded_v1_14": 0.01381067524014996,
    "ElementProperty_MagpieData_avg_dev_NpUnfilled": 0.009752823168883545,
    "ElementProperty_MagpieData_range_NdUnfilled": 0.009314059983475322,
    "ElementProperty_MagpieData_mode_Electronegativity": 0.009238994441475482,
    "ElementProperty_MagpieData_mean_NpValence": 0.009113860623259733,
    "ChemicalOrdering_mean_ordering_parameter_shell_3": 0.007714259110616178,
    "ElementProperty_MagpieData_maximum_MendeleevNumber": 0.007230284916387251,
    "ElementProperty_MagpieData_maximum_Electronegativity": 0.00674454926097753,
    "OPSiteFingerprint_mean_sgl_bd_CN_1": 0.006144779314218932,
    "CrystalNNFingerprint_std_dev_trigonal_planar_CN_3": 0.005568670927935818,
    "DensityFeatures_packing_fraction": 0.00535256992195576,
    "TMetalFraction_transition_metal_fraction": 0.0051629785714383414,
    "ElementProperty_MagpieData_mean_NUnfilled": 0.005117785672588316,
    "ElementProperty_MagpieData_avg_dev_CovalentRadius": 0.005025240763749582,
    "GeneralizedRDF_mean_Gaussian_center=3_0_width=1_0": 0.00483351582435646,
    "ElementProperty_MagpieData_range_MeltingT": 0.004595560453265531,
    "OPSiteFingerprint_std_dev_square_co-planar_CN_4": 0.004573676412259053,
    "GaussianSymmFunc_mean_G4_0_005_4_0_-1_0": 0.0045412645114157645,
    "AGNIFingerPrint_std_dev_AGNI_dir=z_eta=2_89e+00": 0.004462494282721509,
    "CrystalNNFingerprint_std_dev_wt_CN_14": 0.004404600693263625,
    "OxidationStates_std_dev_oxidation_state": 0.004355752071877062,
    "ElementProperty_MagpieData_mean_Electronegativity": 0.004156967553108092,
    "ElementProperty_MagpieData_mode_GSvolume_pa": 0.004118125068914803,
    "ElementProperty_MagpieData_avg_dev_Column": 0.003888217367685349,
    "MaximumPackingEfficiency_max_packing_efficiency": 0.0038078392980106135
}