{
    "ElementProperty_MagpieData_avg_dev_Electronegativity": 0.46282678684980116,
    "ElementProperty_MagpieData_avg_dev_CovalentRadius": 0.3786297208832941,
    "GeneralizedRDF_mean_Gaussian_center=2_0_width=1_0": 0.34724103036111,
    "ElectronegativityDiff_minimum_EN_difference": 0.34504720968064556,
    "ElementProperty_MagpieData_maximum_Electronegativity": 0.3094956242365053,
    "DensityFeatures_packing_fraction": 0.2554335051125015,
    "TMetalFraction_transition_metal_fraction": 0.2228264134847044,
    "IonProperty_avg_ionic_char": 0.2106194254336402,
    "ElementProperty_MagpieData_mean_NdUnfilled": 0.20335010124990524,
    "GeneralizedRDF_mean_Gaussian_center=3_0_width=1_0": 0.1761684052491803,
    "AGNIFingerPrint_mean_AGNI_eta=1_88e+00": 0.16206684689080172,
    "LocalPropertyDifference_mean_local_difference_in_Electronegativity": 0.14344071682508108,
    "ElementProperty_MagpieData_avg_dev_NUnfilled": 0.13920103963872874,
    "ElementProperty_MagpieData_mean_NUnfilled": 0.13688933096313205,
    "ElementProperty_MagpieData_maximum_NdValence": 0.1356257802583373,
    "ElementProperty_MagpieData_mean_GSvolume_pa": 0.13149164651076295,
    "ElementProperty_MagpieData_mean_MendeleevNumber": 0.12933158468418654,
    "ElementProperty_MagpieData_mean_MeltingT": 0.09939367667854056,
    "ElementProperty_MagpieData_mean_Column": 0.0913829943387315,
    "AtomicOrbitals_HOMO_energy": 0.09069207623058448,
    "ElementProperty_MagpieData_avg_dev_NdUnfilled": 0.08725648815951231,
    "ElementProperty_MagpieData_minimum_MendeleevNumber": 0.08495447520753728,
    "VoronoiFingerprint_mean_Voro_dist_mean": 0.08476087497208483,
    "ElementProperty_MagpieData_mean_AtomicWeight": 0.08463748777235507,
    "ElementProperty_MagpieData_avg_dev_NdValence": 0.08278905587541287,
    "ElementProperty_MagpieData_maximum_Number": 0.08193816404438646,
    "VoronoiFingerprint_mean_Voro_area_maximum": 0.07277910857159459,
    "GeneralizedRDF_mean_Gaussian_center=1_0_width=1_0": 0.071947216660478,
    "GeneralizedRDF_std_dev_Gaussian_center=1_0_width=1_0": 0.07155811756530593,
    "MEGNet_OFMEncoded_v1_171": 0.06809972069031317
}