{
    "BondOrientationParameter_mean_BOOP_Q_l=7": 0.022971571995023102,
    "TMetalFraction_transition_metal_fraction": 0.022710817288069472,
    "OPSiteFingerprint_std_dev_trigonal_planar_CN_3": 0.021165133804800496,
    "ElementProperty_MagpieData_mode_Number": 0.02109838805109799,
    "ElementProperty_MagpieData_avg_dev_NpUnfilled": 0.018837322037347334,
    "BondOrientationParameter_mean_BOOP_Q_l=3": 0.0185224925433768,
    "ElementProperty_MagpieData_avg_dev_GSvolume_pa": 0.017245544451228598,
    "AGNIFingerPrint_std_dev_AGNI_dir=z_eta=1_23e+00": 0.016744566008065592,
    "ElementProperty_MagpieData_range_NpUnfilled": 0.016259751787925103,
    "MEGNet_OFMEncoded_v1_139": 0.013171116324307484,
    "MEGNet_OFMEncoded_v1_64": 0.012482783916197745,
    "ElementProperty_MagpieData_minimum_Electronegativity": 0.010355762192410299,
    "ElementProperty_MagpieData_mean_NpValence": 0.00961438394014897,
    "ElementProperty_MagpieData_maximum_MendeleevNumber": 0.009275575866812042,
    "ElementProperty_MagpieData_mean_Column": 0.009193570898053657,
    "OxidationStates_std_dev_oxidation_state": 0.008902597691162077,
    "ElementProperty_MagpieData_minimum_GSvolume_pa": 0.008814797949835449,
    "ElementProperty_MagpieData_avg_dev_Column": 0.008598639312747274,
    "ElectronegativityDiff_minimum_EN_difference": 0.008436097258114353,
    "BondOrientationParameter_mean_BOOP_Q_l=1": 0.00836818485066083,
    "OPSiteFingerprint_std_dev_tetrahedral_CN_4": 0.007901985497404363,
    "AtomicOrbitals_HOMO_energy": 0.007462381585337015,
    "RadialDistributionFunction_radial_distribution_function_d_3_00": 0.007383122122305197,
    "ElementProperty_MagpieData_maximum_Electronegativity": 0.0073241290013848865,
    "ElementProperty_MagpieData_avg_dev_NUnfilled": 0.0071023008852985885,
    "RadialDistributionFunction_radial_distribution_function_d_2_90": 0.0070227239353200695,
    "ElementProperty_MagpieData_avg_dev_NpValence": 0.00646913872154263,
    "CrystalNNFingerprint_mean_trigonal_planar_CN_3": 0.0064634869235309705,
    "AGNIFingerPrint_std_dev_AGNI_dir=z_eta=1_88e+00": 0.006213393724783422,
    "ElementProperty_MagpieData_mode_MendeleevNumber": 0.006033202526582061
}