{
    "TMetalFraction_transition_metal_fraction": 0.21107653980002405,
    "ElementProperty_MagpieData_mean_GSvolume_pa": 0.2058777829163202,
    "ElementProperty_MagpieData_range_MeltingT": 0.1597098582462941,
    "AGNIFingerPrint_std_dev_AGNI_eta=8_00e-01": 0.11737502491554755,
    "MEGNet_OFMEncoded_v1_19": 0.10480555332599698,
    "ElementProperty_MagpieData_mean_GSmagmom": 0.08643735609420726,
    "GeneralizedRDF_mean_Gaussian_center=2_0_width=1_0": 0.07953549629312702,
    "BondFractions_Ni_-_O_bond_frac_": 0.07534051101004123,
    "ElectronegativityDiff_minimum_EN_difference": 0.07368616362328913,
    "ElementProperty_MagpieData_avg_dev_GSmagmom": 0.06892011920379006,
    "BondFractions_O_-_V_bond_frac_": 0.067047947730507,
    "DensityFeatures_packing_fraction": 0.06504344533156092,
    "BondFractions_Mn_-_O_bond_frac_": 0.06342665465636349,
    "ElementProperty_MagpieData_avg_dev_MeltingT": 0.06165760669321397,
    "MEGNet_OFMEncoded_v1_96": 0.060786066974243866,
    "GaussianSymmFunc_mean_G2_80_0": 0.059013019480248285,
    "ElementProperty_MagpieData_mean_CovalentRadius": 0.05547773006633582,
    "ElementFraction_V": 0.055033403319940506,
    "BondFractions_Fe_-_O_bond_frac_": 0.053604632895964135,
    "BondFractions_O_-_W_bond_frac_": 0.051666365795090714,
    "ElementProperty_MagpieData_avg_dev_CovalentRadius": 0.04858467652437,
    "MEGNet_OFMEncoded_v1_132": 0.04567309838779716,
    "GeneralizedRDF_mean_Gaussian_center=3_0_width=1_0": 0.043862724532962166,
    "MEGNet_OFMEncoded_v1_111": 0.04338341271424943,
    "ElementProperty_MagpieData_avg_dev_NdUnfilled": 0.042349720458696,
    "ElementProperty_MagpieData_minimum_GSvolume_pa": 0.041073712489087325,
    "ElementProperty_MagpieData_mode_NValence": 0.0402104824157261,
    "StructuralHeterogeneity_mean_neighbor_distance_variation": 0.0375843677937059,
    "ElementProperty_MagpieData_avg_dev_MendeleevNumber": 0.03578694360468016,
    "CrystalNNFingerprint_mean_octahedral_CN_6": 0.035573421760858
}