{
    "GaussianSymmFunc_mean_G2_20_0": 0.00861192273340107,
    "GeneralizedRDF_mean_Gaussian_center=1_0_width=1_0": 0.006329577288979653,
    "ElementProperty_MagpieData_mode_NUnfilled": 0.0038421633460388725,
    "ElementFraction_O": 0.0021159165405598337,
    "AGNIFingerPrint_mean_AGNI_eta=1_23e+00": 0.0018503000688754943,
    "AGNIFingerPrint_mean_AGNI_eta=1_88e+00": 0.0018242196581345347,
    "ElementProperty_MagpieData_maximum_MeltingT": 0.0016713666871892767,
    "ElementProperty_MagpieData_mean_NpUnfilled": 0.0014904632400194948,
    "OxidationStates_std_dev_oxidation_state": 0.0011556320826335495,
    "ElementProperty_MagpieData_minimum_CovalentRadius": 0.0010890368485527832,
    "ElementFraction_H": 0.0010815377117216567,
    "ElementProperty_MagpieData_mean_MeltingT": 0.0010783696413690612,
    "ElectronegativityDiff_minimum_EN_difference": 0.0009824006097135655,
    "ElementProperty_MagpieData_avg_dev_Column": 0.0009196327455621011,
    "GeneralizedRDF_mean_Gaussian_center=2_0_width=1_0": 0.0008417669554427652,
    "ElementProperty_MagpieData_avg_dev_Electronegativity": 0.0008097529402095668,
    "GeneralizedRDF_mean_Gaussian_center=5_0_width=1_0": 0.0007744268289312553,
    "MEGNet_OFMEncoded_v1_87": 0.0007069898772163499,
    "GeneralizedRDF_mean_Gaussian_center=6_0_width=1_0": 0.0007069639879946792,
    "ElementProperty_MagpieData_minimum_Column": 0.0006866708681812918,
    "ElementProperty_MagpieData_avg_dev_MeltingT": 0.0005854204200394143,
    "TMetalFraction_transition_metal_fraction": 0.0005782638046363253,
    "ElementProperty_MagpieData_mean_Electronegativity": 0.0005754481474966055,
    "MEGNet_OFMEncoded_v1_99": 0.0005706378527501809,
    "ElementProperty_MagpieData_mean_NpValence": 0.0005015611800863505,
    "ElementProperty_MagpieData_avg_dev_NpUnfilled": 0.0004864457185793937,
    "BandCenter_band_center": 0.00048578610435925554,
    "AGNIFingerPrint_std_dev_AGNI_dir=x_eta=1_23e+00": 0.0004855101220936602,
    "ElementProperty_MagpieData_minimum_Number": 0.00047562857279759567,
    "ElementProperty_MagpieData_minimum_NUnfilled": 0.0004391545914226622
}