{
    "ElementProperty_MagpieData_mode_CovalentRadius": 0.21218248995484626,
    "ElementFraction_Cd": 0.12858859292659694,
    "ElementProperty_MagpieData_minimum_CovalentRadius": 0.12025728874721608,
    "ElementFraction_Au": 0.12005446300531798,
    "ElementFraction_Mg": 0.1167606013352127,
    "ElementFraction_Cu": 0.11482710984036289,
    "ElementFraction_Sn": 0.09828121206889083,
    "ElementFraction_Pd": 0.09418887094258867,
    "ElementFraction_Li": 0.07913308510091667,
    "ElementFraction_Mn": 0.07353176616040923,
    "ElementProperty_MagpieData_mode_NValence": 0.06944564563649983,
    "ElementProperty_MagpieData_mode_GSvolume_pa": 0.0666957489056882,
    "ElementFraction_In": 0.06440191423363605,
    "ElementProperty_MagpieData_maximum_GSvolume_pa": 0.061516337817275765,
    "ElementFraction_Na": 0.06071815328072069,
    "AtomicOrbitals_HOMO_energy": 0.05857792661405644,
    "ElementFraction_As": 0.056186234566726036,
    "ElementProperty_MagpieData_mode_Number": 0.05527188498440127,
    "ElementProperty_MagpieData_maximum_Number": 0.054435677870669864,
    "ElementProperty_MagpieData_maximum_NValence": 0.05081680408543002,
    "ElementFraction_S": 0.04775038373378308,
    "ElementFraction_Y": 0.04427381348788756,
    "ElementProperty_MagpieData_minimum_Number": 0.042909899639295514,
    "ElementFraction_Ga": 0.04270406299983815,
    "ElementFraction_Te": 0.03802832842559494,
    "ElementFraction_Ti": 0.036057232064769844,
    "ElementProperty_MagpieData_maximum_NpUnfilled": 0.035878127112646735,
    "ElementFraction_Ca": 0.035494338223637276,
    "ElementProperty_MagpieData_minimum_MeltingT": 0.030333109118529104,
    "ElementFraction_Zn": 0.029611231622024187
}