{
    "ElementProperty_MagpieData_mode_Number": 0.04742660893355696,
    "AverageBondLength_mean_Average_bond_length": 0.03657197125201333,
    "ElementProperty_MagpieData_maximum_MeltingT": 0.02671608264963874,
    "ElementProperty_MagpieData_mean_MeltingT": 0.025480513949671373,
    "ElementProperty_MagpieData_mode_MeltingT": 0.012650652366467707,
    "AGNIFingerPrint_mean_AGNI_eta=1_23e+00": 0.011896748309413866,
    "ElementProperty_MagpieData_minimum_Number": 0.011648936833253076,
    "OPSiteFingerprint_std_dev_tetrahedral_CN_4": 0.011348077321404235,
    "OxidationStates_std_dev_oxidation_state": 0.011104732850517359,
    "ElementProperty_MagpieData_mean_NpValence": 0.011092166291119686,
    "MaximumPackingEfficiency_max_packing_efficiency": 0.010000364524243098,
    "MEGNet_OFMEncoded_v1_115": 0.009908211912454947,
    "AtomicOrbitals_HOMO_energy": 0.00982049366032841,
    "CrystalNNFingerprint_std_dev_octahedral_CN_6": 0.009525154902699184,
    "ChemicalOrdering_mean_ordering_parameter_shell_2": 0.00939070909577463,
    "DensityFeatures_packing_fraction": 0.009251317630916722,
    "GeneralizedRDF_std_dev_Gaussian_center=0_0_width=1_0": 0.008679486391366419,
    "ElementProperty_MagpieData_mean_NdUnfilled": 0.008403160926825306,
    "ElementProperty_MagpieData_maximum_CovalentRadius": 0.008372458194587769,
    "MEGNet_OFMEncoded_v1_19": 0.007564676364612725,
    "ElementProperty_MagpieData_mode_GSvolume_pa": 0.007497437954997521,
    "ElementProperty_MagpieData_avg_dev_NpValence": 0.007462501026409186,
    "ElementProperty_MagpieData_minimum_MendeleevNumber": 0.007443540570526415,
    "AverageBondAngle_std_dev_Average_bond_angle": 0.007273864631501866,
    "ElementProperty_MagpieData_maximum_MendeleevNumber": 0.007138411407441084,
    "GlobalSymmetryFeatures_spacegroup_num": 0.00707666306925045,
    "MEGNet_OFMEncoded_v1_45": 0.007034961569840668,
    "AtomicOrbitals_LUMO_element": 0.00689787855505093,
    "ElementFraction_Cu": 0.006658565805526273,
    "ElementProperty_MagpieData_minimum_GSvolume_pa": 0.006619578314718604
}