{
    "GaussianSymmFunc_mean_G2_80_0": 0.00016480368936724212,
    "ElementProperty_MagpieData_mean_NpValence": 0.00012283056469613877,
    "ElementProperty_MagpieData_maximum_CovalentRadius": 0.00012109825817378678,
    "ElementFraction_S": 0.00010288832233338361,
    "ElementFraction_Ca": 9.605728822724844e-05,
    "ElementProperty_MagpieData_mean_GSmagmom": 8.01035611190046e-05,
    "ElementProperty_MagpieData_maximum_SpaceGroupNumber": 7.565660133737406e-05,
    "ElementProperty_MagpieData_mean_Column": 7.390388521433788e-05,
    "ElementProperty_MagpieData_mode_GSvolume_pa": 7.29800335002508e-05,
    "ElementProperty_MagpieData_avg_dev_CovalentRadius": 7.041443900979303e-05,
    "ElementFraction_In": 6.606894828910027e-05,
    "ElementFraction_Yb": 6.537211500544294e-05,
    "ElementProperty_MagpieData_mean_CovalentRadius": 5.56251732554498e-05,
    "ElementFraction_Au": 5.433134106136291e-05,
    "ElementProperty_MagpieData_mode_GSbandgap": 5.376388477343039e-05,
    "ElementProperty_MagpieData_minimum_NUnfilled": 5.1871754579203495e-05,
    "MEGNet_OFMEncoded_v1_93": 4.918359429061001e-05,
    "ElementFraction_Y": 4.813561173524919e-05,
    "ElementProperty_MagpieData_maximum_GSbandgap": 4.5468636432630276e-05,
    "ElementFraction_F": 4.53212450603983e-05,
    "TMetalFraction_transition_metal_fraction": 4.353668073158328e-05,
    "ElementProperty_MagpieData_maximum_MendeleevNumber": 4.041199893433775e-05,
    "ElementProperty_MagpieData_avg_dev_Column": 3.88726593115318e-05,
    "ElementFraction_K": 3.880520842499251e-05,
    "ElementProperty_MagpieData_minimum_NValence": 3.8184712070661596e-05,
    "MEGNet_OFMEncoded_v1_24": 3.700380699603468e-05,
    "ElementProperty_MagpieData_mode_CovalentRadius": 3.6068956653650585e-05,
    "ElementProperty_MagpieData_minimum_CovalentRadius": 3.563405232878822e-05,
    "ElementFraction_Ni": 3.501168959949089e-05,
    "MEGNet_OFMEncoded_v1_147": 3.2639620437700264e-05
}