{
    "MaximumPackingEfficiency_max_packing_efficiency": 0.056407344546085036,
    "GeneralizedRDF_mean_Gaussian_center=3_0_width=1_0": 0.04880030980150275,
    "VoronoiFingerprint_mean_Voro_vol_maximum": 0.03533438990815682,
    "ElementProperty_MagpieData_mean_MendeleevNumber": 0.0330774904246426,
    "ElectronegativityDiff_minimum_EN_difference": 0.017789474367216458,
    "ElementProperty_MagpieData_avg_dev_NpValence": 0.014256041240621225,
    "ElementProperty_MagpieData_mean_NpUnfilled": 0.014190230925434432,
    "MEGNet_OFMEncoded_v1_116": 0.01418850202885763,
    "AtomicOrbitals_HOMO_energy": 0.01372449385070004,
    "MEGNet_OFMEncoded_v1_33": 0.013065924193487712,
    "RadialDistributionFunction_radial_distribution_function_d_1_90": 0.012529689267275466,
    "ElementProperty_MagpieData_maximum_SpaceGroupNumber": 0.012322968238591562,
    "MEGNet_OFMEncoded_v1_23": 0.012294397092937275,
    "ElementProperty_MagpieData_mode_GSvolume_pa": 0.011980066063843853,
    "ElementProperty_MagpieData_maximum_NValence": 0.011032003323360995,
    "VoronoiFingerprint_std_dev_Voro_vol_sum": 0.01060091509357116,
    "MEGNet_OFMEncoded_v1_115": 0.010284527940725213,
    "MEGNet_OFMEncoded_v1_102": 0.009902147191042803,
    "ElementProperty_MagpieData_mean_CovalentRadius": 0.009827083632005637,
    "CrystalNNFingerprint_mean_wt_CN_2": 0.00953726323779477,
    "MEGNet_OFMEncoded_v1_17": 0.009471722936227181,
    "BondOrientationParameter_std_dev_BOOP_Q_l=2": 0.009217503682202794,
    "ElementProperty_MagpieData_mean_Column": 0.008870347540741428,
    "CrystalNNFingerprint_std_dev_q2_CN_12": 0.008866652694674348,
    "TMetalFraction_transition_metal_fraction": 0.008779047684243117,
    "AtomicOrbitals_LUMO_element": 0.0085406825927427,
    "MEGNet_OFMEncoded_v1_24": 0.008460442473262848,
    "ElementProperty_MagpieData_minimum_MendeleevNumber": 0.00798784749891763,
    "BandCenter_band_center": 0.00794680306216813,
    "CrystalNNFingerprint_mean_wt_CN_14": 0.007870974289584099
}