{
    "MEGNet_OFMEncoded_v1_167": 0.015320920382573136,
    "TMetalFraction_transition_metal_fraction": 0.014043588110535838,
    "ElementProperty_MagpieData_maximum_CovalentRadius": 0.01089107049089337,
    "ElementProperty_MagpieData_mode_GSvolume_pa": 0.010728081175353484,
    "ElementProperty_MagpieData_range_MendeleevNumber": 0.009049237990532524,
    "StructuralHeterogeneity_min_relative_bond_length": 0.008125525011167945,
    "GaussianSymmFunc_std_dev_G2_80_0": 0.007558615146861296,
    "GaussianSymmFunc_std_dev_G2_20_0": 0.0074848848176184675,
    "CrystalNNFingerprint_mean_tetrahedral_CN_4": 0.007400727413782585,
    "MEGNet_OFMEncoded_v1_90": 0.007177773750369315,
    "OPSiteFingerprint_mean_pentagonal_pyramidal_CN_6": 0.007006469424670873,
    "BondOrientationParameter_mean_BOOP_Q_l=8": 0.0069927067518312114,
    "MEGNet_OFMEncoded_v1_104": 0.006849124154413651,
    "OPSiteFingerprint_mean_L-shaped_CN_2": 0.006779593848736085,
    "GaussianSymmFunc_std_dev_G2_4_0": 0.00644296724615907,
    "ElementProperty_MagpieData_mean_Electronegativity": 0.006273785532894569,
    "ElementProperty_MagpieData_maximum_MeltingT": 0.006168318380418982,
    "ElementProperty_MagpieData_maximum_NValence": 0.006055782014593337,
    "ElementProperty_MagpieData_mode_NUnfilled": 0.006020063673037913,
    "XRDPowderPattern_xrd_24": 0.006000939447767593,
    "ElementProperty_MagpieData_avg_dev_NpValence": 0.005904798405006212,
    "BondOrientationParameter_mean_BOOP_Q_l=9": 0.0058204592170326835,
    "ElementProperty_MagpieData_mean_GSbandgap": 0.005794478596694248,
    "ElectronegativityDiff_maximum_EN_difference": 0.005639703228329994,
    "AverageBondLength_std_dev_Average_bond_length": 0.005267343127074966,
    "ElementProperty_MagpieData_mode_CovalentRadius": 0.005186077613496407,
    "ElementProperty_MagpieData_mean_SpaceGroupNumber": 0.005103451057003246,
    "ElementProperty_MagpieData_mean_NpUnfilled": 0.005090201825448567,
    "ElementProperty_MagpieData_mean_MendeleevNumber": 0.0048971291520681255,
    "ElementFraction_Mg": 0.004863632857126581
}