{
    "ElementProperty_MagpieData_mode_GSvolume_pa": 0.03838327485014439,
    "ElementProperty_MagpieData_mode_NUnfilled": 0.019018788821805716,
    "ElementFraction_S": 0.016932764492352856,
    "ElementProperty_MagpieData_minimum_NUnfilled": 0.015344541599279045,
    "ElementProperty_MagpieData_minimum_GSvolume_pa": 0.012921809292555183,
    "DensityFeatures_packing_fraction": 0.012869305094793771,
    "ElementProperty_MagpieData_maximum_NValence": 0.011305026584240398,
    "ElementProperty_MagpieData_mean_NUnfilled": 0.0101235518065269,
    "ElementFraction_Cu": 0.009769950766788611,
    "ElementFraction_Cl": 0.00871366723453328,
    "ElementProperty_MagpieData_maximum_NpUnfilled": 0.008566368321937773,
    "ElementProperty_MagpieData_maximum_MendeleevNumber": 0.008494327378442601,
    "ElementProperty_MagpieData_mean_NpUnfilled": 0.008290038326165903,
    "ElementProperty_MagpieData_mode_NdValence": 0.007902501935349353,
    "ElementProperty_MagpieData_mean_NdUnfilled": 0.007645843070884494,
    "ElementFraction_Pd": 0.007564154414685111,
    "ElementFraction_Y": 0.007129169264137636,
    "ElementProperty_MagpieData_minimum_Number": 0.006798850699759608,
    "ElementProperty_MagpieData_mode_SpaceGroupNumber": 0.006613300396162724,
    "ElementFraction_F": 0.0062866780418348225,
    "ElementProperty_MagpieData_maximum_CovalentRadius": 0.0062093970815555325,
    "AtomicOrbitals_HOMO_energy": 0.005979491660741179,
    "ElementFraction_Ni": 0.005852723237800542,
    "ElementFraction_P": 0.0055000486547054995,
    "ElementProperty_MagpieData_mode_NValence": 0.005121014918943059,
    "ElementProperty_MagpieData_range_Electronegativity": 0.004582876495558793,
    "ElementFraction_Te": 0.004492543925934204,
    "ElementFraction_Cr": 0.004442595964167962,
    "ElementProperty_MagpieData_minimum_MendeleevNumber": 0.004244545295369766,
    "ElementFraction_Ca": 0.004217375376852757
}