{
    "GaussianSymmFunc_mean_G2_80_0": 0.001915981326308924,
    "ElementProperty_MagpieData_maximum_CovalentRadius": 0.0013729536483953338,
    "ElementProperty_MagpieData_mean_NpValence": 0.0010117848905995342,
    "ElementProperty_MagpieData_mean_Column": 0.0008673529969243505,
    "ElementFraction_Ca": 0.0008427515829775097,
    "ElementProperty_MagpieData_maximum_SpaceGroupNumber": 0.0008057757347406726,
    "ElementProperty_MagpieData_mean_GSmagmom": 0.0007231497526815682,
    "ElementFraction_Yb": 0.0006324050005072694,
    "ElementProperty_MagpieData_mean_CovalentRadius": 0.0006142294653328469,
    "ElementFraction_In": 0.0005978562418282799,
    "ElementFraction_S": 0.0005952654738578957,
    "ElementFraction_Au": 0.0005580171533084092,
    "ElementProperty_MagpieData_mode_CovalentRadius": 0.0005528237006459096,
    "ElementProperty_MagpieData_mode_GSbandgap": 0.0005469070698794372,
    "MEGNet_OFMEncoded_v1_147": 0.00045637904672567365,
    "ElementProperty_MagpieData_avg_dev_CovalentRadius": 0.0004290872548391038,
    "ElementFraction_Y": 0.0004259664670354361,
    "ElementProperty_MagpieData_mode_GSvolume_pa": 0.0004213439653321744,
    "TMetalFraction_transition_metal_fraction": 0.0004182669973419314,
    "ElementProperty_MagpieData_maximum_MendeleevNumber": 0.0003966697850450269,
    "ElementFraction_K": 0.00038081174716563464,
    "ElementFraction_F": 0.00034353634355815873,
    "ElementProperty_MagpieData_minimum_NValence": 0.0003296737285075281,
    "MEGNet_OFMEncoded_v1_5": 0.00032697512932504977,
    "ElementProperty_MagpieData_mode_Number": 0.0003253004718768921,
    "MEGNet_OFMEncoded_v1_93": 0.00031300781808114907,
    "ElementProperty_MagpieData_maximum_GSbandgap": 0.00028128749895678167,
    "ElementProperty_MagpieData_minimum_NUnfilled": 0.0002773672472135469,
    "ElementFraction_O": 0.00027155629787750077,
    "ElementProperty_MagpieData_maximum_Column": 0.0002699544011885928
}