{
    "DensityFeatures_density": 0.0006427747733541467,
    "CrystalNNFingerprint_mean_tetrahedral_CN_4": 0.00028114218437933717,
    "ElementProperty_MagpieData_mean_NdValence": 0.00023503509546350356,
    "BondOrientationParameter_mean_BOOP_Q_l=10": 0.00015845703188262157,
    "ChemicalOrdering_mean_ordering_parameter_shell_2": 0.00014863887536100898,
    "AtomicOrbitals_HOMO_energy": 0.00014680752137568876,
    "OPSiteFingerprint_std_dev_square_co-planar_CN_4": 0.00014672284910949288,
    "TMetalFraction_transition_metal_fraction": 0.0001442981336167617,
    "Miedema_Miedema_deltaH_inter": 0.0001404685704209248,
    "ElementProperty_MagpieData_minimum_Electronegativity": 0.00011866039076165758,
    "ElectronegativityDiff_maximum_EN_difference": 9.762555817310426e-05,
    "ElementProperty_MagpieData_mean_MeltingT": 9.558598374496292e-05,
    "OPSiteFingerprint_mean_body-centered_cubic_CN_8": 8.967638889034981e-05,
    "ElementProperty_MagpieData_minimum_Column": 8.580839030394155e-05,
    "ValenceOrbital_frac_d_valence_electrons": 8.328984169574549e-05,
    "ChemicalOrdering_mean_ordering_parameter_shell_3": 7.89766816739101e-05,
    "AGNIFingerPrint_mean_AGNI_eta=8_00e-01": 7.621213403985512e-05,
    "GeneralizedRDF_mean_Gaussian_center=0_0_width=1_0": 7.545491862976218e-05,
    "CrystalNNFingerprint_mean_linear_CN_2": 7.422206896811653e-05,
    "XRDPowderPattern_xrd_35": 7.222996446069377e-05,
    "ElementProperty_MagpieData_range_MeltingT": 6.833848270172199e-05,
    "BondFractions_Fe_-_Fe_bond_frac_": 6.825819427140069e-05,
    "ElementProperty_MagpieData_mean_NpValence": 6.779585815293425e-05,
    "AtomicOrbitals_LUMO_energy": 6.636259263771765e-05,
    "ElementProperty_MagpieData_avg_dev_NpValence": 6.546520653177795e-05,
    "RadialDistributionFunction_radial_distribution_function_d_1_90": 6.529713929518947e-05,
    "ElementProperty_MagpieData_mode_MeltingT": 6.478206630246698e-05,
    "ElementProperty_MagpieData_mean_NUnfilled": 6.428556038928955e-05,
    "XRDPowderPattern_xrd_38": 6.372255220840907e-05,
    "CrystalNNFingerprint_mean_wt_CN_9": 6.240638773595136e-05
}