{
    "GaussianSymmFunc_mean_G2_80_0": 0.00044957870759408766,
    "ElementProperty_MagpieData_mean_NpValence": 0.0004326748974909165,
    "ElementProperty_MagpieData_maximum_CovalentRadius": 0.00038618832995766474,
    "ElementProperty_MagpieData_mean_Column": 0.00037554432492256916,
    "ElementFraction_S": 0.0002994710955300492,
    "ElementFraction_Ca": 0.00028610365433699226,
    "ElementProperty_MagpieData_avg_dev_CovalentRadius": 0.00023189525069909622,
    "TMetalFraction_transition_metal_fraction": 0.0002204222972459474,
    "ElementFraction_Yb": 0.00021622527781672263,
    "ElementProperty_MagpieData_mean_GSmagmom": 0.00021268621190121163,
    "ElementProperty_MagpieData_maximum_SpaceGroupNumber": 0.00020949874223383927,
    "ElementProperty_MagpieData_maximum_MendeleevNumber": 0.0001806874978520258,
    "ElementFraction_In": 0.000179971877806535,
    "ElementProperty_MagpieData_minimum_NUnfilled": 0.00017563152493570256,
    "ElementProperty_MagpieData_mode_GSbandgap": 0.00016568015683362882,
    "ElementProperty_MagpieData_mode_CovalentRadius": 0.00015850342211734983,
    "ElementFraction_Au": 0.0001570411911059292,
    "ElementProperty_MagpieData_mean_GSbandgap": 0.0001535021868122576,
    "ElementFraction_Y": 0.00015153799892572218,
    "ElementFraction_O": 0.00012836639205382976,
    "GeneralizedRDF_mean_Gaussian_center=0_0_width=1_0": 0.0001237237333783145,
    "ElementProperty_MagpieData_maximum_GSbandgap": 0.00011743516872367265,
    "MEGNet_OFMEncoded_v1_93": 0.0001155846636559209,
    "ElementProperty_MagpieData_mode_GSvolume_pa": 0.00011059597132292729,
    "ElementProperty_MagpieData_minimum_NValence": 0.00010870026455042233,
    "ElementProperty_MagpieData_maximum_Column": 0.00010371866759953384,
    "ElementFraction_K": 0.00010181012111209021,
    "ElementProperty_MagpieData_mean_CovalentRadius": 9.979049124565599e-05,
    "ElementProperty_MagpieData_minimum_CovalentRadius": 9.763908379357683e-05,
    "ElementFraction_Ni": 8.995897863072627e-05
}