{
    "GaussianSymmFunc_mean_G2_20_0": 0.00245500003846136,
    "ElementProperty_MagpieData_mode_NUnfilled": 0.0008812738176671221,
    "AGNIFingerPrint_mean_AGNI_eta=1_23e+00": 0.0005353135890605792,
    "ElementProperty_MagpieData_maximum_MeltingT": 0.00035128107804395053,
    "GeneralizedRDF_mean_Gaussian_center=1_0_width=1_0": 0.00031768139748334983,
    "OxidationStates_std_dev_oxidation_state": 0.0002848786180244848,
    "AGNIFingerPrint_mean_AGNI_eta=1_88e+00": 0.000252036555155151,
    "ElementProperty_MagpieData_mean_NpUnfilled": 0.00023742730681602977,
    "ElementProperty_MagpieData_mean_MeltingT": 0.0002284024876682447,
    "GeneralizedRDF_mean_Gaussian_center=2_0_width=1_0": 0.00022285912355667317,
    "GeneralizedRDF_mean_Gaussian_center=8_0_width=1_0": 0.00020669073632866,
    "ElectronegativityDiff_minimum_EN_difference": 0.00019316980509575269,
    "ElementProperty_MagpieData_avg_dev_Electronegativity": 0.00018739098789709695,
    "ElementFraction_O": 0.00016549330674981133,
    "ElementFraction_H": 0.0001640469606840881,
    "MEGNet_OFMEncoded_v1_87": 0.00015736195958141402,
    "ElementProperty_MagpieData_mean_Electronegativity": 0.0001466423778913314,
    "ElementProperty_MagpieData_minimum_Number": 0.00014283082206152984,
    "ElementProperty_MagpieData_minimum_CovalentRadius": 0.00014187980132103888,
    "MEGNet_OFMEncoded_v1_99": 0.00013771826250964778,
    "ElementProperty_MagpieData_mean_Column": 0.0001342118331022827,
    "ElementProperty_MagpieData_avg_dev_Column": 0.00012360138353749428,
    "ElementProperty_MagpieData_avg_dev_MeltingT": 0.00011488900043600437,
    "ElementProperty_MagpieData_minimum_Column": 0.0001110553075732056,
    "GeneralizedRDF_mean_Gaussian_center=5_0_width=1_0": 0.00011055817211291388,
    "MEGNet_OFMEncoded_v1_15": 0.00010679928521093911,
    "GeneralizedRDF_mean_Gaussian_center=9_0_width=1_0": 0.00010669565159049214,
    "BandCenter_band_center": 0.00010469408491001619,
    "ElementProperty_MagpieData_mean_GSbandgap": 0.00010259698141496761,
    "MEGNet_OFMEncoded_v1_6": 9.915563618249371e-05
}