{
    "ElementProperty_MagpieData_avg_dev_CovalentRadius": 0.02586008511505848,
    "TMetalFraction_transition_metal_fraction": 0.023602383030357086,
    "ElementProperty_MagpieData_mean_NpValence": 0.020717664565006597,
    "ElementProperty_MagpieData_range_MeltingT": 0.0204364917693285,
    "ElementProperty_MagpieData_maximum_MeltingT": 0.019298193766247803,
    "AverageBondLength_mean_Average_bond_length": 0.018960911546007868,
    "AtomicOrbitals_LUMO_energy": 0.017484649120756285,
    "GeneralizedRDF_mean_Gaussian_center=3_0_width=1_0": 0.016518886547341103,
    "ElementProperty_MagpieData_avg_dev_NdUnfilled": 0.015244517555999705,
    "ElementProperty_MagpieData_maximum_NUnfilled": 0.014976836433991678,
    "ElementProperty_MagpieData_mean_MendeleevNumber": 0.012689854945523396,
    "AtomicOrbitals_HOMO_energy": 0.012298816782022475,
    "ElementProperty_MagpieData_mode_GSbandgap": 0.0120554495102741,
    "ElementProperty_MagpieData_mean_Column": 0.01153415291639612,
    "ElementProperty_MagpieData_range_NdUnfilled": 0.011433740007995997,
    "GeneralizedRDF_mean_Gaussian_center=4_0_width=1_0": 0.008756622006364649,
    "ElementProperty_MagpieData_avg_dev_MendeleevNumber": 0.008224022498059749,
    "VoronoiFingerprint_mean_Voro_vol_std_dev": 0.007606897881563241,
    "GeneralizedRDF_mean_Gaussian_center=5_0_width=1_0": 0.007412485859271853,
    "MEGNet_OFMEncoded_v1_136": 0.007234576780776531,
    "ElementProperty_MagpieData_mean_MeltingT": 0.007231469303085734,
    "AGNIFingerPrint_std_dev_AGNI_dir=z_eta=1_60e+01": 0.007152324109179969,
    "ElementFraction_Mg": 0.007111691968269328,
    "DensityFeatures_packing_fraction": 0.00706711260899038,
    "MEGNet_OFMEncoded_v1_79": 0.0068046933819776514,
    "MEGNet_OFMEncoded_v1_70": 0.006688377768730849,
    "GeneralizedRDF_mean_Gaussian_center=1_0_width=1_0": 0.006611259344009669,
    "BondOrientationParameter_mean_BOOP_Q_l=1": 0.006565278267808615,
    "ElectronegativityDiff_minimum_EN_difference": 0.006478416618563972,
    "ElementProperty_MagpieData_avg_dev_GSvolume_pa": 0.006453276861291562
}