{
    "ElementProperty_MagpieData_mean_MeltingT": 0.08186516916539013,
    "ElementProperty_MagpieData_mean_NUnfilled": 0.04244151918480515,
    "ElectronegativityDiff_maximum_EN_difference": 0.03128345487403593,
    "TMetalFraction_transition_metal_fraction": 0.024496647880816402,
    "ElectronegativityDiff_minimum_EN_difference": 0.023016821103900548,
    "IonProperty_avg_ionic_char": 0.022121774720467908,
    "MEGNet_OFMEncoded_v1_54": 0.016794872641493725,
    "ElementProperty_MagpieData_mean_Electronegativity": 0.016010842259403076,
    "ElementProperty_MagpieData_mean_Column": 0.014849044124069706,
    "BondOrientationParameter_mean_BOOP_Q_l=6": 0.012116685886792504,
    "CrystalNNFingerprint_mean_tetrahedral_CN_4": 0.01165913597217645,
    "ElectronegativityDiff_mean_EN_difference": 0.011064053967106061,
    "Stoichiometry_2-norm": 0.010308881822003138,
    "ElementProperty_MagpieData_range_Electronegativity": 0.010064054435084535,
    "BondOrientationParameter_mean_BOOP_Q_l=10": 0.009845994408762444,
    "CrystalNNFingerprint_std_dev_octahedral_CN_6": 0.009788086623744046,
    "ElementProperty_MagpieData_maximum_NdUnfilled": 0.00945504182554469,
    "ElementProperty_MagpieData_mode_NUnfilled": 0.00925325068755179,
    "MEGNet_OFMEncoded_v1_19": 0.008886824688524472,
    "ElementProperty_MagpieData_mode_MendeleevNumber": 0.008730622250463276,
    "CrystalNNFingerprint_mean_wt_CN_14": 0.008684651204042815,
    "AtomicOrbitals_gap_AO": 0.008598736594933543,
    "ElementProperty_MagpieData_maximum_Number": 0.00855078337242879,
    "AtomicOrbitals_HOMO_energy": 0.008411930185772165,
    "AGNIFingerPrint_std_dev_AGNI_dir=z_eta=2_89e+00": 0.008353442166297726,
    "ElementProperty_MagpieData_avg_dev_NdUnfilled": 0.008295081824250587,
    "ElementProperty_MagpieData_avg_dev_NValence": 0.008250833034635965,
    "ElementProperty_MagpieData_mean_MendeleevNumber": 0.008232788180364582,
    "AGNIFingerPrint_std_dev_AGNI_dir=x_eta=4_43e+00": 0.008120947455642014,
    "ElementProperty_MagpieData_mean_NpUnfilled": 0.008011600719329607
}