{
    "ElementProperty_MagpieData_mean_MeltingT": 0.05455948237769449,
    "TMetalFraction_transition_metal_fraction": 0.049758032466971074,
    "ElementProperty_MagpieData_minimum_Electronegativity": 0.04860424088879108,
    "ElementProperty_MagpieData_mode_NUnfilled": 0.047739614690009716,
    "ElementProperty_MagpieData_mode_SpaceGroupNumber": 0.03274732922037237,
    "ElementProperty_MagpieData_mean_NUnfilled": 0.028480878635368603,
    "OxidationStates_std_dev_oxidation_state": 0.02639150425862647,
    "ElementProperty_MagpieData_minimum_NUnfilled": 0.02406845601118121,
    "DensityFeatures_packing_fraction": 0.023626614712792045,
    "ElementProperty_MagpieData_mean_NdUnfilled": 0.0232101021460551,
    "LocalPropertyDifference_std_dev_local_difference_in_Electronegativity": 0.02163864622430934,
    "ElementProperty_MagpieData_range_MeltingT": 0.02133469464859691,
    "OxidationStates_maximum_oxidation_state": 0.021145774511943157,
    "YangSolidSolution_Yang_omega": 0.02104232596816061,
    "MEGNet_OFMEncoded_v1_13": 0.019711048983221367,
    "RadialDistributionFunction_radial_distribution_function_d_1_90": 0.018956048676704185,
    "ElementProperty_MagpieData_avg_dev_GSbandgap": 0.018539831610204307,
    "ElementProperty_MagpieData_minimum_MendeleevNumber": 0.018479239738303836,
    "AverageBondAngle_mean_Average_bond_angle": 0.01817451322031817,
    "ElectronegativityDiff_std_dev_EN_difference": 0.017502903842312626,
    "Stoichiometry_7-norm": 0.01616000502210374,
    "ElementProperty_MagpieData_maximum_MeltingT": 0.016152922753450132,
    "ElementProperty_MagpieData_maximum_CovalentRadius": 0.015569973229300097,
    "ElementProperty_MagpieData_mean_NpValence": 0.015381201732831848,
    "CrystalNNFingerprint_mean_wt_CN_3": 0.01536836522228995,
    "OxidationStates_minimum_oxidation_state": 0.014926993524496177,
    "IonProperty_avg_ionic_char": 0.014732719296281789,
    "CrystalNNFingerprint_mean_wt_CN_14": 0.01425442617968612,
    "MEGNet_OFMEncoded_v1_166": 0.01423385412606109,
    "MEGNet_OFMEncoded_v1_92": 0.014012009779526748
}