{
    "MEGNet_OFMEncoded_v1_147": 0.05837473480561998,
    "MEGNet_OFMEncoded_v1_71": 0.036847880640449235,
    "ChemicalOrdering_mean_ordering_parameter_shell_2": 0.03001162201040724,
    "BondOrientationParameter_mean_BOOP_Q_l=2": 0.029787878049192213,
    "MEGNet_OFMEncoded_v1_172": 0.025413195582155608,
    "ElementProperty_MagpieData_maximum_MeltingT": 0.023916994151297905,
    "MEGNet_OFMEncoded_v1_72": 0.022706590156430055,
    "AverageBondLength_std_dev_Average_bond_length": 0.021091211028163855,
    "TMetalFraction_transition_metal_fraction": 0.019637233670143417,
    "StructuralHeterogeneity_mean_absolute_deviation_in_relative_cell_size": 0.017370538814363793,
    "ElementProperty_MagpieData_range_NdValence": 0.014818502460105933,
    "ElementProperty_MagpieData_maximum_MendeleevNumber": 0.014191722825515063,
    "ElectronegativityDiff_mean_EN_difference": 0.013354347808031491,
    "GeneralizedRDF_mean_Gaussian_center=3_0_width=1_0": 0.013288376871643626,
    "MEGNet_OFMEncoded_v1_86": 0.013285751275931438,
    "ElementProperty_MagpieData_mean_NdUnfilled": 0.01306098030117312,
    "ElementProperty_MagpieData_mode_MeltingT": 0.012813138758340382,
    "ElectronegativityDiff_range_EN_difference": 0.01256650088612445,
    "ElementProperty_MagpieData_range_MeltingT": 0.011800440737796281,
    "ElementProperty_MagpieData_avg_dev_SpaceGroupNumber": 0.011603985560923869,
    "ValenceOrbital_frac_d_valence_electrons": 0.011532368380670201,
    "ElementProperty_MagpieData_minimum_Electronegativity": 0.010393755762667609,
    "MEGNet_OFMEncoded_v1_19": 0.00990488005676404,
    "ElementProperty_MagpieData_mean_NpUnfilled": 0.009867239981577772,
    "CrystalNNFingerprint_mean_octahedral_CN_6": 0.009845359101691273,
    "CrystalNNFingerprint_mean_hexagonal_bipyramidal_CN_8": 0.009843857800784585,
    "DensityFeatures_packing_fraction": 0.009623213842782205,
    "Stoichiometry_0-norm": 0.00925603592114005,
    "ElementProperty_MagpieData_avg_dev_CovalentRadius": 0.009128870847224019,
    "ElementProperty_MagpieData_avg_dev_NdValence": 0.00907752431599553
}