{
    "ElementFraction_Mg": 0.02363370480264639,
    "ElementProperty_MagpieData_mode_MeltingT": 0.016152731549461615,
    "ElementProperty_MagpieData_mode_SpaceGroupNumber": 0.014975478366817613,
    "ElementFraction_Fe": 0.009057885109706322,
    "ElementFraction_Zn": 0.008795534649085487,
    "ElementProperty_MagpieData_minimum_Electronegativity": 0.00773774527527237,
    "ElementFraction_P": 0.00763421572158748,
    "ElementFraction_Al": 0.007041198940759616,
    "ElementProperty_MagpieData_minimum_GSvolume_pa": 0.007000308967862748,
    "ElementProperty_MagpieData_minimum_SpaceGroupNumber": 0.006913656006860195,
    "MEGNet_OFMEncoded_v1_14": 0.006873174826277568,
    "ElementProperty_MagpieData_maximum_MeltingT": 0.00677905370127763,
    "ElementFraction_Sn": 0.006634923690881565,
    "ElementProperty_MagpieData_mode_GSvolume_pa": 0.006480852789604873,
    "ElementProperty_MagpieData_maximum_MendeleevNumber": 0.006433434601088822,
    "ElementFraction_Na": 0.005786944892738701,
    "ElementProperty_MagpieData_mode_Number": 0.004623890526737385,
    "ElementFraction_Au": 0.004565025224836391,
    "ElementProperty_MagpieData_mode_NUnfilled": 0.004403163174299748,
    "ElementFraction_Cd": 0.004364060990709647,
    "ElementProperty_MagpieData_maximum_Number": 0.004043333349497309,
    "ElementFraction_S": 0.0039248085871922975,
    "ElementProperty_MagpieData_mode_NValence": 0.0038826575154646847,
    "ElementFraction_B": 0.003869170288389708,
    "ElementFraction_Sb": 0.003865214515158944,
    "ElementFraction_Sr": 0.003819833606897838,
    "ElementFraction_Ta": 0.0037253436142957196,
    "ElementProperty_MagpieData_minimum_CovalentRadius": 0.003517214502637901,
    "ElementProperty_MagpieData_maximum_NValence": 0.0035117394626232186,
    "ElementFraction_Cl": 0.0029279634845868173
}