{
    "ElementProperty_MagpieData_avg_dev_NUnfilled": 0.01935876490574412,
    "ElementProperty_MagpieData_avg_dev_NpValence": 0.012155800919071568,
    "GaussianSymmFunc_std_dev_G4_0_005_4_0_-1_0": 0.007649337731144178,
    "DensityFeatures_packing_fraction": 0.006989644338436382,
    "BondOrientationParameter_std_dev_BOOP_Q_l=3": 0.0069719232286304614,
    "ElementProperty_MagpieData_mean_CovalentRadius": 0.006754953982782686,
    "TMetalFraction_transition_metal_fraction": 0.006433754186801594,
    "ElementProperty_MagpieData_range_MeltingT": 0.006239205884221871,
    "ElementProperty_MagpieData_mean_GSmagmom": 0.0060690354308233834,
    "ElementProperty_MagpieData_maximum_MeltingT": 0.006046064711350679,
    "GeneralizedRDF_mean_Gaussian_center=0_0_width=1_0": 0.005307678936885436,
    "ElementProperty_MagpieData_minimum_Column": 0.005243633828173047,
    "ElementProperty_MagpieData_maximum_CovalentRadius": 0.005064920701468785,
    "AtomicOrbitals_HOMO_energy": 0.005011968611691223,
    "ElementProperty_MagpieData_mode_MeltingT": 0.00490711103432469,
    "ElementProperty_MagpieData_minimum_MeltingT": 0.004773118281293627,
    "ElementProperty_MagpieData_mean_NpUnfilled": 0.004574243688990104,
    "ElementProperty_MagpieData_avg_dev_NpUnfilled": 0.004500637060304625,
    "AverageBondAngle_mean_Average_bond_angle": 0.004376256784125587,
    "ElementProperty_MagpieData_avg_dev_GSvolume_pa": 0.004318210275055251,
    "ElectronegativityDiff_minimum_EN_difference": 0.004267627652204833,
    "ElementProperty_MagpieData_avg_dev_MeltingT": 0.004190510045836075,
    "BondFractions_Cr_-_Cr_bond_frac_": 0.004012633942947389,
    "ElementProperty_MagpieData_mean_MeltingT": 0.0038499938801909582,
    "ElementProperty_MagpieData_mean_Electronegativity": 0.0037190986386919506,
    "ElementProperty_MagpieData_mean_Column": 0.0036679204570532714,
    "ElementProperty_MagpieData_minimum_NUnfilled": 0.0035797581702251813,
    "ElementProperty_MagpieData_avg_dev_Column": 0.003557435770072498,
    "XRDPowderPattern_xrd_36": 0.003536399807161406,
    "CrystalNNFingerprint_mean_hexagonal_planar_CN_6": 0.0035210455174600926
}