{
    "ElementProperty_MagpieData_mode_MeltingT": 0.053613942177076386,
    "ElementProperty_MagpieData_minimum_MeltingT": 0.03012412220853311,
    "ElementProperty_MagpieData_maximum_Electronegativity": 0.013709131831502885,
    "ElementProperty_MagpieData_mode_SpaceGroupNumber": 0.010839395316586732,
    "ElementFraction_Co": 0.010797783082500864,
    "ElementProperty_MagpieData_mode_Electronegativity": 0.008970870703653752,
    "ElementProperty_MagpieData_maximum_MendeleevNumber": 0.008510443142576133,
    "ElementProperty_MagpieData_minimum_SpaceGroupNumber": 0.006474041501400811,
    "ElementFraction_Se": 0.005416480268780348,
    "ElementFraction_Au": 0.004993313078715579,
    "ElementProperty_MagpieData_mean_SpaceGroupNumber": 0.004641845112579137,
    "ElementFraction_Sb": 0.004312761312727122,
    "ElementProperty_MagpieData_mode_GSvolume_pa": 0.004275769373275408,
    "ElementProperty_MagpieData_mode_Number": 0.003916541680167628,
    "ElementFraction_Fe": 0.003912624691173839,
    "ElementFraction_O": 0.003586413050963256,
    "ValenceOrbital_frac_s_valence_electrons": 0.0030735090606465658,
    "ElementProperty_MagpieData_maximum_MeltingT": 0.0030491546112937948,
    "ElementFraction_S": 0.0025363079500611728,
    "ElementFraction_Pd": 0.0025130746153088144,
    "ElementFraction_Na": 0.002493018391223736,
    "AtomicOrbitals_HOMO_energy": 0.0024759788930472856,
    "ElementProperty_MagpieData_mean_GSmagmom": 0.002418752956327599,
    "ElementFraction_C": 0.002390861076255178,
    "ElementFraction_Cu": 0.0023449112340721556,
    "ElementFraction_Ba": 0.002337240563621748,
    "ElementProperty_MagpieData_mode_MendeleevNumber": 0.002283181812171864,
    "MEGNet_OFMEncoded_v1_119": 0.00215904074187378,
    "ElementProperty_MagpieData_mean_MeltingT": 0.002142631822190462,
    "ElementFraction_I": 0.002128452025911758
}