{
    "GeneralizedRDF_mean_Gaussian_center=3_0_width=1_0": 0.0004807236027007737,
    "BandCenter_band_center": 0.00023617555720386373,
    "GeneralizedRDF_mean_Gaussian_center=2_0_width=1_0": 0.00017578527378559532,
    "DensityFeatures_packing_fraction": 7.973583096963888e-05,
    "ElementProperty_MagpieData_mean_MendeleevNumber": 7.209925715425835e-05,
    "ElementProperty_MagpieData_mean_Column": 6.707841583570732e-05,
    "ElementProperty_MagpieData_mean_NUnfilled": 6.585902126816421e-05,
    "GeneralizedRDF_mean_Gaussian_center=5_0_width=1_0": 5.3265678142519115e-05,
    "AGNIFingerPrint_mean_AGNI_eta=1_60e+01": 5.1026600425690926e-05,
    "ElementProperty_MagpieData_avg_dev_NdValence": 4.527462213549365e-05,
    "ElectronegativityDiff_mean_EN_difference": 4.23131794192e-05,
    "ElectronegativityDiff_minimum_EN_difference": 4.1656387186781174e-05,
    "VoronoiFingerprint_mean_Voro_vol_maximum": 4.1264487195081624e-05,
    "OPSiteFingerprint_std_dev_tetrahedral_CN_4": 3.5391370152336734e-05,
    "GaussianSymmFunc_mean_G2_0_05": 3.36126950437493e-05,
    "ElementProperty_MagpieData_mean_Electronegativity": 3.2522798853768696e-05,
    "BondOrientationParameter_mean_BOOP_Q_l=2": 3.1303613036753896e-05,
    "VoronoiFingerprint_mean_Voro_dist_mean": 3.12561695328508e-05,
    "ElementProperty_MagpieData_avg_dev_NUnfilled": 3.108482836070739e-05,
    "TMetalFraction_transition_metal_fraction": 2.9520675757076976e-05,
    "ElementProperty_MagpieData_mean_NpValence": 2.8065238488347543e-05,
    "ElementProperty_MagpieData_avg_dev_MendeleevNumber": 2.5811549303810555e-05,
    "CrystalNNFingerprint_mean_wt_CN_2": 2.344988338542976e-05,
    "ElementProperty_MagpieData_maximum_NUnfilled": 2.336868548860678e-05,
    "ElementProperty_MagpieData_mode_MendeleevNumber": 2.1884040062093023e-05,
    "CrystalNNFingerprint_mean_tetrahedral_CN_4": 2.0911965130260003e-05,
    "MaximumPackingEfficiency_max_packing_efficiency": 2.036168615803326e-05,
    "ChemicalOrdering_mean_ordering_parameter_shell_1": 1.9756465357232145e-05,
    "ElementProperty_MagpieData_maximum_MendeleevNumber": 1.9716147615342004e-05,
    "ElementProperty_MagpieData_mean_CovalentRadius": 1.9611372152714115e-05
}