{
    "ElementProperty_MagpieData_mode_Electronegativity": 0.041678117320715365,
    "ElementProperty_MagpieData_minimum_GSvolume_pa": 0.015202798366611571,
    "ElementProperty_MagpieData_mode_MendeleevNumber": 0.013709943184353366,
    "ElementProperty_MagpieData_maximum_Electronegativity": 0.010813392418101668,
    "ElementProperty_MagpieData_minimum_MendeleevNumber": 0.008984198102051434,
    "ElementProperty_MagpieData_mean_NpUnfilled": 0.008550249949994678,
    "ElementFraction_Al": 0.008339167561316578,
    "ElementProperty_MagpieData_minimum_Column": 0.008049127894098342,
    "ElementFraction_Pd": 0.007848812660647181,
    "ElementFraction_F": 0.0074152761103292355,
    "ElementProperty_MagpieData_mean_NUnfilled": 0.007242789547305461,
    "ElementFraction_Pb": 0.006672371723295811,
    "ElementProperty_MagpieData_mode_GSvolume_pa": 0.0061230549418779204,
    "ElementFraction_Sr": 0.005991853772815591,
    "ElementFraction_Ba": 0.005966689689944962,
    "ElementFraction_Te": 0.00577726010739948,
    "ElementFraction_Sn": 0.005614959951971891,
    "ElementFraction_As": 0.005209183703501086,
    "ElementProperty_MagpieData_maximum_MendeleevNumber": 0.00520448461873945,
    "ElementProperty_MagpieData_maximum_Number": 0.005107344611552403,
    "ElementProperty_MagpieData_mean_GSbandgap": 0.004589851327930468,
    "ElementProperty_MagpieData_avg_dev_GSbandgap": 0.004543493683327312,
    "ElementFraction_Cd": 0.004380747776054015,
    "ElementFraction_Mg": 0.0038929656431959934,
    "ElementProperty_MagpieData_maximum_MeltingT": 0.0038189767410623304,
    "ElementProperty_MagpieData_mode_NValence": 0.003816911798765938,
    "ElementFraction_Mo": 0.003654675585382527,
    "AtomicOrbitals_HOMO_energy": 0.0036126396051324866,
    "ElementFraction_Co": 0.003507289680608253,
    "ElementProperty_MagpieData_mode_GSbandgap": 0.00346615648907069
}