{
    "ElementFraction_Mg": 0.304463460407992,
    "ElementProperty_MagpieData_minimum_NUnfilled": 0.2708027731742791,
    "ElementProperty_MagpieData_mean_GSmagmom": 0.25211050489332465,
    "ElementFraction_Pd": 0.1704173449384523,
    "ElementProperty_MagpieData_mean_NfValence": 0.16400910823930012,
    "ElementProperty_MagpieData_mode_NUnfilled": 0.14322141887593803,
    "ElementFraction_V": 0.1289979478194625,
    "ElementProperty_MagpieData_mean_NpUnfilled": 0.11032526226730127,
    "ElementFraction_Co": 0.10763522892682102,
    "MEGNet_OFMEncoded_v1_97": 0.10582552599162066,
    "ElementProperty_MagpieData_maximum_SpaceGroupNumber": 0.09968476478390505,
    "ElementProperty_MagpieData_maximum_NdUnfilled": 0.09788863920151936,
    "ElementProperty_MagpieData_minimum_MendeleevNumber": 0.0746590718154272,
    "MEGNet_OFMEncoded_v1_118": 0.07136463490512579,
    "ElementFraction_Ru": 0.07005231017470907,
    "ElementProperty_MagpieData_mode_MendeleevNumber": 0.06809588409908467,
    "MEGNet_OFMEncoded_v1_40": 0.06625548843939658,
    "ElementProperty_MagpieData_mode_GSvolume_pa": 0.06524482471358474,
    "ElementProperty_MagpieData_mode_NValence": 0.06462791800256522,
    "ElementFraction_Al": 0.061137384567118966,
    "ElementFraction_Mo": 0.061053251518644804,
    "ElementProperty_MagpieData_mode_CovalentRadius": 0.06068860199603071,
    "ElementProperty_MagpieData_mode_Number": 0.054423426271259165,
    "ElementProperty_MagpieData_maximum_Number": 0.05104870402934125,
    "ElementProperty_MagpieData_mean_NsUnfilled": 0.05057891325607179,
    "ElementProperty_MagpieData_minimum_CovalentRadius": 0.05023521815882621,
    "ElementProperty_MagpieData_maximum_NfValence": 0.04893388154484986,
    "BandCenter_band_center": 0.04598680406093236,
    "ElementFraction_Li": 0.04516499941172089,
    "ElementFraction_Cu": 0.0438463818311452
}