{
    "DensityFeatures_packing_fraction": 0.03488303499524167,
    "ElementProperty_MagpieData_mode_MeltingT": 0.02587316801877584,
    "AGNIFingerPrint_std_dev_AGNI_eta=1_23e+00": 0.0200233082579809,
    "ElementProperty_MagpieData_minimum_GSvolume_pa": 0.01871144697710213,
    "ElementProperty_MagpieData_mode_GSvolume_pa": 0.018065166876688212,
    "AGNIFingerPrint_mean_AGNI_eta=8_00e-01": 0.017478698798512403,
    "ElectronegativityDiff_mean_EN_difference": 0.017459541461333217,
    "ElementProperty_MagpieData_mean_Column": 0.01703859590648566,
    "ElementProperty_MagpieData_minimum_Electronegativity": 0.016358891187265363,
    "ElementProperty_MagpieData_minimum_MeltingT": 0.015465762789435721,
    "ElementProperty_MagpieData_mean_NdUnfilled": 0.015206730583182731,
    "ElementProperty_MagpieData_maximum_NUnfilled": 0.014336812706758878,
    "MEGNet_OFMEncoded_v1_166": 0.013693227453598208,
    "ElementProperty_MagpieData_mean_MendeleevNumber": 0.013497344265864469,
    "GaussianSymmFunc_std_dev_G2_80_0": 0.013327818063043045,
    "VoronoiFingerprint_mean_Voro_vol_maximum": 0.012767458364784523,
    "CrystalNNFingerprint_std_dev_linear_CN_2": 0.011925259217945608,
    "OPSiteFingerprint_std_dev_octahedral_CN_6": 0.011357668710675686,
    "CrystalNNFingerprint_std_dev_trigonal_non-coplanar_CN_3": 0.011128369766320525,
    "ElementFraction_S": 0.01095770486189206,
    "Stoichiometry_3-norm": 0.010931258220132568,
    "ElectronegativityDiff_maximum_EN_difference": 0.01086325534607091,
    "CrystalNNFingerprint_mean_body-centered_cubic_CN_8": 0.01041256553784377,
    "TMetalFraction_transition_metal_fraction": 0.010352345445265872,
    "AGNIFingerPrint_std_dev_AGNI_eta=8_00e-01": 0.010284197424226389,
    "ElementFraction_V": 0.00998278817383223,
    "ElementProperty_MagpieData_range_CovalentRadius": 0.009950597306111945,
    "ElementProperty_MagpieData_mean_Electronegativity": 0.009757662592170358,
    "ElementProperty_MagpieData_mean_NpValence": 0.009206531343240149,
    "ElementProperty_MagpieData_avg_dev_GSmagmom": 0.008956708765985196
}