{
    "MaximumPackingEfficiency_max_packing_efficiency": 0.044351749138056645,
    "OPSiteFingerprint_mean_sgl_bd_CN_1": 0.0326046155856873,
    "TMetalFraction_transition_metal_fraction": 0.029870654452701786,
    "CrystalNNFingerprint_mean_octahedral_CN_6": 0.02001611398843638,
    "ElementProperty_MagpieData_mean_GSbandgap": 0.018995028180802676,
    "BondOrientationParameter_mean_BOOP_Q_l=2": 0.016998023135705087,
    "AverageBondLength_std_dev_Average_bond_length": 0.01594499987863199,
    "ElementProperty_MagpieData_mean_GSmagmom": 0.014884967759010253,
    "GeneralizedRDF_std_dev_Gaussian_center=6_0_width=1_0": 0.013696408451234677,
    "ElementProperty_MagpieData_avg_dev_CovalentRadius": 0.012571359461952796,
    "MEGNet_OFMEncoded_v1_55": 0.012500390208344137,
    "MEGNet_OFMEncoded_v1_54": 0.012025194912770844,
    "OPSiteFingerprint_std_dev_tetrahedral_CN_4": 0.01172834180422088,
    "AGNIFingerPrint_std_dev_AGNI_dir=y_eta=8_00e-01": 0.011019532826151994,
    "ElementProperty_MagpieData_minimum_GSvolume_pa": 0.010941558318015408,
    "OxidationStates_maximum_oxidation_state": 0.010781049104854654,
    "ElementProperty_MagpieData_maximum_MeltingT": 0.010764959276486607,
    "ElementProperty_MagpieData_mean_Column": 0.010422488473075187,
    "AtomicPackingEfficiency_mean_abs_simul__packing_efficiency": 0.009983670499815352,
    "GaussianSymmFunc_mean_G2_80_0": 0.009938764808848937,
    "ElementProperty_MagpieData_mean_NdValence": 0.009580439964504205,
    "ElementProperty_MagpieData_mean_NdUnfilled": 0.009532009259436282,
    "MEGNet_OFMEncoded_v1_166": 0.009525644654189647,
    "ElementProperty_MagpieData_avg_dev_MendeleevNumber": 0.008892104961022043,
    "GeneralizedRDF_mean_Gaussian_center=1_0_width=1_0": 0.008702806221788349,
    "SineCoulombMatrix_sine_coulomb_matrix_eig_5": 0.008653276368068105,
    "RadialDistributionFunction_radial_distribution_function_d_2_50": 0.00852014436799633,
    "BondFractions_Fe_-_Fe_bond_frac_": 0.00808238004275841,
    "ElementProperty_MagpieData_range_MendeleevNumber": 0.007835049328283461,
    "MEGNet_OFMEncoded_v1_19": 0.007779841929480881
}