{
    "MEGNet_OFMEncoded_v1_122": 0.0126622939574759,
    "ElementProperty_MagpieData_mean_NsUnfilled": 0.011429456060163814,
    "ElementFraction_F": 0.011076849991994719,
    "ElementProperty_MagpieData_maximum_MeltingT": 0.010098513480711351,
    "ElementFraction_Li": 0.007570045945700242,
    "ElementProperty_MagpieData_maximum_Number": 0.006867435249414938,
    "ElementFraction_Pb": 0.006603768996456083,
    "ElementProperty_MagpieData_maximum_Electronegativity": 0.006416083175604864,
    "ElementFraction_S": 0.005390823687646177,
    "ElementProperty_MagpieData_minimum_Electronegativity": 0.005107221471659649,
    "ElementFraction_Ta": 0.004958251594426458,
    "ElementProperty_MagpieData_maximum_GSvolume_pa": 0.004493201777545248,
    "ElementFraction_Ba": 0.004135292437096653,
    "ElementFraction_Cl": 0.0038316319172369143,
    "ElementFraction_Be": 0.0036196140997629927,
    "ElementProperty_MagpieData_mode_MeltingT": 0.0035292662025913288,
    "ElementFraction_Ni": 0.0034532765366719702,
    "ElementProperty_MagpieData_maximum_NUnfilled": 0.003445938361061291,
    "ElementFraction_Nb": 0.003346185529707858,
    "ElementProperty_MagpieData_maximum_NValence": 0.0033300718838322366,
    "ElementProperty_MagpieData_minimum_MendeleevNumber": 0.0030918526143471556,
    "ElementFraction_Y": 0.0029627200051012613,
    "ElementProperty_MagpieData_mean_NpUnfilled": 0.0029320885629609485,
    "ElementFraction_Cr": 0.0029156493265340058,
    "MEGNet_OFMEncoded_v1_177": 0.0028544674715794633,
    "ElementFraction_Pd": 0.002844983564207297,
    "ElementProperty_MagpieData_mode_GSvolume_pa": 0.002838810999775451,
    "MEGNet_OFMEncoded_v1_87": 0.0028206816474390384,
    "ElementFraction_Ti": 0.00253857321851767,
    "ElementProperty_MagpieData_mode_MendeleevNumber": 0.002473129513458815
}