{
    "TMetalFraction_transition_metal_fraction": 0.0404888076885104,
    "ElementProperty_MagpieData_mean_MendeleevNumber": 0.027794751311805976,
    "AtomicOrbitals_LUMO_character": 0.016584251589640418,
    "AGNIFingerPrint_std_dev_AGNI_dir=y_eta=8_00e-01": 0.015618897077977532,
    "ElementProperty_MagpieData_avg_dev_Electronegativity": 0.015453039978199612,
    "ElementProperty_MagpieData_mean_NpUnfilled": 0.011444448836327762,
    "ElementProperty_MagpieData_maximum_CovalentRadius": 0.009642450424257085,
    "DensityFeatures_packing_fraction": 0.008974146043093047,
    "CrystalNNFingerprint_mean_octahedral_CN_6": 0.008817395219952262,
    "ElementProperty_MagpieData_avg_dev_NpValence": 0.00876787786842474,
    "CrystalNNFingerprint_mean_bent_150_degrees_CN_2": 0.0084117356893262,
    "GeneralizedRDF_std_dev_Gaussian_center=0_0_width=1_0": 0.008369626847961808,
    "AGNIFingerPrint_std_dev_AGNI_eta=4_43e+00": 0.007978343556156054,
    "BondOrientationParameter_mean_BOOP_Q_l=6": 0.007642852564137378,
    "ElementProperty_MagpieData_mean_NpValence": 0.007307128068823321,
    "AtomicOrbitals_LUMO_energy": 0.007302303211832748,
    "ElementProperty_MagpieData_avg_dev_MendeleevNumber": 0.0071692535455449655,
    "MEGNet_OFMEncoded_v1_84": 0.006974487165908321,
    "ElectronegativityDiff_maximum_EN_difference": 0.006927452384746299,
    "BondFractions_O_-_V_bond_frac_": 0.00688573130607284,
    "ElementFraction_H": 0.006877171930574534,
    "SineCoulombMatrix_sine_coulomb_matrix_eig_7": 0.006826784412770666,
    "ElementProperty_MagpieData_avg_dev_NpUnfilled": 0.006637981068861172,
    "ElementProperty_MagpieData_mean_GSmagmom": 0.006608398297526292,
    "GaussianSymmFunc_std_dev_G2_4_0": 0.006504455134748189,
    "RadialDistributionFunction_radial_distribution_function_d_1_90": 0.006408790188094558,
    "ElementFraction_Cu": 0.0063234130813712465,
    "MaximumPackingEfficiency_max_packing_efficiency": 0.006279225852112143,
    "ElementProperty_MagpieData_maximum_NValence": 0.00605748293382548,
    "MEGNet_OFMEncoded_v1_163": 0.005704500779876088
}