{
    "DensityFeatures_density": 0.0001929556841851293,
    "TMetalFraction_transition_metal_fraction": 7.998860619157756e-05,
    "CrystalNNFingerprint_mean_tetrahedral_CN_4": 7.08942088792562e-05,
    "Miedema_Miedema_deltaH_inter": 6.735052129934927e-05,
    "ElementProperty_MagpieData_mean_NdValence": 6.098284639044884e-05,
    "BondOrientationParameter_mean_BOOP_Q_l=10": 4.312588315716015e-05,
    "ChemicalOrdering_mean_ordering_parameter_shell_3": 4.050293028074759e-05,
    "OPSiteFingerprint_std_dev_square_co-planar_CN_4": 3.7963388639834245e-05,
    "AtomicOrbitals_HOMO_energy": 3.781505617172299e-05,
    "ChemicalOrdering_mean_ordering_parameter_shell_2": 3.541826262429765e-05,
    "StructuralHeterogeneity_min_relative_bond_length": 3.413936533193525e-05,
    "OPSiteFingerprint_mean_body-centered_cubic_CN_8": 3.281380191949273e-05,
    "ElementProperty_MagpieData_mean_MeltingT": 3.080986649352988e-05,
    "ElementProperty_MagpieData_minimum_MendeleevNumber": 2.924829749695945e-05,
    "ElementProperty_MagpieData_minimum_Electronegativity": 2.4388525459032257e-05,
    "OPSiteFingerprint_mean_L-shaped_CN_2": 2.3636457418640602e-05,
    "BondOrientationParameter_mean_BOOP_Q_l=8": 2.2442580899613235e-05,
    "ElementProperty_MagpieData_mode_MeltingT": 2.1886961125734047e-05,
    "ElementProperty_MagpieData_minimum_Column": 2.1829013211728607e-05,
    "ElementProperty_MagpieData_range_MeltingT": 2.173265602207928e-05,
    "ElementProperty_MagpieData_avg_dev_Column": 2.1717153539529207e-05,
    "ElectronegativityDiff_minimum_EN_difference": 2.1600797433362873e-05,
    "GeneralizedRDF_mean_Gaussian_center=9_0_width=1_0": 2.155576475267871e-05,
    "GaussianSymmFunc_mean_G2_80_0": 2.0979123054271874e-05,
    "GlobalSymmetryFeatures_spacegroup_num": 2.064529980680114e-05,
    "MEGNet_OFMEncoded_v1_72": 2.0433119962187108e-05,
    "GeneralizedRDF_mean_Gaussian_center=3_0_width=1_0": 1.9909861090052864e-05,
    "ValenceOrbital_frac_d_valence_electrons": 1.9717158325516988e-05,
    "RadialDistributionFunction_radial_distribution_function_d_1_90": 1.92308116659503e-05,
    "ValenceOrbital_frac_p_valence_electrons": 1.869801513718302e-05
}