{
    "ElementProperty_MagpieData_range_Electronegativity": 0.4939447659875262,
    "AGNIFingerPrint_mean_AGNI_eta=8_00e-01": 0.40770961146959167,
    "GaussianSymmFunc_std_dev_G2_80_0": 0.292895234438449,
    "TMetalFraction_transition_metal_fraction": 0.24150201621695294,
    "ValenceOrbital_frac_p_valence_electrons": 0.2182041843293126,
    "GeneralizedRDF_std_dev_Gaussian_center=0_0_width=1_0": 0.21683881457969126,
    "MEGNet_OFMEncoded_v1_79": 0.16071023082878366,
    "MaximumPackingEfficiency_max_packing_efficiency": 0.14844227650502362,
    "YangSolidSolution_Yang_delta": 0.1338966389174584,
    "ElementProperty_MagpieData_mode_Electronegativity": 0.12163679141146314,
    "BondOrientationParameter_mean_BOOP_Q_l=2": 0.11715598007779683,
    "ElementProperty_MagpieData_mean_NpUnfilled": 0.11419473346549071,
    "ElementProperty_MagpieData_avg_dev_GSvolume_pa": 0.11294497732299723,
    "MEGNet_OFMEncoded_v1_75": 0.1018982748221489,
    "GeneralizedRDF_mean_Gaussian_center=3_0_width=1_0": 0.09683349735599807,
    "ElementProperty_MagpieData_maximum_Electronegativity": 0.0949179174288827,
    "MEGNet_OFMEncoded_v1_62": 0.09481224792057169,
    "ElementProperty_MagpieData_minimum_MendeleevNumber": 0.08810619197170763,
    "GeneralizedRDF_mean_Gaussian_center=1_0_width=1_0": 0.08772388998573158,
    "ElementFraction_V": 0.08730158260788211,
    "ElementProperty_MagpieData_mean_GSmagmom": 0.08407284776715522,
    "ElementProperty_MagpieData_mean_NUnfilled": 0.08343779180880945,
    "ElementProperty_MagpieData_mean_MeltingT": 0.07523508943737217,
    "AtomicOrbitals_HOMO_element": 0.06821617029101926,
    "GaussianSymmFunc_std_dev_G2_20_0": 0.06726851308997585,
    "ElementProperty_MagpieData_maximum_GSvolume_pa": 0.06424581440202204,
    "ElementProperty_MagpieData_mean_NdUnfilled": 0.06280217538939763,
    "MEGNet_OFMEncoded_v1_19": 0.06139181544110709,
    "GeneralizedRDF_mean_Gaussian_center=0_0_width=1_0": 0.05976650290727555,
    "ElectronegativityDiff_mean_EN_difference": 0.05965491614936411
}