{
    "ElementProperty_MagpieData_avg_dev_NpValence": 0.0006620644540188479,
    "GeneralizedRDF_mean_Gaussian_center=5_0_width=1_0": 0.0006339178410447242,
    "ValenceOrbital_frac_d_valence_electrons": 0.00047588174561875965,
    "ElementProperty_MagpieData_mean_MeltingT": 0.0004140237956479868,
    "TMetalFraction_transition_metal_fraction": 0.0003880903197648455,
    "ElementProperty_MagpieData_maximum_MeltingT": 0.0003798338794708877,
    "ElementProperty_MagpieData_avg_dev_NpUnfilled": 0.00034802084382997746,
    "GeneralizedRDF_mean_Gaussian_center=4_0_width=1_0": 0.0002809013531663908,
    "ElementProperty_MagpieData_avg_dev_Column": 0.00027332629992737813,
    "ElementProperty_MagpieData_range_MeltingT": 0.0002552152633622062,
    "BondOrientationParameter_std_dev_BOOP_Q_l=1": 0.00024395096419304213,
    "ElementProperty_MagpieData_minimum_MendeleevNumber": 0.0002374754809081746,
    "ElementProperty_MagpieData_avg_dev_NdValence": 0.00021607428472141769,
    "ElementProperty_MagpieData_mean_Column": 0.00020872338730636535,
    "ElementProperty_MagpieData_minimum_Electronegativity": 0.0002065956391254693,
    "ElementProperty_MagpieData_avg_dev_MeltingT": 0.00019148992276207873,
    "CrystalNNFingerprint_mean_linear_CN_2": 0.00018563313788490203,
    "MEGNet_OFMEncoded_v1_132": 0.00018188866536755576,
    "ElementProperty_MagpieData_avg_dev_NUnfilled": 0.00017181300610677602,
    "AtomicOrbitals_LUMO_energy": 0.00016709075343859136,
    "GaussianSymmFunc_std_dev_G4_0_005_4_0_-1_0": 0.00015815725073557008,
    "OPSiteFingerprint_mean_bent_150_degrees_CN_2": 0.00015076283044061547,
    "ElementProperty_MagpieData_avg_dev_CovalentRadius": 0.00014838647605395054,
    "MEGNet_OFMEncoded_v1_67": 0.00014497334405793035,
    "ElementProperty_MagpieData_mean_GSvolume_pa": 0.00014467748918607873,
    "ElementProperty_MagpieData_minimum_Number": 0.00013915304531047032,
    "MEGNet_OFMEncoded_v1_5": 0.00013528811055476677,
    "VoronoiFingerprint_std_dev_Voro_vol_mean": 0.00013446579953182918,
    "ElementProperty_MagpieData_mean_NdUnfilled": 0.00013326692613452258,
    "MEGNet_OFMEncoded_v1_134": 0.0001320562504026586
}