{
    "ElementProperty_MagpieData_mean_NpValence": 0.0011422024606647172,
    "GaussianSymmFunc_mean_G2_80_0": 0.0009468199649563657,
    "ElementProperty_MagpieData_mean_Column": 0.0008356372663354128,
    "ElementProperty_MagpieData_maximum_CovalentRadius": 0.000718008302283045,
    "ElementFraction_Ca": 0.0006529249608114478,
    "ElementFraction_S": 0.0006335203569347676,
    "ElementProperty_MagpieData_mode_CovalentRadius": 0.0006026171638764164,
    "ElementProperty_MagpieData_mode_GSbandgap": 0.0005358593129121223,
    "ElementFraction_Yb": 0.0005083210806052343,
    "ElementProperty_MagpieData_mean_GSmagmom": 0.0004834060346832938,
    "TMetalFraction_transition_metal_fraction": 0.00045842482269664646,
    "ElementProperty_MagpieData_avg_dev_CovalentRadius": 0.0004447448683412388,
    "ElementFraction_In": 0.00041449287255055744,
    "ElementProperty_MagpieData_maximum_SpaceGroupNumber": 0.00040193876025590317,
    "ElementProperty_MagpieData_maximum_Column": 0.0003840802517262776,
    "ElementProperty_MagpieData_mode_GSvolume_pa": 0.00038328941576085243,
    "ElementFraction_Au": 0.0003760271742840134,
    "MEGNet_OFMEncoded_v1_5": 0.0003340524874068879,
    "ElementFraction_Y": 0.00032755427493419604,
    "ElementProperty_MagpieData_minimum_NUnfilled": 0.0003169958767988923,
    "ElementProperty_MagpieData_mean_CovalentRadius": 0.0003142471783615154,
    "AGNIFingerPrint_mean_AGNI_eta=8_00e-01": 0.0003034175515868577,
    "ElementFraction_K": 0.0002994975072076137,
    "ElementFraction_F": 0.00024307476982604611,
    "ElementFraction_Ni": 0.00022794366070390525,
    "ElementProperty_MagpieData_maximum_MendeleevNumber": 0.00022488233954562714,
    "ElementProperty_MagpieData_minimum_MendeleevNumber": 0.0002216150633119907,
    "ElementFraction_Bi": 0.00022150554938404343,
    "ElementProperty_MagpieData_maximum_GSbandgap": 0.00020380719260513442,
    "ElementFraction_Pd": 0.00020256895738000424
}