{
    "GaussianSymmFunc_mean_G2_20_0": 0.0032518047545503593,
    "GeneralizedRDF_mean_Gaussian_center=1_0_width=1_0": 0.0017245769723292677,
    "ElementProperty_MagpieData_mode_NUnfilled": 0.0013041549105525948,
    "AGNIFingerPrint_mean_AGNI_eta=1_23e+00": 0.0006179488730072477,
    "AGNIFingerPrint_mean_AGNI_eta=1_88e+00": 0.0006100139120219259,
    "ElementProperty_MagpieData_maximum_MeltingT": 0.0005342743826884364,
    "GeneralizedRDF_mean_Gaussian_center=2_0_width=1_0": 0.00034704013050559744,
    "YangSolidSolution_Yang_delta": 0.00032768745309233953,
    "ElementProperty_MagpieData_mean_NpUnfilled": 0.0003196717336526886,
    "ElementFraction_H": 0.0002975300421356625,
    "ElementProperty_MagpieData_minimum_CovalentRadius": 0.0002727434542571066,
    "ElementProperty_MagpieData_avg_dev_MeltingT": 0.0002537044157092952,
    "ElementProperty_MagpieData_maximum_NdValence": 0.0002451542902679651,
    "ElementProperty_MagpieData_minimum_Column": 0.00024363119572688943,
    "MEGNet_OFMEncoded_v1_16": 0.0002412785099934806,
    "ElementProperty_MagpieData_mean_MeltingT": 0.00023451972151770906,
    "OxidationStates_std_dev_oxidation_state": 0.0002311813753974221,
    "ElementProperty_MagpieData_mean_GSbandgap": 0.00022953542282405206,
    "ElementProperty_MagpieData_minimum_Number": 0.00022527382468788502,
    "ElementProperty_MagpieData_mean_NdUnfilled": 0.0002168289206355703,
    "ElementFraction_O": 0.0002155328437026465,
    "MEGNet_OFMEncoded_v1_87": 0.00018604887373809242,
    "BandCenter_band_center": 0.00017545375828198018,
    "ElementFraction_Mn": 0.00017364741242380501,
    "GeneralizedRDF_mean_Gaussian_center=9_0_width=1_0": 0.00017327064097302804,
    "GeneralizedRDF_mean_Gaussian_center=5_0_width=1_0": 0.0001566318697776685,
    "ElementProperty_MagpieData_avg_dev_Electronegativity": 0.00015660991952249186,
    "ElementProperty_MagpieData_mean_SpaceGroupNumber": 0.00014201008031256438,
    "MEGNet_OFMEncoded_v1_63": 0.00013778038445723953,
    "GeneralizedRDF_mean_Gaussian_center=8_0_width=1_0": 0.00013022011609953424
}