{
    "GaussianSymmFunc_mean_G2_20_0": 0.0021372214740068528,
    "ElementProperty_MagpieData_mode_NUnfilled": 0.0006907421850426147,
    "ElementProperty_MagpieData_maximum_MeltingT": 0.00032631136826897014,
    "AGNIFingerPrint_mean_AGNI_eta=1_23e+00": 0.0002722278027918201,
    "AGNIFingerPrint_mean_AGNI_eta=1_88e+00": 0.0002631279534949015,
    "OxidationStates_std_dev_oxidation_state": 0.00022455153646979965,
    "ElementFraction_O": 0.00021483156728438238,
    "ElementProperty_MagpieData_mean_NpUnfilled": 0.00020738162585883486,
    "ElementProperty_MagpieData_mean_MeltingT": 0.00020193588562485027,
    "GeneralizedRDF_mean_Gaussian_center=0_0_width=1_0": 0.00019655762004779407,
    "ElementProperty_MagpieData_mean_Electronegativity": 0.00015670014521219753,
    "GeneralizedRDF_mean_Gaussian_center=1_0_width=1_0": 0.0001520868177416842,
    "MEGNet_OFMEncoded_v1_87": 0.00015156545609542615,
    "ElementProperty_MagpieData_avg_dev_Column": 0.00015056949631288204,
    "ElectronegativityDiff_minimum_EN_difference": 0.0001375471279141816,
    "ElementProperty_MagpieData_avg_dev_MeltingT": 0.00012889014363638755,
    "ElementFraction_H": 0.00012850427078816404,
    "ElementProperty_MagpieData_minimum_CovalentRadius": 0.00012701910297792173,
    "ElementProperty_MagpieData_minimum_Number": 0.00012461532956185986,
    "GeneralizedRDF_mean_Gaussian_center=2_0_width=1_0": 0.00011898941547669705,
    "MEGNet_OFMEncoded_v1_16": 0.00010347098430691713,
    "ElementProperty_MagpieData_avg_dev_Electronegativity": 0.00010128253004285218,
    "YangSolidSolution_Yang_delta": 9.508054840652767e-05,
    "GeneralizedRDF_mean_Gaussian_center=9_0_width=1_0": 9.446312274118856e-05,
    "GeneralizedRDF_mean_Gaussian_center=8_0_width=1_0": 9.125010887731891e-05,
    "GeneralizedRDF_mean_Gaussian_center=5_0_width=1_0": 8.219169390639645e-05,
    "MEGNet_OFMEncoded_v1_99": 7.939838284621504e-05,
    "ElementProperty_MagpieData_mean_NpValence": 7.904502575957482e-05,
    "ElementProperty_MagpieData_mean_SpaceGroupNumber": 7.302904296486137e-05,
    "ElementProperty_MagpieData_minimum_NUnfilled": 7.06280922262315e-05
}