{
    "ElementProperty_MagpieData_mean_MendeleevNumber": 0.02697938340247875,
    "ElementProperty_MagpieData_mean_Column": 0.023282167503424607,
    "ElementProperty_MagpieData_minimum_GSvolume_pa": 0.01960193898741415,
    "ElementProperty_MagpieData_avg_dev_GSbandgap": 0.017693485063745077,
    "ElectronegativityDiff_minimum_EN_difference": 0.01615136926630479,
    "CrystalNNFingerprint_mean_wt_CN_2": 0.015477834777855332,
    "TMetalFraction_transition_metal_fraction": 0.015339181650787277,
    "MEGNet_OFMEncoded_v1_70": 0.01493898889261897,
    "ElementProperty_MagpieData_maximum_MeltingT": 0.014400507695946776,
    "ElectronegativityDiff_maximum_EN_difference": 0.014295164709535277,
    "ElementProperty_MagpieData_minimum_Column": 0.013888899036808969,
    "ElementProperty_MagpieData_mean_NUnfilled": 0.013834198409951596,
    "OPSiteFingerprint_mean_q6_CN_9": 0.012598296191348295,
    "ElementProperty_MagpieData_range_MeltingT": 0.01212090464053354,
    "MEGNet_OFMEncoded_v1_183": 0.011918351112278586,
    "MaximumPackingEfficiency_max_packing_efficiency": 0.01185284520559447,
    "ElementProperty_MagpieData_minimum_MendeleevNumber": 0.011683196938719592,
    "OPSiteFingerprint_std_dev_q4_CN_12": 0.011164944884991394,
    "ElementFraction_F": 0.010869460018877591,
    "AverageBondLength_std_dev_Average_bond_length": 0.010829943110431622,
    "BondOrientationParameter_mean_BOOP_Q_l=8": 0.010499395349881377,
    "ElementProperty_MagpieData_avg_dev_NpValence": 0.010190408008670099,
    "OxidationStates_std_dev_oxidation_state": 0.009853116533951888,
    "MEGNet_OFMEncoded_v1_34": 0.009837242028538154,
    "ElementProperty_MagpieData_maximum_NdValence": 0.009707222854371414,
    "ElementProperty_MagpieData_mean_MeltingT": 0.009584660994892694,
    "ElementProperty_MagpieData_avg_dev_NsUnfilled": 0.009198019667794866,
    "StructuralHeterogeneity_maximum_neighbor_distance_variation": 0.00878443734967151,
    "ElementProperty_MagpieData_maximum_Number": 0.008542934696407396,
    "YangSolidSolution_Yang_omega": 0.00845659554246914
}