{
    "ElementProperty_MagpieData_minimum_Electronegativity": 0.1311212487704122,
    "ElementProperty_MagpieData_minimum_MendeleevNumber": 0.11552942541081898,
    "ElementProperty_MagpieData_minimum_CovalentRadius": 0.06024478865864044,
    "ElementProperty_MagpieData_mean_NsUnfilled": 0.05784879799757565,
    "ElementProperty_MagpieData_minimum_Column": 0.050531032219098326,
    "GeneralizedRDF_mean_Gaussian_center=1_0_width=1_0": 0.038251326510634245,
    "ElementFraction_K": 0.034966233931311985,
    "ElementProperty_MagpieData_maximum_MeltingT": 0.034561754059453866,
    "AverageBondLength_mean_Average_bond_length": 0.032897004367050786,
    "ElementProperty_MagpieData_mean_MendeleevNumber": 0.03270477646009079,
    "ElementProperty_MagpieData_mode_Electronegativity": 0.03186504568497606,
    "ElementFraction_In": 0.030252758194765524,
    "ElementProperty_MagpieData_maximum_SpaceGroupNumber": 0.029628767944927612,
    "ElementFraction_Na": 0.027959850597592546,
    "ElementProperty_MagpieData_maximum_MendeleevNumber": 0.027225284695179573,
    "ElementProperty_MagpieData_maximum_GSvolume_pa": 0.02666238540206025,
    "ElementProperty_MagpieData_avg_dev_GSvolume_pa": 0.025285644796267607,
    "ElementProperty_MagpieData_mode_NUnfilled": 0.02508051562686087,
    "ElementProperty_MagpieData_maximum_NUnfilled": 0.02384540181286707,
    "ElementProperty_MagpieData_mode_Number": 0.023085520001659292,
    "ElementProperty_MagpieData_mode_CovalentRadius": 0.02029467301226833,
    "ElementFraction_Cd": 0.019937314712734227,
    "ElementFraction_Zn": 0.0198666464855886,
    "ElementProperty_MagpieData_mean_AtomicWeight": 0.0191969470662773,
    "ElementProperty_MagpieData_maximum_NdValence": 0.016714564413942336,
    "MEGNet_OFMEncoded_v1_97": 0.0160608355676775,
    "AtomicOrbitals_HOMO_element": 0.015919680583468498,
    "ElementFraction_Ag": 0.015547365914875927,
    "ElementProperty_MagpieData_mode_MendeleevNumber": 0.014594524415879074,
    "ElementProperty_MagpieData_minimum_Number": 0.014117066969710138
}