{
    "ElementProperty_MagpieData_maximum_Electronegativity": 0.08171229245281451,
    "TMetalFraction_transition_metal_fraction": 0.025486316439810627,
    "ElectronegativityDiff_mean_EN_difference": 0.023552674229172628,
    "IonProperty_max_ionic_char": 0.021057771515397655,
    "ElectronegativityDiff_minimum_EN_difference": 0.018203156932341903,
    "ValenceOrbital_frac_d_valence_electrons": 0.01806374002458386,
    "ElementProperty_MagpieData_mean_NdValence": 0.017029478792470014,
    "ElementProperty_MagpieData_avg_dev_CovalentRadius": 0.016704521051521835,
    "MaximumPackingEfficiency_max_packing_efficiency": 0.011667758462571594,
    "ElementProperty_MagpieData_maximum_CovalentRadius": 0.011568450444970282,
    "MEGNet_OFMEncoded_v1_63": 0.011360275483982734,
    "CrystalNNFingerprint_mean_q4_CN_12": 0.010979584353802509,
    "ElementProperty_MagpieData_avg_dev_NUnfilled": 0.010555885941566171,
    "ChemicalOrdering_mean_ordering_parameter_shell_3": 0.010529857491416467,
    "ElementProperty_MagpieData_avg_dev_Electronegativity": 0.009905330777374021,
    "ElementFraction_Yb": 0.009875220761396582,
    "AGNIFingerPrint_std_dev_AGNI_eta=1_88e+00": 0.009589956475929761,
    "ElementProperty_MagpieData_maximum_NdValence": 0.009457542684572976,
    "DensityFeatures_packing_fraction": 0.008766344595746529,
    "ElementProperty_MagpieData_mode_GSvolume_pa": 0.008476437329818313,
    "AtomicOrbitals_HOMO_energy": 0.008309565815191948,
    "MEGNet_OFMEncoded_v1_32": 0.007998401060696722,
    "ElementProperty_MagpieData_mean_MendeleevNumber": 0.007988620829121395,
    "ElementProperty_MagpieData_avg_dev_Column": 0.007774884473513678,
    "AGNIFingerPrint_std_dev_AGNI_dir=z_eta=1_88e+00": 0.0077664458679496005,
    "ElementProperty_MagpieData_avg_dev_NpValence": 0.007742743540510439,
    "AtomicOrbitals_HOMO_element": 0.007667788220128905,
    "ElementProperty_MagpieData_range_CovalentRadius": 0.007487215498859002,
    "AtomicOrbitals_gap_AO": 0.007437392296296616,
    "OPSiteFingerprint_mean_sgl_bd_CN_1": 0.007374716474836135
}