{
    "ElementProperty_MagpieData_maximum_Electronegativity": 4.615863950284697e-05,
    "TMetalFraction_transition_metal_fraction": 4.526928774686042e-05,
    "AtomicOrbitals_HOMO_energy": 3.270871760896095e-05,
    "ElectronegativityDiff_mean_EN_difference": 2.5634203310812134e-05,
    "ElectronegativityDiff_minimum_EN_difference": 1.7526051021816225e-05,
    "ElementProperty_MagpieData_mode_Electronegativity": 1.729390837334393e-05,
    "GeneralizedRDF_mean_Gaussian_center=5_0_width=1_0": 1.518009699235541e-05,
    "ElementProperty_MagpieData_maximum_NdUnfilled": 1.2298042042561269e-05,
    "OPSiteFingerprint_mean_sgl_bd_CN_1": 1.2139619883841516e-05,
    "Stoichiometry_0-norm": 1.1825574321550471e-05,
    "ElementProperty_MagpieData_avg_dev_NpValence": 1.1745036406515093e-05,
    "ElementProperty_MagpieData_mean_NdUnfilled": 1.084680964014862e-05,
    "ValenceOrbital_frac_d_valence_electrons": 1.0231235086129622e-05,
    "ElementProperty_MagpieData_mean_MeltingT": 9.95266338809781e-06,
    "AtomicOrbitals_HOMO_element": 9.949163967048319e-06,
    "ElementProperty_MagpieData_maximum_MeltingT": 9.747116373995884e-06,
    "BondOrientationParameter_mean_BOOP_Q_l=8": 9.221836859410794e-06,
    "MEGNet_OFMEncoded_v1_82": 8.577684309899852e-06,
    "ChemicalOrdering_mean_ordering_parameter_shell_1": 8.335440215927234e-06,
    "LocalPropertyDifference_mean_local_difference_in_Electronegativity": 8.237932295158182e-06,
    "ChemicalOrdering_mean_ordering_parameter_shell_2": 8.144155982848513e-06,
    "ElementProperty_MagpieData_mode_MeltingT": 7.588471009773025e-06,
    "AtomicOrbitals_gap_AO": 7.078494330231865e-06,
    "ElementProperty_MagpieData_mean_GSvolume_pa": 6.979381737441807e-06,
    "MEGNet_OFMEncoded_v1_99": 6.957514234854899e-06,
    "RadialDistributionFunction_radial_distribution_function_d_1_90": 6.465015552811151e-06,
    "ElementFraction_Cu": 6.426695472295032e-06,
    "GaussianSymmFunc_mean_G2_20_0": 6.418499234904371e-06,
    "GeneralizedRDF_mean_Gaussian_center=7_0_width=1_0": 6.377938995590083e-06,
    "MEGNet_OFMEncoded_v1_63": 6.334462652495711e-06
}