{
    "ElementProperty_MagpieData_mean_NpValence": 0.00012989422687333037,
    "ElementProperty_MagpieData_maximum_CovalentRadius": 0.00011060015759308938,
    "ElementProperty_MagpieData_mode_CovalentRadius": 8.363704002030952e-05,
    "ElementFraction_Ca": 7.982671993914417e-05,
    "GaussianSymmFunc_mean_G2_80_0": 7.521506939243244e-05,
    "ElementProperty_MagpieData_mean_GSmagmom": 7.111496801989514e-05,
    "ElementProperty_MagpieData_mean_Column": 6.903054287168295e-05,
    "ElementFraction_S": 6.789012743288299e-05,
    "ElementProperty_MagpieData_mean_CovalentRadius": 6.472730939602247e-05,
    "ElementProperty_MagpieData_mode_GSvolume_pa": 5.703576913390738e-05,
    "ElementProperty_MagpieData_minimum_NUnfilled": 5.551177604632929e-05,
    "ElementFraction_Yb": 5.3527168482242905e-05,
    "ElementFraction_Au": 5.208616821692033e-05,
    "ElementFraction_In": 4.893789770774616e-05,
    "ElementProperty_MagpieData_avg_dev_CovalentRadius": 4.885042713622584e-05,
    "ElementProperty_MagpieData_avg_dev_NpValence": 4.5737767927184515e-05,
    "ElementFraction_F": 4.253372068505206e-05,
    "TMetalFraction_transition_metal_fraction": 4.160849851095743e-05,
    "AGNIFingerPrint_mean_AGNI_eta=8_00e-01": 3.94831990769559e-05,
    "ElementProperty_MagpieData_mode_GSbandgap": 3.660754166145999e-05,
    "ElementFraction_Y": 3.331154696468667e-05,
    "ElementFraction_K": 3.257511306240536e-05,
    "ElementProperty_MagpieData_maximum_Column": 3.1429300456196733e-05,
    "ElementFraction_Bi": 3.09954635409889e-05,
    "ElementFraction_Mg": 2.858230188457709e-05,
    "ElementProperty_MagpieData_maximum_SpaceGroupNumber": 2.8230825366241887e-05,
    "AtomicOrbitals_LUMO_element": 2.7415132159759062e-05,
    "ElementFraction_Ni": 2.6817099809759278e-05,
    "ElementProperty_MagpieData_mode_Number": 2.641199423183744e-05,
    "MEGNet_OFMEncoded_v1_5": 2.4820233286881765e-05
}