{
    "GeneralizedRDF_mean_Gaussian_center=3_0_width=1_0": 0.0003801395931430369,
    "BandCenter_band_center": 0.00016836100163308983,
    "GeneralizedRDF_mean_Gaussian_center=2_0_width=1_0": 0.00014630966587340344,
    "ElementProperty_MagpieData_mean_Column": 4.6989835160418355e-05,
    "DensityFeatures_packing_fraction": 4.659858105944598e-05,
    "ElementProperty_MagpieData_mean_Electronegativity": 4.449873661370615e-05,
    "ElementProperty_MagpieData_mean_NUnfilled": 4.154569383287996e-05,
    "VoronoiFingerprint_mean_Voro_vol_maximum": 4.092896615461792e-05,
    "GeneralizedRDF_mean_Gaussian_center=5_0_width=1_0": 3.6105543295874524e-05,
    "AGNIFingerPrint_mean_AGNI_eta=1_60e+01": 3.4002449672087154e-05,
    "ElectronegativityDiff_minimum_EN_difference": 3.2236260194126743e-05,
    "ElementProperty_MagpieData_mean_MendeleevNumber": 2.956975887465209e-05,
    "ElementProperty_MagpieData_avg_dev_NdValence": 2.9452551742574658e-05,
    "ElectronegativityDiff_mean_EN_difference": 2.8571756511409985e-05,
    "TMetalFraction_transition_metal_fraction": 2.7294399540191103e-05,
    "VoronoiFingerprint_mean_Voro_dist_mean": 2.6030154263173863e-05,
    "BondOrientationParameter_mean_BOOP_Q_l=2": 2.4773441857717497e-05,
    "OPSiteFingerprint_std_dev_tetrahedral_CN_4": 2.0266414018233405e-05,
    "MaximumPackingEfficiency_max_packing_efficiency": 2.0205368652145026e-05,
    "ElementProperty_MagpieData_avg_dev_NUnfilled": 2.0006399974666907e-05,
    "ElementProperty_MagpieData_mean_NpValence": 1.9994422190012004e-05,
    "VoronoiFingerprint_mean_Voro_dist_maximum": 1.9403751039652412e-05,
    "GaussianSymmFunc_mean_G2_0_05": 1.8702005382141383e-05,
    "ElementProperty_MagpieData_mean_MeltingT": 1.7179329665845288e-05,
    "ElementProperty_MagpieData_avg_dev_MendeleevNumber": 1.6816563748617456e-05,
    "ElementProperty_MagpieData_maximum_NUnfilled": 1.6383574832623493e-05,
    "CrystalNNFingerprint_mean_tetrahedral_CN_4": 1.602748855726939e-05,
    "ElementProperty_MagpieData_mode_MendeleevNumber": 1.5994102615768472e-05,
    "GeneralizedRDF_mean_Gaussian_center=4_0_width=1_0": 1.532577685761956e-05,
    "OPSiteFingerprint_mean_tetrahedral_CN_4": 1.3051135624370737e-05
}