{
    "ElementFraction_Mg": 0.032185365941568636,
    "ElementFraction_H": 0.01826403129434616,
    "ElementFraction_Cd": 0.014288286524213264,
    "ElementProperty_MagpieData_mode_MeltingT": 0.012869615284404182,
    "ElementProperty_MagpieData_mean_GSmagmom": 0.012576441496501027,
    "TMetalFraction_transition_metal_fraction": 0.010764446124615247,
    "ElementProperty_MagpieData_maximum_Number": 0.009808107000204203,
    "ElementProperty_MagpieData_maximum_MeltingT": 0.008021947727008535,
    "ElementProperty_MagpieData_minimum_MeltingT": 0.007546220034467613,
    "ElementFraction_Al": 0.007126114886389101,
    "ElementProperty_MagpieData_minimum_MendeleevNumber": 0.0071068847520236525,
    "ElementFraction_Nb": 0.006420562873053069,
    "ElementFraction_Pt": 0.005692995143864685,
    "ElementProperty_MagpieData_mode_NdUnfilled": 0.005531384208859552,
    "ElementFraction_Si": 0.00522262827181764,
    "ElementProperty_MagpieData_maximum_CovalentRadius": 0.004836236951121021,
    "ElementProperty_MagpieData_mode_GSvolume_pa": 0.004825142231876433,
    "ElementProperty_MagpieData_maximum_GSmagmom": 0.004824176819434155,
    "ElementProperty_MagpieData_mean_NsValence": 0.00478420467136727,
    "ElementFraction_Te": 0.0045818721770168455,
    "ElementProperty_MagpieData_maximum_NpUnfilled": 0.004523194288737062,
    "ElementProperty_MagpieData_mode_Number": 0.004226018495840693,
    "ElementProperty_MagpieData_mode_SpaceGroupNumber": 0.004098245386556974,
    "ElementProperty_MagpieData_mean_NdUnfilled": 0.004092775918914435,
    "MEGNet_OFMEncoded_v1_108": 0.004028513609716674,
    "AtomicOrbitals_LUMO_energy": 0.003892901085463713,
    "ElementProperty_MagpieData_maximum_GSvolume_pa": 0.0033399124328937634,
    "MEGNet_OFMEncoded_v1_45": 0.003177759966708427,
    "ElementFraction_Sb": 0.003114265901953684,
    "ElementProperty_MagpieData_minimum_Electronegativity": 0.002987239040805263
}