{
    "ElementProperty_MagpieData_mode_Column": 0.04879689338642892,
    "ElementProperty_MagpieData_mean_NpValence": 0.034457333908491844,
    "ElementProperty_MagpieData_avg_dev_MendeleevNumber": 0.013036520070355736,
    "LocalPropertyDifference_std_dev_local_difference_in_Electronegativity": 0.010523045936790834,
    "ElectronegativityDiff_maximum_EN_difference": 0.01031646005046376,
    "OxidationStates_minimum_oxidation_state": 0.009304811045019854,
    "ElementProperty_MagpieData_mode_Electronegativity": 0.009087845091659889,
    "OxidationStates_maximum_oxidation_state": 0.009080387364573884,
    "ElementProperty_MagpieData_mean_NpUnfilled": 0.007778905226972656,
    "ElementProperty_MagpieData_range_MeltingT": 0.007515735899732062,
    "BondOrientationParameter_mean_BOOP_Q_l=7": 0.007440371597391013,
    "TMetalFraction_transition_metal_fraction": 0.0072876278595009015,
    "MEGNet_OFMEncoded_v1_62": 0.007190223875042646,
    "DensityFeatures_packing_fraction": 0.006854099849248386,
    "ElementProperty_MagpieData_maximum_MeltingT": 0.006784620999829007,
    "YangSolidSolution_Yang_delta": 0.006684379573742039,
    "ElementProperty_MagpieData_mean_MendeleevNumber": 0.006681176084757529,
    "CrystalNNFingerprint_mean_cuboctahedral_CN_12": 0.00665664181537187,
    "CrystalNNFingerprint_mean_q4_CN_12": 0.006197767692966906,
    "CrystalNNFingerprint_std_dev_pentagonal_pyramidal_CN_6": 0.005862453449680661,
    "VoronoiFingerprint_mean_Voro_area_std_dev": 0.005807992845711715,
    "ElementFraction_Cu": 0.005782357323302235,
    "ElementProperty_MagpieData_mean_MeltingT": 0.005762295680826029,
    "AtomicOrbitals_HOMO_energy": 0.005733102344899534,
    "MEGNet_OFMEncoded_v1_115": 0.0056483934860082,
    "RadialDistributionFunction_radial_distribution_function_d_2_10": 0.005618476308642573,
    "OxidationStates_std_dev_oxidation_state": 0.005489595291717993,
    "Stoichiometry_5-norm": 0.005362556219842967,
    "VoronoiFingerprint_mean_Voro_area_maximum": 0.005263360045580431,
    "ElectronegativityDiff_minimum_EN_difference": 0.0051009374974954735
}