{
    "ElementProperty_MagpieData_minimum_CovalentRadius": 0.10351854721741764,
    "GeneralizedRDF_mean_Gaussian_center=2_0_width=1_0": 0.061227109902117535,
    "TMetalFraction_transition_metal_fraction": 0.04495698234966856,
    "AverageBondLength_mean_Average_bond_length": 0.04388096535891591,
    "ElectronegativityDiff_minimum_EN_difference": 0.03822500339290836,
    "ElementProperty_MagpieData_mean_NpUnfilled": 0.03627727273041825,
    "ElementProperty_MagpieData_avg_dev_NpValence": 0.03207986565767068,
    "GeneralizedRDF_mean_Gaussian_center=6_0_width=1_0": 0.02389400826154153,
    "GaussianSymmFunc_mean_G4_0_005_4_0_1_0": 0.022747994174198594,
    "ElementProperty_MagpieData_maximum_MendeleevNumber": 0.020097445255377266,
    "ElementProperty_MagpieData_mode_Column": 0.019297130140212088,
    "MEGNet_OFMEncoded_v1_19": 0.017953523761476575,
    "CrystalNNFingerprint_std_dev_wt_CN_12": 0.017423542677545405,
    "ElementProperty_MagpieData_mean_Column": 0.01682033064234011,
    "ElementProperty_MagpieData_mean_MendeleevNumber": 0.016387696687027775,
    "ElementProperty_MagpieData_mode_NpUnfilled": 0.0159264035495089,
    "ElementProperty_MagpieData_mode_Electronegativity": 0.01573783344423802,
    "CrystalNNFingerprint_std_dev_wt_CN_2": 0.015694894291273145,
    "ValenceOrbital_frac_s_valence_electrons": 0.015648253943297462,
    "ElementProperty_MagpieData_mean_NdValence": 0.015051892216547378,
    "MaximumPackingEfficiency_max_packing_efficiency": 0.014352717062751262,
    "ElementProperty_MagpieData_mean_Electronegativity": 0.01380873395121807,
    "StructuralHeterogeneity_minimum_neighbor_distance_variation": 0.012861304373188057,
    "CrystalNNFingerprint_mean_wt_CN_14": 0.012480221203484973,
    "BondOrientationParameter_std_dev_BOOP_Q_l=8": 0.012427052579265003,
    "MEGNet_OFMEncoded_v1_48": 0.012315692499223601,
    "ElementProperty_MagpieData_maximum_NValence": 0.012098483511184307,
    "ElementProperty_MagpieData_avg_dev_Column": 0.011969034131641937,
    "RadialDistributionFunction_radial_distribution_function_d_2_20": 0.011908871143029498,
    "ElementFraction_Yb": 0.01184818476242847
}