{
    "ElementProperty_MagpieData_maximum_Electronegativity": 13.826706874355406,
    "ElementProperty_MagpieData_mean_Electronegativity": 10.518433710471172,
    "ElementProperty_MagpieData_mode_Electronegativity": 3.5836431368243735,
    "ElementFraction_O": 2.2878059259511874,
    "TMetalFraction_transition_metal_fraction": 1.4195804233972353,
    "ElementProperty_MagpieData_mean_NpUnfilled": 1.3394163133583459,
    "ElementProperty_MagpieData_maximum_NpUnfilled": 1.1777928700061346,
    "BandCenter_band_center": 0.9609883754702391,
    "ElementFraction_Mg": 0.7425903132975457,
    "ElementProperty_MagpieData_avg_dev_NpUnfilled": 0.630254128611365,
    "Stoichiometry_7-norm": 0.5093185268610286,
    "MEGNet_OFMEncoded_v1_63": 0.4915170546256381,
    "ElementProperty_MagpieData_mode_Number": 0.3745359485364301,
    "ElementProperty_MagpieData_mean_GSvolume_pa": 0.36093677416452496,
    "ElementProperty_MagpieData_minimum_GSvolume_pa": 0.35059118956161683,
    "ElementProperty_MagpieData_mode_NpUnfilled": 0.3286240570663142,
    "ElementProperty_MagpieData_mode_MendeleevNumber": 0.2715427417677284,
    "DensityFeatures_packing_fraction": 0.2684422483592096,
    "ElementProperty_MagpieData_mean_SpaceGroupNumber": 0.26117226258322024,
    "ElementProperty_MagpieData_mean_NsValence": 0.2432217112448594,
    "MEGNet_OFMEncoded_v1_82": 0.2411202151986852,
    "Stoichiometry_2-norm": 0.23062936903547956,
    "AtomicOrbitals_LUMO_energy": 0.2303335837874077,
    "ElementProperty_MagpieData_mode_GSvolume_pa": 0.22669856007897704,
    "ElementFraction_Pd": 0.22057456427498714,
    "ElementFraction_Ca": 0.21123292593351226,
    "MEGNet_OFMEncoded_v1_93": 0.20576265720930478,
    "ElementProperty_MagpieData_maximum_CovalentRadius": 0.20325717259849221,
    "AtomicOrbitals_HOMO_energy": 0.20321066472640906,
    "ElementProperty_MagpieData_maximum_MendeleevNumber": 0.20115844550820677
}