{
    "ElementFraction_H": 0.010993020961538705,
    "ElementFraction_Mn": 0.009082606436365746,
    "ElementFraction_Zn": 0.007151978704459787,
    "ElementFraction_Mg": 0.006740837656383969,
    "ElementFraction_V": 0.005396746767402152,
    "ElementFraction_Co": 0.0053702569935680285,
    "ElementProperty_MagpieData_mean_NsUnfilled": 0.005221100296638698,
    "ElementProperty_MagpieData_maximum_CovalentRadius": 0.005013475678590776,
    "ElementFraction_Cu": 0.004456849443930409,
    "ElementProperty_MagpieData_minimum_GSvolume_pa": 0.004013663810725833,
    "ElementProperty_MagpieData_mode_Electronegativity": 0.0035937030272454795,
    "ElementFraction_Sr": 0.003386498748160117,
    "ElementProperty_MagpieData_mode_MendeleevNumber": 0.0029666850738610806,
    "ElementProperty_MagpieData_maximum_MeltingT": 0.002812486447611618,
    "ElementProperty_MagpieData_minimum_Number": 0.002728150453815043,
    "ElementProperty_MagpieData_maximum_Number": 0.002724008972717906,
    "ElementProperty_MagpieData_mode_GSvolume_pa": 0.0024361756343236115,
    "ElementProperty_MagpieData_minimum_Electronegativity": 0.0022285225695675612,
    "ElementFraction_In": 0.0022215733199735925,
    "ElementProperty_MagpieData_maximum_GSvolume_pa": 0.0021661115827601315,
    "ElementFraction_Ca": 0.002060283106636223,
    "ElementFraction_Na": 0.002033336841677207,
    "ElementProperty_MagpieData_minimum_Column": 0.001967517005447758,
    "ElementFraction_Ta": 0.0019444100263940737,
    "ElementFraction_Al": 0.0019181037688206187,
    "ElementProperty_MagpieData_maximum_NdUnfilled": 0.0019008249921223443,
    "ElementProperty_MagpieData_avg_dev_MendeleevNumber": 0.001721149137486851,
    "YangSolidSolution_Yang_delta": 0.0016976637736840002,
    "ElementFraction_Mo": 0.0016813606594823878,
    "AtomicOrbitals_HOMO_energy": 0.0015681711467018338
}