{
    "ElementProperty_MagpieData_mode_Column": 0.020690829527710772,
    "ElementProperty_MagpieData_mean_Column": 0.019018941756075585,
    "AGNIFingerPrint_std_dev_AGNI_dir=y_eta=1_23e+00": 0.012127101929966308,
    "TMetalFraction_transition_metal_fraction": 0.01004287926058371,
    "ElementProperty_MagpieData_mean_MeltingT": 0.0078108803314664976,
    "AtomicOrbitals_HOMO_energy": 0.007343567719304256,
    "OxidationStates_std_dev_oxidation_state": 0.007131025201578731,
    "ElementFraction_Mn": 0.006471648230022607,
    "StructuralHeterogeneity_maximum_neighbor_distance_variation": 0.006342306401248208,
    "ElementProperty_MagpieData_range_MeltingT": 0.006154775244023207,
    "ElementProperty_MagpieData_mean_GSvolume_pa": 0.0060574226951394415,
    "BondOrientationParameter_mean_BOOP_Q_l=3": 0.005795283163533328,
    "ElementProperty_MagpieData_avg_dev_NValence": 0.0052414591944139844,
    "ElementProperty_MagpieData_mean_NValence": 0.005158293125104339,
    "MEGNet_OFMEncoded_v1_82": 0.005108592537403401,
    "ElementProperty_MagpieData_avg_dev_Column": 0.004958891966115571,
    "ElementProperty_MagpieData_mode_NdUnfilled": 0.004686936012553311,
    "ElementProperty_MagpieData_range_Column": 0.004620663820148115,
    "ElementProperty_MagpieData_maximum_CovalentRadius": 0.00444392100560695,
    "CrystalNNFingerprint_mean_body-centered_cubic_CN_8": 0.004413345506920581,
    "StructuralHeterogeneity_mean_neighbor_distance_variation": 0.004298516352760038,
    "MaximumPackingEfficiency_max_packing_efficiency": 0.004037298844418412,
    "AtomicOrbitals_LUMO_energy": 0.004003944003230047,
    "ElementProperty_MagpieData_mode_Electronegativity": 0.003863508614437787,
    "ElementProperty_MagpieData_avg_dev_NpUnfilled": 0.0038240364848423644,
    "VoronoiFingerprint_mean_Symmetry_index_5": 0.003755083838538364,
    "ElementProperty_MagpieData_minimum_Number": 0.00374629384346358,
    "AGNIFingerPrint_std_dev_AGNI_dir=y_eta=8_00e-01": 0.0037449234845652727,
    "ElementProperty_MagpieData_maximum_MeltingT": 0.003735666144953006,
    "ElementProperty_MagpieData_maximum_MendeleevNumber": 0.003724968624718814
}