{
    "ElementProperty_MagpieData_mode_GSvolume_pa": 0.03240519224906142,
    "AtomicOrbitals_HOMO_energy": 0.020373804485212237,
    "ElectronegativityDiff_maximum_EN_difference": 0.014887081022868297,
    "OPSiteFingerprint_std_dev_octahedral_CN_6": 0.014692883042367743,
    "TMetalFraction_transition_metal_fraction": 0.011408227338609007,
    "ElectronegativityDiff_mean_EN_difference": 0.010452606184811775,
    "CrystalNNFingerprint_mean_wt_CN_6": 0.008933465303825352,
    "ElectronegativityDiff_minimum_EN_difference": 0.00868663977853915,
    "ElementProperty_MagpieData_mean_NpValence": 0.008642422704935697,
    "ElementProperty_MagpieData_mean_NpUnfilled": 0.008587096804222764,
    "AtomicOrbitals_HOMO_element": 0.00841867012454474,
    "OxidationStates_maximum_oxidation_state": 0.008366918585933419,
    "MEGNet_OFMEncoded_v1_63": 0.007798480473628922,
    "ValenceOrbital_frac_d_valence_electrons": 0.006940113961976926,
    "MEGNet_OFMEncoded_v1_102": 0.006939221658205384,
    "AtomicOrbitals_gap_AO": 0.006854587084944973,
    "ElementProperty_MagpieData_mean_MeltingT": 0.006536045591746151,
    "ElementProperty_MagpieData_avg_dev_NpUnfilled": 0.006031829356599293,
    "MEGNet_OFMEncoded_v1_125": 0.005675351660111297,
    "ElementProperty_MagpieData_mean_Column": 0.005636038862919197,
    "ElementProperty_MagpieData_maximum_Electronegativity": 0.005455631309700076,
    "GeneralizedRDF_mean_Gaussian_center=5_0_width=1_0": 0.005323304102248723,
    "GaussianSymmFunc_mean_G4_0_005_4_0_-1_0": 0.005204502426099072,
    "OPSiteFingerprint_std_dev_tetrahedral_CN_4": 0.005140888313604694,
    "XRDPowderPattern_xrd_44": 0.005014510543098305,
    "AtomicOrbitals_LUMO_character": 0.004847226213589028,
    "MEGNet_OFMEncoded_v1_55": 0.0048195968601270085,
    "ElementProperty_MagpieData_avg_dev_Column": 0.0047559958291167595,
    "ElementProperty_MagpieData_maximum_NUnfilled": 0.004567140191596377,
    "MEGNet_OFMEncoded_v1_69": 0.004426348369853147
}