{
    "ElementProperty_MagpieData_mode_MendeleevNumber": 0.6326508426675174,
    "ElementProperty_MagpieData_maximum_NdUnfilled": 0.5067968051475925,
    "ElementProperty_MagpieData_maximum_MeltingT": 0.39191002317634066,
    "ElementProperty_MagpieData_avg_dev_NdUnfilled": 0.27872287131430157,
    "ElementProperty_MagpieData_maximum_GSbandgap": 0.27454914022357063,
    "ElementFraction_Cu": 0.26941559118305547,
    "ElementProperty_MagpieData_mode_CovalentRadius": 0.2351429170560326,
    "ElementProperty_MagpieData_maximum_MendeleevNumber": 0.22906301525803605,
    "ElementProperty_MagpieData_mean_NdUnfilled": 0.21974267288092064,
    "ElementProperty_MagpieData_mode_MeltingT": 0.19010871296447604,
    "ElementProperty_MagpieData_maximum_NdValence": 0.16371594469492054,
    "ElementProperty_MagpieData_minimum_Column": 0.1568327794523432,
    "MEGNet_OFMEncoded_v1_122": 0.1519059089520592,
    "ElementProperty_MagpieData_minimum_MeltingT": 0.1489590612741373,
    "ElementProperty_MagpieData_minimum_CovalentRadius": 0.14393213757244794,
    "ElementProperty_MagpieData_mean_NsValence": 0.1364628675444319,
    "ElementProperty_MagpieData_mode_NdUnfilled": 0.13255335616538844,
    "ElementFraction_Zn": 0.10901127841917971,
    "ElementProperty_MagpieData_maximum_CovalentRadius": 0.10609800732629447,
    "AtomicOrbitals_LUMO_element": 0.10518936171173475,
    "ElementFraction_Se": 0.10413282171802173,
    "ElementFraction_Mo": 0.1004054853081998,
    "ElementProperty_MagpieData_mode_GSvolume_pa": 0.08930084151963877,
    "ElementFraction_In": 0.0871011269032426,
    "ElementFraction_O": 0.08671421599731337,
    "ElementProperty_MagpieData_mean_MendeleevNumber": 0.08609537535134741,
    "ElementProperty_MagpieData_range_NdUnfilled": 0.08548315617814765,
    "ElementProperty_MagpieData_mean_GSbandgap": 0.07798957046568959,
    "ElementProperty_MagpieData_maximum_Electronegativity": 0.07779250533423021,
    "ElementFraction_Mg": 0.07745855801574515
}