{
    "ElementProperty_MagpieData_minimum_CovalentRadius": 0.0572248746705447,
    "ElementProperty_MagpieData_mode_NValence": 0.027369218159268596,
    "MEGNet_OFMEncoded_v1_63": 0.019585003389838082,
    "ElementFraction_S": 0.016816109996699115,
    "ElementProperty_MagpieData_minimum_Number": 0.016755828447403524,
    "ElementProperty_MagpieData_minimum_GSvolume_pa": 0.011747729315441366,
    "ElementProperty_MagpieData_minimum_MeltingT": 0.011241323385878308,
    "ElementFraction_Al": 0.009625691760409326,
    "ElementFraction_Pd": 0.009013469072648937,
    "ElementProperty_MagpieData_mean_NdValence": 0.008987656340544268,
    "MEGNet_OFMEncoded_v1_64": 0.00887072709532658,
    "ElementProperty_MagpieData_mode_NUnfilled": 0.0083674746985284,
    "ElementFraction_Ga": 0.007954229374052327,
    "ElementProperty_MagpieData_minimum_MendeleevNumber": 0.006817394340196923,
    "ElementFraction_Mn": 0.006497179436934655,
    "ElementFraction_Cu": 0.006212095388184486,
    "ElementFraction_Cr": 0.0061699171277349255,
    "ElementFraction_O": 0.006154782018595689,
    "ElementProperty_MagpieData_maximum_GSvolume_pa": 0.006108344781371673,
    "MEGNet_OFMEncoded_v1_163": 0.005317061865555313,
    "ElementProperty_MagpieData_maximum_Number": 0.005272212003777184,
    "ElementFraction_Li": 0.005254986186434271,
    "ElementFraction_Mg": 0.004941304410575908,
    "ElementProperty_MagpieData_maximum_NdValence": 0.004889839325354288,
    "ElementProperty_MagpieData_mode_Number": 0.004819048364634932,
    "ElementProperty_MagpieData_mode_GSvolume_pa": 0.004729045749724572,
    "ElementFraction_Ba": 0.004719231733448672,
    "ElementProperty_MagpieData_mode_MeltingT": 0.004717818342363294,
    "ElementFraction_Te": 0.0045856857165235175,
    "ElementProperty_MagpieData_mode_MendeleevNumber": 0.004540200824850418
}