{
    "ElementProperty_MagpieData_maximum_MeltingT": 0.06079274759213744,
    "MaximumPackingEfficiency_max_packing_efficiency": 0.0366813192919136,
    "ElementProperty_MagpieData_avg_dev_MeltingT": 0.029030315923706352,
    "GaussianSymmFunc_mean_G2_80_0": 0.02486347142902761,
    "ElementProperty_MagpieData_maximum_CovalentRadius": 0.023646239507317285,
    "ElementProperty_MagpieData_mean_MeltingT": 0.021090341245183233,
    "AtomicOrbitals_HOMO_element": 0.020944905828544264,
    "BondOrientationParameter_std_dev_BOOP_Q_l=3": 0.02008086728993797,
    "OxidationStates_std_dev_oxidation_state": 0.02001741556845785,
    "ElementFraction_Mn": 0.01745278695055071,
    "ElementProperty_MagpieData_minimum_Electronegativity": 0.015623047945502526,
    "ElementProperty_MagpieData_mode_Electronegativity": 0.015502026538355772,
    "ElementProperty_MagpieData_mean_Electronegativity": 0.015052188047295934,
    "ElementProperty_MagpieData_mean_NUnfilled": 0.014488969033295477,
    "MEGNet_OFMEncoded_v1_107": 0.01405817750654731,
    "AverageBondLength_std_dev_Average_bond_length": 0.013851192839405866,
    "GeneralizedRDF_mean_Gaussian_center=0_0_width=1_0": 0.013290475097904578,
    "CrystalNNFingerprint_mean_hexagonal_planar_CN_6": 0.013225870019439834,
    "CrystalNNFingerprint_mean_wt_CN_14": 0.013084677109511148,
    "ElementProperty_MagpieData_mode_GSvolume_pa": 0.012692269569540175,
    "OPSiteFingerprint_std_dev_tetrahedral_CN_4": 0.012684683836435551,
    "LocalPropertyDifference_mean_local_difference_in_Electronegativity": 0.012363442160521654,
    "AtomicOrbitals_HOMO_energy": 0.011504778926903558,
    "ElementProperty_MagpieData_mean_NpValence": 0.011403634322125149,
    "MEGNet_OFMEncoded_v1_93": 0.010821064971427565,
    "ElementProperty_MagpieData_mean_GSvolume_pa": 0.010790546927427458,
    "MEGNet_OFMEncoded_v1_65": 0.010043231962630732,
    "ElementProperty_MagpieData_maximum_Number": 0.009724828104144347,
    "ElementProperty_MagpieData_mode_MeltingT": 0.009525617876770944,
    "ElementFraction_N": 0.009347929762233007
}