{
    "ElementProperty_MagpieData_mode_MendeleevNumber": 0.024481439317584973,
    "ElementProperty_MagpieData_minimum_MeltingT": 0.019794140986436726,
    "ElementProperty_MagpieData_maximum_GSvolume_pa": 0.019732332582505816,
    "ElementProperty_MagpieData_mean_GSbandgap": 0.015079351644680584,
    "ElementFraction_F": 0.010781862956880597,
    "MEGNet_OFMEncoded_v1_97": 0.008648555002086881,
    "ElementProperty_MagpieData_mode_MeltingT": 0.008127744450363912,
    "ElementProperty_MagpieData_mode_Number": 0.006588282917086792,
    "ElementProperty_MagpieData_mode_GSvolume_pa": 0.0063988578702681735,
    "TMetalFraction_transition_metal_fraction": 0.0058950148056191075,
    "ElementProperty_MagpieData_maximum_MendeleevNumber": 0.005884387147384543,
    "ElementFraction_Ba": 0.005738372187950923,
    "ElementFraction_Zn": 0.005531231926174566,
    "ElementProperty_MagpieData_minimum_Electronegativity": 0.005286096242726406,
    "ElementProperty_MagpieData_maximum_GSmagmom": 0.00522868539583052,
    "ElementProperty_MagpieData_maximum_GSbandgap": 0.004559439163971043,
    "ElementFraction_Cu": 0.004380881555396447,
    "AtomicOrbitals_HOMO_energy": 0.004323772356193858,
    "ElementFraction_Cr": 0.0040823562346376996,
    "ElementFraction_Li": 0.004042363420173142,
    "ElementProperty_MagpieData_avg_dev_GSvolume_pa": 0.003692114579931889,
    "AtomicOrbitals_LUMO_energy": 0.00344119823910838,
    "ElementProperty_MagpieData_range_GSbandgap": 0.0033994781808209863,
    "ElementProperty_MagpieData_mode_CovalentRadius": 0.0029700056598963905,
    "ElementFraction_Sn": 0.0029485031620560334,
    "ElementFraction_O": 0.0029472833257426024,
    "MEGNet_OFMEncoded_v1_122": 0.0029231609826108995,
    "ElementFraction_C": 0.002724669997398045,
    "AverageBondLength_mean_Average_bond_length": 0.0025134415542505933,
    "ElementProperty_MagpieData_avg_dev_GSbandgap": 0.002500566751010092
}