{
    "ElementProperty_MagpieData_minimum_CovalentRadius": 0.040385572182150754,
    "ValenceOrbital_frac_p_valence_electrons": 0.03081570554564525,
    "GaussianSymmFunc_std_dev_G2_20_0": 0.02180812900066029,
    "ElementFraction_Mn": 0.019751702809637804,
    "AtomicOrbitals_HOMO_element": 0.019415831160883364,
    "ElementProperty_MagpieData_mode_GSvolume_pa": 0.01807966350589601,
    "ElementProperty_MagpieData_maximum_MendeleevNumber": 0.01771151283721566,
    "AtomicOrbitals_LUMO_energy": 0.016204577207842623,
    "ValenceOrbital_frac_d_valence_electrons": 0.01607753567176213,
    "ElementProperty_MagpieData_mean_Column": 0.015419823151758237,
    "ElementProperty_MagpieData_range_MeltingT": 0.015238655566102061,
    "ElementProperty_MagpieData_mean_MendeleevNumber": 0.015053667240803776,
    "ElectronegativityDiff_maximum_EN_difference": 0.01432880164067702,
    "ElectronegativityDiff_minimum_EN_difference": 0.014126245990173994,
    "TMetalFraction_transition_metal_fraction": 0.013527400493740386,
    "ElementProperty_MagpieData_minimum_GSvolume_pa": 0.012465497989113726,
    "GeneralizedRDF_std_dev_Gaussian_center=2_0_width=1_0": 0.011618333745368858,
    "DensityFeatures_packing_fraction": 0.011581016813972294,
    "ElectronegativityDiff_mean_EN_difference": 0.011530777731908252,
    "ElementProperty_MagpieData_minimum_MendeleevNumber": 0.010309547266512729,
    "ElementProperty_MagpieData_mode_NUnfilled": 0.009749041022459153,
    "AGNIFingerPrint_std_dev_AGNI_eta=1_88e+00": 0.009527775382552131,
    "ElementProperty_MagpieData_maximum_NdUnfilled": 0.009286264328017225,
    "GaussianSymmFunc_std_dev_G2_80_0": 0.009217378193417424,
    "ElementProperty_MagpieData_mean_MeltingT": 0.009065418135515828,
    "ElementProperty_MagpieData_range_Column": 0.00896102165137762,
    "ElementProperty_MagpieData_mean_GSbandgap": 0.008791561096315154,
    "ElementProperty_MagpieData_maximum_Number": 0.008755465790703762,
    "ElementProperty_MagpieData_mean_NpValence": 0.00871600678583434,
    "YangSolidSolution_Yang_omega": 0.008513614612396853
}