{
    "GeneralizedRDF_mean_Gaussian_center=3_0_width=1_0": 0.005472911233681143,
    "BandCenter_band_center": 0.003110325398619527,
    "GeneralizedRDF_mean_Gaussian_center=2_0_width=1_0": 0.0022831207491190637,
    "DensityFeatures_packing_fraction": 0.0010344089231323057,
    "ElementProperty_MagpieData_mean_Column": 0.0008507024210050626,
    "ElementProperty_MagpieData_mean_NUnfilled": 0.0007125575051745106,
    "VoronoiFingerprint_mean_Voro_vol_maximum": 0.0007074437842099065,
    "ElectronegativityDiff_minimum_EN_difference": 0.0006992946994950115,
    "GeneralizedRDF_mean_Gaussian_center=5_0_width=1_0": 0.0006584357354202107,
    "BondOrientationParameter_mean_BOOP_Q_l=2": 0.0005381138606363237,
    "GeneralizedRDF_mean_Gaussian_center=4_0_width=1_0": 0.0005361696876881806,
    "ElementProperty_MagpieData_mean_MendeleevNumber": 0.000534848199599869,
    "ElectronegativityDiff_mean_EN_difference": 0.0005240529337384104,
    "AGNIFingerPrint_mean_AGNI_eta=1_60e+01": 0.0004529507715014058,
    "TMetalFraction_transition_metal_fraction": 0.0004275078074461873,
    "VoronoiFingerprint_mean_Voro_dist_mean": 0.0004219112706427727,
    "ElementProperty_MagpieData_avg_dev_NUnfilled": 0.0003767837222668707,
    "OPSiteFingerprint_std_dev_tetrahedral_CN_4": 0.0003454919499646673,
    "ElementProperty_MagpieData_mean_Electronegativity": 0.0003324242946096681,
    "ElementProperty_MagpieData_avg_dev_NdValence": 0.00031210059107505305,
    "ElementProperty_MagpieData_mean_NpValence": 0.0003080668388612343,
    "ElementProperty_MagpieData_maximum_CovalentRadius": 0.00030400060190314594,
    "MaximumPackingEfficiency_max_packing_efficiency": 0.00029547533524482963,
    "VoronoiFingerprint_mean_Voro_dist_maximum": 0.0002931408575728224,
    "OPSiteFingerprint_mean_tetrahedral_CN_4": 0.0002716941018332766,
    "ElementProperty_MagpieData_mode_MeltingT": 0.0002652153325285857,
    "ValenceOrbital_frac_d_valence_electrons": 0.00025409140120272937,
    "ElementProperty_MagpieData_avg_dev_MendeleevNumber": 0.00025054207996567907,
    "ElectronegativityDiff_std_dev_EN_difference": 0.00022884251473827052,
    "ChemicalOrdering_mean_ordering_parameter_shell_1": 0.00022707938345771603
}