{
    "ElementProperty_MagpieData_mode_GSbandgap": 0.022130649867992767,
    "ElementProperty_MagpieData_mean_GSbandgap": 0.02077629840150636,
    "ElementProperty_MagpieData_maximum_MeltingT": 0.010311054179026814,
    "ElementProperty_MagpieData_maximum_GSbandgap": 0.008947372055952993,
    "ElementFraction_Ta": 0.008453250261617503,
    "ElementProperty_MagpieData_maximum_NdUnfilled": 0.007948641280411683,
    "ElementFraction_Ba": 0.00762154662713234,
    "ElementFraction_O": 0.0069620475742969605,
    "ElementProperty_MagpieData_mode_Electronegativity": 0.006096490201971392,
    "ElementProperty_MagpieData_maximum_GSvolume_pa": 0.005886527944677691,
    "ElementProperty_MagpieData_maximum_Number": 0.005829076259876741,
    "ElementFraction_S": 0.004776022661965689,
    "ElementFraction_Au": 0.004480494587686645,
    "MEGNet_OFMEncoded_v1_71": 0.004474228489607165,
    "ElementProperty_MagpieData_mean_NsValence": 0.00439008167139518,
    "ElementFraction_Ti": 0.004261764597595904,
    "ElementProperty_MagpieData_maximum_NfUnfilled": 0.004149565884300369,
    "MEGNet_OFMEncoded_v1_133": 0.003998256692383764,
    "ElementFraction_Zn": 0.003948196617397938,
    "ElementFraction_Co": 0.0035841015814801975,
    "AtomicOrbitals_HOMO_energy": 0.003530953098677627,
    "ElementProperty_MagpieData_avg_dev_NdUnfilled": 0.003429694253888984,
    "ElementProperty_MagpieData_mode_MeltingT": 0.0031619321675606647,
    "ElementProperty_MagpieData_mode_SpaceGroupNumber": 0.0030192868009294095,
    "ElementFraction_Br": 0.0029091491772023606,
    "ElementFraction_Sb": 0.0029002676079072937,
    "ElementProperty_MagpieData_maximum_NValence": 0.0028399977529232267,
    "ElementFraction_As": 0.002776132305288858,
    "ElementProperty_MagpieData_minimum_MendeleevNumber": 0.002770423241329656,
    "ElementFraction_Tc": 0.0025657255641243193
}