{
    "TMetalFraction_transition_metal_fraction": 0.0008651019765857754,
    "AtomicOrbitals_HOMO_energy": 0.0006041903198669531,
    "ElementProperty_MagpieData_maximum_Electronegativity": 0.0005167807071349332,
    "ElementProperty_MagpieData_minimum_CovalentRadius": 0.0004992381806485035,
    "ElectronegativityDiff_mean_EN_difference": 0.00045584384486115114,
    "ElectronegativityDiff_minimum_EN_difference": 0.0004455197529229408,
    "ElementProperty_MagpieData_avg_dev_NpValence": 0.00028484211603628984,
    "ElementProperty_MagpieData_maximum_MeltingT": 0.0002562056557426246,
    "ElementProperty_MagpieData_mode_Electronegativity": 0.0002538937466233617,
    "GeneralizedRDF_mean_Gaussian_center=7_0_width=1_0": 0.0002514467820998885,
    "ElementProperty_MagpieData_maximum_NdUnfilled": 0.00021527554304447095,
    "Stoichiometry_0-norm": 0.00021457450040496276,
    "ElementProperty_MagpieData_mean_NdUnfilled": 0.00021386353481479738,
    "BondOrientationParameter_mean_BOOP_Q_l=4": 0.00020576515164784365,
    "OxidationStates_maximum_oxidation_state": 0.00020314707734700487,
    "ElementProperty_MagpieData_mode_GSvolume_pa": 0.0002027916242035132,
    "ElementProperty_MagpieData_range_Column": 0.00018693658806955417,
    "MEGNet_OFMEncoded_v1_160": 0.00018464788054000904,
    "AGNIFingerPrint_mean_AGNI_eta=1_88e+00": 0.0001796831105166206,
    "MEGNet_OFMEncoded_v1_125": 0.00016957970495761978,
    "ElementProperty_MagpieData_mean_NpValence": 0.00016846900954771215,
    "MEGNet_OFMEncoded_v1_82": 0.00016760461444882536,
    "ElementProperty_MagpieData_mean_Electronegativity": 0.00016651132241186423,
    "AtomicOrbitals_HOMO_element": 0.00016334192288022263,
    "GaussianSymmFunc_std_dev_G2_80_0": 0.00015423116202159865,
    "AtomicOrbitals_gap_AO": 0.00015128970592898655,
    "ElementProperty_MagpieData_mean_NdValence": 0.00015124825132448966,
    "ElementProperty_MagpieData_avg_dev_NUnfilled": 0.00014998541181070627,
    "ElementProperty_MagpieData_mean_MeltingT": 0.00014978276562140357,
    "OPSiteFingerprint_mean_sgl_bd_CN_1": 0.00014445134825632152
}