{
    "ElementProperty_MagpieData_mean_MeltingT": 0.14537942790978856,
    "ElementProperty_MagpieData_mean_NdUnfilled": 0.08183799362055746,
    "ElementProperty_MagpieData_maximum_NdUnfilled": 0.062196601654868094,
    "GeneralizedRDF_mean_Gaussian_center=6_0_width=1_0": 0.053823803460552204,
    "DensityFeatures_density": 0.04986916273709416,
    "ElectronegativityDiff_minimum_EN_difference": 0.04256459859153235,
    "OxidationStates_minimum_oxidation_state": 0.04005208900166866,
    "GeneralizedRDF_mean_Gaussian_center=4_0_width=1_0": 0.039143243777371016,
    "ElementProperty_MagpieData_maximum_MeltingT": 0.03801807512132355,
    "ElementProperty_MagpieData_minimum_NUnfilled": 0.03753672601330983,
    "TMetalFraction_transition_metal_fraction": 0.03483241867782513,
    "GeneralizedRDF_mean_Gaussian_center=3_0_width=1_0": 0.034032629843547234,
    "ElementProperty_MagpieData_mode_NUnfilled": 0.030994086061618225,
    "MaximumPackingEfficiency_max_packing_efficiency": 0.027963278922206906,
    "GeneralizedRDF_std_dev_Gaussian_center=0_0_width=1_0": 0.0279288751137581,
    "ElementProperty_MagpieData_range_NdUnfilled": 0.02473548240259762,
    "ChemicalOrdering_mean_ordering_parameter_shell_1": 0.024456342979772314,
    "ElementProperty_MagpieData_mean_NUnfilled": 0.023405233277023256,
    "GaussianSymmFunc_mean_G4_0_005_1_0_1_0": 0.0222318656066203,
    "MEGNet_OFMEncoded_v1_75": 0.020347516670927053,
    "VoronoiFingerprint_mean_Voro_dist_maximum": 0.019242846373575068,
    "YangSolidSolution_Yang_omega": 0.018996276062141864,
    "DensityFeatures_packing_fraction": 0.018876190682847616,
    "ElementProperty_MagpieData_maximum_MendeleevNumber": 0.018870719533510518,
    "BondOrientationParameter_mean_BOOP_Q_l=6": 0.01865047088558349,
    "ElementProperty_MagpieData_mean_NpUnfilled": 0.01829111759574673,
    "ElementProperty_MagpieData_range_MendeleevNumber": 0.01724123286854957,
    "MEGNet_OFMEncoded_v1_71": 0.017077353765297322,
    "RadialDistributionFunction_radial_distribution_function_d_1_90": 0.01618298814891244,
    "CoulombMatrix_coulomb_matrix_eig_11": 0.015674724494211464
}