{
    "TMetalFraction_transition_metal_fraction": 0.02106690013991443,
    "AGNIFingerPrint_std_dev_AGNI_dir=y_eta=8_00e-01": 0.017689752060493596,
    "DensityFeatures_density": 0.016735377043031734,
    "ElementProperty_MagpieData_mean_GSmagmom": 0.01633314912126898,
    "ElectronegativityDiff_minimum_EN_difference": 0.012756160495674535,
    "ElementProperty_MagpieData_mean_Row": 0.011892572089572024,
    "OxidationStates_maximum_oxidation_state": 0.011316573298114856,
    "ElementProperty_MagpieData_maximum_MeltingT": 0.011287728452210584,
    "MEGNet_OFMEncoded_v1_18": 0.009830052602305234,
    "ElementFraction_V": 0.00943795138996452,
    "ElementProperty_MagpieData_avg_dev_MeltingT": 0.009232734545527877,
    "ElementProperty_MagpieData_mean_NdValence": 0.009142220596189405,
    "ElementProperty_MagpieData_minimum_Number": 0.008876703480317119,
    "BondFractions_Mn_-_O_bond_frac_": 0.008391124373728125,
    "ElementProperty_MagpieData_maximum_MendeleevNumber": 0.008312272705966859,
    "ElementFraction_Mn": 0.007941621578758648,
    "ElementProperty_MagpieData_avg_dev_NpValence": 0.007925891202084702,
    "ElementProperty_MagpieData_minimum_Electronegativity": 0.0074813675010435,
    "YangSolidSolution_Yang_omega": 0.0072760280944827406,
    "ElementProperty_MagpieData_avg_dev_GSmagmom": 0.007236539610640997,
    "MEGNet_OFMEncoded_v1_182": 0.007234737899694821,
    "XRDPowderPattern_xrd_17": 0.007226509931766674,
    "ElementProperty_MagpieData_mean_CovalentRadius": 0.007095200232416631,
    "ElementProperty_MagpieData_mode_MendeleevNumber": 0.007061314786455362,
    "AtomicOrbitals_LUMO_energy": 0.006974193998203067,
    "ElementProperty_MagpieData_mode_GSvolume_pa": 0.00692346447040655,
    "OPSiteFingerprint_std_dev_octahedral_CN_6": 0.006815941247458747,
    "CrystalNNFingerprint_std_dev_tetrahedral_CN_4": 0.0066936649505819745,
    "MEGNet_OFMEncoded_v1_166": 0.006612958759465562,
    "ElementFraction_O": 0.006513652530516873
}