{
    "ElementProperty_MagpieData_maximum_CovalentRadius": 0.03359001096925284,
    "ElementProperty_MagpieData_mode_MeltingT": 0.022145724741941982,
    "ElementFraction_In": 0.008237854409950455,
    "ElementProperty_MagpieData_maximum_MeltingT": 0.008028405707875863,
    "ElementFraction_Cu": 0.007820958661327765,
    "ElementFraction_Sr": 0.007265952185006384,
    "ElementProperty_MagpieData_mode_GSvolume_pa": 0.005885558052867944,
    "ElementProperty_MagpieData_maximum_GSvolume_pa": 0.0054429596880586645,
    "ElementProperty_MagpieData_mean_NsValence": 0.005385531022495086,
    "ElementProperty_MagpieData_minimum_MendeleevNumber": 0.005022308823398968,
    "ElementProperty_MagpieData_mode_SpaceGroupNumber": 0.004944283801285959,
    "ElementProperty_MagpieData_mode_Column": 0.004900540521221768,
    "ElementProperty_MagpieData_mean_NdUnfilled": 0.004140521848708352,
    "MEGNet_OFMEncoded_v1_182": 0.004116819697600591,
    "ElementFraction_Cr": 0.003927167540883435,
    "ElementFraction_O": 0.003922388798139701,
    "ElementFraction_Ca": 0.0038942119568031834,
    "ElementFraction_Cd": 0.0037829083869805485,
    "ElementProperty_MagpieData_minimum_MeltingT": 0.003501773535665605,
    "ElementFraction_Mg": 0.003436349992134676,
    "ElementProperty_MagpieData_minimum_SpaceGroupNumber": 0.0033056321511744486,
    "ElementProperty_MagpieData_maximum_MendeleevNumber": 0.003233159506823095,
    "ElementFraction_I": 0.0031776464449433336,
    "ElementFraction_Si": 0.0031282587194318983,
    "ElementProperty_MagpieData_avg_dev_CovalentRadius": 0.0031210351881017324,
    "ElementFraction_Pd": 0.0030370829285028705,
    "ElementFraction_Li": 0.0030213510259589605,
    "ElementProperty_MagpieData_mode_CovalentRadius": 0.0029895582708328434,
    "ElementProperty_MagpieData_mean_SpaceGroupNumber": 0.0029499191385721577,
    "ElementFraction_H": 0.0029204093820753532
}