{
    "ElementFraction_O": 0.0686757402789979,
    "ElementProperty_MagpieData_mode_Number": 0.025875598846276403,
    "ElementProperty_MagpieData_minimum_MeltingT": 0.018467780562888107,
    "ElementProperty_MagpieData_minimum_CovalentRadius": 0.012722069989301603,
    "ElementProperty_MagpieData_mode_NUnfilled": 0.010911009104212697,
    "ElementProperty_MagpieData_minimum_Number": 0.010114146377298308,
    "ElementProperty_MagpieData_mode_CovalentRadius": 0.008775956053720453,
    "ElementProperty_MagpieData_minimum_GSvolume_pa": 0.007763096704939771,
    "ElementProperty_MagpieData_maximum_SpaceGroupNumber": 0.007076916443100281,
    "ElementFraction_Ga": 0.006990657117929321,
    "ElementFraction_Sb": 0.006839815569791873,
    "MEGNet_OFMEncoded_v1_149": 0.0066738192628779435,
    "ElementProperty_MagpieData_mean_NpUnfilled": 0.006483250602999467,
    "ElementProperty_MagpieData_maximum_GSbandgap": 0.006239350246104113,
    "ElementFraction_Ti": 0.006202777847075716,
    "ElementFraction_P": 0.006167719221046392,
    "ElementProperty_MagpieData_maximum_NpUnfilled": 0.006112749570260643,
    "ElementFraction_Cd": 0.005807883278196193,
    "ElementFraction_V": 0.005729639294470058,
    "ElementFraction_S": 0.005536863536918645,
    "ElementProperty_MagpieData_maximum_MeltingT": 0.005499526811571592,
    "ElementProperty_MagpieData_minimum_SpaceGroupNumber": 0.005042079871632352,
    "ElementFraction_Co": 0.004843085795501285,
    "ElementProperty_MagpieData_mean_NsValence": 0.004796274168389237,
    "ElementFraction_Pt": 0.004698072614161044,
    "ElementProperty_MagpieData_mode_SpaceGroupNumber": 0.004661838442094686,
    "ElementFraction_Y": 0.004262364777405508,
    "ElementFraction_Al": 0.004212282545498423,
    "ElementFraction_Ge": 0.004054297392359008,
    "ElementFraction_Pb": 0.00401336394226705
}