{
    "AGNIFingerPrint_mean_AGNI_eta=1_23e+00": 0.0037034949915083614,
    "ElementFraction_O": 0.0016342479082119095,
    "GeneralizedRDF_mean_Gaussian_center=1_0_width=1_0": 0.0010629532878461048,
    "ElementProperty_MagpieData_mode_NUnfilled": 0.0007613736458196664,
    "ElementProperty_MagpieData_mean_Electronegativity": 0.0006241491480693576,
    "ElementProperty_MagpieData_avg_dev_Electronegativity": 0.0006168212351061875,
    "OxidationStates_std_dev_oxidation_state": 0.0005430127566235207,
    "ElementProperty_MagpieData_maximum_MeltingT": 0.0005386579375840768,
    "GeneralizedRDF_mean_Gaussian_center=0_0_width=1_0": 0.0005113536708576086,
    "MEGNet_OFMEncoded_v1_99": 0.00048738512035680705,
    "ElementProperty_MagpieData_mean_Column": 0.00046137430544548565,
    "TMetalFraction_transition_metal_fraction": 0.00041085488208154116,
    "ElectronegativityDiff_minimum_EN_difference": 0.0003395766548575339,
    "ElementProperty_MagpieData_mode_NpUnfilled": 0.0003276476196987831,
    "ElementProperty_MagpieData_mean_NpUnfilled": 0.00032124272227716756,
    "ElementProperty_MagpieData_avg_dev_NdValence": 0.00030317827978038184,
    "ElectronegativityDiff_mean_EN_difference": 0.000277855565975194,
    "ElementFraction_H": 0.00027030246082052566,
    "ElementProperty_MagpieData_maximum_NdValence": 0.00025211228017731985,
    "ElementProperty_MagpieData_avg_dev_Column": 0.0002451764800122209,
    "ElementProperty_MagpieData_avg_dev_NUnfilled": 0.0002446676572088722,
    "BandCenter_band_center": 0.00023333995235868825,
    "ElementProperty_MagpieData_mean_MeltingT": 0.00022746017104961002,
    "ElementProperty_MagpieData_minimum_Electronegativity": 0.00021250532198422835,
    "ElementProperty_MagpieData_mean_NpValence": 0.00020917587588191515,
    "AGNIFingerPrint_std_dev_AGNI_dir=x_eta=1_23e+00": 0.00016848921946874476,
    "GeneralizedRDF_mean_Gaussian_center=2_0_width=1_0": 0.00015996302060319734,
    "MEGNet_OFMEncoded_v1_94": 0.000159521837214223,
    "VoronoiFingerprint_mean_Voro_dist_minimum": 0.00015817736195306898,
    "ElectronegativityDiff_maximum_EN_difference": 0.00015476611563926317
}