{
    "GaussianSymmFunc_mean_G2_20_0": 0.0028125470576316515,
    "ElementProperty_MagpieData_mode_NUnfilled": 0.0011980356625128615,
    "AGNIFingerPrint_mean_AGNI_eta=1_23e+00": 0.0006403064794807433,
    "GeneralizedRDF_mean_Gaussian_center=1_0_width=1_0": 0.000583549250374135,
    "ElementProperty_MagpieData_maximum_MeltingT": 0.00043860949327484503,
    "AGNIFingerPrint_mean_AGNI_eta=1_88e+00": 0.00043323144945239567,
    "OxidationStates_std_dev_oxidation_state": 0.00029488293744291084,
    "GeneralizedRDF_mean_Gaussian_center=2_0_width=1_0": 0.00029021859097677594,
    "ElementFraction_O": 0.0002468498829417339,
    "ElementProperty_MagpieData_mean_MeltingT": 0.00022837825789673725,
    "ElementFraction_H": 0.00021951695130721129,
    "ElementProperty_MagpieData_mean_NpUnfilled": 0.00020934916563137987,
    "ElectronegativityDiff_minimum_EN_difference": 0.0001963884762675023,
    "ElementProperty_MagpieData_avg_dev_MeltingT": 0.000171684022289054,
    "BandCenter_band_center": 0.00016466060825553889,
    "MEGNet_OFMEncoded_v1_87": 0.00016288779347165173,
    "MEGNet_OFMEncoded_v1_99": 0.00015615486402990785,
    "ElementProperty_MagpieData_avg_dev_Electronegativity": 0.00015148656595933776,
    "ElementProperty_MagpieData_minimum_Column": 0.00014893294867212328,
    "MEGNet_OFMEncoded_v1_15": 0.00014861316624911652,
    "GeneralizedRDF_mean_Gaussian_center=8_0_width=1_0": 0.00014501080678274843,
    "ElementProperty_MagpieData_avg_dev_Column": 0.00014123546729928783,
    "ElementProperty_MagpieData_mean_Electronegativity": 0.00014092959850886484,
    "YangSolidSolution_Yang_delta": 0.00012973588543099552,
    "DensityFeatures_density": 0.00012481117605054744,
    "ElementProperty_MagpieData_minimum_CovalentRadius": 0.00012052735453766182,
    "ElementProperty_MagpieData_minimum_Number": 0.00011757272259212968,
    "MEGNet_OFMEncoded_v1_16": 0.00011612555263346513,
    "MEGNet_OFMEncoded_v1_63": 0.00011140803023179842,
    "ElementProperty_MagpieData_maximum_Number": 0.00010550331056407916
}