{
    "ElementProperty_MagpieData_mean_GSbandgap": 3.0902942952444907,
    "ElementProperty_MagpieData_minimum_CovalentRadius": 1.673545556339901,
    "ElementFraction_O": 0.9987094533554468,
    "ElementProperty_MagpieData_maximum_Electronegativity": 0.8838799531128143,
    "ElementProperty_MagpieData_mean_NsValence": 0.8544117074315785,
    "ElementProperty_MagpieData_mode_GSbandgap": 0.7167166002777583,
    "ElementProperty_MagpieData_minimum_MeltingT": 0.6591496253118101,
    "ElementProperty_MagpieData_mode_Number": 0.48466508944052555,
    "ElementProperty_MagpieData_avg_dev_Electronegativity": 0.46270462272185575,
    "ElementProperty_MagpieData_mean_Row": 0.45386321431098126,
    "ElementFraction_Al": 0.41917922142458147,
    "ElementProperty_MagpieData_minimum_Number": 0.40980384374594814,
    "ElementProperty_MagpieData_maximum_GSbandgap": 0.4026256936877338,
    "ElementFraction_Pd": 0.3868036108452129,
    "ElementProperty_MagpieData_mode_CovalentRadius": 0.38090389398100133,
    "ElementFraction_P": 0.36809689466014456,
    "ElementProperty_MagpieData_maximum_NValence": 0.3510292030013175,
    "ElementProperty_MagpieData_maximum_GSvolume_pa": 0.348539574385293,
    "ElementProperty_MagpieData_minimum_Electronegativity": 0.33107902977048315,
    "MEGNet_OFMEncoded_v1_119": 0.27929364415879415,
    "ElementProperty_MagpieData_avg_dev_CovalentRadius": 0.26138432995580524,
    "ElementProperty_MagpieData_maximum_Number": 0.26093573581414997,
    "ValenceOrbital_frac_p_valence_electrons": 0.2518331925751204,
    "ElementFraction_S": 0.2422152359107986,
    "ElementFraction_Co": 0.23899984206149433,
    "AGNIFingerPrint_mean_AGNI_eta=1_23e+00": 0.23457694022093772,
    "DensityFeatures_packing_fraction": 0.23452517286633445,
    "ElementProperty_MagpieData_maximum_NdUnfilled": 0.23037131940795888,
    "ElementFraction_Si": 0.18547890141233297,
    "ElementProperty_MagpieData_maximum_MeltingT": 0.18201154369897352
}