{
    "GeneralizedRDF_mean_Gaussian_center=5_0_width=1_0": 1.205855816281605e-05,
    "ElementProperty_MagpieData_mean_NdValence": 2.3518313730774453e-06,
    "IonProperty_max_ionic_char": 2.321414041205533e-06,
    "ElementProperty_MagpieData_maximum_MendeleevNumber": 2.1683940916732003e-06,
    "MEGNet_OFMEncoded_v1_142": 2.157642514807725e-06,
    "ElementProperty_MagpieData_avg_dev_NdValence": 2.1487325289021817e-06,
    "ElementProperty_MagpieData_mode_MeltingT": 2.0390818075094093e-06,
    "ElementProperty_MagpieData_avg_dev_NpUnfilled": 2.0379982264866542e-06,
    "Stoichiometry_10-norm": 2.0033610542498397e-06,
    "ElectronegativityDiff_mean_EN_difference": 1.9350753775353475e-06,
    "ElementProperty_MagpieData_mode_NdUnfilled": 1.9060892128886279e-06,
    "CrystalNNFingerprint_mean_q6_CN_12": 1.8414979347922233e-06,
    "TMetalFraction_transition_metal_fraction": 1.7945212996584531e-06,
    "OPSiteFingerprint_std_dev_bent_150_degrees_CN_2": 1.6558450734674858e-06,
    "ElementProperty_MagpieData_mean_NpValence": 1.5701836369096064e-06,
    "ElementProperty_MagpieData_maximum_NdValence": 1.2610938577301442e-06,
    "VoronoiFingerprint_std_dev_Voro_vol_mean": 1.1785861452489869e-06,
    "VoronoiFingerprint_mean_Symmetry_index_5": 1.072702437142997e-06,
    "CrystalNNFingerprint_mean_linear_CN_2": 1.0297577088704887e-06,
    "OPSiteFingerprint_mean_linear_CN_2": 1.0189010379105233e-06,
    "CrystalNNFingerprint_mean_wt_CN_2": 9.736337961712922e-07,
    "MEGNet_OFMEncoded_v1_130": 8.057178899161156e-07,
    "ElementProperty_MagpieData_range_Electronegativity": 8.047384357459079e-07,
    "OxidationStates_minimum_oxidation_state": 7.640458739853121e-07,
    "ElementProperty_MagpieData_mean_GSbandgap": 7.491085760251266e-07,
    "OPSiteFingerprint_mean_bent_150_degrees_CN_2": 7.472869436183606e-07,
    "ElementProperty_MagpieData_mean_NpUnfilled": 7.013424018220891e-07,
    "ElementProperty_MagpieData_minimum_Number": 6.727776583980443e-07,
    "ElementProperty_MagpieData_mode_CovalentRadius": 6.699725608332901e-07,
    "ElementProperty_MagpieData_avg_dev_Column": 6.469901068239933e-07
}