{
    "ElementProperty_MagpieData_maximum_Electronegativity": 0.37696895562376037,
    "AverageBondLength_mean_Average_bond_length": 0.26712813566553584,
    "GeneralizedRDF_mean_Gaussian_center=2_0_width=1_0": 0.2571416859507809,
    "ElectronegativityDiff_minimum_EN_difference": 0.24743759376350571,
    "ElementProperty_MagpieData_mode_Electronegativity": 0.17509609418587352,
    "ElementProperty_MagpieData_maximum_MeltingT": 0.1431210351565015,
    "GeneralizedRDF_mean_Gaussian_center=4_0_width=1_0": 0.10953869304713847,
    "ElementProperty_MagpieData_maximum_NValence": 0.07047735078202345,
    "BondOrientationParameter_mean_BOOP_Q_l=1": 0.07032093668090246,
    "DensityFeatures_packing_fraction": 0.06973356861255128,
    "GaussianSymmFunc_mean_G4_0_005_4_0_-1_0": 0.06410872036745223,
    "AtomicOrbitals_HOMO_element": 0.05929157862846936,
    "MEGNet_OFMEncoded_v1_115": 0.056656875673021447,
    "AtomicOrbitals_LUMO_energy": 0.05640855806372006,
    "ElementProperty_MagpieData_mean_NpValence": 0.05614113775539205,
    "ElementProperty_MagpieData_avg_dev_Electronegativity": 0.047971713827644466,
    "ElementProperty_MagpieData_minimum_GSvolume_pa": 0.046096988266560536,
    "ElementProperty_MagpieData_mean_MendeleevNumber": 0.04367538933518937,
    "AGNIFingerPrint_std_dev_AGNI_dir=z_eta=1_88e+00": 0.04251942529921567,
    "AGNIFingerPrint_std_dev_AGNI_dir=y_eta=1_88e+00": 0.037621033042540115,
    "MEGNet_OFMEncoded_v1_111": 0.037288303851946945,
    "ElementProperty_MagpieData_mean_NUnfilled": 0.03626301812309308,
    "ElementProperty_MagpieData_maximum_MendeleevNumber": 0.03471898434835482,
    "ElementFraction_O": 0.03459467754076189,
    "ElementProperty_MagpieData_avg_dev_AtomicWeight": 0.03342602379127034,
    "ElementProperty_MagpieData_mode_GSvolume_pa": 0.0330981189668389,
    "GaussianSymmFunc_mean_G4_0_005_4_0_1_0": 0.03217384646549275,
    "ElementProperty_MagpieData_minimum_Number": 0.03207394834303629,
    "ElectronegativityDiff_maximum_EN_difference": 0.03159737051327809,
    "ElementProperty_MagpieData_mean_Column": 0.031079705090776937
}