{
    "TMetalFraction_transition_metal_fraction": 3.788256018275624,
    "ElementProperty_MagpieData_maximum_Electronegativity": 1.62425792771721,
    "ElementFraction_Mg": 1.276923706749689,
    "ElementProperty_MagpieData_mean_NpUnfilled": 1.0547879705075893,
    "ElementFraction_Al": 0.8666109907281935,
    "ValenceOrbital_frac_s_valence_electrons": 0.8382541747364167,
    "ElementProperty_MagpieData_mode_MeltingT": 0.8371655548561099,
    "ElementProperty_MagpieData_mean_NsValence": 0.8014768288334495,
    "ElementProperty_MagpieData_maximum_NValence": 0.7172343057951737,
    "ElementProperty_MagpieData_maximum_NdValence": 0.7061856212069043,
    "ElementProperty_MagpieData_mode_Number": 0.6566600699125644,
    "ElementFraction_Au": 0.6204889842601982,
    "ElementFraction_Pd": 0.5964895612808025,
    "ElementProperty_MagpieData_mode_GSvolume_pa": 0.5716852549320206,
    "ElementProperty_MagpieData_maximum_GSvolume_pa": 0.5624733701358956,
    "ElementProperty_MagpieData_maximum_CovalentRadius": 0.5552455549588866,
    "ElementProperty_MagpieData_maximum_NpUnfilled": 0.5187622563004174,
    "ElementProperty_MagpieData_maximum_MeltingT": 0.5093640005420051,
    "AtomicOrbitals_HOMO_energy": 0.4791612127438243,
    "DensityFeatures_packing_fraction": 0.4784748076258681,
    "ElementProperty_MagpieData_mean_Electronegativity": 0.43364053643260597,
    "ElementProperty_MagpieData_minimum_CovalentRadius": 0.4274912677156508,
    "ElementProperty_MagpieData_mode_NdValence": 0.39526442770294523,
    "ElementProperty_MagpieData_avg_dev_NdUnfilled": 0.38345570486989594,
    "ValenceOrbital_frac_d_valence_electrons": 0.3657635483050677,
    "AtomicOrbitals_LUMO_energy": 0.3655584035223873,
    "ElementProperty_MagpieData_minimum_GSvolume_pa": 0.3227643499162965,
    "ElementProperty_MagpieData_mean_GSmagmom": 0.3069149687694826,
    "ElementProperty_MagpieData_maximum_NdUnfilled": 0.3067439216967144,
    "ElementProperty_MagpieData_avg_dev_GSvolume_pa": 0.3040767607429634
}