{
    "ElementFraction_O": 0.1725278729027245,
    "ElementProperty_MagpieData_mean_NdValence": 0.01747924417601774,
    "ElementProperty_MagpieData_minimum_SpaceGroupNumber": 0.012020607123811517,
    "ElementProperty_MagpieData_mode_Number": 0.00920792758819324,
    "ElementProperty_MagpieData_maximum_MeltingT": 0.008732054759797053,
    "ElementProperty_MagpieData_mode_NValence": 0.007965279275301359,
    "ElementProperty_MagpieData_maximum_NUnfilled": 0.0068283213034213384,
    "ElementFraction_Cu": 0.006747308616507176,
    "MEGNet_OFMEncoded_v1_71": 0.006428990499068314,
    "ElementFraction_V": 0.006375865738263614,
    "ElementProperty_MagpieData_mode_NsValence": 0.006212118584345419,
    "ElementProperty_MagpieData_mode_MeltingT": 0.0059327508222822255,
    "ElementProperty_MagpieData_mode_Electronegativity": 0.0053783085851268455,
    "ElementProperty_MagpieData_avg_dev_NdValence": 0.005011977730514043,
    "ElementProperty_MagpieData_mean_NsValence": 0.004966025454565001,
    "MEGNet_OFMEncoded_v1_122": 0.00496496318749577,
    "ElementFraction_Ag": 0.004536089818800717,
    "ElementProperty_MagpieData_minimum_Number": 0.0045072264967709495,
    "ValenceOrbital_frac_d_valence_electrons": 0.004378069955916956,
    "ElementFraction_Cd": 0.004376982689238033,
    "ElementProperty_MagpieData_minimum_GSvolume_pa": 0.00424430736964787,
    "ElementProperty_MagpieData_minimum_MeltingT": 0.004007812134625549,
    "ElementProperty_MagpieData_maximum_Electronegativity": 0.003859691450773881,
    "ElementProperty_MagpieData_minimum_Electronegativity": 0.003786036848332773,
    "ElementProperty_MagpieData_maximum_NdValence": 0.003657957195249707,
    "TMetalFraction_transition_metal_fraction": 0.0035650554416871583,
    "ElementProperty_MagpieData_maximum_MendeleevNumber": 0.0034417304132989207,
    "ElementProperty_MagpieData_mode_SpaceGroupNumber": 0.0033712695303465866,
    "ElementProperty_MagpieData_mean_GSmagmom": 0.0031772303353656047,
    "ElementFraction_Sr": 0.0030041429258243937
}