{
    "OxidationStates_std_dev_oxidation_state": 0.0784234920436109,
    "BondOrientationParameter_mean_BOOP_Q_l=6": 0.03714565107519032,
    "ElementFraction_O": 0.03093824536543193,
    "ElementProperty_MagpieData_mean_MendeleevNumber": 0.026506010324593116,
    "ElementFraction_Fe": 0.025390962701082417,
    "ElementProperty_MagpieData_mean_Column": 0.0231746732676861,
    "BondOrientationParameter_mean_BOOP_Q_l=8": 0.01917029040231434,
    "BondOrientationParameter_std_dev_BOOP_Q_l=5": 0.01864230789892318,
    "ElementProperty_MagpieData_maximum_CovalentRadius": 0.0185466530712264,
    "ElementProperty_MagpieData_avg_dev_MeltingT": 0.017202685229588285,
    "BondOrientationParameter_std_dev_BOOP_Q_l=2": 0.017038774297992706,
    "ElectronegativityDiff_maximum_EN_difference": 0.017037589746918044,
    "ElementProperty_MagpieData_mean_Row": 0.01430507818430047,
    "BondFractions_Ni_-_O_bond_frac_": 0.013858318019008983,
    "ElementProperty_MagpieData_range_CovalentRadius": 0.013281085237630825,
    "ElementProperty_MagpieData_mode_MendeleevNumber": 0.01324042300319087,
    "ElementProperty_MagpieData_avg_dev_Column": 0.012648734166638805,
    "ElementProperty_MagpieData_avg_dev_GSmagmom": 0.01251504564295503,
    "ElementProperty_MagpieData_avg_dev_MendeleevNumber": 0.012356597785279354,
    "ElementProperty_MagpieData_mean_NsValence": 0.012116566622895158,
    "OPSiteFingerprint_mean_linear_CN_2": 0.011439821598311297,
    "TMetalFraction_transition_metal_fraction": 0.01130122988244724,
    "AGNIFingerPrint_std_dev_AGNI_dir=x_eta=6_80e+00": 0.011015890380309637,
    "ElementProperty_MagpieData_mean_NUnfilled": 0.010842846413118185,
    "MEGNet_OFMEncoded_v1_100": 0.010403847842278557,
    "YangSolidSolution_Yang_delta": 0.010311982890402041,
    "ElementProperty_MagpieData_minimum_GSvolume_pa": 0.010237957569453478,
    "Miedema_Miedema_deltaH_inter": 0.01016225031186859,
    "ValenceOrbital_frac_p_valence_electrons": 0.009852780178812493,
    "CrystalNNFingerprint_mean_linear_CN_2": 0.009602984760163712
}