{
    "ElementProperty_MagpieData_avg_dev_Electronegativity": 0.973217910514788,
    "GeneralizedRDF_mean_Gaussian_center=2_0_width=1_0": 0.5216760687411525,
    "GeneralizedRDF_mean_Gaussian_center=3_0_width=1_0": 0.3697332070229894,
    "ElementProperty_MagpieData_mean_CovalentRadius": 0.22302720197792758,
    "ElementProperty_MagpieData_mean_NpUnfilled": 0.18889076593097942,
    "ElementProperty_MagpieData_mean_MeltingT": 0.1871373458760749,
    "AtomicOrbitals_HOMO_energy": 0.1863664179203058,
    "ElementProperty_MagpieData_mean_MendeleevNumber": 0.16303418556360286,
    "ElementProperty_MagpieData_mean_GSvolume_pa": 0.15691769898431876,
    "ElementProperty_MagpieData_avg_dev_NpUnfilled": 0.15481468979187366,
    "ElectronegativityDiff_minimum_EN_difference": 0.13202485144572232,
    "TMetalFraction_transition_metal_fraction": 0.10713912044402865,
    "ElementProperty_MagpieData_mean_Electronegativity": 0.1040051731748057,
    "ElementProperty_MagpieData_mean_NpValence": 0.10231461815242654,
    "ElementProperty_MagpieData_mode_MendeleevNumber": 0.09714592943719898,
    "ElementProperty_MagpieData_range_GSbandgap": 0.08871721802520671,
    "ElementProperty_MagpieData_mode_Electronegativity": 0.08667889209763315,
    "ElementProperty_MagpieData_maximum_CovalentRadius": 0.08556340252621758,
    "MEGNet_OFMEncoded_v1_166": 0.08120584539052245,
    "ElementFraction_O": 0.08045335531373543,
    "ElementProperty_MagpieData_avg_dev_GSmagmom": 0.07939518482836652,
    "ElementProperty_MagpieData_mean_GSbandgap": 0.076732753892513,
    "AGNIFingerPrint_std_dev_AGNI_dir=y_eta=8_00e-01": 0.07208413194791342,
    "VoronoiFingerprint_mean_Voro_area_maximum": 0.0688813321657781,
    "ElementFraction_S": 0.0638112453094145,
    "AverageBondAngle_std_dev_Average_bond_angle": 0.062350164753506444,
    "MEGNet_OFMEncoded_v1_19": 0.061880872956937345,
    "GaussianSymmFunc_mean_G4_0_005_1_0_1_0": 0.05795973526934234,
    "MEGNet_OFMEncoded_v1_48": 0.055872801437876686,
    "ElementProperty_MagpieData_mean_Row": 0.05014261644276205
}