{
    "TMetalFraction_transition_metal_fraction": 0.08309439571077536,
    "DensityFeatures_density": 0.07201382434066547,
    "ElementProperty_MagpieData_mean_Row": 0.07014451247880037,
    "ElementProperty_MagpieData_mean_NpValence": 0.049781317872812786,
    "ElementProperty_MagpieData_mode_GSvolume_pa": 0.03835089860452841,
    "ElementProperty_MagpieData_mean_GSvolume_pa": 0.03190666626442573,
    "IonProperty_avg_ionic_char": 0.025258912825550168,
    "GeneralizedRDF_mean_Gaussian_center=3_0_width=1_0": 0.024724105125554393,
    "ElementProperty_MagpieData_mean_Column": 0.02375113138330128,
    "YangSolidSolution_Yang_omega": 0.02351782313962403,
    "ElementProperty_MagpieData_avg_dev_NdUnfilled": 0.019631879254055053,
    "DensityFeatures_packing_fraction": 0.019154610107986993,
    "ElementProperty_MagpieData_range_Electronegativity": 0.01901404543171267,
    "ElementProperty_MagpieData_mean_NUnfilled": 0.018124220124095976,
    "AtomicOrbitals_LUMO_element": 0.017301411997568697,
    "ElementProperty_MagpieData_mean_MeltingT": 0.01729154579002222,
    "ElementProperty_MagpieData_avg_dev_NpUnfilled": 0.01723890137054096,
    "Stoichiometry_2-norm": 0.016304106886476055,
    "ElementProperty_MagpieData_mean_AtomicWeight": 0.014824842895629414,
    "BondOrientationParameter_mean_BOOP_Q_l=1": 0.014749998591344635,
    "ElementProperty_MagpieData_mean_NpUnfilled": 0.01377517699125122,
    "MEGNet_OFMEncoded_v1_33": 0.013521140157298179,
    "ElectronegativityDiff_minimum_EN_difference": 0.013088042366954095,
    "ElementProperty_MagpieData_minimum_Electronegativity": 0.012977253734119646,
    "OxidationStates_std_dev_oxidation_state": 0.012812786953539266,
    "GeneralizedRDF_mean_Gaussian_center=0_0_width=1_0": 0.01278150870728097,
    "ElementProperty_MagpieData_mode_MeltingT": 0.012546126257127106,
    "ElementProperty_MagpieData_maximum_CovalentRadius": 0.012175443012620113,
    "ElementProperty_MagpieData_maximum_NUnfilled": 0.011944312774017954,
    "ElementProperty_MagpieData_maximum_NValence": 0.011742108965722281
}