{
    "CrystalNNFingerprint_mean_wt_CN_6": 0.012508390345804882,
    "AtomicOrbitals_HOMO_energy": 0.012273349495264116,
    "CrystalNNFingerprint_mean_trigonal_planar_CN_3": 0.011444876111416593,
    "MaximumPackingEfficiency_max_packing_efficiency": 0.010356535396617518,
    "ElementProperty_MagpieData_mode_MendeleevNumber": 0.009881983244722009,
    "ElementProperty_MagpieData_mean_MendeleevNumber": 0.00927034838097357,
    "CrystalNNFingerprint_mean_hexagonal_planar_CN_6": 0.008236992235157451,
    "BondOrientationParameter_mean_BOOP_Q_l=7": 0.008172426904924692,
    "ElementProperty_MagpieData_avg_dev_NpValence": 0.007979955245002272,
    "ElementProperty_MagpieData_mean_Column": 0.007543927945712254,
    "ElementProperty_MagpieData_mean_NpValence": 0.007183475822594429,
    "ElementProperty_MagpieData_mode_Electronegativity": 0.006592099131196298,
    "ElementProperty_MagpieData_maximum_MendeleevNumber": 0.006561261584797403,
    "CrystalNNFingerprint_std_dev_bent_150_degrees_CN_2": 0.006333480715585118,
    "BondOrientationParameter_mean_BOOP_Q_l=8": 0.006236883964156825,
    "MEGNet_OFMEncoded_v1_55": 0.005260590011951617,
    "ElementProperty_MagpieData_avg_dev_Column": 0.0051113575181985765,
    "AtomicOrbitals_HOMO_element": 0.004941071159977738,
    "ElementProperty_MagpieData_mean_Electronegativity": 0.004615910767876605,
    "AGNIFingerPrint_std_dev_AGNI_dir=y_eta=8_00e-01": 0.004398297737143956,
    "OxidationStates_minimum_oxidation_state": 0.004145693189104864,
    "ElementProperty_MagpieData_maximum_Number": 0.004108595692097125,
    "TMetalFraction_transition_metal_fraction": 0.003972019015470096,
    "MEGNet_OFMEncoded_v1_27": 0.0037696578427733438,
    "CrystalNNFingerprint_mean_octahedral_CN_6": 0.003672768238619247,
    "CrystalNNFingerprint_mean_wt_CN_3": 0.0036324176507468962,
    "ElementProperty_MagpieData_mean_NpUnfilled": 0.0035575439008688576,
    "ElectronegativityDiff_mean_EN_difference": 0.0035200628264855016,
    "ElementProperty_MagpieData_maximum_NUnfilled": 0.003510099824352648,
    "GaussianSymmFunc_mean_G2_80_0": 0.003458350164484749
}