{
    "MaximumPackingEfficiency_max_packing_efficiency": 0.05018604951450372,
    "ElementProperty_MagpieData_mean_NsValence": 0.021066775944145,
    "BondOrientationParameter_mean_BOOP_Q_l=3": 0.017676388669076976,
    "TMetalFraction_transition_metal_fraction": 0.011580605205217448,
    "AverageBondAngle_mean_Average_bond_angle": 0.011262019290199233,
    "ElementProperty_MagpieData_mode_NUnfilled": 0.010845365775596806,
    "ElementProperty_MagpieData_mean_MeltingT": 0.009907536866868964,
    "AtomicOrbitals_HOMO_energy": 0.00910000937859556,
    "CrystalNNFingerprint_mean_cuboctahedral_CN_12": 0.009020742635128268,
    "StructuralHeterogeneity_mean_neighbor_distance_variation": 0.008679340115930701,
    "ElementProperty_MagpieData_mean_NUnfilled": 0.008448568363530608,
    "ElectronegativityDiff_mean_EN_difference": 0.008378798611193543,
    "ElementProperty_MagpieData_mean_NdUnfilled": 0.008263920248487367,
    "ElementFraction_Yb": 0.008081991123425983,
    "ElementProperty_MagpieData_minimum_Electronegativity": 0.007937025299008802,
    "ElementProperty_MagpieData_minimum_GSvolume_pa": 0.0077452573272434495,
    "CrystalNNFingerprint_std_dev_pentagonal_pyramidal_CN_6": 0.006171496608704199,
    "MEGNet_OFMEncoded_v1_185": 0.006031979961830306,
    "ElementProperty_MagpieData_mean_NpValence": 0.0059887001990975505,
    "AGNIFingerPrint_std_dev_AGNI_eta=1_23e+00": 0.005878773512970791,
    "ElementProperty_MagpieData_mean_NpUnfilled": 0.0058327541713393055,
    "ElementProperty_MagpieData_maximum_MendeleevNumber": 0.005631368651573837,
    "BondOrientationParameter_mean_BOOP_Q_l=2": 0.0054871373568921595,
    "AverageBondAngle_std_dev_Average_bond_angle": 0.005426105868813304,
    "CoordinationNumber_std_dev_CN_VoronoiNN": 0.005323318259752511,
    "ElementProperty_MagpieData_mean_Column": 0.004908862140864613,
    "ElementProperty_MagpieData_avg_dev_NpUnfilled": 0.004786311634261729,
    "MEGNet_OFMEncoded_v1_68": 0.0046018996674607095,
    "CrystalNNFingerprint_mean_trigonal_planar_CN_3": 0.004554599737979175,
    "ElementProperty_MagpieData_mean_MendeleevNumber": 0.004546081785424636
}