{
    "GeneralizedRDF_mean_Gaussian_center=3_0_width=1_0": 0.0022461444208370838,
    "BandCenter_band_center": 0.001098147271747745,
    "GeneralizedRDF_mean_Gaussian_center=2_0_width=1_0": 0.0009001292174710939,
    "ElementProperty_MagpieData_mean_Column": 0.00031178530590900095,
    "ElementProperty_MagpieData_mean_NUnfilled": 0.0002754382872358235,
    "DensityFeatures_packing_fraction": 0.0002650420087693277,
    "ElementProperty_MagpieData_mean_MendeleevNumber": 0.00026031887675571533,
    "VoronoiFingerprint_mean_Voro_vol_maximum": 0.0002174655032703101,
    "ElementProperty_MagpieData_mean_Electronegativity": 0.00020888389861147311,
    "GeneralizedRDF_mean_Gaussian_center=5_0_width=1_0": 0.0002008510469340251,
    "ElectronegativityDiff_minimum_EN_difference": 0.0001966594950330091,
    "AGNIFingerPrint_mean_AGNI_eta=1_60e+01": 0.0001939783759606909,
    "BondOrientationParameter_mean_BOOP_Q_l=2": 0.0001616492288772742,
    "ElementProperty_MagpieData_avg_dev_NdValence": 0.00015540600546986113,
    "TMetalFraction_transition_metal_fraction": 0.0001348252974480122,
    "CrystalNNFingerprint_mean_tetrahedral_CN_4": 0.0001233733773965044,
    "VoronoiFingerprint_mean_Voro_dist_mean": 0.00012210920581138263,
    "ElementProperty_MagpieData_mean_CovalentRadius": 0.00011169423856387312,
    "ElectronegativityDiff_mean_EN_difference": 0.00010883121545070749,
    "MaximumPackingEfficiency_max_packing_efficiency": 0.00010857190279381842,
    "CrystalNNFingerprint_mean_wt_CN_2": 0.00010543281240716071,
    "ElementProperty_MagpieData_mean_MeltingT": 0.00010436814558915776,
    "OPSiteFingerprint_std_dev_tetrahedral_CN_4": 0.00010435378077853847,
    "ElementProperty_MagpieData_maximum_NUnfilled": 0.00010363552109927521,
    "ElementProperty_MagpieData_avg_dev_MendeleevNumber": 0.00010214366347470503,
    "ElementProperty_MagpieData_maximum_CovalentRadius": 0.00010099785868160283,
    "ElementProperty_MagpieData_mean_NpValence": 0.00010016091932783864,
    "ElementProperty_MagpieData_avg_dev_NUnfilled": 9.20251606161471e-05,
    "MEGNet_OFMEncoded_v1_172": 8.980319756397213e-05,
    "ElementProperty_MagpieData_minimum_NUnfilled": 8.783468108327039e-05
}