{
    "ElementProperty_MagpieData_mean_Electronegativity": 0.8111674477783796,
    "ElementProperty_MagpieData_mean_NpValence": 0.37964312558408786,
    "ElementProperty_MagpieData_mean_Column": 0.214060413769108,
    "ElementProperty_MagpieData_mode_Electronegativity": 0.1847284132899391,
    "ElementProperty_MagpieData_mean_GSmagmom": 0.13019595974572837,
    "ElementProperty_MagpieData_avg_dev_Column": 0.11566677281015,
    "ElementProperty_MagpieData_maximum_Electronegativity": 0.11054817883288921,
    "YangSolidSolution_Yang_delta": 0.10419532178887908,
    "ElementProperty_MagpieData_mode_SpaceGroupNumber": 0.10243139981452948,
    "ElementProperty_MagpieData_avg_dev_NdValence": 0.0736086467617663,
    "ElementProperty_MagpieData_mode_Number": 0.07302197278984458,
    "BandCenter_band_center": 0.06782012833115075,
    "ElectronegativityDiff_minimum_EN_difference": 0.06449287514285318,
    "ElementProperty_MagpieData_avg_dev_NUnfilled": 0.06448917107610279,
    "ElementProperty_MagpieData_range_NUnfilled": 0.059858983082558555,
    "ElementProperty_MagpieData_avg_dev_GSmagmom": 0.05691526827003256,
    "AtomicOrbitals_LUMO_energy": 0.04743192252443859,
    "ElementProperty_MagpieData_minimum_Column": 0.046070405615682056,
    "ElectronegativityDiff_range_EN_difference": 0.04604038219324574,
    "ElementProperty_MagpieData_avg_dev_NpValence": 0.043301312008828974,
    "ElementProperty_MagpieData_maximum_NdValence": 0.042340788048841456,
    "ElementProperty_MagpieData_mean_MeltingT": 0.03742944482061354,
    "ElementFraction_O": 0.03662894585618635,
    "MEGNet_OFMEncoded_v1_71": 0.03581916456462236,
    "MEGNet_OFMEncoded_v1_99": 0.03429830644704186,
    "MEGNet_OFMEncoded_v1_63": 0.033075762008283355,
    "ElementProperty_MagpieData_mean_MendeleevNumber": 0.03196399848226732,
    "BondFractions_Ni_-_O_bond_frac_": 0.029264367472392316,
    "AGNIFingerPrint_std_dev_AGNI_eta=1_23e+00": 0.028019233247535157,
    "TMetalFraction_transition_metal_fraction": 0.027317675660732448
}