{
    "GeneralizedRDF_mean_Gaussian_center=0_0_width=1_0": 8.482292550373723e-06,
    "ElementProperty_MagpieData_minimum_Column": 8.323377096054122e-06,
    "AGNIFingerPrint_std_dev_AGNI_eta=1_23e+00": 4.1850587359179956e-06,
    "ElectronegativityDiff_minimum_EN_difference": 3.6529234694533537e-06,
    "ElementProperty_MagpieData_mean_SpaceGroupNumber": 3.3986988267755204e-06,
    "BondOrientationParameter_mean_BOOP_Q_l=3": 3.195993266273736e-06,
    "VoronoiFingerprint_mean_Voro_area_maximum": 3.138140128815087e-06,
    "ElementProperty_MagpieData_range_GSbandgap": 2.9714364139268098e-06,
    "StructuralHeterogeneity_mean_neighbor_distance_variation": 2.8238821860341208e-06,
    "AGNIFingerPrint_std_dev_AGNI_dir=z_eta=1_88e+00": 2.7970175932742733e-06,
    "OPSiteFingerprint_mean_q6_CN_12": 2.750036967760083e-06,
    "DensityFeatures_density": 2.6227075170130824e-06,
    "CrystalNNFingerprint_std_dev_tetrahedral_CN_4": 2.554134923377585e-06,
    "AtomicOrbitals_HOMO_energy": 2.5138757651477914e-06,
    "MEGNet_OFMEncoded_v1_118": 2.419307241232566e-06,
    "OxidationStates_maximum_oxidation_state": 2.351241372444093e-06,
    "AGNIFingerPrint_mean_AGNI_eta=1_23e+00": 2.2885335898093213e-06,
    "ElementFraction_Ni": 2.2878832182543145e-06,
    "ElementProperty_MagpieData_avg_dev_GSvolume_pa": 2.0526929389616334e-06,
    "ElementProperty_MagpieData_range_GSvolume_pa": 2.0466506337900206e-06,
    "ElementProperty_MagpieData_range_Electronegativity": 1.9977659154252816e-06,
    "ElementProperty_MagpieData_mean_NdUnfilled": 1.9154676665202785e-06,
    "BondOrientationParameter_mean_BOOP_Q_l=1": 1.8269366451719258e-06,
    "ElementFraction_S": 1.8111919214485092e-06,
    "MEGNet_OFMEncoded_v1_50": 1.6928220552792915e-06,
    "CrystalNNFingerprint_mean_wt_CN_14": 1.639092541005011e-06,
    "BondFractions_Ni_-_O_bond_frac_": 1.6125481012186312e-06,
    "ElementProperty_MagpieData_avg_dev_NdValence": 1.5996209569100398e-06,
    "AverageBondAngle_mean_Average_bond_angle": 1.5785740595166114e-06,
    "ElementProperty_MagpieData_minimum_CovalentRadius": 1.5785570848444963e-06
}