{
    "GaussianSymmFunc_mean_G2_80_0": 0.0004558994676840159,
    "ElementFraction_S": 0.0003726041273098403,
    "ElementProperty_MagpieData_maximum_CovalentRadius": 0.0003696117575386919,
    "ElementProperty_MagpieData_mean_Column": 0.00030282218458317053,
    "ElementProperty_MagpieData_mean_NpValence": 0.0002975143114374743,
    "ElementFraction_Ca": 0.0002821132465633742,
    "ElementProperty_MagpieData_mean_GSbandgap": 0.0002522507871748577,
    "ElementProperty_MagpieData_mode_GSvolume_pa": 0.00024664722455111854,
    "ElementProperty_MagpieData_mean_GSmagmom": 0.00022013860047114819,
    "TMetalFraction_transition_metal_fraction": 0.00021599765257913388,
    "ElementFraction_Au": 0.00020815034699590073,
    "ElementFraction_In": 0.0001982905473928239,
    "ElementFraction_Yb": 0.0001946460373452576,
    "ElementProperty_MagpieData_avg_dev_CovalentRadius": 0.0001927660155161602,
    "ElementProperty_MagpieData_maximum_SpaceGroupNumber": 0.00016316878318232717,
    "ElementFraction_Ni": 0.00014618507796360683,
    "ElementProperty_MagpieData_mode_GSbandgap": 0.00014222146385494446,
    "MEGNet_OFMEncoded_v1_147": 0.00014134454988539647,
    "ElementProperty_MagpieData_maximum_Column": 0.00013317369143436345,
    "ElementFraction_Y": 0.00013172796690538895,
    "ElementProperty_MagpieData_mode_CovalentRadius": 0.00013162913780007752,
    "MEGNet_OFMEncoded_v1_5": 0.00012027934170766067,
    "ValenceOrbital_frac_p_valence_electrons": 0.00010976772804487555,
    "ElementProperty_MagpieData_maximum_NpUnfilled": 0.00010813209327683367,
    "ElementProperty_MagpieData_minimum_NUnfilled": 0.00010772115435979409,
    "ElementFraction_Bi": 0.00010530070156153349,
    "ElementProperty_MagpieData_maximum_MendeleevNumber": 0.00010225240112961018,
    "ElementProperty_MagpieData_mean_SpaceGroupNumber": 0.00010156906244457546,
    "ElementProperty_MagpieData_minimum_CovalentRadius": 9.862442104034859e-05,
    "ElementProperty_MagpieData_avg_dev_NValence": 9.68368655035149e-05
}