{
    "MaximumPackingEfficiency_max_packing_efficiency": 0.0540446168091794,
    "TMetalFraction_transition_metal_fraction": 0.05235615337194551,
    "OxidationStates_std_dev_oxidation_state": 0.03696980346031585,
    "ElementProperty_MagpieData_maximum_MeltingT": 0.03660212044969845,
    "MEGNet_OFMEncoded_v1_33": 0.03105253797532215,
    "BondOrientationParameter_mean_BOOP_Q_l=3": 0.027520746255683497,
    "ElementProperty_MagpieData_mean_NUnfilled": 0.025877239663453563,
    "CrystalNNFingerprint_mean_octahedral_CN_6": 0.025833091558533052,
    "ElementProperty_MagpieData_avg_dev_MeltingT": 0.025547084605058903,
    "AtomicOrbitals_gap_AO": 0.022377097379651226,
    "AtomicOrbitals_HOMO_element": 0.02143030784904925,
    "ElementProperty_MagpieData_range_MeltingT": 0.01988189453720064,
    "ElectronegativityDiff_maximum_EN_difference": 0.01737508960967795,
    "AtomicOrbitals_HOMO_energy": 0.01572000988906874,
    "MEGNet_OFMEncoded_v1_122": 0.01564283303730453,
    "ElementProperty_MagpieData_maximum_NdUnfilled": 0.01458265480260716,
    "ElementProperty_MagpieData_maximum_NfUnfilled": 0.01361413331800598,
    "ElementProperty_MagpieData_mean_MendeleevNumber": 0.01328422649664081,
    "CrystalNNFingerprint_mean_hexagonal_planar_CN_6": 0.0130016231624476,
    "ElementProperty_MagpieData_mean_NpUnfilled": 0.01290747074377823,
    "CrystalNNFingerprint_mean_tetrahedral_CN_4": 0.012825507560223983,
    "ElementProperty_MagpieData_maximum_CovalentRadius": 0.012641396319924841,
    "ElementProperty_MagpieData_mean_Electronegativity": 0.012250418062183435,
    "MEGNet_OFMEncoded_v1_125": 0.01216650457623019,
    "CoulombMatrix_coulomb_matrix_eig_5": 0.011813313418579973,
    "ElementProperty_MagpieData_range_CovalentRadius": 0.011619556277626543,
    "ElementProperty_MagpieData_avg_dev_Column": 0.011572899899097934,
    "ElementProperty_MagpieData_range_NUnfilled": 0.011278721587918221,
    "ElectronegativityDiff_minimum_EN_difference": 0.01098676219101712,
    "GaussianSymmFunc_mean_G2_80_0": 0.010599872144667762
}