{
    "ElementProperty_MagpieData_mean_Column": 0.000444637576423406,
    "ElementProperty_MagpieData_mean_NpValence": 0.00036087223987280086,
    "ElementProperty_MagpieData_maximum_CovalentRadius": 0.0003017186022290382,
    "GaussianSymmFunc_mean_G2_80_0": 0.0002568891286796817,
    "ElementFraction_Ca": 0.00022514206975287655,
    "ElementProperty_MagpieData_maximum_Column": 0.0001760616657520959,
    "ElementFraction_Yb": 0.00017603910311101315,
    "ElementProperty_MagpieData_maximum_SpaceGroupNumber": 0.00017319906489021757,
    "ElementFraction_S": 0.00016690040106823588,
    "ElementFraction_Au": 0.0001490589479245618,
    "ElementFraction_In": 0.0001360450004424824,
    "ValenceOrbital_frac_p_valence_electrons": 0.00013395946361184266,
    "ElementProperty_MagpieData_mean_CovalentRadius": 0.00012397935623584532,
    "ElementProperty_MagpieData_mode_Number": 0.00011876453753194698,
    "ElementFraction_Y": 0.00010691847087108963,
    "ElementFraction_Pd": 0.00010552307523237881,
    "ElementProperty_MagpieData_mode_GSbandgap": 0.00010455836789492534,
    "TMetalFraction_transition_metal_fraction": 9.998215562579209e-05,
    "ElementProperty_MagpieData_minimum_NUnfilled": 9.980643755990912e-05,
    "ElementProperty_MagpieData_mode_CovalentRadius": 9.953058721570663e-05,
    "ElementFraction_K": 9.345842644724859e-05,
    "ElementProperty_MagpieData_avg_dev_GSmagmom": 9.16003875975269e-05,
    "ElementProperty_MagpieData_avg_dev_NpValence": 8.134567776385932e-05,
    "ElementFraction_Ni": 8.089540377562039e-05,
    "ElementProperty_MagpieData_mode_SpaceGroupNumber": 8.079142047497494e-05,
    "ElementProperty_MagpieData_maximum_Electronegativity": 7.878383448110041e-05,
    "ElementProperty_MagpieData_maximum_MendeleevNumber": 7.789465123232062e-05,
    "AtomicOrbitals_HOMO_element": 7.250860279417173e-05,
    "ElementFraction_Bi": 7.248753536473468e-05,
    "ElementFraction_Mn": 7.133289222236408e-05
}