{
    "GeneralizedRDF_mean_Gaussian_center=2_0_width=1_0": 0.2980616866802509,
    "GeneralizedRDF_mean_Gaussian_center=3_0_width=1_0": 0.21478480622008678,
    "ElementProperty_MagpieData_maximum_CovalentRadius": 0.2041304008802181,
    "ElementProperty_MagpieData_mean_CovalentRadius": 0.14642141171112805,
    "ElementProperty_MagpieData_maximum_Electronegativity": 0.13900821614614683,
    "ElementProperty_MagpieData_mean_NpUnfilled": 0.13380187810488808,
    "ElementProperty_MagpieData_avg_dev_Electronegativity": 0.11516373580941876,
    "MaximumPackingEfficiency_max_packing_efficiency": 0.09444044146489611,
    "AGNIFingerPrint_mean_AGNI_eta=1_88e+00": 0.08979202948828614,
    "ElementProperty_MagpieData_avg_dev_CovalentRadius": 0.08774813420397795,
    "ElementProperty_MagpieData_avg_dev_GSvolume_pa": 0.08500986011685037,
    "ElementProperty_MagpieData_maximum_GSvolume_pa": 0.08098654817366964,
    "ElementProperty_MagpieData_mean_MendeleevNumber": 0.07557827979725784,
    "MEGNet_OFMEncoded_v1_63": 0.06942877605677426,
    "MEGNet_OFMEncoded_v1_166": 0.06776900997929833,
    "ElementProperty_MagpieData_mean_Electronegativity": 0.06240466913205949,
    "ElementProperty_MagpieData_mode_GSvolume_pa": 0.05712423514103412,
    "ElementProperty_MagpieData_range_Electronegativity": 0.054682322196456044,
    "IonProperty_avg_ionic_char": 0.051610835261680046,
    "BondOrientationParameter_mean_BOOP_Q_l=2": 0.04082707942422658,
    "ElementProperty_MagpieData_avg_dev_MendeleevNumber": 0.038615902080673836,
    "GaussianSymmFunc_mean_G2_4_0": 0.03443089017073021,
    "TMetalFraction_transition_metal_fraction": 0.03421741991766812,
    "ElementProperty_MagpieData_maximum_GSbandgap": 0.03390192447856688,
    "GaussianSymmFunc_mean_G4_0_005_1_0_1_0": 0.03171911228017854,
    "ElementProperty_MagpieData_maximum_MeltingT": 0.03131341088623668,
    "ElementProperty_MagpieData_mode_MeltingT": 0.03130590603135053,
    "ElementProperty_MagpieData_mean_Row": 0.029286174887723188,
    "Stoichiometry_2-norm": 0.027855630334927377,
    "ElementProperty_MagpieData_avg_dev_GSmagmom": 0.027091290226463186
}