{
    "AtomicOrbitals_HOMO_energy": 0.030954184860078324,
    "TMetalFraction_transition_metal_fraction": 0.023450114092425835,
    "ElectronegativityDiff_minimum_EN_difference": 0.021834337204607004,
    "BondOrientationParameter_mean_BOOP_Q_l=5": 0.01633961833958796,
    "ElementProperty_MagpieData_maximum_MendeleevNumber": 0.015328701112880032,
    "MEGNet_OFMEncoded_v1_100": 0.014134886058529448,
    "ElementProperty_MagpieData_mean_MeltingT": 0.0118073709027068,
    "ElementProperty_MagpieData_mean_Electronegativity": 0.011438559486540741,
    "AtomicOrbitals_HOMO_element": 0.011377243087924687,
    "ElementProperty_MagpieData_maximum_MeltingT": 0.01121208114772144,
    "BondOrientationParameter_mean_BOOP_Q_l=6": 0.01096380756362506,
    "OxidationStates_maximum_oxidation_state": 0.010903921333423506,
    "AGNIFingerPrint_std_dev_AGNI_eta=4_43e+00": 0.010752097359098529,
    "ElectronegativityDiff_mean_EN_difference": 0.010526712274549987,
    "ElementProperty_MagpieData_avg_dev_NUnfilled": 0.010282316295018782,
    "OPSiteFingerprint_mean_body-centered_cubic_CN_8": 0.010005993822438141,
    "CrystalNNFingerprint_mean_body-centered_cubic_CN_8": 0.009844631467180554,
    "ElectronegativityDiff_maximum_EN_difference": 0.009713733943152628,
    "MEGNet_OFMEncoded_v1_105": 0.009591822464976139,
    "ElementProperty_MagpieData_mean_NpUnfilled": 0.009529535711491332,
    "ValenceOrbital_frac_p_valence_electrons": 0.00836210047279348,
    "GeneralizedRDF_mean_Gaussian_center=5_0_width=1_0": 0.008075193313339531,
    "CrystalNNFingerprint_mean_hexagonal_pyramidal_CN_7": 0.008047867926174297,
    "OPSiteFingerprint_std_dev_square_co-planar_CN_4": 0.0076590554027552455,
    "ElementFraction_V": 0.0074688249102587,
    "AtomicOrbitals_gap_AO": 0.006902389947680992,
    "StructuralHeterogeneity_mean_absolute_deviation_in_relative_bond_length": 0.006749242647564057,
    "ElementProperty_MagpieData_minimum_Electronegativity": 0.0067047438760967195,
    "ElementProperty_MagpieData_range_MeltingT": 0.006691042879031259,
    "ElementProperty_MagpieData_avg_dev_CovalentRadius": 0.006658603408310768
}