{
    "AverageBondLength_mean_Average_bond_length": 1.1868397348978583,
    "GaussianSymmFunc_mean_G4_0_005_4_0_-1_0": 0.36866111661703505,
    "ElementProperty_MagpieData_mean_Row": 0.28627763129660805,
    "TMetalFraction_transition_metal_fraction": 0.18675077652063007,
    "ElementProperty_MagpieData_mean_MeltingT": 0.14387220493915592,
    "ElementProperty_MagpieData_avg_dev_NpValence": 0.14244137983313973,
    "GeneralizedRDF_mean_Gaussian_center=2_0_width=1_0": 0.13023724222476377,
    "ElementProperty_MagpieData_mean_NpValence": 0.12885119299983694,
    "ElementProperty_MagpieData_avg_dev_NpUnfilled": 0.08601365319876529,
    "ElementProperty_MagpieData_mean_CovalentRadius": 0.0736927849444446,
    "ElementProperty_MagpieData_mean_Number": 0.06914160342690012,
    "ElementProperty_MagpieData_mean_GSvolume_pa": 0.06091396897980206,
    "ElementProperty_MagpieData_avg_dev_GSmagmom": 0.060219040527504174,
    "MEGNet_OFMEncoded_v1_186": 0.05798143647788075,
    "AGNIFingerPrint_mean_AGNI_eta=1_88e+00": 0.05327965974538004,
    "ElementProperty_MagpieData_avg_dev_MeltingT": 0.05281598014415717,
    "ElectronegativityDiff_minimum_EN_difference": 0.049743473852761275,
    "AtomicOrbitals_LUMO_element": 0.04869887954069473,
    "ElementProperty_MagpieData_minimum_NUnfilled": 0.048247008287162406,
    "ElementProperty_MagpieData_mean_NpUnfilled": 0.04309244014281565,
    "Stoichiometry_2-norm": 0.04071637537658976,
    "ElementProperty_MagpieData_avg_dev_NUnfilled": 0.040702266573175966,
    "ValenceOrbital_frac_p_valence_electrons": 0.03803468249259954,
    "ElementProperty_MagpieData_maximum_GSvolume_pa": 0.03764606688291468,
    "ElementProperty_MagpieData_minimum_GSvolume_pa": 0.03719961819305277,
    "ElementProperty_MagpieData_minimum_Number": 0.03678289758193718,
    "ElementProperty_MagpieData_mean_MendeleevNumber": 0.034830539662222035,
    "MEGNet_OFMEncoded_v1_125": 0.034559658650561945,
    "MEGNet_OFMEncoded_v1_23": 0.034347658863272734,
    "GeneralizedRDF_mean_Gaussian_center=3_0_width=1_0": 0.03394995367810265
}