{
    "GeneralizedRDF_mean_Gaussian_center=3_0_width=1_0": 0.09246159868199194,
    "GeneralizedRDF_mean_Gaussian_center=2_0_width=1_0": 0.04893514461077461,
    "ElementProperty_MagpieData_mean_Electronegativity": 0.028924722745643266,
    "BandCenter_band_center": 0.028092354700362962,
    "ElementProperty_MagpieData_mean_NUnfilled": 0.012402219819325296,
    "ElementProperty_MagpieData_mean_MendeleevNumber": 0.012256194433376933,
    "DensityFeatures_packing_fraction": 0.012136574091938395,
    "ElectronegativityDiff_minimum_EN_difference": 0.012003596119504627,
    "ElementProperty_MagpieData_avg_dev_NdValence": 0.009941403749756734,
    "GaussianSymmFunc_mean_G2_0_05": 0.009625859515047968,
    "VoronoiFingerprint_mean_Voro_dist_mean": 0.009415517207778673,
    "OPSiteFingerprint_std_dev_tetrahedral_CN_4": 0.008967981356502062,
    "TMetalFraction_transition_metal_fraction": 0.008439093801795354,
    "ValenceOrbital_frac_d_valence_electrons": 0.00837040249432643,
    "AGNIFingerPrint_mean_AGNI_eta=1_04e+01": 0.008348599079353694,
    "ElementProperty_MagpieData_maximum_MeltingT": 0.008099560841628573,
    "ElementProperty_MagpieData_maximum_NdValence": 0.007979051092277705,
    "GeneralizedRDF_mean_Gaussian_center=5_0_width=1_0": 0.007573566112127468,
    "AGNIFingerPrint_mean_AGNI_eta=6_80e+00": 0.007177739711092153,
    "ElementProperty_MagpieData_mean_Column": 0.006993206812829393,
    "ElementProperty_MagpieData_minimum_Number": 0.006552542521974207,
    "VoronoiFingerprint_mean_Voro_vol_maximum": 0.00653848394093638,
    "ElementProperty_MagpieData_mean_MeltingT": 0.006370719003436693,
    "ElementProperty_MagpieData_mean_NdUnfilled": 0.006126478102587054,
    "ElementProperty_MagpieData_mean_CovalentRadius": 0.005652250617954904,
    "ElectronegativityDiff_mean_EN_difference": 0.005345778992954957,
    "BondOrientationParameter_mean_BOOP_Q_l=1": 0.005077463460920259,
    "CrystalNNFingerprint_mean_tetrahedral_CN_4": 0.005023491530067888,
    "BondOrientationParameter_mean_BOOP_Q_l=2": 0.004891796650247794,
    "ElementProperty_MagpieData_avg_dev_NUnfilled": 0.004810113202666986
}