{
    "ElementProperty_MagpieData_avg_dev_MendeleevNumber": 0.0306387799765246,
    "ElementProperty_MagpieData_avg_dev_Column": 0.02442793221368257,
    "ElementProperty_MagpieData_avg_dev_CovalentRadius": 0.017845530962182502,
    "StructuralHeterogeneity_mean_neighbor_distance_variation": 0.014680479428303911,
    "ElementProperty_MagpieData_avg_dev_NpValence": 0.014328732343670813,
    "BondOrientationParameter_mean_BOOP_Q_l=10": 0.010974449844868046,
    "ElementProperty_MagpieData_maximum_MeltingT": 0.010652989061665364,
    "BondFractions_Mn_-_O_bond_frac_": 0.009907274343398683,
    "BondFractions_Ni_-_O_bond_frac_": 0.009272218644009992,
    "BondFractions_Fe_-_Fe_bond_frac_": 0.00799893350834463,
    "ElementProperty_MagpieData_maximum_NpUnfilled": 0.0078081022396349255,
    "ElementProperty_MagpieData_range_MeltingT": 0.0075594640093230026,
    "VoronoiFingerprint_mean_Voro_area_maximum": 0.007513230052933373,
    "GeneralizedRDF_mean_Gaussian_center=2_0_width=1_0": 0.007492955243828621,
    "ElementProperty_MagpieData_range_GSvolume_pa": 0.00747023211149696,
    "CrystalNNFingerprint_mean_q6_CN_12": 0.007306254701015947,
    "YangSolidSolution_Yang_omega": 0.0071897329268431134,
    "OPSiteFingerprint_mean_sgl_bd_CN_1": 0.006960696889870375,
    "OPSiteFingerprint_mean_bent_120_degrees_CN_2": 0.006673250398653778,
    "OPSiteFingerprint_std_dev_q6_CN_9": 0.006520527000996728,
    "ElementProperty_MagpieData_avg_dev_MeltingT": 0.006476747052837922,
    "ElementProperty_MagpieData_maximum_CovalentRadius": 0.006020311825657,
    "ElementProperty_MagpieData_mean_NpUnfilled": 0.006018522617335069,
    "ValenceOrbital_frac_p_valence_electrons": 0.00601233338554517,
    "ElectronegativityDiff_mean_EN_difference": 0.005886363455236785,
    "MEGNet_OFMEncoded_v1_55": 0.005664564474711625,
    "CrystalNNFingerprint_mean_bent_120_degrees_CN_2": 0.005635490478494601,
    "ElementProperty_MagpieData_minimum_Electronegativity": 0.00562750598553003,
    "ElementProperty_MagpieData_minimum_MendeleevNumber": 0.0055657409754293116,
    "ElectronegativityDiff_minimum_EN_difference": 0.0055537495353990204
}