{
    "GeneralizedRDF_mean_Gaussian_center=2_0_width=1_0": 1.1574667350194843,
    "GeneralizedRDF_mean_Gaussian_center=3_0_width=1_0": 0.6295940673989485,
    "ElementProperty_MagpieData_avg_dev_NdValence": 0.45272334096047234,
    "ElementProperty_MagpieData_mean_MeltingT": 0.3050917783040401,
    "ElementProperty_MagpieData_mean_Electronegativity": 0.2864099987707071,
    "GeneralizedRDF_mean_Gaussian_center=1_0_width=1_0": 0.2836937291795337,
    "ElementProperty_MagpieData_mean_Column": 0.252826673303536,
    "ElementProperty_MagpieData_mean_NUnfilled": 0.24488139695632397,
    "ElementProperty_MagpieData_maximum_MeltingT": 0.2223310562266973,
    "ElementProperty_MagpieData_mode_MeltingT": 0.19447781605982634,
    "GaussianSymmFunc_mean_G4_0_005_1_0_1_0": 0.18064064870426771,
    "ElectronegativityDiff_minimum_EN_difference": 0.16488003394252748,
    "ElementProperty_MagpieData_avg_dev_NUnfilled": 0.1489718606724161,
    "DensityFeatures_packing_fraction": 0.1430965888782564,
    "AGNIFingerPrint_mean_AGNI_eta=1_88e+00": 0.14179341518949237,
    "BandCenter_band_center": 0.11978610505015869,
    "ElementProperty_MagpieData_mean_CovalentRadius": 0.11677248693490122,
    "AtomicOrbitals_LUMO_energy": 0.11130297451359658,
    "TMetalFraction_transition_metal_fraction": 0.10898219989747097,
    "AGNIFingerPrint_mean_AGNI_eta=1_23e+00": 0.09734433321562547,
    "ElementProperty_MagpieData_avg_dev_MeltingT": 0.09626988972733967,
    "GaussianSymmFunc_mean_G4_0_005_4_0_-1_0": 0.09498239119255512,
    "ElementProperty_MagpieData_mean_Row": 0.0933796663230407,
    "BondFractions_O_-_P_bond_frac_": 0.08833570139715824,
    "ElementProperty_MagpieData_avg_dev_NpUnfilled": 0.08558511642074917,
    "ElementProperty_MagpieData_avg_dev_GSbandgap": 0.08085054285066406,
    "GaussianSymmFunc_mean_G2_20_0": 0.077382521496112,
    "AGNIFingerPrint_std_dev_AGNI_eta=8_00e-01": 0.07286409176566887,
    "DensityFeatures_density": 0.07214183611363799,
    "MEGNet_OFMEncoded_v1_99": 0.07088586969048033
}