{
    "ElementFraction_O": 0.046937358874676365,
    "ElementProperty_MagpieData_mode_CovalentRadius": 0.021534702637294435,
    "ElementProperty_MagpieData_mode_Number": 0.018361834575267324,
    "ElementProperty_MagpieData_minimum_CovalentRadius": 0.012296382182028578,
    "ElementFraction_Ca": 0.009277246789185123,
    "ElementProperty_MagpieData_mean_NpUnfilled": 0.009130552985132148,
    "ElementProperty_MagpieData_mode_Electronegativity": 0.007618818136570188,
    "ElementProperty_MagpieData_mean_Electronegativity": 0.007229406505137438,
    "ElementProperty_MagpieData_maximum_MeltingT": 0.006753182412879127,
    "ElementFraction_V": 0.006422023760481123,
    "ElementProperty_MagpieData_mode_NValence": 0.006195897471903178,
    "ElementFraction_Co": 0.00582176304395282,
    "ElementProperty_MagpieData_maximum_NpUnfilled": 0.0055809933236951334,
    "ElementProperty_MagpieData_mode_NpUnfilled": 0.0054147700069636755,
    "ElementProperty_MagpieData_maximum_Electronegativity": 0.005345694139184667,
    "ElementFraction_Au": 0.00531989202888807,
    "ElementProperty_MagpieData_maximum_MendeleevNumber": 0.005056765839731953,
    "ValenceOrbital_frac_p_valence_electrons": 0.005042914221989362,
    "MEGNet_OFMEncoded_v1_163": 0.004321761963345976,
    "ElementFraction_Mn": 0.0040053808940532015,
    "MEGNet_OFMEncoded_v1_82": 0.003985932623917728,
    "ElementFraction_Sb": 0.003800070467649707,
    "ElementProperty_MagpieData_minimum_MeltingT": 0.0036122611139074168,
    "ElementProperty_MagpieData_maximum_GSmagmom": 0.003541354385034076,
    "ElementProperty_MagpieData_maximum_CovalentRadius": 0.003368206551249533,
    "MEGNet_OFMEncoded_v1_140": 0.003118391559623712,
    "YangSolidSolution_Yang_delta": 0.0030750279403610747,
    "ElementProperty_MagpieData_maximum_Number": 0.003009515276446255,
    "ElementFraction_Br": 0.002955769778649856,
    "ElementProperty_MagpieData_mode_MeltingT": 0.0028166059776762917
}