{
    "ElementProperty_MagpieData_mean_CovalentRadius": 0.11821925973755491,
    "MaximumPackingEfficiency_max_packing_efficiency": 0.07334350225215357,
    "BondOrientationParameter_mean_BOOP_Q_l=2": 0.035977091654887626,
    "DensityFeatures_vpa": 0.0357555161952043,
    "ElementFraction_F": 0.03393042789529355,
    "GeneralizedRDF_mean_Gaussian_center=6_0_width=1_0": 0.033568733975504965,
    "AtomicPackingEfficiency_dist_from_5_clusters__APE____0_010": 0.03164306893767087,
    "ElementProperty_MagpieData_minimum_MeltingT": 0.031039408623362064,
    "VoronoiFingerprint_mean_Voro_vol_maximum": 0.021351699245962356,
    "ElementFraction_V": 0.021314183458557533,
    "TMetalFraction_transition_metal_fraction": 0.021270729094722295,
    "AtomicOrbitals_HOMO_energy": 0.02092696015597192,
    "BandCenter_band_center": 0.02070697692938788,
    "ElectronegativityDiff_maximum_EN_difference": 0.0201363216419497,
    "ElectronegativityDiff_minimum_EN_difference": 0.019802029138444956,
    "AtomicPackingEfficiency_dist_from_1_clusters__APE____0_010": 0.018426121110614282,
    "VoronoiFingerprint_mean_Voro_dist_maximum": 0.01781713737885778,
    "AGNIFingerPrint_std_dev_AGNI_eta=1_23e+00": 0.01727405526787336,
    "ElementProperty_MagpieData_mode_MendeleevNumber": 0.017117669911930266,
    "ElementProperty_MagpieData_mean_MendeleevNumber": 0.014133142612560589,
    "ElementProperty_MagpieData_avg_dev_NpValence": 0.01375282258122276,
    "DensityFeatures_density": 0.013729398453763244,
    "VoronoiFingerprint_std_dev_Voro_vol_sum": 0.013591553724372783,
    "StructuralHeterogeneity_mean_absolute_deviation_in_relative_cell_size": 0.012974890540510537,
    "ElementProperty_MagpieData_mean_NpUnfilled": 0.012937726587285531,
    "ElementProperty_MagpieData_range_Electronegativity": 0.012877681893600765,
    "DensityFeatures_packing_fraction": 0.012691266994657627,
    "ElementProperty_MagpieData_maximum_Number": 0.012534921991303046,
    "ElementProperty_MagpieData_maximum_NdUnfilled": 0.012495235389788377,
    "ElementProperty_MagpieData_mean_GSvolume_pa": 0.01214862590915758
}