{
    "ElementProperty_MagpieData_mode_GSbandgap": 0.0049918301879643395,
    "XRDPowderPattern_xrd_14": 0.0034957656353801726,
    "ElementProperty_MagpieData_minimum_Electronegativity": 0.002857743284269006,
    "XRDPowderPattern_xrd_13": 0.0026615815940305167,
    "XRDPowderPattern_xrd_30": 0.002234329409031929,
    "ElementProperty_MagpieData_mean_MeltingT": 0.002058286603135158,
    "ElementProperty_MagpieData_mean_GSvolume_pa": 0.001902974440996004,
    "YangSolidSolution_Yang_delta": 0.0018672574841391894,
    "ElementProperty_MagpieData_maximum_GSvolume_pa": 0.0018601782841549893,
    "ElementProperty_MagpieData_maximum_CovalentRadius": 0.001692781310812817,
    "ElementProperty_MagpieData_minimum_MeltingT": 0.0016236946778441564,
    "ElementProperty_MagpieData_mean_Electronegativity": 0.0016193865631506496,
    "ElementProperty_MagpieData_avg_dev_GSbandgap": 0.001527865346300708,
    "VoronoiFingerprint_mean_Voro_dist_std_dev": 0.001509468834806457,
    "GeneralizedRDF_mean_Gaussian_center=2_0_width=1_0": 0.001493552307662616,
    "ElectronegativityDiff_mean_EN_difference": 0.0013787183583126908,
    "MEGNet_OFMEncoded_v1_100": 0.001327580035748886,
    "AtomicOrbitals_HOMO_energy": 0.0012804842348798939,
    "GeneralizedRDF_mean_Gaussian_center=9_0_width=1_0": 0.0011992778315895265,
    "GaussianSymmFunc_std_dev_G2_20_0": 0.0011770187697335954,
    "ElementProperty_MagpieData_minimum_MendeleevNumber": 0.001127740921860075,
    "DensityFeatures_density": 0.0011231587688549018,
    "ElementProperty_MagpieData_avg_dev_NUnfilled": 0.0011056508125350216,
    "ElementProperty_MagpieData_mean_NpValence": 0.0010928671845050965,
    "ElementProperty_MagpieData_mean_NpUnfilled": 0.0010815636078923363,
    "MEGNet_OFMEncoded_v1_55": 0.001036032611195075,
    "ElementProperty_MagpieData_range_NdValence": 0.0010355258800835725,
    "MaximumPackingEfficiency_max_packing_efficiency": 0.001015979514047614,
    "GeneralizedRDF_std_dev_Gaussian_center=4_0_width=1_0": 0.0010095773463612227,
    "GeneralizedRDF_mean_Gaussian_center=3_0_width=1_0": 0.0009428622480530862
}