{
    "ElementProperty_MagpieData_mean_MeltingT": 0.17619434152712743,
    "AtomicOrbitals_HOMO_energy": 0.09042723740268255,
    "MaximumPackingEfficiency_max_packing_efficiency": 0.07322119213050303,
    "ElementProperty_MagpieData_mean_NUnfilled": 0.07203608248697028,
    "ValenceOrbital_frac_d_valence_electrons": 0.06155913243635035,
    "ElementProperty_MagpieData_mean_NdValence": 0.06016706900962173,
    "BondFractions_O_-_P_bond_frac_": 0.03719088662286718,
    "DensityFeatures_density": 0.03364768605393367,
    "TMetalFraction_transition_metal_fraction": 0.03324371743051249,
    "ElectronegativityDiff_mean_EN_difference": 0.032389567114317834,
    "RadialDistributionFunction_radial_distribution_function_d_1_50": 0.03132698025830971,
    "ElementFraction_Ti": 0.030900639396500233,
    "ElementProperty_MagpieData_mean_Electronegativity": 0.02726986538893882,
    "ElementFraction_O": 0.026948375347696188,
    "RadialDistributionFunction_radial_distribution_function_d_2_10": 0.02658636349332824,
    "ElectronegativityDiff_minimum_EN_difference": 0.026585285095288628,
    "MEGNet_OFMEncoded_v1_102": 0.0254541198044079,
    "ElementProperty_MagpieData_maximum_NUnfilled": 0.024830354418015413,
    "ElementProperty_MagpieData_minimum_Column": 0.02480369301502863,
    "ElementProperty_MagpieData_avg_dev_Column": 0.024777010733209738,
    "ElementProperty_MagpieData_minimum_Electronegativity": 0.02450607286694387,
    "BondOrientationParameter_mean_BOOP_Q_l=1": 0.02368019237978413,
    "MEGNet_OFMEncoded_v1_176": 0.023599382663181876,
    "ElementProperty_MagpieData_avg_dev_CovalentRadius": 0.023175474212601473,
    "CoulombMatrix_coulomb_matrix_eig_11": 0.022836292908572375,
    "MEGNet_OFMEncoded_v1_51": 0.022228418778931877,
    "DensityFeatures_packing_fraction": 0.022153952869065022,
    "ElementProperty_MagpieData_mean_NpUnfilled": 0.022101990979728484,
    "CrystalNNFingerprint_std_dev_wt_CN_2": 0.02187150891382193,
    "ElementProperty_MagpieData_mean_GSbandgap": 0.021561743281674817
}