{
    "ElementProperty_MagpieData_mean_NpValence": 0.0003443416228798682,
    "ElementProperty_MagpieData_range_CovalentRadius": 0.00032403982408286383,
    "ElementProperty_MagpieData_mean_GSbandgap": 0.0002937331817111689,
    "ElementProperty_MagpieData_mean_SpaceGroupNumber": 0.0002864498922071885,
    "ElementProperty_MagpieData_mean_MendeleevNumber": 0.00027483719113494836,
    "ElementProperty_MagpieData_mean_NpUnfilled": 0.0002739596832606686,
    "CrystalNNFingerprint_mean_body-centered_cubic_CN_8": 0.00026321865806024005,
    "ElectronegativityDiff_maximum_EN_difference": 0.00025899485113453906,
    "ElementProperty_MagpieData_maximum_Electronegativity": 0.00025768837852137955,
    "ElementProperty_MagpieData_maximum_Column": 0.0002354941682522692,
    "YangSolidSolution_Yang_omega": 0.00023490191399049929,
    "ValenceOrbital_frac_p_valence_electrons": 0.0002276842117934773,
    "ElementProperty_MagpieData_mode_GSbandgap": 0.00021714373773533207,
    "ElementProperty_MagpieData_range_GSbandgap": 0.00021361498952904366,
    "MEGNet_OFMEncoded_v1_125": 0.00021101886007131115,
    "ElementProperty_MagpieData_mean_NUnfilled": 0.00020444866647267125,
    "ElectronegativityDiff_minimum_EN_difference": 0.00020171060293254457,
    "ElementProperty_MagpieData_avg_dev_Electronegativity": 0.00019439593284958446,
    "YangSolidSolution_Yang_delta": 0.00019243710767347734,
    "MEGNet_OFMEncoded_v1_84": 0.00018999494439811163,
    "ElementProperty_MagpieData_range_Electronegativity": 0.0001885277802292775,
    "ElementProperty_MagpieData_maximum_NdValence": 0.00018670331362809905,
    "BondOrientationParameter_std_dev_BOOP_Q_l=8": 0.0001830578477652593,
    "AGNIFingerPrint_std_dev_AGNI_eta=1_23e+00": 0.00018170504673665399,
    "ElementProperty_MagpieData_maximum_NValence": 0.00017943052376809997,
    "MaximumPackingEfficiency_max_packing_efficiency": 0.0001791478608411886,
    "ElementProperty_MagpieData_avg_dev_CovalentRadius": 0.00017858873734702554,
    "AtomicOrbitals_HOMO_element": 0.00017750672062227316,
    "ElementProperty_MagpieData_maximum_MendeleevNumber": 0.00017405314370311546,
    "GeneralizedRDF_mean_Gaussian_center=5_0_width=1_0": 0.00016733906973615028
}