{
    "ElementProperty_MagpieData_maximum_MendeleevNumber": 0.1795209870027578,
    "MEGNet_OFMEncoded_v1_122": 0.08464685372957914,
    "TMetalFraction_transition_metal_fraction": 0.083867626279305,
    "ElectronegativityDiff_minimum_EN_difference": 0.07682978794531083,
    "ElementProperty_MagpieData_avg_dev_NpValence": 0.076531698841153,
    "ValenceOrbital_frac_p_valence_electrons": 0.060809283308519445,
    "CrystalNNFingerprint_mean_octahedral_CN_6": 0.0580215748723159,
    "ElectronegativityDiff_mean_EN_difference": 0.04774721420880408,
    "MaximumPackingEfficiency_max_packing_efficiency": 0.047176562274092226,
    "ElementFraction_Yb": 0.04510399317266245,
    "RadialDistributionFunction_radial_distribution_function_d_2_00": 0.04294734395779845,
    "DensityFeatures_density": 0.039746108600584945,
    "ElementProperty_MagpieData_range_Column": 0.03758377253042214,
    "ElementProperty_MagpieData_range_MeltingT": 0.0357009550687547,
    "AGNIFingerPrint_std_dev_AGNI_dir=y_eta=8_00e-01": 0.03551889856782057,
    "VoronoiFingerprint_mean_Voro_area_maximum": 0.03345740815437399,
    "ElementProperty_MagpieData_avg_dev_NUnfilled": 0.03288082683510299,
    "ElectronegativityDiff_maximum_EN_difference": 0.03265051557323991,
    "MEGNet_OFMEncoded_v1_16": 0.031353162551186066,
    "AtomicOrbitals_gap_AO": 0.03102969276318168,
    "GeneralizedRDF_mean_Gaussian_center=3_0_width=1_0": 0.03058691362037907,
    "GeneralizedRDF_mean_Gaussian_center=2_0_width=1_0": 0.029962023351834136,
    "RadialDistributionFunction_radial_distribution_function_d_3_80": 0.029351229487507294,
    "MEGNet_OFMEncoded_v1_20": 0.02841154434693356,
    "ElementProperty_MagpieData_maximum_NdUnfilled": 0.028187617918156594,
    "GeneralizedRDF_mean_Gaussian_center=6_0_width=1_0": 0.026171260582014588,
    "CrystalNNFingerprint_std_dev_tetrahedral_CN_4": 0.025313348964822794,
    "AGNIFingerPrint_mean_AGNI_eta=8_00e-01": 0.02503058428336211,
    "MEGNet_OFMEncoded_v1_32": 0.02475415318652923,
    "MEGNet_OFMEncoded_v1_87": 0.02452864236388331
}