{
    "ElementProperty_MagpieData_mean_NdValence": 0.015342820147249204,
    "ElementProperty_MagpieData_mean_Electronegativity": 0.01348515105103532,
    "MEGNet_OFMEncoded_v1_103": 0.012609543213016036,
    "MEGNet_OFMEncoded_v1_140": 0.011660786138162758,
    "MEGNet_OFMEncoded_v1_48": 0.01107148889122275,
    "ElementProperty_MagpieData_mean_CovalentRadius": 0.009622663313731452,
    "ElementProperty_MagpieData_mean_MendeleevNumber": 0.009158768297820372,
    "ElementProperty_MagpieData_maximum_Electronegativity": 0.009132270129159402,
    "ValenceOrbital_frac_d_valence_electrons": 0.00891312685425024,
    "MEGNet_OFMEncoded_v1_89": 0.00802460905269971,
    "DensityFeatures_packing_fraction": 0.0062631778489097515,
    "ElementProperty_MagpieData_minimum_MendeleevNumber": 0.005630290435465948,
    "AGNIFingerPrint_std_dev_AGNI_dir=y_eta=1_23e+00": 0.005135807693607502,
    "ElementProperty_MagpieData_mode_MendeleevNumber": 0.0050518269076679995,
    "ElementProperty_MagpieData_range_CovalentRadius": 0.0048558738391198545,
    "MEGNet_OFMEncoded_v1_14": 0.0044545985660293524,
    "MEGNet_OFMEncoded_v1_146": 0.004309335056109912,
    "MEGNet_OFMEncoded_v1_118": 0.0042844994906702134,
    "ValenceOrbital_frac_s_valence_electrons": 0.004125492297360074,
    "AGNIFingerPrint_std_dev_AGNI_dir=x_eta=1_88e+00": 0.003821360272604173,
    "AGNIFingerPrint_mean_AGNI_dir=x_eta=8_00e-01": 0.0037855037788012435,
    "ElementProperty_MagpieData_avg_dev_CovalentRadius": 0.003691967693876287,
    "ElementProperty_MagpieData_mean_Column": 0.0035234180609606254,
    "ElementFraction_O": 0.0034997513553409448,
    "MEGNet_OFMEncoded_v1_99": 0.003399186127579393,
    "ElementProperty_MagpieData_minimum_NdValence": 0.0033972603366913055,
    "MEGNet_OFMEncoded_v1_115": 0.003127758532054408,
    "ElementProperty_MagpieData_maximum_MeltingT": 0.0030566678976890727,
    "ElementProperty_MagpieData_mean_Row": 0.002958440825561403,
    "StructuralHeterogeneity_mean_neighbor_distance_variation": 0.0029583095507281563
}