{
    "ElementProperty_MagpieData_maximum_Electronegativity": 2.1067903711697302,
    "ElectronegativityDiff_mean_EN_difference": 0.9622467027818513,
    "ElementProperty_MagpieData_avg_dev_Electronegativity": 0.9464353495102938,
    "ValenceOrbital_frac_d_valence_electrons": 0.8003372830201624,
    "ElementProperty_MagpieData_mode_Electronegativity": 0.36633194579904144,
    "ElementProperty_MagpieData_mean_SpaceGroupNumber": 0.32173867843798276,
    "ElementProperty_MagpieData_avg_dev_NpValence": 0.28016669236446434,
    "MEGNet_OFMEncoded_v1_79": 0.20895431141941473,
    "IonProperty_avg_ionic_char": 0.19227953564230113,
    "ElementProperty_MagpieData_maximum_GSbandgap": 0.16120259996931127,
    "ElementProperty_MagpieData_minimum_MendeleevNumber": 0.15358857940627232,
    "ElectronegativityDiff_minimum_EN_difference": 0.1529608838066385,
    "ElementFraction_S": 0.15025741680654342,
    "ElementProperty_MagpieData_avg_dev_NUnfilled": 0.14254094376624388,
    "MEGNet_OFMEncoded_v1_70": 0.12389566642805618,
    "Miedema_Miedema_deltaH_inter": 0.1165885353348095,
    "MEGNet_OFMEncoded_v1_62": 0.11442681869309189,
    "ElementProperty_MagpieData_mean_NdValence": 0.11310111256290979,
    "ElementProperty_MagpieData_maximum_NdValence": 0.11275643611690932,
    "ElementProperty_MagpieData_mean_NUnfilled": 0.11031190206904588,
    "ElementProperty_MagpieData_range_CovalentRadius": 0.10444381904472956,
    "MEGNet_OFMEncoded_v1_99": 0.10311034700895809,
    "MEGNet_OFMEncoded_v1_132": 0.09228299209454136,
    "ElementProperty_MagpieData_range_NUnfilled": 0.09221323880817443,
    "ValenceOrbital_frac_p_valence_electrons": 0.09100713869424422,
    "MEGNet_OFMEncoded_v1_102": 0.09026725535775479,
    "BondFractions_O_-_P_bond_frac_": 0.0866287495833462,
    "ElementProperty_MagpieData_avg_dev_CovalentRadius": 0.08661673753608401,
    "ElementProperty_MagpieData_mean_GSbandgap": 0.07957148529479352,
    "ElementProperty_MagpieData_maximum_CovalentRadius": 0.07945718761590394
}