{
    "RadialDistributionFunction_radial_distribution_function_d_1_90": 0.06902009301007356,
    "ElementFraction_O": 0.06744565195086608,
    "TMetalFraction_transition_metal_fraction": 0.0627520114795281,
    "ElementProperty_MagpieData_range_GSmagmom": 0.027437587957629846,
    "MEGNet_OFMEncoded_v1_172": 0.025569930419345376,
    "RadialDistributionFunction_radial_distribution_function_d_2_00": 0.023421693016951822,
    "MEGNet_OFMEncoded_v1_24": 0.0197636130686916,
    "AGNIFingerPrint_std_dev_AGNI_eta=1_23e+00": 0.018111247814560156,
    "CrystalNNFingerprint_std_dev_octahedral_CN_6": 0.0180730878150729,
    "ElementProperty_MagpieData_minimum_Number": 0.01783690547280048,
    "CrystalNNFingerprint_mean_octahedral_CN_6": 0.015956266044058733,
    "GeneralizedRDF_mean_Gaussian_center=2_0_width=1_0": 0.014914452128175012,
    "MEGNet_OFMEncoded_v1_76": 0.014520313096498136,
    "XRDPowderPattern_xrd_94": 0.013019160006245034,
    "YangSolidSolution_Yang_delta": 0.01270801503586252,
    "BondFractions_Mn_-_O_bond_frac_": 0.012362716970535988,
    "ElementFraction_Fe": 0.012212214890930499,
    "MEGNet_OFMEncoded_v1_92": 0.010762679739000329,
    "GeneralizedRDF_std_dev_Gaussian_center=3_0_width=1_0": 0.010264018797750733,
    "MEGNet_OFMEncoded_v1_71": 0.009872518629281105,
    "ElementProperty_MagpieData_minimum_GSvolume_pa": 0.009589594740332434,
    "BondFractions_Cu_-_O_bond_frac_": 0.009577628561290685,
    "ElementProperty_MagpieData_range_NUnfilled": 0.009451500819687387,
    "MEGNet_OFMEncoded_v1_2": 0.009282300879469976,
    "CrystalNNFingerprint_mean_q6_CN_12": 0.008590455554435198,
    "ElementFraction_Rh": 0.008538465523103389,
    "ElementProperty_MagpieData_maximum_GSvolume_pa": 0.008532484591785383,
    "ElementProperty_MagpieData_mean_Electronegativity": 0.008461297670271541,
    "ElectronegativityDiff_minimum_EN_difference": 0.008451437319788434,
    "ElementFraction_Ir": 0.008359052804564138
}