{
    "ElementProperty_MagpieData_minimum_MeltingT": 0.13492993303626408,
    "ElectronegativityDiff_maximum_EN_difference": 0.09489663527840869,
    "ElementProperty_MagpieData_mean_MeltingT": 0.07987295158683501,
    "ElectronegativityDiff_minimum_EN_difference": 0.07445939619840672,
    "MEGNet_OFMEncoded_v1_172": 0.060257566900154144,
    "AGNIFingerPrint_mean_AGNI_eta=8_00e-01": 0.05983826004509003,
    "TMetalFraction_transition_metal_fraction": 0.05411027573755823,
    "ElementProperty_MagpieData_mean_GSbandgap": 0.050222553261426,
    "AtomicOrbitals_gap_AO": 0.04896758314355609,
    "MEGNet_OFMEncoded_v1_55": 0.04722260447804305,
    "DensityFeatures_density": 0.046342943851353326,
    "OPSiteFingerprint_mean_sgl_bd_CN_1": 0.0450402390992728,
    "RadialDistributionFunction_radial_distribution_function_d_1_80": 0.04432472907031647,
    "GeneralizedRDF_mean_Gaussian_center=2_0_width=1_0": 0.042099665713766825,
    "ElementProperty_MagpieData_range_Column": 0.04020146569191405,
    "ElementProperty_MagpieData_mean_SpaceGroupNumber": 0.038549789616426855,
    "ElementProperty_MagpieData_avg_dev_Column": 0.03750122516268151,
    "YangSolidSolution_Yang_delta": 0.03463275118379493,
    "ElementProperty_MagpieData_mean_CovalentRadius": 0.033343192062798,
    "ElementProperty_MagpieData_mode_GSbandgap": 0.03309242474985583,
    "ElementFraction_S": 0.03217664657456673,
    "OxidationStates_minimum_oxidation_state": 0.03212700067072607,
    "BondFractions_O_-_Ti_bond_frac_": 0.031053098349250706,
    "BondFractions_Fe_-_O_bond_frac_": 0.02982711185828774,
    "AGNIFingerPrint_std_dev_AGNI_dir=z_eta=1_23e+00": 0.029472571244408906,
    "MaximumPackingEfficiency_max_packing_efficiency": 0.02943337207608951,
    "ElementProperty_MagpieData_maximum_NdValence": 0.02939950074257858,
    "MEGNet_OFMEncoded_v1_29": 0.028415196816938913,
    "GeneralizedRDF_mean_Gaussian_center=8_0_width=1_0": 0.027298726237342384,
    "ElementProperty_MagpieData_mean_Electronegativity": 0.026450261109247263
}