{
    "BondFractions_Mg_-_O_bond_frac_": 0.02397396234531152,
    "TMetalFraction_transition_metal_fraction": 0.00555868905094691,
    "YangSolidSolution_Yang_delta": 0.0040118016617704646,
    "ValenceOrbital_frac_p_valence_electrons": 0.003257208235758285,
    "ElementFraction_O": 0.0029633002247111827,
    "ElementFraction_Yb": 0.002957839786925291,
    "IonProperty_max_ionic_char": 0.0029386836315064262,
    "XRDPowderPattern_xrd_44": 0.002498655775554362,
    "IonProperty_avg_ionic_char": 0.0021640498964746926,
    "ElectronegativityDiff_maximum_EN_difference": 0.002100322782753922,
    "AtomicPackingEfficiency_mean_abs_simul__packing_efficiency": 0.002023364035286062,
    "ElementProperty_MagpieData_mean_GSvolume_pa": 0.0019437263159815697,
    "ElementFraction_S": 0.0019031189003717115,
    "AGNIFingerPrint_std_dev_AGNI_eta=8_00e-01": 0.0018661907906732881,
    "ElementProperty_MagpieData_mean_NUnfilled": 0.0018316503220438874,
    "AtomicOrbitals_HOMO_energy": 0.0018159840742374219,
    "YangSolidSolution_Yang_omega": 0.0018124707129867036,
    "ElementProperty_MagpieData_avg_dev_Electronegativity": 0.0017879402506783928,
    "BondFractions_C_-_O_bond_frac_": 0.001736923611264998,
    "MaximumPackingEfficiency_max_packing_efficiency": 0.0017034967009623588,
    "ElementProperty_MagpieData_range_MendeleevNumber": 0.0016883439182930839,
    "RadialDistributionFunction_radial_distribution_function_d_1_90": 0.0015810762925068166,
    "MEGNet_OFMEncoded_v1_107": 0.001536557331599598,
    "MEGNet_OFMEncoded_v1_122": 0.0014663103548624185,
    "ElectronegativityDiff_mean_EN_difference": 0.0014615425757380544,
    "MEGNet_OFMEncoded_v1_14": 0.0014607825493335416,
    "CrystalNNFingerprint_mean_body-centered_cubic_CN_8": 0.0014388193367138966,
    "MEGNet_OFMEncoded_v1_5": 0.0014323348471823691,
    "ElectronegativityDiff_range_EN_difference": 0.0014280720723179802,
    "ElectronegativityDiff_minimum_EN_difference": 0.0013919861454968735
}