{
    "ElementProperty_MagpieData_minimum_CovalentRadius": 6.617201629438074e-05,
    "MEGNet_OFMEncoded_v1_1": 6.239158290274055e-05,
    "ElementProperty_MagpieData_maximum_Electronegativity": 4.7888342336991416e-05,
    "AtomicPackingEfficiency_dist_from_5_clusters__APE____0_010": 3.509503674734227e-05,
    "BondFractions_Cs_-_Cs_bond_frac_": 3.359065450332298e-05,
    "StructuralHeterogeneity_range_neighbor_distance_variation": 9.544688959559362e-06,
    "MEGNet_OFMEncoded_v1_93": 7.856007980626563e-06,
    "ElementProperty_MagpieData_mean_Number": 7.682610998316112e-06,
    "ElementProperty_MagpieData_avg_dev_NValence": 3.6288291584936152e-06,
    "CrystalNNFingerprint_mean_wt_CN_2": 3.3716912672164623e-06,
    "AtomicPackingEfficiency_mean_simul__packing_efficiency": 3.3475218222893785e-06,
    "ElementProperty_MagpieData_range_CovalentRadius": 1.428452797845597e-06,
    "OPSiteFingerprint_mean_q2_CN_12": 6.829645635473609e-07,
    "SineCoulombMatrix_sine_coulomb_matrix_eig_11": 6.571520912810636e-07,
    "ElementFraction_Bi": 6.472003326581158e-07,
    "MEGNet_OFMEncoded_v1_166": 6.32909245472696e-07,
    "XRDPowderPattern_xrd_12": 5.857245297167825e-07,
    "MEGNet_OFMEncoded_v1_115": 5.759861480594407e-07,
    "ElementProperty_MagpieData_minimum_MendeleevNumber": 5.63120309172528e-07,
    "AtomicPackingEfficiency_dist_from_1_clusters__APE____0_010": 4.1335666573100994e-07,
    "ElementFraction_Mg": 3.833752636275717e-07,
    "AtomicPackingEfficiency_mean_abs_simul__packing_efficiency": 3.194903044490971e-07,
    "BondFractions_Al_-_Al_bond_frac_": 2.6956622491354977e-07,
    "OPSiteFingerprint_mean_T-shaped_CN_3": 2.5312496081864736e-07,
    "ChemEnvSiteFingerprint_std_dev_SS:4": 2.1915074319893932e-07,
    "ElementFraction_Sn": 1.9268044897772218e-07,
    "AtomicOrbitals_HOMO_element": 1.683761368159567e-07,
    "CrystalNNFingerprint_mean_T-shaped_CN_3": 1.2875704272568093e-07,
    "MEGNet_OFMEncoded_v1_22": 1.202942582438815e-07,
    "LocalPropertyDifference_std_dev_local_difference_in_Electronegativity": 1.1139208551627823e-07
}