{
    "GeneralizedRDF_mean_Gaussian_center=3_0_width=1_0": 0.056465271853307776,
    "GeneralizedRDF_mean_Gaussian_center=2_0_width=1_0": 0.03492145386784852,
    "ElementFraction_Ni": 0.019526561290344916,
    "MaximumPackingEfficiency_max_packing_efficiency": 0.018347182000673912,
    "ElementProperty_MagpieData_maximum_CovalentRadius": 0.0183130799011567,
    "ElementProperty_MagpieData_maximum_MendeleevNumber": 0.017974976209890983,
    "ElementProperty_MagpieData_mean_Electronegativity": 0.017924592964192517,
    "OPSiteFingerprint_mean_sgl_bd_CN_1": 0.017725982623416566,
    "ElementFraction_Rb": 0.017380289084482237,
    "ElementProperty_MagpieData_avg_dev_Column": 0.0172325795284029,
    "GeneralizedRDF_mean_Gaussian_center=9_0_width=1_0": 0.016497774940579503,
    "ElementProperty_MagpieData_minimum_GSvolume_pa": 0.015360778995763281,
    "AGNIFingerPrint_std_dev_AGNI_eta=8_00e-01": 0.014937605500884892,
    "ElementProperty_MagpieData_mean_MendeleevNumber": 0.014937066986221437,
    "GaussianSymmFunc_mean_G4_0_005_4_0_-1_0": 0.01442698711518635,
    "AGNIFingerPrint_mean_AGNI_eta=8_00e-01": 0.013229318703309264,
    "CrystalNNFingerprint_std_dev_octahedral_CN_6": 0.01213969004601971,
    "ElementProperty_MagpieData_mode_GSvolume_pa": 0.012119624737855174,
    "RadialDistributionFunction_radial_distribution_function_d_2_20": 0.011916897372544644,
    "GaussianSymmFunc_std_dev_G2_20_0": 0.011412407753280562,
    "ElementProperty_MagpieData_mean_NpValence": 0.011399481938099233,
    "XRDPowderPattern_xrd_54": 0.011023815907861556,
    "ElementProperty_MagpieData_mode_NUnfilled": 0.010910188319301233,
    "AverageBondLength_mean_Average_bond_length": 0.01053144832664953,
    "ElementProperty_MagpieData_mean_GSvolume_pa": 0.010297224173246045,
    "RadialDistributionFunction_radial_distribution_function_d_1_90": 0.00975210599189179,
    "MEGNet_OFMEncoded_v1_54": 0.009633054684671658,
    "MEGNet_OFMEncoded_v1_149": 0.009367059741725995,
    "ElementProperty_MagpieData_maximum_GSvolume_pa": 0.009263053510933471,
    "GeneralizedRDF_std_dev_Gaussian_center=0_0_width=1_0": 0.009242671012778947
}