{
    "MEGNet_OFMEncoded_v1_166": 0.003630615712916106,
    "ElementProperty_MagpieData_mean_MeltingT": 0.0022188620822749315,
    "ElementProperty_MagpieData_mean_CovalentRadius": 0.001293244647474752,
    "ElementFraction_K": 0.0012220230208622224,
    "ElementProperty_MagpieData_avg_dev_NpValence": 0.0010019465073705977,
    "GeneralizedRDF_mean_Gaussian_center=3_0_width=1_0": 0.0009700470983867179,
    "GaussianSymmFunc_mean_G2_4_0": 0.0008735321670429851,
    "GeneralizedRDF_mean_Gaussian_center=7_0_width=1_0": 0.0008134180311223731,
    "GaussianSymmFunc_mean_G2_20_0": 0.0007165902149134868,
    "ElementProperty_MagpieData_mode_MeltingT": 0.000694220927272151,
    "ElementProperty_MagpieData_mean_MendeleevNumber": 0.0006923833835814431,
    "ElementProperty_MagpieData_mean_SpaceGroupNumber": 0.0006816862783494424,
    "MaximumPackingEfficiency_max_packing_efficiency": 0.0006527862588081479,
    "MEGNet_OFMEncoded_v1_132": 0.0006161268996922037,
    "CrystalNNFingerprint_mean_linear_CN_2": 0.0005982340575581349,
    "ElectronegativityDiff_std_dev_EN_difference": 0.000575010266884237,
    "BondFractions_Na_-_Na_bond_frac_": 0.0005667743254673568,
    "ElementProperty_MagpieData_maximum_MeltingT": 0.0005614545199807619,
    "ElementProperty_MagpieData_mean_Electronegativity": 0.0005578179573170902,
    "MEGNet_OFMEncoded_v1_75": 0.0005561061007273295,
    "ElementProperty_MagpieData_range_MendeleevNumber": 0.0005502235525207505,
    "ElementProperty_MagpieData_mode_NValence": 0.0005485896179924752,
    "GeneralizedRDF_mean_Gaussian_center=0_0_width=1_0": 0.0005148163701938592,
    "ElementProperty_MagpieData_mode_MendeleevNumber": 0.0005050360625613968,
    "ElementProperty_MagpieData_maximum_CovalentRadius": 0.0004964563839561087,
    "ElementProperty_MagpieData_maximum_MendeleevNumber": 0.0004958037870655795,
    "RadialDistributionFunction_radial_distribution_function_d_2_80": 0.0004940897211350992,
    "ElementProperty_MagpieData_mean_NdValence": 0.00048533046783766283,
    "ElementFraction_Ba": 0.00047736609532389706,
    "ElementProperty_MagpieData_avg_dev_MeltingT": 0.0004754226079434289
}