{
    "ElementProperty_MagpieData_range_Electronegativity": 0.052030848785329785,
    "ElementFraction_O": 0.0438055283051124,
    "ElementProperty_MagpieData_mean_MeltingT": 0.03866030758714781,
    "ElementProperty_MagpieData_mean_NUnfilled": 0.023008424225055384,
    "YangSolidSolution_Yang_delta": 0.02239313017322116,
    "IonProperty_avg_ionic_char": 0.01873980855125997,
    "ElementProperty_MagpieData_maximum_NdValence": 0.01797496576365136,
    "TMetalFraction_transition_metal_fraction": 0.017891698274671245,
    "ElementProperty_MagpieData_mode_MeltingT": 0.01787928866103888,
    "ElectronegativityDiff_std_dev_EN_difference": 0.017732223213520235,
    "MEGNet_OFMEncoded_v1_64": 0.017033737929586696,
    "AGNIFingerPrint_std_dev_AGNI_eta=8_00e-01": 0.01702468629419459,
    "MEGNet_OFMEncoded_v1_122": 0.015722004411813924,
    "BondFractions_Cu_-_O_bond_frac_": 0.015051061063354118,
    "BondFractions_Mg_-_O_bond_frac_": 0.01492024828962392,
    "ValenceOrbital_frac_p_valence_electrons": 0.013956440370603862,
    "ElectronegativityDiff_maximum_EN_difference": 0.012740034788126901,
    "MEGNet_OFMEncoded_v1_76": 0.01205570297801426,
    "ElementProperty_MagpieData_mean_Electronegativity": 0.011875312553503305,
    "ElementProperty_MagpieData_avg_dev_CovalentRadius": 0.01147502722556497,
    "ElectronegativityDiff_minimum_EN_difference": 0.010687297271520721,
    "MEGNet_OFMEncoded_v1_172": 0.010443688747541972,
    "ElementProperty_MagpieData_minimum_GSvolume_pa": 0.010443472052045296,
    "MEGNet_OFMEncoded_v1_135": 0.010206476229813013,
    "GeneralizedRDF_std_dev_Gaussian_center=0_0_width=1_0": 0.010145823796323495,
    "DensityFeatures_density": 0.01004356735011113,
    "MEGNet_OFMEncoded_v1_72": 0.009892817957483677,
    "ElementFraction_Cu": 0.009852693567872725,
    "MEGNet_OFMEncoded_v1_75": 0.00983069580929047,
    "ElementProperty_MagpieData_avg_dev_Column": 0.00950136714172729
}