{
    "ElementProperty_MagpieData_mean_Column": 0.06613883229039315,
    "ElementProperty_MagpieData_maximum_Electronegativity": 0.042000546006294194,
    "ElementProperty_MagpieData_maximum_Column": 0.03456365425696716,
    "Miedema_Miedema_deltaH_inter": 0.022693779761648443,
    "ElementProperty_MagpieData_maximum_MendeleevNumber": 0.022471910937502924,
    "MEGNet_OFMEncoded_v1_55": 0.02014874173430819,
    "ElementProperty_MagpieData_mean_Electronegativity": 0.01670111565122219,
    "GaussianSymmFunc_mean_G2_80_0": 0.014045657417844764,
    "YangSolidSolution_Yang_omega": 0.013380105578850207,
    "MEGNet_OFMEncoded_v1_160": 0.011925159007618143,
    "ElementFraction_Mg": 0.01163002707579119,
    "ElementProperty_MagpieData_minimum_CovalentRadius": 0.01143397969260536,
    "LocalPropertyDifference_mean_local_difference_in_Electronegativity": 0.010697805402265346,
    "DensityFeatures_packing_fraction": 0.010013744187087397,
    "YangSolidSolution_Yang_delta": 0.009662640803397678,
    "Miedema_Miedema_deltaH_amor": 0.009276100005678483,
    "IonProperty_max_ionic_char": 0.008531315575413917,
    "ElementProperty_MagpieData_avg_dev_MeltingT": 0.008306380374862345,
    "MEGNet_OFMEncoded_v1_103": 0.008094428029174221,
    "Miedema_Miedema_deltaH_ss_min": 0.007840010013151388,
    "IonProperty_avg_ionic_char": 0.007811102679861886,
    "ElementFraction_Yb": 0.007631807929557009,
    "ElementProperty_MagpieData_mean_MendeleevNumber": 0.007220164407621159,
    "ElementProperty_MagpieData_mode_NUnfilled": 0.006977407197374555,
    "ElementProperty_MagpieData_minimum_MeltingT": 0.006602542602145506,
    "CrystalNNFingerprint_mean_linear_CN_2": 0.00632571746177866,
    "ElementProperty_MagpieData_mode_GSvolume_pa": 0.00593056600664012,
    "Stoichiometry_2-norm": 0.005726186266599695,
    "GeneralizedRDF_mean_Gaussian_center=2_0_width=1_0": 0.0057035662735864445,
    "ElementProperty_MagpieData_mean_Row": 0.005558727957785117
}