{
    "ElementFraction_O": 0.12336784294473226,
    "GaussianSymmFunc_std_dev_G2_80_0": 0.06728990660260728,
    "ElementProperty_MagpieData_mode_GSvolume_pa": 0.046955405561951276,
    "MEGNet_OFMEncoded_v1_166": 0.03854069145829785,
    "GaussianSymmFunc_mean_G2_80_0": 0.030747104506681937,
    "RadialDistributionFunction_radial_distribution_function_d_2_20": 0.026019945529199555,
    "RadialDistributionFunction_radial_distribution_function_d_2_10": 0.025683235378332062,
    "AGNIFingerPrint_mean_AGNI_eta=8_00e-01": 0.024063619453255202,
    "ElementProperty_MagpieData_maximum_CovalentRadius": 0.02246002968823474,
    "ElementProperty_MagpieData_range_MeltingT": 0.02210503933969467,
    "MEGNet_OFMEncoded_v1_99": 0.02041273553792532,
    "RadialDistributionFunction_radial_distribution_function_d_2_30": 0.020382415088044437,
    "ElementProperty_MagpieData_minimum_NValence": 0.019962403424766777,
    "RadialDistributionFunction_radial_distribution_function_d_3_80": 0.018196105504371826,
    "ElementProperty_MagpieData_maximum_MeltingT": 0.018060165291510513,
    "ElementProperty_MagpieData_mean_GSmagmom": 0.015469906525230675,
    "YangSolidSolution_Yang_delta": 0.01526126862432256,
    "MEGNet_OFMEncoded_v1_68": 0.014948078748436794,
    "ElementProperty_MagpieData_range_CovalentRadius": 0.014866179640941928,
    "ElementProperty_MagpieData_minimum_MendeleevNumber": 0.014724508179053963,
    "ElementFraction_Be": 0.014612711818882271,
    "TMetalFraction_transition_metal_fraction": 0.014277925650233555,
    "AGNIFingerPrint_std_dev_AGNI_eta=1_88e+00": 0.014266660149890812,
    "MEGNet_OFMEncoded_v1_111": 0.01363246889154414,
    "ElementFraction_Cu": 0.013597019791730692,
    "ElementFraction_Ti": 0.01326601997974047,
    "ElementFraction_Na": 0.013159054768760206,
    "ElementProperty_MagpieData_maximum_NfUnfilled": 0.012841615272051358,
    "ElementFraction_Sn": 0.012778285871620058,
    "RadialDistributionFunction_radial_distribution_function_d_3_90": 0.012732726310160003
}