{
    "ElementProperty_MagpieData_avg_dev_CovalentRadius": 0.13891268671864893,
    "ElementProperty_MagpieData_mean_NdValence": 0.09099470476510173,
    "ElementProperty_MagpieData_maximum_NUnfilled": 0.06043692355446609,
    "ElectronegativityDiff_minimum_EN_difference": 0.058905760269773566,
    "MEGNet_OFMEncoded_v1_34": 0.05616168229273287,
    "ElementProperty_MagpieData_range_CovalentRadius": 0.04390365196063684,
    "ElementFraction_S": 0.04374094713575505,
    "ValenceOrbital_frac_d_valence_electrons": 0.04277572567529817,
    "MEGNet_OFMEncoded_v1_106": 0.04176151372593392,
    "ElementProperty_MagpieData_maximum_MeltingT": 0.036572877745589184,
    "ElementProperty_MagpieData_avg_dev_NdUnfilled": 0.03528818468969687,
    "ElectronegativityDiff_mean_EN_difference": 0.034850852473396525,
    "MEGNet_OFMEncoded_v1_164": 0.034256469397930006,
    "ElementProperty_MagpieData_minimum_Electronegativity": 0.032291133115427806,
    "MEGNet_OFMEncoded_v1_102": 0.031117772669859694,
    "ElementProperty_MagpieData_mean_NsUnfilled": 0.030959736206675057,
    "ElementProperty_MagpieData_avg_dev_NUnfilled": 0.03092064534823001,
    "ElementProperty_MagpieData_mean_SpaceGroupNumber": 0.03083218588350098,
    "ElementProperty_MagpieData_mean_NUnfilled": 0.02887013695253061,
    "ElementProperty_MagpieData_avg_dev_Electronegativity": 0.025791796535307897,
    "MEGNet_OFMEncoded_v1_88": 0.02569227382998109,
    "ElementProperty_MagpieData_avg_dev_GSvolume_pa": 0.0253700312330935,
    "ElementProperty_MagpieData_minimum_MendeleevNumber": 0.02459537701617205,
    "ElectronegativityDiff_maximum_EN_difference": 0.02392001111853401,
    "ElementProperty_MagpieData_mean_MeltingT": 0.023406988103908455,
    "AGNIFingerPrint_mean_AGNI_eta=4_43e+00": 0.02193268950789496,
    "ElementProperty_MagpieData_maximum_CovalentRadius": 0.01862317785757789,
    "DensityFeatures_packing_fraction": 0.018325983065848185,
    "ElementFraction_Na": 0.018132935088680874,
    "YangSolidSolution_Yang_delta": 0.017836258569804985
}