{
    "TMetalFraction_transition_metal_fraction": 0.45738549084279545,
    "RadialDistributionFunction_radial_distribution_function_d_1_90": 0.3777853217756704,
    "ElementFraction_Cu": 0.2348387250512958,
    "ElementProperty_MagpieData_mode_MendeleevNumber": 0.14993359908416717,
    "RadialDistributionFunction_radial_distribution_function_d_1_80": 0.11714538448636068,
    "ElectronegativityDiff_maximum_EN_difference": 0.11418953038201965,
    "BondFractions_Cu_-_O_bond_frac_": 0.10402541256464583,
    "ElementProperty_MagpieData_maximum_Number": 0.09749078960061387,
    "ElementFraction_Mn": 0.09608512595050651,
    "ElementProperty_MagpieData_minimum_GSvolume_pa": 0.09488795419275883,
    "MEGNet_OFMEncoded_v1_93": 0.09026611865706177,
    "ElementProperty_MagpieData_mean_Electronegativity": 0.08630771896927111,
    "MEGNet_OFMEncoded_v1_63": 0.0827332624344314,
    "OPSiteFingerprint_mean_linear_CN_2": 0.07993478828004098,
    "AtomicOrbitals_HOMO_energy": 0.07761716077495803,
    "ElementProperty_MagpieData_maximum_MeltingT": 0.07303578125711731,
    "MEGNet_OFMEncoded_v1_100": 0.06990010937957446,
    "RadialDistributionFunction_radial_distribution_function_d_2_10": 0.06756939633071088,
    "MEGNet_OFMEncoded_v1_102": 0.06720676489563253,
    "ElementFraction_Fe": 0.06546691320965374,
    "ElementFraction_Np": 0.06506053654526395,
    "ElectronegativityDiff_minimum_EN_difference": 0.0639207040489389,
    "ElementProperty_MagpieData_mean_Column": 0.06241118097400768,
    "ElementProperty_MagpieData_mean_CovalentRadius": 0.06140565979577479,
    "ElementFraction_S": 0.061122819655177504,
    "ElementProperty_MagpieData_maximum_NUnfilled": 0.059035104010537125,
    "GaussianSymmFunc_mean_G2_20_0": 0.05829315525589988,
    "MEGNet_OFMEncoded_v1_136": 0.05758926453913484,
    "XRDPowderPattern_xrd_37": 0.055570335224920886,
    "ElementProperty_MagpieData_maximum_NValence": 0.05436168605102032
}