{
    "RadialDistributionFunction_radial_distribution_function_d_3_90": 0.04263648010830277,
    "MaximumPackingEfficiency_max_packing_efficiency": 0.03137714520621851,
    "RadialDistributionFunction_radial_distribution_function_d_3_50": 0.018534609117387857,
    "ElementProperty_MagpieData_mean_GSbandgap": 0.017288611305116646,
    "RadialDistributionFunction_radial_distribution_function_d_3_80": 0.014895296896049855,
    "ElementFraction_Mg": 0.014493076879448135,
    "ElementFraction_F": 0.014135732464709118,
    "ElementProperty_MagpieData_maximum_MendeleevNumber": 0.012452553886475232,
    "ElementProperty_MagpieData_mean_Electronegativity": 0.012189018235052803,
    "GeneralizedRDF_mean_Gaussian_center=4_0_width=1_0": 0.011815872776643789,
    "ElementProperty_MagpieData_avg_dev_GSbandgap": 0.011605125754890684,
    "BandCenter_band_center": 0.011473286782007075,
    "RadialDistributionFunction_radial_distribution_function_d_4_00": 0.010477195090177317,
    "ElementProperty_MagpieData_maximum_Number": 0.01021776140323675,
    "RadialDistributionFunction_radial_distribution_function_d_3_40": 0.009900175579173187,
    "RadialDistributionFunction_radial_distribution_function_d_3_60": 0.009679891741215434,
    "GaussianSymmFunc_mean_G2_80_0": 0.009541830548338088,
    "ElementFraction_Y": 0.009327723811385965,
    "VoronoiFingerprint_mean_Voro_area_maximum": 0.009193460034873,
    "OPSiteFingerprint_mean_sgl_bd_CN_1": 0.008952282574571379,
    "GeneralizedRDF_mean_Gaussian_center=3_0_width=1_0": 0.00890635244307694,
    "CrystalNNFingerprint_mean_octahedral_CN_6": 0.008779081864967888,
    "AGNIFingerPrint_std_dev_AGNI_dir=z_eta=2_89e+00": 0.008401427783282615,
    "DensityFeatures_packing_fraction": 0.00836088517430932,
    "ElementProperty_MagpieData_range_Electronegativity": 0.008247740866754293,
    "ElementProperty_MagpieData_mean_CovalentRadius": 0.008074136814351023,
    "GeneralizedRDF_std_dev_Gaussian_center=2_0_width=1_0": 0.00790625764660704,
    "MEGNet_OFMEncoded_v1_38": 0.007250180932264158,
    "ElementProperty_MagpieData_avg_dev_GSvolume_pa": 0.007239873773425817,
    "XRDPowderPattern_xrd_29": 0.007091599944376731
}