{
    "ElementProperty_MagpieData_mean_NpValence": 0.08246938372377932,
    "BondFractions_O_-_P_bond_frac_": 0.07409235188614632,
    "ElementFraction_O": 0.04014605166118332,
    "RadialDistributionFunction_radial_distribution_function_d_3_80": 0.03443946884967261,
    "RadialDistributionFunction_radial_distribution_function_d_3_70": 0.034179199580414966,
    "ElementProperty_MagpieData_mean_Electronegativity": 0.029419945715380386,
    "ElementProperty_MagpieData_mean_Column": 0.024932176575950413,
    "MEGNet_OFMEncoded_v1_19": 0.024019090305042446,
    "MEGNet_OFMEncoded_v1_98": 0.023639468337517844,
    "ElementProperty_MagpieData_minimum_GSvolume_pa": 0.021938572449669794,
    "MEGNet_OFMEncoded_v1_132": 0.021159749956540477,
    "RadialDistributionFunction_radial_distribution_function_d_3_90": 0.01850844150892987,
    "TMetalFraction_transition_metal_fraction": 0.017849204036531296,
    "ElementProperty_MagpieData_mean_SpaceGroupNumber": 0.01657953071689525,
    "ElementProperty_MagpieData_range_Electronegativity": 0.016175821940848312,
    "MEGNet_OFMEncoded_v1_162": 0.016088409966211203,
    "ElementProperty_MagpieData_minimum_Electronegativity": 0.01505050895083807,
    "MEGNet_OFMEncoded_v1_70": 0.014540171558281698,
    "MEGNet_OFMEncoded_v1_69": 0.014357686486858218,
    "ElementFraction_Ge": 0.013422233977689556,
    "GeneralizedRDF_std_dev_Gaussian_center=3_0_width=1_0": 0.012923144927194543,
    "RadialDistributionFunction_radial_distribution_function_d_4_00": 0.011947456223628583,
    "OxidationStates_std_dev_oxidation_state": 0.011874799214729868,
    "RadialDistributionFunction_radial_distribution_function_d_3_50": 0.011362500572314204,
    "CoulombMatrix_coulomb_matrix_eig_19": 0.01094293312661581,
    "MEGNet_OFMEncoded_v1_134": 0.010870496229241794,
    "DensityFeatures_vpa": 0.010415101794896405,
    "XRDPowderPattern_xrd_49": 0.01002219245881594,
    "MEGNet_OFMEncoded_v1_72": 0.00994739580281739,
    "RadialDistributionFunction_radial_distribution_function_d_2_80": 0.009838803000295299
}