{
    "ElementProperty_MagpieData_mean_SpaceGroupNumber": 0.3156120630409759,
    "ElementProperty_MagpieData_mean_NpValence": 0.21395832315415395,
    "ElementProperty_MagpieData_maximum_MeltingT": 0.17699194159667814,
    "ElementProperty_MagpieData_mode_Electronegativity": 0.15423637566494225,
    "ElementProperty_MagpieData_mode_Number": 0.1513882443515673,
    "ElementProperty_MagpieData_mode_SpaceGroupNumber": 0.14363372276417646,
    "ElementProperty_MagpieData_mean_Column": 0.1383888628413305,
    "ElementProperty_MagpieData_maximum_MendeleevNumber": 0.1242938071072054,
    "ElementProperty_MagpieData_minimum_Electronegativity": 0.11204828657436208,
    "ElementProperty_MagpieData_mode_CovalentRadius": 0.10231337103001814,
    "TMetalFraction_transition_metal_fraction": 0.09457527090297757,
    "YangSolidSolution_Yang_omega": 0.09208835798119203,
    "ValenceOrbital_frac_d_valence_electrons": 0.07901127595428528,
    "ElementProperty_MagpieData_maximum_Column": 0.06883462335177341,
    "ElementProperty_MagpieData_maximum_CovalentRadius": 0.05521055695498846,
    "Miedema_Miedema_deltaH_inter": 0.053598764648851056,
    "ElementProperty_MagpieData_mean_CovalentRadius": 0.05355409949308461,
    "ElementProperty_MagpieData_mean_MendeleevNumber": 0.05042200354481635,
    "ElementProperty_MagpieData_range_NdValence": 0.04937627186985856,
    "MEGNet_OFMEncoded_v1_6": 0.04928629558584717,
    "MEGNet_OFMEncoded_v1_107": 0.04816722985507208,
    "RadialDistributionFunction_radial_distribution_function_d_1_90": 0.04760824065648285,
    "GeneralizedRDF_mean_Gaussian_center=2_0_width=1_0": 0.04458458798945073,
    "ElectronegativityDiff_range_EN_difference": 0.04197025527979063,
    "ElementProperty_MagpieData_avg_dev_NdValence": 0.04140715137563549,
    "Miedema_Miedema_deltaH_amor": 0.03989206874415288,
    "ElementProperty_MagpieData_avg_dev_NpValence": 0.03976657892410194,
    "ElementProperty_MagpieData_mode_MendeleevNumber": 0.0385897471056565,
    "ElementProperty_MagpieData_maximum_NUnfilled": 0.03755531447413566,
    "VoronoiFingerprint_mean_Voro_vol_std_dev": 0.03753029165509556
}