{
    "BondFractions_Mg_-_O_bond_frac_": 0.14659114706890294,
    "ElementProperty_MagpieData_mean_NValence": 0.06771614508397666,
    "ValenceOrbital_frac_d_valence_electrons": 0.06100728847466216,
    "ElementProperty_MagpieData_mean_NdValence": 0.0585214031140424,
    "TMetalFraction_transition_metal_fraction": 0.054578469597620666,
    "YangSolidSolution_Yang_delta": 0.05309341573305213,
    "BondFractions_Li_-_O_bond_frac_": 0.04187145267467189,
    "GeneralizedRDF_mean_Gaussian_center=3_0_width=1_0": 0.0404231848114484,
    "ElementProperty_MagpieData_minimum_Electronegativity": 0.03837187529579523,
    "GeneralizedRDF_mean_Gaussian_center=9_0_width=1_0": 0.03424957309916667,
    "AtomicOrbitals_LUMO_energy": 0.030724609133264132,
    "OxidationStates_minimum_oxidation_state": 0.0306236569894423,
    "GeneralizedRDF_mean_Gaussian_center=2_0_width=1_0": 0.030099233037931647,
    "ElementFraction_U": 0.028366609992655997,
    "MEGNet_OFMEncoded_v1_93": 0.02733327355423074,
    "ElementFraction_Cu": 0.026988570504888724,
    "ElementProperty_MagpieData_mean_AtomicWeight": 0.02622937527333796,
    "ElementProperty_MagpieData_avg_dev_Electronegativity": 0.02598513461652566,
    "ElementProperty_MagpieData_minimum_Number": 0.02548438231399375,
    "ElementProperty_MagpieData_avg_dev_NpValence": 0.02465171449357222,
    "MEGNet_OFMEncoded_v1_166": 0.02439818754741091,
    "ElementFraction_Al": 0.0238816952385672,
    "AverageBondLength_mean_Average_bond_length": 0.02327799226987717,
    "ElementProperty_MagpieData_maximum_NValence": 0.022688723647241157,
    "ElementFraction_Yb": 0.02254948580096389,
    "RadialDistributionFunction_radial_distribution_function_d_2_10": 0.02241024821181458,
    "AtomicOrbitals_HOMO_energy": 0.02193370038015698,
    "ElementProperty_MagpieData_mean_MeltingT": 0.020043110177837498,
    "ElementFraction_Cr": 0.018995463434642444,
    "MEGNet_OFMEncoded_v1_169": 0.018992649512291987
}