{
    "AGNIFingerPrint_mean_AGNI_eta=8_00e-01": 0.16571356090786843,
    "GeneralizedRDF_mean_Gaussian_center=0_0_width=1_0": 0.14827438909549517,
    "ElementProperty_MagpieData_minimum_GSvolume_pa": 0.1318617145344059,
    "AGNIFingerPrint_mean_AGNI_eta=1_23e+00": 0.09466015538670135,
    "GaussianSymmFunc_mean_G2_80_0": 0.079290744362314,
    "ElementProperty_MagpieData_minimum_Number": 0.07641281021164263,
    "ValenceOrbital_frac_p_valence_electrons": 0.057294454081692224,
    "GeneralizedRDF_mean_Gaussian_center=3_0_width=1_0": 0.05322630834415881,
    "ElementFraction_Yb": 0.046449338023526694,
    "ElementProperty_MagpieData_minimum_MeltingT": 0.044235758814668215,
    "TMetalFraction_transition_metal_fraction": 0.043418784580452605,
    "RadialDistributionFunction_radial_distribution_function_d_3_80": 0.03967194774626193,
    "YangSolidSolution_Yang_omega": 0.038526194798452124,
    "AtomicOrbitals_HOMO_energy": 0.03828923537177463,
    "ElementFraction_Cd": 0.033908965106868576,
    "ElementProperty_MagpieData_mean_CovalentRadius": 0.0320828566084764,
    "ElementProperty_MagpieData_range_Electronegativity": 0.030842303284836576,
    "GeneralizedRDF_mean_Gaussian_center=5_0_width=1_0": 0.03052043213403507,
    "ElementProperty_MagpieData_maximum_CovalentRadius": 0.03020750292057178,
    "ElementFraction_In": 0.028060045923669365,
    "AtomicOrbitals_LUMO_energy": 0.026630000633296833,
    "ElementProperty_MagpieData_avg_dev_Electronegativity": 0.02557608016528378,
    "MEGNet_OFMEncoded_v1_63": 0.025280097346925937,
    "ElectronegativityDiff_minimum_EN_difference": 0.024256185929220294,
    "ElementProperty_MagpieData_range_CovalentRadius": 0.023826123299146774,
    "ElementProperty_MagpieData_mean_SpaceGroupNumber": 0.0222988888176782,
    "GeneralizedRDF_mean_Gaussian_center=7_0_width=1_0": 0.020891145392581936,
    "RadialDistributionFunction_radial_distribution_function_d_3_70": 0.02049021615025729,
    "ElementFraction_Br": 0.02048496396292842,
    "ElementProperty_MagpieData_mode_CovalentRadius": 0.019954538434286056
}