{
    "MEGNet_OFMEncoded_v1_55": 0.15238198258178307,
    "ElementProperty_MagpieData_mode_Electronegativity": 0.12955131740331632,
    "MEGNet_OFMEncoded_v1_86": 0.11393368815899078,
    "ElementProperty_MagpieData_mean_Electronegativity": 0.1036315965736676,
    "BondFractions_Ni_-_O_bond_frac_": 0.10205317337375036,
    "BondFractions_Mn_-_O_bond_frac_": 0.0903505896777106,
    "ElectronegativityDiff_maximum_EN_difference": 0.08059859120045028,
    "OxidationStates_minimum_oxidation_state": 0.07891561746743912,
    "MEGNet_OFMEncoded_v1_93": 0.07840830852278478,
    "RadialDistributionFunction_radial_distribution_function_d_1_90": 0.06698397561971443,
    "ElementProperty_MagpieData_mean_MendeleevNumber": 0.05242981471042732,
    "LocalPropertyDifference_std_dev_local_difference_in_Electronegativity": 0.05018465486569747,
    "AGNIFingerPrint_std_dev_AGNI_dir=z_eta=8_00e-01": 0.04764716157729546,
    "ValenceOrbital_frac_p_valence_electrons": 0.04580628767344939,
    "ElementFraction_Cu": 0.04428305149141765,
    "BondFractions_Bi_-_O_bond_frac_": 0.042691579523538546,
    "ElementFraction_F": 0.039479979926021154,
    "ElementProperty_MagpieData_mean_MeltingT": 0.038583895093690625,
    "MEGNet_OFMEncoded_v1_23": 0.03636674259118023,
    "RadialDistributionFunction_radial_distribution_function_d_2_00": 0.036092358594359206,
    "ElementFraction_Ni": 0.03499348227977679,
    "ElementProperty_MagpieData_avg_dev_NUnfilled": 0.03187440978871475,
    "MEGNet_OFMEncoded_v1_161": 0.03180863773660951,
    "GlobalSymmetryFeatures_spacegroup_num": 0.030344633718541018,
    "MEGNet_OFMEncoded_v1_110": 0.028522203124203765,
    "MEGNet_OFMEncoded_v1_72": 0.027841662971826348,
    "BondFractions_Cu_-_O_bond_frac_": 0.027766422813945493,
    "ElementFraction_Mn": 0.027601182685878273,
    "OxidationStates_std_dev_oxidation_state": 0.0273495148798486,
    "MEGNet_OFMEncoded_v1_87": 0.026936330858882262
}