{
    "GaussianSymmFunc_mean_G2_80_0": 0.047516196188093725,
    "AverageBondLength_mean_Average_bond_length": 0.0324326884063183,
    "ElementProperty_MagpieData_maximum_MeltingT": 0.02300981412493007,
    "ElementFraction_Li": 0.017953186306680313,
    "GeneralizedRDF_mean_Gaussian_center=1_0_width=1_0": 0.013958013720006525,
    "RadialDistributionFunction_radial_distribution_function_d_2_40": 0.013196008334198327,
    "RadialDistributionFunction_radial_distribution_function_d_2_80": 0.013021674619755341,
    "GeneralizedRDF_mean_Gaussian_center=3_0_width=1_0": 0.011751134833451821,
    "MEGNet_OFMEncoded_v1_67": 0.010656274455485368,
    "ElementProperty_MagpieData_mean_GSmagmom": 0.00999055142271807,
    "MEGNet_OFMEncoded_v1_132": 0.009914582783716352,
    "ElementFraction_Ge": 0.009213663599688405,
    "RadialDistributionFunction_radial_distribution_function_d_3_70": 0.009010102169705837,
    "RadialDistributionFunction_radial_distribution_function_d_2_50": 0.008299625606740376,
    "ElementProperty_MagpieData_minimum_GSvolume_pa": 0.0077390580221731045,
    "GeneralizedRDF_mean_Gaussian_center=9_0_width=1_0": 0.007538207739331908,
    "RadialDistributionFunction_radial_distribution_function_d_3_20": 0.006702945415365162,
    "MEGNet_OFMEncoded_v1_163": 0.006564579998773361,
    "Stoichiometry_10-norm": 0.0065128912006686,
    "ElementProperty_MagpieData_avg_dev_SpaceGroupNumber": 0.00638938887070988,
    "GaussianSymmFunc_std_dev_G4_0_005_1_0_-1_0": 0.0062868644515397445,
    "ElementProperty_MagpieData_mean_CovalentRadius": 0.006220038914345568,
    "ElementProperty_MagpieData_maximum_Electronegativity": 0.006163906438060784,
    "ElementProperty_MagpieData_range_Electronegativity": 0.006082061964685616,
    "ElementFraction_Y": 0.006043823392645927,
    "ElementProperty_MagpieData_range_CovalentRadius": 0.005631973133589916,
    "RadialDistributionFunction_radial_distribution_function_d_3_80": 0.005573088141049037,
    "MEGNet_OFMEncoded_v1_83": 0.005570433122802311,
    "Miedema_Miedema_deltaH_amor": 0.005501414547786401,
    "ElementProperty_MagpieData_maximum_CovalentRadius": 0.005467739408803122
}