{
    "TMetalFraction_transition_metal_fraction": 0.1700590842955717,
    "ElementFraction_Yb": 0.1109265699849035,
    "ElementFraction_Cu": 0.05649951186288532,
    "AtomicOrbitals_HOMO_character": 0.0476631210186336,
    "RadialDistributionFunction_radial_distribution_function_d_3_60": 0.04744310626901837,
    "ElementFraction_Ir": 0.04657491990342384,
    "MEGNet_OFMEncoded_v1_158": 0.04252138820972395,
    "BondFractions_Cu_-_O_bond_frac_": 0.041840127932214435,
    "ElementFraction_Ru": 0.040897316696458075,
    "RadialDistributionFunction_radial_distribution_function_d_1_90": 0.04020120743077331,
    "RadialDistributionFunction_radial_distribution_function_d_3_70": 0.03813068299376446,
    "AGNIFingerPrint_std_dev_AGNI_dir=y_eta=8_00e-01": 0.03792044442420536,
    "ElementProperty_MagpieData_avg_dev_GSvolume_pa": 0.037276070032454305,
    "RadialDistributionFunction_radial_distribution_function_d_3_90": 0.03640130316271024,
    "ElementFraction_F": 0.03576468195115767,
    "ElementProperty_MagpieData_avg_dev_Electronegativity": 0.03445431497174906,
    "MEGNet_OFMEncoded_v1_157": 0.03144679745281535,
    "ElementProperty_MagpieData_minimum_MendeleevNumber": 0.030565000042071657,
    "ElementProperty_MagpieData_minimum_GSvolume_pa": 0.02988299412587253,
    "XRDPowderPattern_xrd_42": 0.02976898478972622,
    "AGNIFingerPrint_std_dev_AGNI_dir=z_eta=8_00e-01": 0.02852329221052545,
    "ElementProperty_MagpieData_range_Electronegativity": 0.026971909724165407,
    "ElementProperty_MagpieData_maximum_NUnfilled": 0.026634115715031274,
    "ElementProperty_MagpieData_maximum_CovalentRadius": 0.026206684957569386,
    "MaximumPackingEfficiency_max_packing_efficiency": 0.026152178228920117,
    "ElementProperty_MagpieData_mean_Electronegativity": 0.026065861825733023,
    "ElementProperty_MagpieData_avg_dev_SpaceGroupNumber": 0.025224017440758046,
    "ElementProperty_MagpieData_minimum_Column": 0.024522695140000928,
    "ElementProperty_MagpieData_minimum_Electronegativity": 0.023364551013742182,
    "ElementFraction_Pd": 0.023313647044467454
}