{
    "ElementFraction_O": 0.3268575565234492,
    "ElementProperty_MagpieData_avg_dev_NdValence": 0.05309369278680584,
    "ElementProperty_MagpieData_mean_MeltingT": 0.028635823421374218,
    "MEGNet_OFMEncoded_v1_132": 0.022617831014340426,
    "MEGNet_OFMEncoded_v1_171": 0.020135548404041526,
    "BondOrientationParameter_mean_BOOP_Q_l=1": 0.02010590003123893,
    "ElementProperty_MagpieData_maximum_Electronegativity": 0.017882053768582266,
    "ElementProperty_MagpieData_maximum_NUnfilled": 0.016984447038741347,
    "CrystalNNFingerprint_mean_water-like_CN_2": 0.016813276193097946,
    "ValenceOrbital_frac_d_valence_electrons": 0.014494373733874199,
    "MEGNet_OFMEncoded_v1_122": 0.013760447326015758,
    "MEGNet_OFMEncoded_v1_166": 0.01331992664309608,
    "MEGNet_OFMEncoded_v1_147": 0.013056309980531209,
    "ElementProperty_MagpieData_mean_GSmagmom": 0.01271718342729329,
    "BondFractions_O_-_Ti_bond_frac_": 0.012425413871047317,
    "MEGNet_OFMEncoded_v1_99": 0.012406200987230437,
    "ElementProperty_MagpieData_mean_NUnfilled": 0.012231228995804401,
    "GeneralizedRDF_mean_Gaussian_center=4_0_width=1_0": 0.011157123172733749,
    "MEGNet_OFMEncoded_v1_115": 0.011091592576760234,
    "MEGNet_OFMEncoded_v1_168": 0.010342000668787689,
    "ElementProperty_MagpieData_avg_dev_SpaceGroupNumber": 0.010141584370368049,
    "ElementProperty_MagpieData_maximum_NValence": 0.009926205261236167,
    "ElementProperty_MagpieData_range_MeltingT": 0.00954410068086467,
    "YangSolidSolution_Yang_delta": 0.009358709258786695,
    "MEGNet_OFMEncoded_v1_79": 0.009325285748745298,
    "BondFractions_Ni_-_O_bond_frac_": 0.009157829283404698,
    "MEGNet_OFMEncoded_v1_60": 0.009031575110395821,
    "AGNIFingerPrint_std_dev_AGNI_eta=8_00e-01": 0.008978564547199908,
    "BondOrientationParameter_std_dev_BOOP_Q_l=1": 0.008859544843030661,
    "ElementProperty_MagpieData_avg_dev_GSbandgap": 0.00847548180698675
}