{
    "TMetalFraction_transition_metal_fraction": 0.3627850821492286,
    "ElementProperty_MagpieData_range_NUnfilled": 0.14604462219140302,
    "ElementProperty_MagpieData_maximum_MeltingT": 0.10646157439220393,
    "MEGNet_OFMEncoded_v1_97": 0.06862011999230068,
    "RadialDistributionFunction_radial_distribution_function_d_3_90": 0.06639149257216825,
    "ElementFraction_Ti": 0.057763401740633366,
    "ElementProperty_MagpieData_mean_NdValence": 0.053867814452119314,
    "ElementFraction_Yb": 0.049856159140461015,
    "ElementProperty_MagpieData_minimum_MendeleevNumber": 0.04962794993953746,
    "ElementProperty_MagpieData_minimum_Column": 0.04729967800850455,
    "GaussianSymmFunc_mean_G2_80_0": 0.04642527368765674,
    "ElementProperty_MagpieData_maximum_Number": 0.04350166849951263,
    "ElementProperty_MagpieData_minimum_CovalentRadius": 0.042073701011217,
    "ValenceOrbital_frac_f_valence_electrons": 0.0398136011131672,
    "MEGNet_OFMEncoded_v1_71": 0.03971804760472397,
    "ElementProperty_MagpieData_minimum_GSvolume_pa": 0.03821356318638319,
    "ElementProperty_MagpieData_mode_GSvolume_pa": 0.036166353691516134,
    "AtomicOrbitals_LUMO_energy": 0.033440922193446944,
    "ElementProperty_MagpieData_range_GSvolume_pa": 0.03279321632382814,
    "MEGNet_OFMEncoded_v1_10": 0.030291508169963843,
    "MEGNet_OFMEncoded_v1_106": 0.030041651227208494,
    "ElementFraction_N": 0.029742266751186134,
    "YangSolidSolution_Yang_delta": 0.029273835890257043,
    "MEGNet_OFMEncoded_v1_163": 0.029085534468874245,
    "OPSiteFingerprint_mean_sgl_bd_CN_1": 0.028897915830168174,
    "ElementFraction_O": 0.02865570188078672,
    "AGNIFingerPrint_mean_AGNI_eta=8_00e-01": 0.028048080629809298,
    "ElementProperty_MagpieData_mean_GSbandgap": 0.027835739498944974,
    "OxidationStates_maximum_oxidation_state": 0.027490632380945963,
    "AGNIFingerPrint_std_dev_AGNI_eta=8_00e-01": 0.02740005717496433
}