{
    "ElementFraction_O": 0.07125636482889694,
    "GeneralizedRDF_mean_Gaussian_center=2_0_width=1_0": 0.07098779387324286,
    "GeneralizedRDF_mean_Gaussian_center=3_0_width=1_0": 0.0655635782677692,
    "MaximumPackingEfficiency_max_packing_efficiency": 0.06524259171797944,
    "GaussianSymmFunc_mean_G2_80_0": 0.06186740822524024,
    "BondOrientationParameter_mean_BOOP_Q_l=2": 0.054901594941821966,
    "XRDPowderPattern_xrd_27": 0.045503237813227904,
    "XRDPowderPattern_xrd_26": 0.039584955353814254,
    "StructuralHeterogeneity_mean_neighbor_distance_variation": 0.03611023003989121,
    "ElementProperty_MagpieData_mean_GSvolume_pa": 0.03534744149411256,
    "AGNIFingerPrint_std_dev_AGNI_dir=z_eta=1_88e+00": 0.03510391876764447,
    "MEGNet_OFMEncoded_v1_83": 0.03397073714081949,
    "BondFractions_K_-_O_bond_frac_": 0.0319591648636245,
    "GeneralizedRDF_mean_Gaussian_center=0_0_width=1_0": 0.029139703277707377,
    "AGNIFingerPrint_mean_AGNI_eta=1_23e+00": 0.027583684419979278,
    "MEGNet_OFMEncoded_v1_186": 0.02685384591837234,
    "ElementProperty_MagpieData_maximum_GSvolume_pa": 0.026794203833125183,
    "BondFractions_Ni_-_O_bond_frac_": 0.026301434821496262,
    "GeneralizedRDF_mean_Gaussian_center=4_0_width=1_0": 0.025524092300348206,
    "ElementProperty_MagpieData_maximum_CovalentRadius": 0.025454618150047115,
    "OPSiteFingerprint_mean_sgl_bd_CN_1": 0.02416790749006208,
    "BondOrientationParameter_std_dev_BOOP_Q_l=2": 0.023172546106516378,
    "ElementProperty_MagpieData_avg_dev_MendeleevNumber": 0.02273011592114579,
    "MEGNet_OFMEncoded_v1_165": 0.021503846778358315,
    "ElementProperty_MagpieData_range_CovalentRadius": 0.02103833206402544,
    "ElementProperty_MagpieData_mean_Column": 0.02018827837899933,
    "RadialDistributionFunction_radial_distribution_function_d_1_70": 0.02000699861556829,
    "VoronoiFingerprint_mean_Voro_dist_mean": 0.019947104805252493,
    "ElectronegativityDiff_minimum_EN_difference": 0.019537532461878705,
    "ElectronegativityDiff_maximum_EN_difference": 0.018924790216690197
}