{
    "ElementProperty_MagpieData_maximum_MeltingT": 0.0740757497384075,
    "GeneralizedRDF_mean_Gaussian_center=2_0_width=1_0": 0.04984072354669273,
    "ElementProperty_MagpieData_mean_CovalentRadius": 0.046428047538370855,
    "YangSolidSolution_Yang_delta": 0.0431724712705977,
    "ElementProperty_MagpieData_mean_NUnfilled": 0.04222836393997612,
    "BondFractions_Cu_-_O_bond_frac_": 0.04196531480382318,
    "ElementProperty_MagpieData_avg_dev_CovalentRadius": 0.03863496782679332,
    "ElementFraction_Mg": 0.03673599009547068,
    "ElementProperty_MagpieData_maximum_NdUnfilled": 0.030233608781921495,
    "ElementFraction_Al": 0.029698370183686998,
    "GaussianSymmFunc_mean_G2_80_0": 0.02787885212935943,
    "ElementProperty_MagpieData_minimum_NUnfilled": 0.02761321803581641,
    "ElementFraction_Ga": 0.025583991939991887,
    "ElementProperty_MagpieData_maximum_GSvolume_pa": 0.025577428046705285,
    "BondFractions_Mg_-_O_bond_frac_": 0.024511325879820543,
    "ElementProperty_MagpieData_mean_Row": 0.024487145265242635,
    "ElementProperty_MagpieData_mean_Electronegativity": 0.024322878590572458,
    "ElementFraction_Cu": 0.02383264242910514,
    "CrystalNNFingerprint_mean_octahedral_CN_6": 0.02352999336292742,
    "ElementProperty_MagpieData_minimum_SpaceGroupNumber": 0.02345123427307799,
    "ElementFraction_Sn": 0.022635507482038318,
    "ElectronegativityDiff_minimum_EN_difference": 0.021870464404319015,
    "ElementProperty_MagpieData_mode_MeltingT": 0.021445500537975414,
    "IonProperty_avg_ionic_char": 0.02137167781813166,
    "ElementProperty_MagpieData_mean_MeltingT": 0.021141319864236095,
    "MEGNet_OFMEncoded_v1_132": 0.020927092887195964,
    "ElementProperty_MagpieData_maximum_NdValence": 0.02021136698245589,
    "ElementProperty_MagpieData_maximum_GSbandgap": 0.01951541272145436,
    "RadialDistributionFunction_radial_distribution_function_d_2_60": 0.018705052431002043,
    "ElementProperty_MagpieData_range_Electronegativity": 0.01830568467210661
}