{
    "ElementFraction_O": 0.12486266116623145,
    "RadialDistributionFunction_radial_distribution_function_d_3_90": 0.10318982615920515,
    "AverageBondLength_mean_Average_bond_length": 0.08811541558225051,
    "MaximumPackingEfficiency_max_packing_efficiency": 0.061770197589442376,
    "ElectronegativityDiff_minimum_EN_difference": 0.05958894582584221,
    "LocalPropertyDifference_mean_local_difference_in_Electronegativity": 0.055614473266643386,
    "MEGNet_OFMEncoded_v1_75": 0.055094586489384124,
    "ElementProperty_MagpieData_avg_dev_Electronegativity": 0.05182858029517764,
    "MEGNet_OFMEncoded_v1_18": 0.046382126409198116,
    "GeneralizedRDF_std_dev_Gaussian_center=3_0_width=1_0": 0.04376422348688886,
    "TMetalFraction_transition_metal_fraction": 0.04210509403921746,
    "MEGNet_OFMEncoded_v1_14": 0.03671983158903925,
    "GaussianSymmFunc_std_dev_G2_80_0": 0.03646331508941134,
    "Stoichiometry_3-norm": 0.03512804489088615,
    "ElementProperty_MagpieData_range_GSvolume_pa": 0.034972406578788,
    "DensityFeatures_density": 0.034599233208850604,
    "ElementProperty_MagpieData_avg_dev_NpValence": 0.034186108702346375,
    "OxidationStates_std_dev_oxidation_state": 0.03311397601195534,
    "GeneralizedRDF_mean_Gaussian_center=0_0_width=1_0": 0.032443614015022944,
    "ElementFraction_Mg": 0.03219636305474462,
    "ElementProperty_MagpieData_maximum_GSvolume_pa": 0.032033297034193664,
    "GeneralizedRDF_mean_Gaussian_center=4_0_width=1_0": 0.031192628569270617,
    "RadialDistributionFunction_radial_distribution_function_d_2_90": 0.031143871957319227,
    "CrystalNNFingerprint_mean_octahedral_CN_6": 0.03056187592811874,
    "MEGNet_OFMEncoded_v1_107": 0.028148286276254934,
    "MEGNet_OFMEncoded_v1_68": 0.0276937233889358,
    "ElementProperty_MagpieData_avg_dev_GSvolume_pa": 0.026245251376426068,
    "RadialDistributionFunction_radial_distribution_function_d_2_80": 0.026107508964207254,
    "MEGNet_OFMEncoded_v1_13": 0.025539921301339898,
    "GeneralizedRDF_mean_Gaussian_center=2_0_width=1_0": 0.025475471298622092
}