{
    "ElementProperty_MagpieData_maximum_MendeleevNumber": 0.2760346347121898,
    "BondOrientationParameter_mean_BOOP_Q_l=1": 0.13693355270547058,
    "ElementProperty_MagpieData_minimum_Electronegativity": 0.13390445964718148,
    "GeneralizedRDF_mean_Gaussian_center=2_0_width=1_0": 0.1327939017613131,
    "AverageBondLength_std_dev_Average_bond_length": 0.13255340125934723,
    "DensityFeatures_vpa": 0.1241749688186789,
    "ElementProperty_MagpieData_minimum_MendeleevNumber": 0.10711628849932886,
    "DensityFeatures_packing_fraction": 0.1028363600314447,
    "MaximumPackingEfficiency_max_packing_efficiency": 0.08884619496282249,
    "ElementProperty_MagpieData_mode_MendeleevNumber": 0.083110401806595,
    "GeneralizedRDF_mean_Gaussian_center=3_0_width=1_0": 0.0769878901763143,
    "RadialDistributionFunction_radial_distribution_function_d_3_90": 0.0664001592713469,
    "GeneralizedRDF_mean_Gaussian_center=5_0_width=1_0": 0.06438330043826127,
    "RadialDistributionFunction_radial_distribution_function_d_3_80": 0.05238530644142955,
    "DensityFeatures_density": 0.050609728788404564,
    "ElementProperty_MagpieData_range_MeltingT": 0.04648937790281534,
    "VoronoiFingerprint_std_dev_Voro_vol_sum": 0.04450408902740965,
    "BandCenter_band_center": 0.03936612161112193,
    "AverageBondLength_mean_Average_bond_length": 0.03852253975048004,
    "ElementProperty_MagpieData_maximum_MeltingT": 0.037073205091921246,
    "ElementProperty_MagpieData_avg_dev_GSvolume_pa": 0.029446860741015646,
    "ElementProperty_MagpieData_maximum_GSmagmom": 0.026307533151482862,
    "ElementProperty_MagpieData_mean_MeltingT": 0.02451877280377812,
    "StructuralHeterogeneity_max_relative_bond_length": 0.024403830058029614,
    "GaussianSymmFunc_std_dev_G2_80_0": 0.0244017038627133,
    "BondOrientationParameter_mean_BOOP_Q_l=2": 0.02438390125309257,
    "MEGNet_OFMEncoded_v1_99": 0.024353928873438322,
    "RadialDistributionFunction_radial_distribution_function_d_3_50": 0.02388911951189392,
    "ElementProperty_MagpieData_maximum_GSvolume_pa": 0.02375750596424086,
    "ElementProperty_MagpieData_mean_NpValence": 0.022719833929539763
}