{
    "ElementProperty_MagpieData_mean_NpUnfilled": 0.039071357926506046,
    "ElementFraction_Rb": 0.033616185816408004,
    "ElementFraction_S": 0.02956676683269034,
    "AverageBondLength_std_dev_Average_bond_length": 0.0267043597530436,
    "BondOrientationParameter_mean_BOOP_Q_l=1": 0.021647059686892543,
    "ElementProperty_MagpieData_minimum_GSvolume_pa": 0.02148880180979056,
    "ElementProperty_MagpieData_range_Electronegativity": 0.020825351261744555,
    "ElementProperty_MagpieData_maximum_GSvolume_pa": 0.01918383328941531,
    "GaussianSymmFunc_mean_G4_0_005_4_0_-1_0": 0.017667936670107263,
    "DensityFeatures_packing_fraction": 0.017336291919724925,
    "MEGNet_OFMEncoded_v1_167": 0.016402501373643578,
    "ElementFraction_Sn": 0.01456233366319274,
    "AverageBondLength_mean_Average_bond_length": 0.013665603713263731,
    "GaussianSymmFunc_mean_G2_80_0": 0.013613817213479984,
    "ElementProperty_MagpieData_mean_GSvolume_pa": 0.012696042181581388,
    "BondFractions_Bi_-_O_bond_frac_": 0.012445413336727182,
    "ElementProperty_MagpieData_avg_dev_GSvolume_pa": 0.012336811234986339,
    "GeneralizedRDF_mean_Gaussian_center=3_0_width=1_0": 0.012238811942082093,
    "ElementProperty_MagpieData_maximum_MeltingT": 0.011892346865148683,
    "GeneralizedRDF_mean_Gaussian_center=0_0_width=1_0": 0.011325124279149642,
    "ElementProperty_MagpieData_mean_NUnfilled": 0.01125197098373007,
    "AGNIFingerPrint_mean_AGNI_eta=1_23e+00": 0.010922113457551197,
    "MEGNet_OFMEncoded_v1_24": 0.01079855856117639,
    "ElementProperty_MagpieData_range_CovalentRadius": 0.010697400030236625,
    "BondFractions_O_-_P_bond_frac_": 0.010498433178962312,
    "BondFractions_Ba_-_O_bond_frac_": 0.010402971782876965,
    "YangSolidSolution_Yang_delta": 0.010028733451490177,
    "VoronoiFingerprint_std_dev_Voro_dist_minimum": 0.009903146537276536,
    "ElementFraction_Ga": 0.009176496497542921,
    "AGNIFingerPrint_std_dev_AGNI_eta=8_00e-01": 0.009077487518649438
}