{
    "GeneralizedRDF_mean_Gaussian_center=2_0_width=1_0": 0.18372418910572727,
    "AverageBondLength_mean_Average_bond_length": 0.12091223821768818,
    "ElementProperty_MagpieData_mean_CovalentRadius": 0.06327966408802388,
    "GaussianSymmFunc_mean_G2_80_0": 0.05844122850637472,
    "ElementProperty_MagpieData_mean_Column": 0.058398106666314765,
    "GeneralizedRDF_mean_Gaussian_center=6_0_width=1_0": 0.05008477427477296,
    "ElementProperty_MagpieData_mode_GSvolume_pa": 0.042210531993613014,
    "RadialDistributionFunction_radial_distribution_function_d_3_90": 0.03245935425054137,
    "ElementProperty_MagpieData_avg_dev_GSvolume_pa": 0.03071764350877828,
    "ElementProperty_MagpieData_mean_GSbandgap": 0.030103235164251892,
    "ElementProperty_MagpieData_mean_NsValence": 0.030096439847303452,
    "OPSiteFingerprint_std_dev_sgl_bd_CN_1": 0.029586619547702565,
    "MEGNet_OFMEncoded_v1_152": 0.028252308952705557,
    "ElementProperty_MagpieData_minimum_Number": 0.028020890102876256,
    "ValenceOrbital_frac_p_valence_electrons": 0.027151076064408107,
    "MEGNet_OFMEncoded_v1_69": 0.02647671976657449,
    "YangSolidSolution_Yang_delta": 0.022872191220738265,
    "MEGNet_OFMEncoded_v1_134": 0.022771948284105347,
    "GeneralizedRDF_mean_Gaussian_center=0_0_width=1_0": 0.022690863961755552,
    "AverageBondLength_std_dev_Average_bond_length": 0.022141290215423323,
    "GeneralizedRDF_mean_Gaussian_center=1_0_width=1_0": 0.021531699932474693,
    "OPSiteFingerprint_mean_sgl_bd_CN_1": 0.021497508200742473,
    "GeneralizedRDF_mean_Gaussian_center=5_0_width=1_0": 0.020910987445942327,
    "AGNIFingerPrint_mean_AGNI_eta=8_00e-01": 0.02066896378236213,
    "ElementProperty_MagpieData_avg_dev_Column": 0.020148846916450715,
    "ElementProperty_MagpieData_range_Column": 0.019721140743804485,
    "RadialDistributionFunction_radial_distribution_function_d_3_80": 0.019703516846869166,
    "DensityFeatures_density": 0.018939214796537228,
    "RadialDistributionFunction_radial_distribution_function_d_2_90": 0.01856069048110433,
    "GeneralizedRDF_mean_Gaussian_center=7_0_width=1_0": 0.01807083347017417
}