{
    "ElementProperty_MagpieData_minimum_Column": 0.06575999762903653,
    "RadialDistributionFunction_radial_distribution_function_d_2_90": 0.01786912641123208,
    "MEGNet_OFMEncoded_v1_20": 0.014391448762148673,
    "ElementFraction_O": 0.014049586396020074,
    "RadialDistributionFunction_radial_distribution_function_d_3_70": 0.0137948499823586,
    "CoulombMatrix_coulomb_matrix_eig_3": 0.013590784648898336,
    "DensityFeatures_density": 0.013177763236219886,
    "GeneralizedRDF_mean_Gaussian_center=2_0_width=1_0": 0.01310681575637725,
    "MEGNet_OFMEncoded_v1_98": 0.012936208272466155,
    "ElementProperty_MagpieData_maximum_NValence": 0.012570532956167202,
    "RadialDistributionFunction_radial_distribution_function_d_3_00": 0.012501142170580157,
    "RadialDistributionFunction_radial_distribution_function_d_2_80": 0.01241601628085029,
    "RadialDistributionFunction_radial_distribution_function_d_3_90": 0.012385189213786391,
    "AGNIFingerPrint_std_dev_AGNI_dir=z_eta=1_88e+00": 0.011655409862494734,
    "ElementProperty_MagpieData_mean_Column": 0.011296774131662211,
    "RadialDistributionFunction_radial_distribution_function_d_3_40": 0.01126167286824717,
    "GeneralizedRDF_std_dev_Gaussian_center=3_0_width=1_0": 0.0111471366881701,
    "MEGNet_OFMEncoded_v1_16": 0.011120255695776883,
    "GaussianSymmFunc_mean_G4_0_005_4_0_1_0": 0.010538836943168924,
    "ElementProperty_MagpieData_range_CovalentRadius": 0.010443878416328064,
    "MEGNet_OFMEncoded_v1_90": 0.010274075799336339,
    "ElementProperty_MagpieData_avg_dev_NdValence": 0.010257206464875832,
    "Stoichiometry_2-norm": 0.010014952409330997,
    "ElementProperty_MagpieData_mean_NpValence": 0.00998371048077799,
    "ElementProperty_MagpieData_mean_NsUnfilled": 0.009584263642098021,
    "ElementProperty_MagpieData_range_NdValence": 0.009310043837851487,
    "ElementProperty_MagpieData_mean_Row": 0.009293117541815726,
    "ElementProperty_MagpieData_minimum_Electronegativity": 0.009096590656367073,
    "MEGNet_OFMEncoded_v1_70": 0.009075484417027825,
    "ElementProperty_MagpieData_minimum_MeltingT": 0.008913888442380205
}