{
    "MEGNet_OFMEncoded_v1_172": 1.0424197234302301,
    "ElementProperty_MagpieData_mean_CovalentRadius": 0.5224374168197081,
    "ElementProperty_MagpieData_mean_NpValence": 0.47540510505587424,
    "ValenceOrbital_frac_p_valence_electrons": 0.37638358713593906,
    "MEGNet_OFMEncoded_v1_55": 0.3061769327376487,
    "MEGNet_OFMEncoded_v1_102": 0.2727886524788436,
    "ElementProperty_MagpieData_mean_NdUnfilled": 0.25429050012353094,
    "MEGNet_OFMEncoded_v1_9": 0.22820635465496075,
    "ElementProperty_MagpieData_mean_NUnfilled": 0.1972534213817029,
    "MEGNet_OFMEncoded_v1_71": 0.19264192032185506,
    "RadialDistributionFunction_radial_distribution_function_d_3_90": 0.15709280165449518,
    "DensityFeatures_packing_fraction": 0.15336469775840542,
    "ElementProperty_MagpieData_mean_Column": 0.1363155829004978,
    "ElementProperty_MagpieData_mode_MendeleevNumber": 0.12568042357655584,
    "OxidationStates_minimum_oxidation_state": 0.11366158939519842,
    "MaximumPackingEfficiency_max_packing_efficiency": 0.11224640092990384,
    "AtomicOrbitals_HOMO_energy": 0.10699693757360063,
    "ElementProperty_MagpieData_mode_MeltingT": 0.10436566976800442,
    "ElementProperty_MagpieData_maximum_MendeleevNumber": 0.10399746432631345,
    "ElementProperty_MagpieData_minimum_Electronegativity": 0.10245937850893505,
    "ElementProperty_MagpieData_mean_MendeleevNumber": 0.0992746001535492,
    "ElementProperty_MagpieData_mean_MeltingT": 0.09863207923933318,
    "TMetalFraction_transition_metal_fraction": 0.09648526785560496,
    "ElementProperty_MagpieData_maximum_GSvolume_pa": 0.09471783997219882,
    "ElementProperty_MagpieData_mean_NfUnfilled": 0.09338314695811326,
    "ElementFraction_Ti": 0.09282374459968959,
    "ElectronegativityDiff_maximum_EN_difference": 0.08505725934218816,
    "ElementProperty_MagpieData_avg_dev_NdUnfilled": 0.07421621966184908,
    "ElementProperty_MagpieData_avg_dev_NpValence": 0.07313085032658175,
    "GaussianSymmFunc_std_dev_G2_80_0": 0.0725198154747725
}