{
    "MEGNet_OFMEncoded_v1_71": 0.41896412173479536,
    "ElementFraction_F": 0.24541028956412556,
    "ElectronegativityDiff_minimum_EN_difference": 0.1700100649072554,
    "MEGNet_OFMEncoded_v1_76": 0.12080286779414681,
    "ValenceOrbital_frac_p_valence_electrons": 0.11960294697195473,
    "GaussianSymmFunc_std_dev_G2_80_0": 0.11327342994968323,
    "ElementProperty_MagpieData_minimum_MendeleevNumber": 0.10849564091854323,
    "ElementProperty_MagpieData_mean_NpUnfilled": 0.10093578277610829,
    "ElementFraction_Ti": 0.0984980856256394,
    "GaussianSymmFunc_mean_G2_80_0": 0.09214240706082567,
    "ElementProperty_MagpieData_maximum_MeltingT": 0.08229464412532378,
    "TMetalFraction_transition_metal_fraction": 0.07227343552699209,
    "ElementProperty_MagpieData_range_NdUnfilled": 0.07192155503860927,
    "ElementProperty_MagpieData_avg_dev_NUnfilled": 0.06571282656818396,
    "ElementFraction_Yb": 0.058645141148553084,
    "ElementProperty_MagpieData_maximum_Number": 0.058639263737645865,
    "OPSiteFingerprint_mean_body-centered_cubic_CN_8": 0.05827768177869251,
    "CrystalNNFingerprint_mean_octahedral_CN_6": 0.057597450218005906,
    "ElementProperty_MagpieData_mode_CovalentRadius": 0.053182610557708565,
    "ElementProperty_MagpieData_avg_dev_NpValence": 0.05292805557370333,
    "RadialDistributionFunction_radial_distribution_function_d_2_20": 0.052382236071646444,
    "ElementProperty_MagpieData_maximum_Electronegativity": 0.05034341660719944,
    "ChemEnvSiteFingerprint_mean_C:8": 0.04718153249200135,
    "GeneralizedRDF_mean_Gaussian_center=2_0_width=1_0": 0.04689304867637877,
    "AGNIFingerPrint_std_dev_AGNI_eta=1_23e+00": 0.04495918412208986,
    "RadialDistributionFunction_radial_distribution_function_d_1_90": 0.044892028582829355,
    "GeneralizedRDF_std_dev_Gaussian_center=4_0_width=1_0": 0.04413350720017286,
    "ElementProperty_MagpieData_minimum_Column": 0.04378832181566324,
    "MEGNet_OFMEncoded_v1_84": 0.041640031431124554,
    "RadialDistributionFunction_radial_distribution_function_d_3_90": 0.040753121227326376
}