{
    "MEGNet_OFMEncoded_v1_172": 1.1399934667613687,
    "ElementProperty_MagpieData_avg_dev_Electronegativity": 0.38976862163777376,
    "ElementProperty_MagpieData_maximum_Electronegativity": 0.3368398233762031,
    "ElementProperty_MagpieData_mode_Electronegativity": 0.3146122283911896,
    "ValenceOrbital_frac_d_valence_electrons": 0.21521836146247497,
    "ElementProperty_MagpieData_maximum_Column": 0.20429247205129253,
    "ElementProperty_MagpieData_avg_dev_NpValence": 0.19548054368194187,
    "ElectronegativityDiff_minimum_EN_difference": 0.16454873713711332,
    "ElementFraction_O": 0.16428750525600797,
    "ElementProperty_MagpieData_mean_NdValence": 0.1054387869372888,
    "RadialDistributionFunction_radial_distribution_function_d_4_90": 0.09623752927998915,
    "ElementProperty_MagpieData_avg_dev_NUnfilled": 0.09511277509092551,
    "ElementProperty_MagpieData_maximum_NUnfilled": 0.09449829419951408,
    "MEGNet_OFMEncoded_v1_68": 0.08694092934465529,
    "ElementProperty_MagpieData_avg_dev_CovalentRadius": 0.08256229044842238,
    "ElementProperty_MagpieData_mode_SpaceGroupNumber": 0.05810098985876085,
    "MEGNet_OFMEncoded_v1_79": 0.057728321163487736,
    "ValenceOrbital_frac_p_valence_electrons": 0.057119171021284575,
    "Miedema_Miedema_deltaH_inter": 0.057094383387739436,
    "ElementProperty_MagpieData_minimum_SpaceGroupNumber": 0.05308284565655263,
    "MEGNet_OFMEncoded_v1_63": 0.05275158923437063,
    "ElementProperty_MagpieData_maximum_GSbandgap": 0.051358509785463545,
    "ElementProperty_MagpieData_range_Column": 0.04612495393098146,
    "ElementProperty_MagpieData_avg_dev_MeltingT": 0.0451050968173209,
    "ElementProperty_MagpieData_mode_CovalentRadius": 0.04425947869659702,
    "MEGNet_OFMEncoded_v1_99": 0.043833839541009105,
    "RadialDistributionFunction_radial_distribution_function_d_4_80": 0.042314988855697296,
    "ElementFraction_C": 0.04229902425226209,
    "VoronoiFingerprint_mean_Voro_area_maximum": 0.042167629004020435,
    "MEGNet_OFMEncoded_v1_133": 0.040986623605271506
}