{
    "TMetalFraction_transition_metal_fraction": 0.2021308914302912,
    "ElementProperty_MagpieData_range_MeltingT": 0.09312071282451263,
    "RadialDistributionFunction_radial_distribution_function_d_2_00": 0.08868273852289922,
    "RadialDistributionFunction_radial_distribution_function_d_2_10": 0.08791892512803284,
    "GaussianSymmFunc_mean_G2_80_0": 0.08370187947857981,
    "ElementProperty_MagpieData_mean_CovalentRadius": 0.07536403557798631,
    "GaussianSymmFunc_std_dev_G2_80_0": 0.06873463796464879,
    "ElementProperty_MagpieData_avg_dev_NdUnfilled": 0.0626575462840101,
    "ElementFraction_Yb": 0.06049563232482031,
    "ElectronegativityDiff_minimum_EN_difference": 0.046398315176069474,
    "BondFractions_Mg_-_O_bond_frac_": 0.04516176427247792,
    "MEGNet_OFMEncoded_v1_111": 0.04255241738125041,
    "ElementProperty_MagpieData_minimum_MendeleevNumber": 0.04205918918217035,
    "ElementProperty_MagpieData_minimum_CovalentRadius": 0.04159338138340124,
    "ElementProperty_MagpieData_minimum_GSvolume_pa": 0.039481799557173555,
    "ElementFraction_Ca": 0.03941363989509113,
    "ElementProperty_MagpieData_mean_NpValence": 0.03926160615006406,
    "ElementProperty_MagpieData_maximum_NdUnfilled": 0.03745856858051944,
    "RadialDistributionFunction_radial_distribution_function_d_2_70": 0.03703048384997141,
    "ElementProperty_MagpieData_mean_NpUnfilled": 0.036867395184241196,
    "RadialDistributionFunction_radial_distribution_function_d_1_90": 0.03662610655322733,
    "ElementFraction_Gd": 0.0357035630814633,
    "ElementFraction_Te": 0.03489085169665683,
    "MEGNet_OFMEncoded_v1_58": 0.03422107931432455,
    "MEGNet_OFMEncoded_v1_80": 0.03313549417551716,
    "BandCenter_band_center": 0.032429294625405426,
    "MEGNet_OFMEncoded_v1_106": 0.032266355693660015,
    "YangSolidSolution_Yang_delta": 0.03094046956118687,
    "RadialDistributionFunction_radial_distribution_function_d_1_60": 0.030681812402910222,
    "RadialDistributionFunction_radial_distribution_function_d_3_40": 0.028804756691076704
}