{
    "MEGNet_OFMEncoded_v1_147": 0.028645584453975827,
    "ElementProperty_MagpieData_avg_dev_SpaceGroupNumber": 0.02814674885988677,
    "CrystalNNFingerprint_mean_wt_CN_14": 0.01590683274881821,
    "ElementProperty_MagpieData_avg_dev_NpUnfilled": 0.01229758183429599,
    "MEGNet_OFMEncoded_v1_102": 0.011485009724785764,
    "MEGNet_OFMEncoded_v1_14": 0.011012422786738906,
    "MEGNet_OFMEncoded_v1_99": 0.008930966146475051,
    "MEGNet_OFMEncoded_v1_60": 0.008367313019619111,
    "ValenceOrbital_frac_d_valence_electrons": 0.007069160640802306,
    "ElementProperty_MagpieData_mean_GSvolume_pa": 0.0066809806838802905,
    "ElementFraction_Ni": 0.006553255538610445,
    "MEGNet_OFMEncoded_v1_90": 0.006212291671421338,
    "CrystalNNFingerprint_mean_hexagonal_bipyramidal_CN_8": 0.005729810518023138,
    "ElementProperty_MagpieData_mean_MeltingT": 0.005425763067408213,
    "ElementProperty_MagpieData_mean_CovalentRadius": 0.005411759219831058,
    "MEGNet_OFMEncoded_v1_11": 0.00481155291258392,
    "GeneralizedRDF_std_dev_Gaussian_center=1_0_width=1_0": 0.004807860520492494,
    "RadialDistributionFunction_radial_distribution_function_d_4_90": 0.004571972583580656,
    "ElementFraction_Zn": 0.004402928555783102,
    "AtomicPackingEfficiency_dist_from_3_clusters__APE____0_010": 0.00421847193736746,
    "ElementProperty_MagpieData_minimum_GSvolume_pa": 0.0038819975505501704,
    "XRDPowderPattern_xrd_43": 0.003816409300467293,
    "MEGNet_OFMEncoded_v1_135": 0.003791365079825487,
    "ChemicalOrdering_mean_ordering_parameter_shell_1": 0.003748024727029376,
    "CrystalNNFingerprint_mean_pentagonal_pyramidal_CN_6": 0.0036687747196598175,
    "Miedema_Miedema_deltaH_amor": 0.003664384898873827,
    "ElementProperty_MagpieData_range_MendeleevNumber": 0.003380112338781843,
    "Miedema_Miedema_deltaH_inter": 0.0033525245342898306,
    "OPSiteFingerprint_std_dev_octahedral_CN_6": 0.003285775944308979,
    "MEGNet_OFMEncoded_v1_111": 0.0032109477642636394
}