{
    "TMetalFraction_transition_metal_fraction": 0.24691776669304796,
    "ElementProperty_MagpieData_mode_NValence": 0.11188160114142938,
    "MEGNet_OFMEncoded_v1_71": 0.10583713519559709,
    "GaussianSymmFunc_mean_G2_80_0": 0.08779130729874939,
    "ElementProperty_MagpieData_mean_GSmagmom": 0.08059432808063019,
    "MaximumPackingEfficiency_max_packing_efficiency": 0.06548387313501434,
    "MEGNet_OFMEncoded_v1_55": 0.05957961651465038,
    "ElementFraction_F": 0.0590478702540212,
    "ElementProperty_MagpieData_maximum_MeltingT": 0.05674676912026437,
    "ElementFraction_Cd": 0.05487136793073232,
    "ElementProperty_MagpieData_minimum_CovalentRadius": 0.05209788312455433,
    "BondOrientationParameter_mean_BOOP_Q_l=6": 0.049222208253079165,
    "ElementProperty_MagpieData_mean_CovalentRadius": 0.0473458628301963,
    "RadialDistributionFunction_radial_distribution_function_d_4_00": 0.04147718810180512,
    "ElementFraction_Yb": 0.04141285305011601,
    "ElementProperty_MagpieData_avg_dev_GSmagmom": 0.041011472368593045,
    "ElementFraction_Ge": 0.038157587822995435,
    "ElementProperty_MagpieData_mode_Electronegativity": 0.03797738727664934,
    "MEGNet_OFMEncoded_v1_118": 0.03763804975690447,
    "ElementProperty_MagpieData_maximum_GSmagmom": 0.035117014755737426,
    "ElementProperty_MagpieData_minimum_MeltingT": 0.03360534242959347,
    "ElementProperty_MagpieData_mean_SpaceGroupNumber": 0.031174164981821358,
    "ElementProperty_MagpieData_minimum_GSvolume_pa": 0.02986896062181775,
    "MEGNet_OFMEncoded_v1_96": 0.029103987399579083,
    "ElementProperty_MagpieData_maximum_Electronegativity": 0.028993371627009178,
    "ElementProperty_MagpieData_mean_NpUnfilled": 0.028767577650545138,
    "XRDPowderPattern_xrd_44": 0.026664046589396813,
    "ElementProperty_MagpieData_maximum_NpUnfilled": 0.0264475337331879,
    "RadialDistributionFunction_radial_distribution_function_d_3_60": 0.026144709604837755,
    "BondOrientationParameter_mean_BOOP_Q_l=10": 0.02520376617656736
}