{
    "GeneralizedRDF_mean_Gaussian_center=3_0_width=1_0": 0.29760057333902756,
    "ElementProperty_MagpieData_mode_GSbandgap": 0.13699147909393866,
    "RadialDistributionFunction_radial_distribution_function_d_3_90": 0.134485935599042,
    "TMetalFraction_transition_metal_fraction": 0.09942729853255934,
    "VoronoiFingerprint_mean_Voro_vol_maximum": 0.09731043481771026,
    "RadialDistributionFunction_radial_distribution_function_d_3_10": 0.09336724526983282,
    "VoronoiFingerprint_mean_Voro_dist_mean": 0.08802951026849001,
    "RadialDistributionFunction_radial_distribution_function_d_3_00": 0.08665160940585392,
    "ElementProperty_MagpieData_minimum_GSvolume_pa": 0.08205809431737329,
    "RadialDistributionFunction_radial_distribution_function_d_3_80": 0.06897272166163358,
    "ElementProperty_MagpieData_mean_GSbandgap": 0.06028057695365136,
    "GaussianSymmFunc_std_dev_G2_80_0": 0.053570285611061204,
    "ElementFraction_S": 0.04701241066460954,
    "ElementProperty_MagpieData_range_GSvolume_pa": 0.0458760610014324,
    "ElementFraction_Yb": 0.04556902406147155,
    "ElementProperty_MagpieData_maximum_MeltingT": 0.04358098216056292,
    "ElementProperty_MagpieData_mean_GSmagmom": 0.04346033808715619,
    "GeneralizedRDF_mean_Gaussian_center=7_0_width=1_0": 0.040088852786130724,
    "MaximumPackingEfficiency_max_packing_efficiency": 0.039259826334502784,
    "RadialDistributionFunction_radial_distribution_function_d_1_90": 0.036476284143712095,
    "RadialDistributionFunction_radial_distribution_function_d_2_90": 0.03554035363136589,
    "ElementProperty_MagpieData_minimum_Number": 0.03466698678120882,
    "ElementProperty_MagpieData_range_MeltingT": 0.03414943977877287,
    "MEGNet_OFMEncoded_v1_87": 0.033614983664492906,
    "GeneralizedRDF_std_dev_Gaussian_center=0_0_width=1_0": 0.03198640222728004,
    "MEGNet_OFMEncoded_v1_86": 0.030091912315400978,
    "XRDPowderPattern_xrd_47": 0.029988422882047037,
    "YangSolidSolution_Yang_omega": 0.02977641069324217,
    "RadialDistributionFunction_radial_distribution_function_d_3_20": 0.028985930445427164,
    "ElementProperty_MagpieData_avg_dev_NUnfilled": 0.028105372510790524
}