{
    "ElementFraction_K": 0.04264539364331138,
    "MEGNet_OFMEncoded_v1_80": 0.04204737075278343,
    "MEGNet_OFMEncoded_v1_88": 0.040326480765690315,
    "VoronoiFingerprint_mean_Voro_dist_minimum": 0.03500424992657601,
    "ElementProperty_MagpieData_mode_MendeleevNumber": 0.028126801267642998,
    "GeneralizedRDF_mean_Gaussian_center=5_0_width=1_0": 0.02684740545357048,
    "ElementProperty_MagpieData_mean_NUnfilled": 0.02100268427557235,
    "GeneralizedRDF_mean_Gaussian_center=2_0_width=1_0": 0.02040449882197601,
    "ElementFraction_Ag": 0.0201746735735097,
    "ElementProperty_MagpieData_maximum_MendeleevNumber": 0.018668971464111648,
    "RadialDistributionFunction_radial_distribution_function_d_3_90": 0.016078133146993648,
    "ElementFraction_Cs": 0.015569617186017567,
    "AverageBondLength_std_dev_Average_bond_length": 0.014927223940011225,
    "ElementProperty_MagpieData_avg_dev_NpValence": 0.014206386906047438,
    "GeneralizedRDF_mean_Gaussian_center=3_0_width=1_0": 0.013600064541058951,
    "ElementProperty_MagpieData_mean_Electronegativity": 0.01283725272451067,
    "ChemEnvSiteFingerprint_mean_C:8": 0.012689563946029795,
    "ElementProperty_MagpieData_mean_GSvolume_pa": 0.012303358579584657,
    "AGNIFingerPrint_mean_AGNI_eta=8_00e-01": 0.011713419290852822,
    "StructuralHeterogeneity_mean_neighbor_distance_variation": 0.011699900082345482,
    "ElementFraction_Pd": 0.011482497307670385,
    "ElementProperty_MagpieData_mean_CovalentRadius": 0.01122376203332486,
    "AGNIFingerPrint_std_dev_AGNI_eta=1_23e+00": 0.010996775108619213,
    "ElementProperty_MagpieData_range_Column": 0.010818894782975349,
    "AGNIFingerPrint_std_dev_AGNI_dir=y_eta=8_00e-01": 0.010530698071364778,
    "MEGNet_OFMEncoded_v1_1": 0.0103801291448931,
    "MEGNet_OFMEncoded_v1_54": 0.0095354864885214,
    "DensityFeatures_density": 0.009506960581312804,
    "RadialDistributionFunction_radial_distribution_function_d_4_00": 0.009441086580549204,
    "OPSiteFingerprint_mean_sgl_bd_CN_1": 0.00938381467517155
}