{
    "ElementFraction_F": 0.059993435962595314,
    "ElementProperty_MagpieData_mode_MendeleevNumber": 0.038048197331546775,
    "ElementFraction_S": 0.025116693015628057,
    "ElementProperty_MagpieData_maximum_MeltingT": 0.02430407557436635,
    "OPSiteFingerprint_mean_q6_CN_12": 0.017597019971256418,
    "OPSiteFingerprint_mean_q2_CN_12": 0.017042438583985485,
    "ElementProperty_MagpieData_maximum_MendeleevNumber": 0.01654343651132044,
    "RadialDistributionFunction_radial_distribution_function_d_3_70": 0.014349642657759516,
    "RadialDistributionFunction_radial_distribution_function_d_2_80": 0.012062062771122394,
    "ElementProperty_MagpieData_avg_dev_CovalentRadius": 0.011995755107678861,
    "ElementProperty_MagpieData_avg_dev_GSbandgap": 0.011491280429093803,
    "RadialDistributionFunction_radial_distribution_function_d_3_60": 0.011397488071041706,
    "ElementProperty_MagpieData_mean_Electronegativity": 0.01110105533752898,
    "MEGNet_OFMEncoded_v1_72": 0.01109651072116565,
    "VoronoiFingerprint_mean_Voro_area_maximum": 0.010919805200380628,
    "ElementProperty_MagpieData_mean_MeltingT": 0.010893350374640075,
    "ElementProperty_MagpieData_avg_dev_Electronegativity": 0.010787597990733202,
    "ElementProperty_MagpieData_mean_NUnfilled": 0.010596692994229098,
    "MEGNet_OFMEncoded_v1_64": 0.010012873828979996,
    "GaussianSymmFunc_mean_G2_80_0": 0.009586794285396117,
    "ElementFraction_Y": 0.008744952078295542,
    "DensityFeatures_density": 0.008509302690596958,
    "MaximumPackingEfficiency_max_packing_efficiency": 0.0079830737989089,
    "MEGNet_OFMEncoded_v1_123": 0.00770352705780738,
    "ElementProperty_MagpieData_range_GSvolume_pa": 0.007211357980449488,
    "RadialDistributionFunction_radial_distribution_function_d_2_70": 0.0069158553282472265,
    "ElementProperty_MagpieData_range_MendeleevNumber": 0.00690652429837304,
    "VoronoiFingerprint_mean_Voro_area_std_dev": 0.006765389458372852,
    "ElementProperty_MagpieData_maximum_CovalentRadius": 0.006432250264056919,
    "ElementProperty_MagpieData_range_GSbandgap": 0.006291465232363239
}