{
    "ElementProperty_MagpieData_minimum_MeltingT": 0.033482289081978825,
    "CrystalNNFingerprint_mean_body-centered_cubic_CN_8": 0.026642693620696448,
    "Miedema_Miedema_deltaH_amor": 0.025950113203555066,
    "ElementProperty_MagpieData_range_Electronegativity": 0.02578836908318417,
    "ElementFraction_S": 0.024974589998674038,
    "ElementProperty_MagpieData_avg_dev_Electronegativity": 0.0238926943017934,
    "ElementProperty_MagpieData_minimum_GSvolume_pa": 0.023467352914038387,
    "ElementProperty_MagpieData_maximum_NdValence": 0.022256979957524983,
    "ElementProperty_MagpieData_minimum_SpaceGroupNumber": 0.021997545146378868,
    "ElementProperty_MagpieData_minimum_Column": 0.020982319586994678,
    "ElementProperty_MagpieData_maximum_MendeleevNumber": 0.01990441822684415,
    "GeneralizedRDF_std_dev_Gaussian_center=4_0_width=1_0": 0.01970215970748278,
    "ValenceOrbital_frac_p_valence_electrons": 0.01698041325290971,
    "ElementProperty_MagpieData_avg_dev_CovalentRadius": 0.015812248588294227,
    "ElementProperty_MagpieData_avg_dev_Column": 0.015719005951351842,
    "ElementProperty_MagpieData_mode_MeltingT": 0.014825361396954229,
    "Stoichiometry_2-norm": 0.014291994305421973,
    "MEGNet_OFMEncoded_v1_13": 0.014146685619181299,
    "GeneralizedRDF_mean_Gaussian_center=3_0_width=1_0": 0.01409018914994685,
    "RadialDistributionFunction_radial_distribution_function_d_4_90": 0.01326352199741469,
    "ElementProperty_MagpieData_minimum_Electronegativity": 0.012983028906725754,
    "ElementProperty_MagpieData_maximum_NValence": 0.012893082000109773,
    "ElementFraction_Al": 0.01288776806314668,
    "ElementProperty_MagpieData_maximum_CovalentRadius": 0.012219403308735362,
    "ElementProperty_MagpieData_maximum_MeltingT": 0.012133798458385563,
    "ElementProperty_MagpieData_mean_CovalentRadius": 0.011904975192087584,
    "MEGNet_OFMEncoded_v1_183": 0.011834829541076793,
    "ElectronegativityDiff_minimum_EN_difference": 0.011657599902165042,
    "AGNIFingerPrint_std_dev_AGNI_eta=8_00e-01": 0.011163854420974496,
    "ElementProperty_MagpieData_avg_dev_NdValence": 0.010958357654546717
}