{
    "RadialDistributionFunction_radial_distribution_function_d_3_90": 0.10535322462936086,
    "ElementProperty_MagpieData_maximum_MendeleevNumber": 0.05958065401910374,
    "RadialDistributionFunction_radial_distribution_function_d_3_80": 0.05842742743307157,
    "ElementProperty_MagpieData_minimum_Electronegativity": 0.05662380462289651,
    "ElementProperty_MagpieData_avg_dev_GSvolume_pa": 0.037372853321755495,
    "ElementFraction_Na": 0.02762758130299742,
    "RadialDistributionFunction_radial_distribution_function_d_4_00": 0.024850314036576053,
    "ElementProperty_MagpieData_mean_NpValence": 0.024372702493819398,
    "ElementFraction_Rb": 0.023284051056321024,
    "MEGNet_OFMEncoded_v1_18": 0.022922551322135935,
    "GeneralizedRDF_std_dev_Gaussian_center=1_0_width=1_0": 0.022532348872614318,
    "AverageBondLength_std_dev_Average_bond_length": 0.022110507282341183,
    "ElementProperty_MagpieData_mode_MendeleevNumber": 0.021965677775158725,
    "RadialDistributionFunction_radial_distribution_function_d_3_40": 0.02189598701299356,
    "RadialDistributionFunction_radial_distribution_function_d_3_50": 0.021337754761865273,
    "CrystalNNFingerprint_mean_body-centered_cubic_CN_8": 0.020169932801974357,
    "BondFractions_Na_-_Na_bond_frac_": 0.019483904336029156,
    "MEGNet_OFMEncoded_v1_115": 0.018736142240702816,
    "RadialDistributionFunction_radial_distribution_function_d_1_90": 0.01769368206395654,
    "CrystalNNFingerprint_mean_linear_CN_2": 0.01769303920452722,
    "ElementProperty_MagpieData_minimum_MendeleevNumber": 0.01709229810594607,
    "RadialDistributionFunction_radial_distribution_function_d_2_20": 0.01635118673479829,
    "RadialDistributionFunction_radial_distribution_function_d_2_10": 0.015895964300402788,
    "BondOrientationParameter_std_dev_BOOP_Q_l=2": 0.01554944139861345,
    "CrystalNNFingerprint_std_dev_octahedral_CN_6": 0.015483921085859503,
    "RadialDistributionFunction_radial_distribution_function_d_3_70": 0.015013485495564001,
    "MEGNet_OFMEncoded_v1_80": 0.0148254569289308,
    "RadialDistributionFunction_radial_distribution_function_d_1_80": 0.0145925111483031,
    "MEGNet_OFMEncoded_v1_32": 0.014156199324261726,
    "YangSolidSolution_Yang_delta": 0.01412817588488524
}