{
    "AGNIFingerPrint_std_dev_AGNI_eta=8_00e-01": 0.7981346903861889,
    "GeneralizedRDF_std_dev_Gaussian_center=0_0_width=1_0": 0.7538162613512444,
    "AGNIFingerPrint_mean_AGNI_eta=8_00e-01": 0.6870085426509436,
    "GeneralizedRDF_mean_Gaussian_center=0_0_width=1_0": 0.5152682191604187,
    "ElementProperty_MagpieData_mean_GSbandgap": 0.4924762596743141,
    "GaussianSymmFunc_std_dev_G2_80_0": 0.331119261175341,
    "ElementProperty_MagpieData_mode_NsUnfilled": 0.28750480086966507,
    "ElementProperty_MagpieData_mean_NpValence": 0.22539572719845902,
    "OPSiteFingerprint_mean_body-centered_cubic_CN_8": 0.16991912267073706,
    "ChemEnvSiteFingerprint_mean_C:8": 0.1491974145909871,
    "DensityFeatures_packing_fraction": 0.1469383000888306,
    "ElementProperty_MagpieData_mean_CovalentRadius": 0.13963330818474357,
    "ElementProperty_MagpieData_maximum_MendeleevNumber": 0.13838612067569425,
    "ValenceOrbital_frac_f_valence_electrons": 0.12718608802840417,
    "ElementProperty_MagpieData_mode_MendeleevNumber": 0.12246786733849897,
    "GaussianSymmFunc_mean_G2_80_0": 0.10470167039386281,
    "ElementProperty_MagpieData_mean_MendeleevNumber": 0.09663445613940538,
    "ElementProperty_MagpieData_maximum_NdValence": 0.08702570666069145,
    "CrystalNNFingerprint_mean_wt_CN_1": 0.08113291802599952,
    "AGNIFingerPrint_std_dev_AGNI_dir=y_eta=1_23e+00": 0.08048308077290438,
    "ElementProperty_MagpieData_mean_Row": 0.07932925059734434,
    "ElementProperty_MagpieData_mean_NfValence": 0.07319398996075709,
    "ElementProperty_MagpieData_mean_Column": 0.06999410348885053,
    "BandCenter_band_center": 0.06772492908482948,
    "ElementProperty_MagpieData_avg_dev_NdUnfilled": 0.06348868976503523,
    "ElementProperty_MagpieData_mean_SpaceGroupNumber": 0.06069256036225898,
    "MaximumPackingEfficiency_max_packing_efficiency": 0.05975556612209547,
    "ElementProperty_MagpieData_range_NdUnfilled": 0.05416707640567389,
    "MEGNet_OFMEncoded_v1_167": 0.053743723760931235,
    "ElementFraction_H": 0.05213157437757473
}