{
    "ChemEnvSiteFingerprint_mean_C:8": 0.9084371809462208,
    "OPSiteFingerprint_mean_body-centered_cubic_CN_8": 0.5192202002180039,
    "ElementProperty_MagpieData_mean_CovalentRadius": 0.22461079966777334,
    "ElementProperty_MagpieData_avg_dev_NsValence": 0.16169862311810307,
    "CrystalNNFingerprint_mean_body-centered_cubic_CN_8": 0.14375660515897745,
    "AverageBondAngle_mean_Average_bond_angle": 0.1378159404467486,
    "CrystalNNFingerprint_mean_wt_CN_8": 0.11332577502494463,
    "ElementProperty_MagpieData_range_NfValence": 0.10806727381430545,
    "CrystalNNFingerprint_mean_wt_CN_14": 0.10489484187279846,
    "DensityFeatures_packing_fraction": 0.06772888728057963,
    "TMetalFraction_transition_metal_fraction": 0.06550392911981485,
    "AGNIFingerPrint_std_dev_AGNI_dir=x_eta=2_89e+00": 0.06401502283713599,
    "MaximumPackingEfficiency_max_packing_efficiency": 0.06376100588516144,
    "AGNIFingerPrint_mean_AGNI_eta=8_00e-01": 0.05802811761638951,
    "ElementProperty_MagpieData_mean_NpUnfilled": 0.05799799192172885,
    "MEGNet_OFMEncoded_v1_86": 0.05534869362234707,
    "ElementProperty_MagpieData_avg_dev_NfValence": 0.05379429590378042,
    "AverageBondLength_std_dev_Average_bond_length": 0.05187708678588484,
    "ElementProperty_MagpieData_range_MendeleevNumber": 0.05063937784870984,
    "ElementProperty_MagpieData_minimum_Electronegativity": 0.050229320634138305,
    "ElementProperty_MagpieData_range_NpUnfilled": 0.04865725078827246,
    "ElementProperty_MagpieData_mean_NpValence": 0.045246107900975434,
    "ElementProperty_MagpieData_mode_NValence": 0.04494839341817757,
    "CrystalNNFingerprint_std_dev_trigonal_pyramidal_CN_4": 0.04381801475598301,
    "BondOrientationParameter_mean_BOOP_Q_l=6": 0.04254315874296529,
    "ElementProperty_MagpieData_range_AtomicWeight": 0.042270556949748225,
    "ElementProperty_MagpieData_minimum_CovalentRadius": 0.04170611043954836,
    "ElementProperty_MagpieData_avg_dev_MendeleevNumber": 0.041036277906634305,
    "GeneralizedRDF_std_dev_Gaussian_center=3_0_width=1_0": 0.04100718237079926,
    "OPSiteFingerprint_mean_sgl_bd_CN_1": 0.03983139347339375
}