{
    "ChemEnvSiteFingerprint_mean_C:8": 0.8708729915185986,
    "OPSiteFingerprint_mean_body-centered_cubic_CN_8": 0.5677145940024891,
    "MaximumPackingEfficiency_max_packing_efficiency": 0.5294072973774137,
    "CrystalNNFingerprint_mean_body-centered_cubic_CN_8": 0.32604546807473894,
    "ElementProperty_MagpieData_mean_CovalentRadius": 0.2194988845267562,
    "BondOrientationParameter_mean_BOOP_Q_l=10": 0.19735242344907852,
    "AGNIFingerPrint_std_dev_AGNI_dir=x_eta=4_43e+00": 0.11221694671774575,
    "ElementProperty_MagpieData_minimum_MendeleevNumber": 0.09513878236102474,
    "ElementProperty_MagpieData_maximum_CovalentRadius": 0.09219499448665358,
    "ElementProperty_MagpieData_minimum_Electronegativity": 0.08352514301085917,
    "LocalPropertyDifference_mean_local_difference_in_Electronegativity": 0.08335138243905939,
    "ElementProperty_MagpieData_maximum_MendeleevNumber": 0.0675447810368759,
    "ElementProperty_MagpieData_avg_dev_Electronegativity": 0.06535791888193161,
    "ElementProperty_MagpieData_range_AtomicWeight": 0.06223566638801349,
    "ElementProperty_MagpieData_mean_NpValence": 0.06130378211574623,
    "BondOrientationParameter_mean_BOOP_Q_l=6": 0.060578833977052444,
    "ElementProperty_MagpieData_mean_AtomicWeight": 0.05813902966830097,
    "AverageBondAngle_mean_Average_bond_angle": 0.057038557467451734,
    "ElementProperty_MagpieData_mean_NValence": 0.05629087790668372,
    "ElementProperty_MagpieData_maximum_Number": 0.05047532165770967,
    "CrystalNNFingerprint_mean_square_co-planar_CN_4": 0.049006976690030846,
    "Stoichiometry_3-norm": 0.048837326664491996,
    "ElementProperty_MagpieData_mode_GSvolume_pa": 0.045329275720154875,
    "CrystalNNFingerprint_mean_rectangular_see-saw-like_CN_4": 0.044711331722724894,
    "OPSiteFingerprint_mean_tetrahedral_CN_4": 0.04470810622923444,
    "ElementProperty_MagpieData_maximum_NdUnfilled": 0.04392669055713789,
    "ElementProperty_MagpieData_avg_dev_NfUnfilled": 0.043752106153611484,
    "CrystalNNFingerprint_mean_tetrahedral_CN_4": 0.042976419542558035,
    "MEGNet_OFMEncoded_v1_86": 0.03957314550412369,
    "Stoichiometry_2-norm": 0.03779072938276614
}