{
    "ChemEnvSiteFingerprint_mean_C:8": 0.958875429310617,
    "OPSiteFingerprint_mean_body-centered_cubic_CN_8": 0.31392992456470464,
    "CrystalNNFingerprint_mean_body-centered_cubic_CN_8": 0.28518290197349927,
    "MaximumPackingEfficiency_max_packing_efficiency": 0.24683055010978922,
    "ElementProperty_MagpieData_mean_CovalentRadius": 0.23393244768754667,
    "AverageBondAngle_mean_Average_bond_angle": 0.18919269292844754,
    "ElementProperty_MagpieData_maximum_NdUnfilled": 0.15512694864535045,
    "AGNIFingerPrint_std_dev_AGNI_dir=x_eta=1_88e+00": 0.12888604419488542,
    "TMetalFraction_transition_metal_fraction": 0.12615117480305033,
    "DensityFeatures_packing_fraction": 0.10110781873164006,
    "ElementProperty_MagpieData_avg_dev_NpUnfilled": 0.09071210300013603,
    "CrystalNNFingerprint_mean_wt_CN_8": 0.09050198944409185,
    "BondOrientationParameter_mean_BOOP_Q_l=10": 0.08530986022108666,
    "BondOrientationParameter_std_dev_BOOP_Q_l=4": 0.07428634476738218,
    "ElementProperty_MagpieData_minimum_MendeleevNumber": 0.07182261448401499,
    "ElementProperty_MagpieData_avg_dev_Row": 0.07125136360632046,
    "MEGNet_OFMEncoded_v1_86": 0.06551305012799984,
    "ElementProperty_MagpieData_maximum_MeltingT": 0.04735699290674633,
    "CrystalNNFingerprint_std_dev_pentagonal_pyramidal_CN_6": 0.04414466735863371,
    "YangSolidSolution_Yang_delta": 0.04133768109528806,
    "CrystalNNFingerprint_mean_q4_CN_9": 0.04067693479831962,
    "ElementProperty_MagpieData_avg_dev_GSvolume_pa": 0.03979946219964744,
    "ElementProperty_MagpieData_mode_Number": 0.038195280295442204,
    "MEGNet_OFMEncoded_v1_134": 0.0374879899603668,
    "ElementProperty_MagpieData_range_NdUnfilled": 0.03611897898720047,
    "RadialDistributionFunction_radial_distribution_function_d_2_70": 0.03606409549772541,
    "ElementProperty_MagpieData_mean_NdUnfilled": 0.03546683688165814,
    "ElementProperty_MagpieData_mean_NfUnfilled": 0.034123027907297585,
    "ElementProperty_MagpieData_mode_CovalentRadius": 0.03411525875951616,
    "ElementProperty_MagpieData_range_NfValence": 0.03406788396075896
}