{
    "ChemEnvSiteFingerprint_mean_C:8": 2.7922762247930537,
    "MaximumPackingEfficiency_max_packing_efficiency": 0.768392289198325,
    "CrystalNNFingerprint_mean_body-centered_cubic_CN_8": 0.6937431723254871,
    "XRDPowderPattern_xrd_36": 0.5752784040944352,
    "BondOrientationParameter_mean_BOOP_Q_l=10": 0.33852812486191075,
    "ElementProperty_MagpieData_mean_NpValence": 0.32229697421046144,
    "ElementProperty_MagpieData_mean_CovalentRadius": 0.2604315829612998,
    "XRDPowderPattern_xrd_35": 0.22780602183017287,
    "OPSiteFingerprint_mean_body-centered_cubic_CN_8": 0.20538792233300154,
    "BondOrientationParameter_mean_BOOP_Q_l=6": 0.13833058153021596,
    "ElementProperty_MagpieData_maximum_Electronegativity": 0.12425466059531379,
    "CrystalNNFingerprint_mean_wt_CN_14": 0.12027491728114746,
    "ValenceOrbital_frac_p_valence_electrons": 0.11978476029083489,
    "ElementProperty_MagpieData_maximum_MendeleevNumber": 0.1135771627319265,
    "ElementProperty_MagpieData_avg_dev_CovalentRadius": 0.11295855756801282,
    "ElementProperty_MagpieData_avg_dev_NdValence": 0.08593238152728071,
    "GeneralizedRDF_mean_Gaussian_center=5_0_width=1_0": 0.08389886048981651,
    "MEGNet_OFMEncoded_v1_1": 0.08203255270613367,
    "ElementProperty_MagpieData_maximum_NfUnfilled": 0.07981519973297246,
    "CrystalNNFingerprint_mean_wt_CN_8": 0.07892669019027114,
    "ElementProperty_MagpieData_maximum_NdUnfilled": 0.07392704575693222,
    "MEGNet_OFMEncoded_v1_118": 0.06627311118383473,
    "GaussianSymmFunc_mean_G2_20_0": 0.06296830480081864,
    "XRDPowderPattern_xrd_34": 0.062188285284288276,
    "ElementProperty_MagpieData_maximum_NfValence": 0.06115917726442926,
    "DensityFeatures_density": 0.059388504128397634,
    "GaussianSymmFunc_mean_G4_0_005_1_0_1_0": 0.05904880546125559,
    "ElementProperty_MagpieData_mean_Electronegativity": 0.05885961101694267,
    "ElementProperty_MagpieData_minimum_Number": 0.05713328414635435,
    "Miedema_Miedema_deltaH_inter": 0.056018070991756846
}