{
    "ChemEnvSiteFingerprint_mean_C:8": 3.5260570584260766,
    "XRDPowderPattern_xrd_36": 0.8593462529694178,
    "MaximumPackingEfficiency_max_packing_efficiency": 0.8373905632055885,
    "CrystalNNFingerprint_mean_body-centered_cubic_CN_8": 0.7208037465931184,
    "BondOrientationParameter_mean_BOOP_Q_l=10": 0.37060895797369114,
    "ElementProperty_MagpieData_mean_NpValence": 0.3127056417556692,
    "ElementProperty_MagpieData_mean_CovalentRadius": 0.23192447901760319,
    "XRDPowderPattern_xrd_35": 0.22565421103256655,
    "CrystalNNFingerprint_mean_wt_CN_8": 0.20671349498847916,
    "OPSiteFingerprint_mean_body-centered_cubic_CN_8": 0.14515808201365982,
    "ElementProperty_MagpieData_maximum_NfUnfilled": 0.14306448547795408,
    "GaussianSymmFunc_mean_G2_20_0": 0.12387665499975742,
    "ElementProperty_MagpieData_mean_Number": 0.10916886844057991,
    "ElementProperty_MagpieData_avg_dev_CovalentRadius": 0.1059319827254486,
    "ElementProperty_MagpieData_maximum_NfValence": 0.10540959580896064,
    "ElementProperty_MagpieData_avg_dev_NdValence": 0.10107195722648021,
    "ElementProperty_MagpieData_maximum_Electronegativity": 0.09694671912563978,
    "MEGNet_OFMEncoded_v1_118": 0.09466669866781287,
    "ElementProperty_MagpieData_maximum_MendeleevNumber": 0.0934533053291204,
    "CrystalNNFingerprint_mean_wt_CN_14": 0.09271497452947561,
    "CrystalNNFingerprint_mean_trigonal_pyramidal_CN_4": 0.08871567346570886,
    "ElementProperty_MagpieData_maximum_NdUnfilled": 0.08769388557498962,
    "GeneralizedRDF_mean_Gaussian_center=5_0_width=1_0": 0.08387334226826737,
    "ElementProperty_MagpieData_avg_dev_Row": 0.08342562586512112,
    "XRDPowderPattern_xrd_34": 0.08321223639837791,
    "GaussianSymmFunc_std_dev_G2_80_0": 0.07669385104524562,
    "SineCoulombMatrix_sine_coulomb_matrix_eig_3": 0.07625681787381194,
    "ElementProperty_MagpieData_mean_NfValence": 0.06768231046785479,
    "GaussianSymmFunc_mean_G4_0_005_1_0_1_0": 0.06593595524309574,
    "ElementProperty_MagpieData_minimum_MeltingT": 0.06540184216963466
}