{
    "ChemEnvSiteFingerprint_mean_C:8": 0.7458997280451397,
    "OPSiteFingerprint_mean_body-centered_cubic_CN_8": 0.4658082420497965,
    "AverageBondAngle_mean_Average_bond_angle": 0.27437307786023823,
    "ElementProperty_MagpieData_mean_CovalentRadius": 0.23192319556074434,
    "CrystalNNFingerprint_mean_body-centered_cubic_CN_8": 0.19670498701261985,
    "ElementProperty_MagpieData_avg_dev_NfValence": 0.11121951864668173,
    "ElementProperty_MagpieData_mode_NpUnfilled": 0.09968598704119436,
    "AGNIFingerPrint_std_dev_AGNI_dir=x_eta=2_89e+00": 0.0948618166612847,
    "ElementProperty_MagpieData_maximum_CovalentRadius": 0.09043694982145378,
    "ElementProperty_MagpieData_avg_dev_MeltingT": 0.08162192338667587,
    "CrystalNNFingerprint_mean_wt_CN_8": 0.07769870553874339,
    "CrystalNNFingerprint_mean_octahedral_CN_6": 0.06886222352194808,
    "ElementProperty_MagpieData_mode_Number": 0.06774331524591304,
    "ElementProperty_MagpieData_avg_dev_Column": 0.0670230496639954,
    "AGNIFingerPrint_std_dev_AGNI_dir=x_eta=1_88e+00": 0.06550163073221317,
    "MEGNet_OFMEncoded_v1_86": 0.06451214417208526,
    "CrystalNNFingerprint_mean_wt_CN_14": 0.0613951406201904,
    "ElementProperty_MagpieData_maximum_Number": 0.057649510831040446,
    "ElementProperty_MagpieData_mean_SpaceGroupNumber": 0.05409408168890311,
    "BondFractions_O_-_P_bond_frac_": 0.05237866025090207,
    "GeneralizedRDF_std_dev_Gaussian_center=5_0_width=1_0": 0.051334392400491896,
    "AverageBondLength_std_dev_Average_bond_length": 0.05029868143426412,
    "ElementProperty_MagpieData_mean_NsUnfilled": 0.04967693941510416,
    "ElementProperty_MagpieData_avg_dev_NpUnfilled": 0.03752479647912258,
    "ElementProperty_MagpieData_maximum_NdValence": 0.03726925353713352,
    "BondFractions_Li_-_O_bond_frac_": 0.03694916455719581,
    "ElementProperty_MagpieData_mean_Column": 0.03265003577630905,
    "GeneralizedRDF_mean_Gaussian_center=3_0_width=1_0": 0.03262346128363194,
    "ValenceOrbital_frac_p_valence_electrons": 0.03211032144040085,
    "Miedema_Miedema_deltaH_inter": 0.031764554501399166
}