{
    "ElementProperty_MagpieData_maximum_NfValence": 1.0140622617294262,
    "GaussianSymmFunc_mean_G2_80_0": 0.5890321589798672,
    "ElementProperty_MagpieData_mean_NfValence": 0.3412948909827527,
    "AGNIFingerPrint_std_dev_AGNI_eta=8_00e-01": 0.26287158903311886,
    "ElementProperty_MagpieData_mode_Electronegativity": 0.22332001246305802,
    "GaussianSymmFunc_std_dev_G2_80_0": 0.21764597552250525,
    "ElementProperty_MagpieData_mean_NpValence": 0.2106365925873721,
    "ValenceOrbital_frac_f_valence_electrons": 0.1497275190764282,
    "ElementProperty_MagpieData_maximum_Number": 0.14203231963381385,
    "ElementProperty_MagpieData_avg_dev_GSbandgap": 0.12546137614791938,
    "ElementProperty_MagpieData_avg_dev_NpUnfilled": 0.11628013783323807,
    "AGNIFingerPrint_mean_AGNI_eta=8_00e-01": 0.09764717127864374,
    "ElementProperty_MagpieData_mean_GSbandgap": 0.09742466780317953,
    "ElementProperty_MagpieData_avg_dev_NfValence": 0.09281310648852675,
    "ElementProperty_MagpieData_mode_GSbandgap": 0.09204323520712204,
    "ElementFraction_H": 0.0761650697382111,
    "ElementProperty_MagpieData_range_NdValence": 0.06885133972993786,
    "ElementProperty_MagpieData_mode_SpaceGroupNumber": 0.06717473993465119,
    "MEGNet_OFMEncoded_v1_82": 0.06494849997109246,
    "ElementProperty_MagpieData_minimum_Electronegativity": 0.06136382943669636,
    "ValenceOrbital_frac_d_valence_electrons": 0.058302885761282064,
    "Stoichiometry_2-norm": 0.055425810177606755,
    "ElectronegativityDiff_minimum_EN_difference": 0.05532174159580253,
    "ElementProperty_MagpieData_minimum_Number": 0.05486467048659219,
    "ElementProperty_MagpieData_mean_Electronegativity": 0.05423573086280575,
    "MEGNet_OFMEncoded_v1_111": 0.053752689920499926,
    "ElementProperty_MagpieData_avg_dev_NdValence": 0.05328913074584731,
    "MaximumPackingEfficiency_max_packing_efficiency": 0.05176725928281523,
    "ElementProperty_MagpieData_maximum_NdValence": 0.04836760142391124,
    "CrystalNNFingerprint_mean_tetrahedral_CN_4": 0.04228904730268026
}