{
    "ChemEnvSiteFingerprint_mean_C:8": 2.967927435947208,
    "XRDPowderPattern_xrd_36": 0.7995709977928217,
    "MaximumPackingEfficiency_max_packing_efficiency": 0.7969519474008442,
    "CrystalNNFingerprint_mean_body-centered_cubic_CN_8": 0.727067708592264,
    "BondOrientationParameter_mean_BOOP_Q_l=10": 0.34420055140518585,
    "ElementProperty_MagpieData_mean_NpValence": 0.27622885122534185,
    "AGNIFingerPrint_std_dev_AGNI_dir=x_eta=4_43e+00": 0.18307068383356917,
    "ElementProperty_MagpieData_mean_CovalentRadius": 0.17534742726476274,
    "OPSiteFingerprint_mean_body-centered_cubic_CN_8": 0.13012650987438207,
    "XRDPowderPattern_xrd_35": 0.12767870571571288,
    "CrystalNNFingerprint_mean_wt_CN_8": 0.12484515126294037,
    "ElementProperty_MagpieData_avg_dev_CovalentRadius": 0.11826579193019485,
    "AGNIFingerPrint_mean_AGNI_eta=1_23e+00": 0.11078748158384981,
    "ElementProperty_MagpieData_avg_dev_NdValence": 0.10986334867165005,
    "ElementProperty_MagpieData_maximum_NfUnfilled": 0.10585376781632164,
    "ElementProperty_MagpieData_maximum_MendeleevNumber": 0.10541339872944593,
    "ElementProperty_MagpieData_mean_GSvolume_pa": 0.09598829210993012,
    "CrystalNNFingerprint_mean_wt_CN_14": 0.0942063081191775,
    "ElementProperty_MagpieData_maximum_NfValence": 0.09041705247898432,
    "ElementProperty_MagpieData_maximum_NdUnfilled": 0.08542944452864132,
    "ValenceOrbital_frac_p_valence_electrons": 0.08526463496555667,
    "GaussianSymmFunc_mean_G2_20_0": 0.08520608037305724,
    "XRDPowderPattern_xrd_34": 0.08372956396193147,
    "ElementProperty_MagpieData_mean_NfValence": 0.08285347780149377,
    "ElementProperty_MagpieData_mean_Number": 0.07744518849770209,
    "ElementProperty_MagpieData_mean_NdValence": 0.07711392075493397,
    "SineCoulombMatrix_sine_coulomb_matrix_eig_3": 0.07430425518616299,
    "ElementProperty_MagpieData_maximum_Electronegativity": 0.07373441149021809,
    "GeneralizedRDF_mean_Gaussian_center=5_0_width=1_0": 0.07220262946860226,
    "BondOrientationParameter_mean_BOOP_Q_l=6": 0.07042497699075814
}