{
    "AGNIFingerPrint_std_dev_AGNI_eta=8_00e-01": 0.8515311507575101,
    "AGNIFingerPrint_mean_AGNI_eta=8_00e-01": 0.7778226331567986,
    "GeneralizedRDF_std_dev_Gaussian_center=0_0_width=1_0": 0.7410008523548628,
    "GeneralizedRDF_mean_Gaussian_center=0_0_width=1_0": 0.5300212847254099,
    "ElementProperty_MagpieData_mean_GSbandgap": 0.5041776476174602,
    "GaussianSymmFunc_std_dev_G2_80_0": 0.4070720154420611,
    "ElementProperty_MagpieData_mean_NpValence": 0.3585745466806244,
    "ElementProperty_MagpieData_mode_NsUnfilled": 0.26442875669187144,
    "ValenceOrbital_frac_f_valence_electrons": 0.17317495511115139,
    "ElementProperty_MagpieData_mode_MendeleevNumber": 0.12182078157660857,
    "DensityFeatures_packing_fraction": 0.1039842146840756,
    "ElementFraction_H": 0.10260322959574224,
    "ElementProperty_MagpieData_mean_MendeleevNumber": 0.09284196997566022,
    "ElementProperty_MagpieData_mean_CovalentRadius": 0.09117662831721213,
    "ElementProperty_MagpieData_maximum_Number": 0.08160747000163406,
    "ElementProperty_MagpieData_range_NdValence": 0.08111697522000332,
    "GaussianSymmFunc_mean_G2_80_0": 0.07739227071831964,
    "ElementProperty_MagpieData_minimum_Electronegativity": 0.07443340124255554,
    "ChemEnvSiteFingerprint_mean_C:8": 0.07423801634768994,
    "MEGNet_OFMEncoded_v1_167": 0.07036093851700707,
    "BandCenter_band_center": 0.06898240992831053,
    "ElementProperty_MagpieData_mean_NUnfilled": 0.06758994532092714,
    "CrystalNNFingerprint_mean_wt_CN_1": 0.06712606934677724,
    "ElementProperty_MagpieData_avg_dev_MendeleevNumber": 0.06587585748789461,
    "ElementProperty_MagpieData_maximum_NdValence": 0.06240572552537429,
    "AGNIFingerPrint_std_dev_AGNI_dir=y_eta=1_23e+00": 0.060051185182770604,
    "ElementProperty_MagpieData_mean_Electronegativity": 0.05968956759029537,
    "ElementProperty_MagpieData_range_MeltingT": 0.058836712368469574,
    "ElementProperty_MagpieData_avg_dev_NdUnfilled": 0.05395807211452145,
    "ElementProperty_MagpieData_maximum_MendeleevNumber": 0.049560181353841354
}