{
    "ChemEnvSiteFingerprint_mean_C:8": 0.8187265461482238,
    "OPSiteFingerprint_mean_body-centered_cubic_CN_8": 0.4807240445628444,
    "CrystalNNFingerprint_mean_body-centered_cubic_CN_8": 0.22183671481862105,
    "AverageBondAngle_mean_Average_bond_angle": 0.10659757500058806,
    "ElementProperty_MagpieData_mean_CovalentRadius": 0.09582801244797856,
    "CrystalNNFingerprint_mean_wt_CN_8": 0.09381006622028908,
    "MaximumPackingEfficiency_max_packing_efficiency": 0.07656260639819777,
    "ElementProperty_MagpieData_maximum_MendeleevNumber": 0.07447442992634473,
    "AGNIFingerPrint_std_dev_AGNI_dir=x_eta=4_43e+00": 0.06372254580968915,
    "ElementProperty_MagpieData_mean_NsUnfilled": 0.05755553913906768,
    "AGNIFingerPrint_std_dev_AGNI_dir=x_eta=2_89e+00": 0.05468918990543339,
    "ElementProperty_MagpieData_maximum_NdUnfilled": 0.05466522797732214,
    "ElementProperty_MagpieData_avg_dev_GSmagmom": 0.05370983118504568,
    "ElementProperty_MagpieData_maximum_GSmagmom": 0.047867696588079864,
    "ElementProperty_MagpieData_minimum_Number": 0.04611900261498272,
    "AGNIFingerPrint_mean_AGNI_eta=6_80e+00": 0.045177366791481585,
    "ElementProperty_MagpieData_mode_GSvolume_pa": 0.043062243331453365,
    "CrystalNNFingerprint_mean_wt_CN_14": 0.04252356288197896,
    "ElementProperty_MagpieData_mean_GSmagmom": 0.03840279456569474,
    "ElementProperty_MagpieData_maximum_Number": 0.038107556569238116,
    "ElementProperty_MagpieData_minimum_MendeleevNumber": 0.034593459969021,
    "ElementProperty_MagpieData_maximum_NValence": 0.034427657380614984,
    "XRDPowderPattern_xrd_35": 0.030778582253028583,
    "ElementProperty_MagpieData_maximum_NfUnfilled": 0.030603869287721356,
    "ElementProperty_MagpieData_range_Row": 0.0302301255497484,
    "BondOrientationParameter_mean_BOOP_Q_l=10": 0.029955448653375256,
    "MEGNet_OFMEncoded_v1_87": 0.02957665107482508,
    "ElementProperty_MagpieData_maximum_NpUnfilled": 0.028651596954952258,
    "VoronoiFingerprint_mean_Voro_vol_minimum": 0.02768795845704181,
    "MEGNet_OFMEncoded_v1_167": 0.027544460907944136
}