{
    "ChemEnvSiteFingerprint_mean_C:8": 3.5522072296331264,
    "MaximumPackingEfficiency_max_packing_efficiency": 0.9790120959488197,
    "XRDPowderPattern_xrd_36": 0.8634217061801204,
    "CrystalNNFingerprint_mean_body-centered_cubic_CN_8": 0.5540217776508352,
    "BondOrientationParameter_mean_BOOP_Q_l=10": 0.42792655766512966,
    "ElementProperty_MagpieData_mean_NpValence": 0.37117650039151495,
    "CrystalNNFingerprint_mean_wt_CN_8": 0.26305167573190874,
    "XRDPowderPattern_xrd_35": 0.2048708979677709,
    "ElementProperty_MagpieData_mean_CovalentRadius": 0.18379282089315752,
    "ElementProperty_MagpieData_maximum_Electronegativity": 0.15790780444362537,
    "CrystalNNFingerprint_mean_wt_CN_14": 0.14757482216491138,
    "OPSiteFingerprint_mean_body-centered_cubic_CN_8": 0.13867653957961307,
    "ElementProperty_MagpieData_maximum_MendeleevNumber": 0.13167173289965334,
    "ElementProperty_MagpieData_maximum_NfUnfilled": 0.11043323196905441,
    "GaussianSymmFunc_mean_G2_20_0": 0.10764995349604864,
    "ElementProperty_MagpieData_avg_dev_NdValence": 0.10336909243942674,
    "OPSiteFingerprint_mean_linear_CN_2": 0.099924050291019,
    "ElementProperty_MagpieData_maximum_NfValence": 0.09955822996789951,
    "GeneralizedRDF_mean_Gaussian_center=5_0_width=1_0": 0.09285690855230323,
    "ElementProperty_MagpieData_avg_dev_CovalentRadius": 0.0913549567396384,
    "ElementProperty_MagpieData_mean_Number": 0.0834155161256306,
    "XRDPowderPattern_xrd_34": 0.08092364045523778,
    "SineCoulombMatrix_sine_coulomb_matrix_eig_3": 0.07975663082894084,
    "ElementProperty_MagpieData_maximum_NdUnfilled": 0.07377949433237155,
    "AGNIFingerPrint_mean_AGNI_eta=1_23e+00": 0.07340626972752644,
    "ElementProperty_MagpieData_mean_NfValence": 0.07119864224811724,
    "GaussianSymmFunc_mean_G4_0_005_1_0_1_0": 0.06904007939527547,
    "ValenceOrbital_frac_p_valence_electrons": 0.06789497654589705,
    "GaussianSymmFunc_mean_G2_80_0": 0.06492077161406268,
    "MEGNet_OFMEncoded_v1_118": 0.06266133978850422
}