{
    "OPSiteFingerprint_mean_body-centered_cubic_CN_8": 0.9420017737960253,
    "ChemEnvSiteFingerprint_mean_C:8": 0.7728633992310292,
    "CrystalNNFingerprint_mean_body-centered_cubic_CN_8": 0.3634595735355181,
    "ElementProperty_MagpieData_mean_CovalentRadius": 0.2154453281398614,
    "AverageBondAngle_mean_Average_bond_angle": 0.15733914729919257,
    "CrystalNNFingerprint_mean_wt_CN_8": 0.14888419762359442,
    "ElementProperty_MagpieData_range_Column": 0.13368300384518203,
    "ElementProperty_MagpieData_range_GSvolume_pa": 0.12776413841085665,
    "YangSolidSolution_Yang_delta": 0.09526310585968664,
    "BondOrientationParameter_mean_BOOP_Q_l=6": 0.08422897500016756,
    "ElementProperty_MagpieData_range_CovalentRadius": 0.08095987323675403,
    "AGNIFingerPrint_std_dev_AGNI_dir=x_eta=4_43e+00": 0.0756507750564897,
    "CrystalNNFingerprint_mean_tetrahedral_CN_4": 0.0661899334242556,
    "ElementProperty_MagpieData_minimum_Number": 0.06570805817301814,
    "BondOrientationParameter_std_dev_BOOP_Q_l=5": 0.06503181043632321,
    "OPSiteFingerprint_std_dev_pentagonal_planar_CN_5": 0.06281726670142977,
    "ElementProperty_MagpieData_maximum_NsUnfilled": 0.06039675532536848,
    "OPSiteFingerprint_std_dev_sgl_bd_CN_1": 0.060292007855527026,
    "MEGNet_OFMEncoded_v1_86": 0.05831698788185918,
    "RadialDistributionFunction_radial_distribution_function_d_3_80": 0.05697812482862296,
    "OPSiteFingerprint_std_dev_q6_CN_12": 0.05529672811203512,
    "OPSiteFingerprint_std_dev_bent_120_degrees_CN_2": 0.051437210049215684,
    "ElementProperty_MagpieData_mean_NsUnfilled": 0.050264475859489045,
    "BondOrientationParameter_mean_BOOP_Q_l=5": 0.04971602794924126,
    "OPSiteFingerprint_std_dev_square_co-planar_CN_4": 0.04789395921106036,
    "CrystalNNFingerprint_mean_wt_CN_14": 0.046858478645451264,
    "GaussianSymmFunc_std_dev_G2_80_0": 0.04565184245236843,
    "AtomicOrbitals_LUMO_energy": 0.044408642859830476,
    "OPSiteFingerprint_std_dev_trigonal_planar_CN_3": 0.0418263282203106,
    "CrystalNNFingerprint_std_dev_wt_CN_7": 0.04174147584873719
}