{
    "GaussianSymmFunc_mean_G2_80_0": 0.3040378838994537,
    "AGNIFingerPrint_std_dev_AGNI_eta=8_00e-01": 0.18403135566440432,
    "ElementProperty_MagpieData_range_NdValence": 0.13678790368483898,
    "GaussianSymmFunc_std_dev_G2_80_0": 0.1281503702746594,
    "ElementFraction_O": 0.11966939551411715,
    "ElementProperty_MagpieData_avg_dev_NpUnfilled": 0.08033285120305314,
    "MaximumPackingEfficiency_max_packing_efficiency": 0.07598088227427782,
    "ElementProperty_MagpieData_range_NfValence": 0.07541044400563443,
    "Stoichiometry_5-norm": 0.05811664223098884,
    "ElementProperty_MagpieData_mean_GSmagmom": 0.05442402351380223,
    "ElementProperty_MagpieData_mean_GSbandgap": 0.04575116202610212,
    "XRDPowderPattern_xrd_33": 0.04499150922884621,
    "ElementProperty_MagpieData_mean_CovalentRadius": 0.04263963607945174,
    "ElementFraction_H": 0.0423063847340376,
    "ElementProperty_MagpieData_mode_GSbandgap": 0.04086542797147376,
    "GeneralizedRDF_mean_Gaussian_center=0_0_width=1_0": 0.04076453432875921,
    "ElementProperty_MagpieData_avg_dev_Column": 0.03994004415661441,
    "ElementProperty_MagpieData_maximum_NpUnfilled": 0.03867019392929069,
    "MEGNet_OFMEncoded_v1_147": 0.03699408740576119,
    "ElementProperty_MagpieData_maximum_MeltingT": 0.035187933780271345,
    "Stoichiometry_10-norm": 0.034129408739335704,
    "ElementProperty_MagpieData_avg_dev_NdValence": 0.033901894007514574,
    "ElementProperty_MagpieData_avg_dev_GSmagmom": 0.032472889084584934,
    "AGNIFingerPrint_mean_AGNI_eta=8_00e-01": 0.03160980665937079,
    "ElementProperty_MagpieData_minimum_Number": 0.030131361446759777,
    "ElementProperty_MagpieData_mode_Electronegativity": 0.028896392675105617,
    "ElementProperty_MagpieData_maximum_NValence": 0.026953947126707817,
    "GeneralizedRDF_std_dev_Gaussian_center=0_0_width=1_0": 0.02621742150548643,
    "ElementProperty_MagpieData_mean_NsValence": 0.026099597080138454,
    "ElementProperty_MagpieData_range_CovalentRadius": 0.025408609855661134
}