{
    "GaussianSymmFunc_mean_G2_80_0": 0.2943382655920271,
    "GaussianSymmFunc_std_dev_G2_80_0": 0.25647809652194564,
    "ElementProperty_MagpieData_maximum_NdUnfilled": 0.2467597685279779,
    "ElementProperty_MagpieData_mean_NdUnfilled": 0.18003279794334645,
    "AGNIFingerPrint_std_dev_AGNI_eta=8_00e-01": 0.17785841910707362,
    "ValenceOrbital_frac_f_valence_electrons": 0.15707905856540208,
    "ElementProperty_MagpieData_avg_dev_NsUnfilled": 0.09421444121267962,
    "ElementProperty_MagpieData_minimum_NdValence": 0.09177673146674653,
    "ElementProperty_MagpieData_range_NsUnfilled": 0.09004436692343931,
    "ElementProperty_MagpieData_avg_dev_GSbandgap": 0.08619597182516045,
    "ElementProperty_MagpieData_avg_dev_NfValence": 0.08524700530819462,
    "AGNIFingerPrint_mean_AGNI_eta=8_00e-01": 0.08494969411675879,
    "ElementProperty_MagpieData_mean_NdValence": 0.07809153796696268,
    "ElementProperty_MagpieData_mean_NsUnfilled": 0.07688795560452713,
    "ElementProperty_MagpieData_mode_GSvolume_pa": 0.07518218236239896,
    "ElementFraction_H": 0.06821145217301935,
    "ElementProperty_MagpieData_mode_GSbandgap": 0.06342286712268567,
    "ElementProperty_MagpieData_maximum_CovalentRadius": 0.05883939603234344,
    "GeneralizedRDF_std_dev_Gaussian_center=3_0_width=1_0": 0.05835210860796217,
    "ElementProperty_MagpieData_mean_NfUnfilled": 0.05375912356684957,
    "ElementProperty_MagpieData_minimum_Column": 0.05116528568383176,
    "ElementProperty_MagpieData_avg_dev_NfUnfilled": 0.04859656570587408,
    "ElementProperty_MagpieData_mean_GSbandgap": 0.04807044511707691,
    "MaximumPackingEfficiency_max_packing_efficiency": 0.04313795480863192,
    "GeneralizedRDF_std_dev_Gaussian_center=0_0_width=1_0": 0.040064657414751584,
    "ValenceOrbital_frac_d_valence_electrons": 0.0343628088693652,
    "AGNIFingerPrint_std_dev_AGNI_dir=y_eta=8_00e-01": 0.03312270252439483,
    "ElementProperty_MagpieData_mean_MendeleevNumber": 0.029190073213739856,
    "ElementProperty_MagpieData_range_NUnfilled": 0.028434106338203226,
    "XRDPowderPattern_xrd_42": 0.026305035889031613
}