{
    "GaussianSymmFunc_mean_G2_80_0": 0.3968815299355818,
    "ElementProperty_MagpieData_avg_dev_NsUnfilled": 0.3767086032960349,
    "ElementProperty_MagpieData_range_NdUnfilled": 0.24360615979510106,
    "AGNIFingerPrint_mean_AGNI_eta=8_00e-01": 0.22742183638623,
    "ElementProperty_MagpieData_maximum_NfValence": 0.1780119379234968,
    "GaussianSymmFunc_std_dev_G2_80_0": 0.17536007527618958,
    "ElementProperty_MagpieData_minimum_GSvolume_pa": 0.15276659523140287,
    "ElementProperty_MagpieData_maximum_NUnfilled": 0.12863423646733899,
    "ElementProperty_MagpieData_maximum_NdValence": 0.12664104037687451,
    "ElementProperty_MagpieData_range_NfValence": 0.11970858566030942,
    "ElementProperty_MagpieData_avg_dev_NUnfilled": 0.10612760428670967,
    "ValenceOrbital_frac_f_valence_electrons": 0.09208444030028981,
    "ElementFraction_H": 0.08866231268868206,
    "ElementProperty_MagpieData_mean_GSmagmom": 0.07993558886571597,
    "ElementProperty_MagpieData_maximum_GSmagmom": 0.07242416025883759,
    "ElementProperty_MagpieData_avg_dev_GSmagmom": 0.07101843389320277,
    "ElementProperty_MagpieData_mean_NdValence": 0.07074555379183829,
    "ElementProperty_MagpieData_avg_dev_NdValence": 0.0694016686960375,
    "ElementProperty_MagpieData_mode_GSbandgap": 0.06700237713078491,
    "ElementProperty_MagpieData_maximum_NsUnfilled": 0.06595278952400305,
    "ElementProperty_MagpieData_avg_dev_NfValence": 0.06465777886237455,
    "MEGNet_OFMEncoded_v1_133": 0.06205570431346557,
    "ElementProperty_MagpieData_maximum_MendeleevNumber": 0.06074475527277089,
    "ElementProperty_MagpieData_minimum_NsValence": 0.05702904694572471,
    "ElementProperty_MagpieData_mean_GSbandgap": 0.05417873908251081,
    "BondOrientationParameter_mean_BOOP_Q_l=5": 0.05356703166559168,
    "CrystalNNFingerprint_mean_wt_CN_6": 0.05347981221421448,
    "GeneralizedRDF_std_dev_Gaussian_center=0_0_width=1_0": 0.05321326027868989,
    "AGNIFingerPrint_std_dev_AGNI_eta=8_00e-01": 0.051664261848906885,
    "ElementFraction_Fe": 0.050467046279931066
}