{
    "ChemEnvSiteFingerprint_mean_C:8": 3.178071591693026,
    "MaximumPackingEfficiency_max_packing_efficiency": 1.0653151793114857,
    "CrystalNNFingerprint_mean_body-centered_cubic_CN_8": 0.6076387521231791,
    "XRDPowderPattern_xrd_36": 0.6036798269590479,
    "BondOrientationParameter_mean_BOOP_Q_l=10": 0.4506250619979811,
    "ElementProperty_MagpieData_mean_CovalentRadius": 0.3217395743869585,
    "OPSiteFingerprint_mean_body-centered_cubic_CN_8": 0.3031363404357277,
    "ElementProperty_MagpieData_mean_NpValence": 0.2845771602654624,
    "XRDPowderPattern_xrd_35": 0.17076479196482466,
    "ElementProperty_MagpieData_maximum_MendeleevNumber": 0.1308577924897194,
    "ElementProperty_MagpieData_maximum_NfUnfilled": 0.12216260832959726,
    "ElementProperty_MagpieData_maximum_Electronegativity": 0.12191711108872846,
    "ElementProperty_MagpieData_avg_dev_NdValence": 0.09966670078592897,
    "YangSolidSolution_Yang_delta": 0.09334957302203746,
    "GeneralizedRDF_mean_Gaussian_center=5_0_width=1_0": 0.089484514007832,
    "CrystalNNFingerprint_mean_wt_CN_8": 0.08380710359690509,
    "GaussianSymmFunc_mean_G2_80_0": 0.0831139849880835,
    "BondOrientationParameter_mean_BOOP_Q_l=6": 0.07876935153265002,
    "CrystalNNFingerprint_mean_wt_CN_14": 0.07779301887705763,
    "ElementProperty_MagpieData_maximum_CovalentRadius": 0.07470063532741776,
    "GaussianSymmFunc_mean_G2_20_0": 0.07210348939304738,
    "ElementProperty_MagpieData_mean_Row": 0.06894301604136308,
    "AGNIFingerPrint_mean_AGNI_eta=1_23e+00": 0.06787195076013879,
    "SineCoulombMatrix_sine_coulomb_matrix_eig_3": 0.06365320907624003,
    "ValenceOrbital_frac_p_valence_electrons": 0.06363281196558446,
    "ElementProperty_MagpieData_maximum_Number": 0.058313038312274815,
    "ElementProperty_MagpieData_mode_CovalentRadius": 0.0561506517149638,
    "ElementProperty_MagpieData_mean_NdValence": 0.0554361500012842,
    "ElementProperty_MagpieData_avg_dev_Row": 0.05531401575915515,
    "ElementProperty_MagpieData_mode_GSvolume_pa": 0.05457489605254143
}