{
    "ChemEnvSiteFingerprint_mean_C:8": 0.6408924043067873,
    "OPSiteFingerprint_mean_body-centered_cubic_CN_8": 0.5758264819590311,
    "ElementProperty_MagpieData_mean_CovalentRadius": 0.3002217255360044,
    "CrystalNNFingerprint_mean_body-centered_cubic_CN_8": 0.15118697605953546,
    "ElementProperty_MagpieData_minimum_Electronegativity": 0.11448897770720964,
    "CrystalNNFingerprint_mean_wt_CN_14": 0.11066461596179308,
    "ElementProperty_MagpieData_range_GSmagmom": 0.10903514588977926,
    "AverageBondAngle_mean_Average_bond_angle": 0.10591922331283354,
    "ElementProperty_MagpieData_maximum_MeltingT": 0.10452586312297889,
    "ElementFraction_O": 0.10206289586763828,
    "TMetalFraction_transition_metal_fraction": 0.07613169523160887,
    "MEGNet_OFMEncoded_v1_172": 0.060893533812563655,
    "BondOrientationParameter_mean_BOOP_Q_l=2": 0.06079763165645617,
    "ElementProperty_MagpieData_maximum_NfValence": 0.06026201262252264,
    "ElementProperty_MagpieData_maximum_MendeleevNumber": 0.05744490285378632,
    "ElementProperty_MagpieData_avg_dev_NfValence": 0.05303406780421235,
    "ElementProperty_MagpieData_mean_MeltingT": 0.04980786684440609,
    "ElementProperty_MagpieData_avg_dev_GSmagmom": 0.04617027357338212,
    "MaximumPackingEfficiency_max_packing_efficiency": 0.045912344736954804,
    "ElementProperty_MagpieData_mean_NsUnfilled": 0.04537323222565758,
    "ElementProperty_MagpieData_mode_Number": 0.04335021826464883,
    "CrystalNNFingerprint_mean_wt_CN_8": 0.04295519841936953,
    "ElementProperty_MagpieData_avg_dev_GSbandgap": 0.036043027708512546,
    "ElementProperty_MagpieData_avg_dev_NsValence": 0.03406677563934077,
    "StructuralHeterogeneity_minimum_neighbor_distance_variation": 0.033674414220792016,
    "GaussianSymmFunc_mean_G2_80_0": 0.032768005395921396,
    "ElementProperty_MagpieData_mean_NpValence": 0.03253332511774039,
    "ElementProperty_MagpieData_range_NfValence": 0.0313431701046105,
    "MEGNet_OFMEncoded_v1_86": 0.030842155421598075,
    "ElementProperty_MagpieData_avg_dev_NpValence": 0.030145930887902034
}