{
    "ChemEnvSiteFingerprint_mean_C:8": 3.4105014902779,
    "XRDPowderPattern_xrd_36": 0.8044662186932601,
    "MaximumPackingEfficiency_max_packing_efficiency": 0.7913175350296956,
    "CrystalNNFingerprint_mean_body-centered_cubic_CN_8": 0.7453088458110227,
    "BondOrientationParameter_mean_BOOP_Q_l=10": 0.34809785349638356,
    "ElementProperty_MagpieData_mean_NpValence": 0.22509443288312717,
    "ElementProperty_MagpieData_mean_CovalentRadius": 0.19211617446122098,
    "XRDPowderPattern_xrd_35": 0.183662533809368,
    "CrystalNNFingerprint_mean_wt_CN_8": 0.14160787395227922,
    "GeneralizedRDF_mean_Gaussian_center=5_0_width=1_0": 0.1294487819518819,
    "OPSiteFingerprint_mean_body-centered_cubic_CN_8": 0.12659150257470994,
    "ElementProperty_MagpieData_maximum_NfUnfilled": 0.11196872547088776,
    "ElementProperty_MagpieData_avg_dev_CovalentRadius": 0.11098341467088796,
    "MEGNet_OFMEncoded_v1_27": 0.11065528459064229,
    "ValenceOrbital_frac_p_valence_electrons": 0.09094120733227329,
    "ElementProperty_MagpieData_avg_dev_NdValence": 0.09082412446363287,
    "GaussianSymmFunc_mean_G2_20_0": 0.09081452997069317,
    "XRDPowderPattern_xrd_34": 0.08610739649554595,
    "ElementProperty_MagpieData_maximum_MendeleevNumber": 0.0802097949213818,
    "ElementProperty_MagpieData_maximum_NfValence": 0.07404843250521928,
    "ElementProperty_MagpieData_maximum_Electronegativity": 0.07393807860146925,
    "CrystalNNFingerprint_mean_wt_CN_14": 0.07117664190934303,
    "MEGNet_OFMEncoded_v1_91": 0.06913256303173988,
    "BondOrientationParameter_mean_BOOP_Q_l=6": 0.06890871283945389,
    "GaussianSymmFunc_std_dev_G2_80_0": 0.0659925620124895,
    "ElementProperty_MagpieData_mean_Column": 0.06530879797393396,
    "ValenceOrbital_frac_f_valence_electrons": 0.06405072931204715,
    "ElementProperty_MagpieData_mean_NdValence": 0.06310808101990088,
    "ElementProperty_MagpieData_maximum_Number": 0.05847801133907369,
    "ElementProperty_MagpieData_mean_Number": 0.05548171563217581
}