{
    "ChemEnvSiteFingerprint_mean_C:8": 3.6483293992261934,
    "CrystalNNFingerprint_mean_body-centered_cubic_CN_8": 0.9956705355095138,
    "XRDPowderPattern_xrd_36": 0.9936085486976745,
    "MaximumPackingEfficiency_max_packing_efficiency": 0.7034716978740623,
    "BondOrientationParameter_mean_BOOP_Q_l=10": 0.40294572004552637,
    "ElementProperty_MagpieData_mean_NpValence": 0.3625667911731218,
    "ElementProperty_MagpieData_mean_CovalentRadius": 0.24132185432115064,
    "OPSiteFingerprint_mean_body-centered_cubic_CN_8": 0.1695035361022214,
    "XRDPowderPattern_xrd_35": 0.14013110918630511,
    "ElementProperty_MagpieData_maximum_NfUnfilled": 0.11973102246157909,
    "BondOrientationParameter_mean_BOOP_Q_l=6": 0.11580910706995999,
    "ElementProperty_MagpieData_avg_dev_NdValence": 0.1137364467524249,
    "ElementProperty_MagpieData_mean_Number": 0.11183972532077932,
    "ElementProperty_MagpieData_maximum_NfValence": 0.1063485690660169,
    "ElementProperty_MagpieData_minimum_CovalentRadius": 0.10386148790219395,
    "ElementProperty_MagpieData_maximum_Electronegativity": 0.09720658991835343,
    "ElementProperty_MagpieData_avg_dev_CovalentRadius": 0.09477050549391174,
    "ElementProperty_MagpieData_maximum_NdUnfilled": 0.09397327737546878,
    "ElementProperty_MagpieData_avg_dev_Row": 0.09152984114975526,
    "GaussianSymmFunc_mean_G2_20_0": 0.09074423155059633,
    "ElementProperty_MagpieData_mean_NfValence": 0.08943085482307138,
    "XRDPowderPattern_xrd_34": 0.08923737328702737,
    "GeneralizedRDF_mean_Gaussian_center=5_0_width=1_0": 0.08653711310548969,
    "SineCoulombMatrix_sine_coulomb_matrix_eig_3": 0.08536002303605543,
    "AGNIFingerPrint_mean_AGNI_eta=1_23e+00": 0.07855336645918644,
    "MEGNet_OFMEncoded_v1_118": 0.07312044051592739,
    "ValenceOrbital_frac_p_valence_electrons": 0.07230805360702788,
    "ElementProperty_MagpieData_maximum_MendeleevNumber": 0.07168284490049252,
    "XRDPowderPattern_xrd_93": 0.07059050190244223,
    "AGNIFingerPrint_std_dev_AGNI_eta=8_00e-01": 0.06629863978815147
}