{
    "GaussianSymmFunc_mean_G2_80_0": 0.2162878584302215,
    "GaussianSymmFunc_std_dev_G2_80_0": 0.18557394463614224,
    "AGNIFingerPrint_std_dev_AGNI_eta=8_00e-01": 0.1475245508973736,
    "ElementProperty_MagpieData_maximum_GSbandgap": 0.06045722455528345,
    "DensityFeatures_packing_fraction": 0.05712895188180081,
    "AGNIFingerPrint_mean_AGNI_eta=8_00e-01": 0.054288864051143804,
    "ElementProperty_MagpieData_mean_NpValence": 0.04605498350944654,
    "DensityFeatures_density": 0.0456607983159136,
    "ElementProperty_MagpieData_mean_GSbandgap": 0.04003651878462669,
    "ElementProperty_MagpieData_mode_GSbandgap": 0.036932784775851865,
    "MEGNet_OFMEncoded_v1_57": 0.036075917170201026,
    "YangSolidSolution_Yang_delta": 0.03532792366336231,
    "ElementFraction_H": 0.0335624676021241,
    "GeneralizedRDF_std_dev_Gaussian_center=0_0_width=1_0": 0.03333430891036595,
    "ElementProperty_MagpieData_mean_Column": 0.02653123408938841,
    "ElementProperty_MagpieData_maximum_NpUnfilled": 0.02526214904985503,
    "ElementProperty_MagpieData_avg_dev_GSmagmom": 0.024707950036408775,
    "BondOrientationParameter_mean_BOOP_Q_l=6": 0.024478629379419758,
    "BandCenter_band_center": 0.02330085564046158,
    "ElementProperty_MagpieData_mean_CovalentRadius": 0.022069925689541053,
    "ElementProperty_MagpieData_avg_dev_NsValence": 0.021805476674682547,
    "ElementProperty_MagpieData_mean_MendeleevNumber": 0.021239039975860546,
    "ElementProperty_MagpieData_mean_Electronegativity": 0.02070873098748057,
    "ElementProperty_MagpieData_mode_Electronegativity": 0.02029315896690704,
    "AGNIFingerPrint_std_dev_AGNI_dir=y_eta=1_23e+00": 0.020169884479692056,
    "ElementProperty_MagpieData_avg_dev_SpaceGroupNumber": 0.019691069395459226,
    "XRDPowderPattern_xrd_38": 0.01864885170747015,
    "MaximumPackingEfficiency_max_packing_efficiency": 0.01798206029255516,
    "AGNIFingerPrint_std_dev_AGNI_dir=x_eta=8_00e-01": 0.01785208887322891,
    "XRDPowderPattern_xrd_65": 0.017813281602130852
}