{
    "ChemEnvSiteFingerprint_mean_C:8": 0.7501837391825139,
    "OPSiteFingerprint_mean_body-centered_cubic_CN_8": 0.5495457615776601,
    "ElementProperty_MagpieData_maximum_NdValence": 0.29602138875337236,
    "ElementProperty_MagpieData_mean_CovalentRadius": 0.2481334830979958,
    "CrystalNNFingerprint_mean_body-centered_cubic_CN_8": 0.2312189267108484,
    "AverageBondAngle_mean_Average_bond_angle": 0.1735206142631901,
    "ElementProperty_MagpieData_avg_dev_NdValence": 0.1109954383994518,
    "ElementProperty_MagpieData_minimum_MendeleevNumber": 0.07852650573806325,
    "AGNIFingerPrint_std_dev_AGNI_dir=x_eta=1_88e+00": 0.07346490473455064,
    "CrystalNNFingerprint_mean_wt_CN_14": 0.063483929827753,
    "MEGNet_OFMEncoded_v1_86": 0.05529349848102854,
    "ElementProperty_MagpieData_mean_NpUnfilled": 0.054597584923293675,
    "ValenceOrbital_frac_d_valence_electrons": 0.05296288298853399,
    "TMetalFraction_transition_metal_fraction": 0.052642746455483246,
    "GeneralizedRDF_mean_Gaussian_center=3_0_width=1_0": 0.048829106782199184,
    "ElementProperty_MagpieData_maximum_NfUnfilled": 0.04756689100793035,
    "ElementProperty_MagpieData_minimum_Electronegativity": 0.046568537576658846,
    "GeneralizedRDF_std_dev_Gaussian_center=3_0_width=1_0": 0.04619390495772785,
    "CrystalNNFingerprint_std_dev_rectangular_see-saw-like_CN_4": 0.045736730965926745,
    "ElementProperty_MagpieData_maximum_GSbandgap": 0.04571275299117532,
    "ElementProperty_MagpieData_mean_SpaceGroupNumber": 0.04429567600525586,
    "ElementProperty_MagpieData_mode_Number": 0.041186219800898434,
    "ElementProperty_MagpieData_avg_dev_GSbandgap": 0.04060749393260414,
    "ElementProperty_MagpieData_mean_Row": 0.040451496150323174,
    "ElementProperty_MagpieData_mean_NdUnfilled": 0.03732435931615874,
    "ElementProperty_MagpieData_avg_dev_NdUnfilled": 0.03526824025228418,
    "ElementProperty_MagpieData_mean_Number": 0.03462261885405293,
    "AGNIFingerPrint_std_dev_AGNI_dir=x_eta=4_43e+00": 0.032444694148577154,
    "ElementProperty_MagpieData_mean_GSbandgap": 0.03236848398619306,
    "ElementFraction_P": 0.031083258309255905
}