{
    "OPSiteFingerprint_mean_body-centered_cubic_CN_8": 0.9889803474230409,
    "MaximumPackingEfficiency_max_packing_efficiency": 0.4116284725235193,
    "AverageBondAngle_mean_Average_bond_angle": 0.23412240127640382,
    "ElementProperty_MagpieData_mean_AtomicWeight": 0.18740059872890003,
    "ChemEnvSiteFingerprint_mean_C:8": 0.17785160766092348,
    "CrystalNNFingerprint_mean_body-centered_cubic_CN_8": 0.11142819905391357,
    "ElementProperty_MagpieData_mean_CovalentRadius": 0.10347364115327214,
    "BondOrientationParameter_mean_BOOP_Q_l=4": 0.08078331535662905,
    "AverageBondLength_mean_Average_bond_length": 0.07785740526156595,
    "ElementProperty_MagpieData_minimum_CovalentRadius": 0.07536300453788083,
    "ElementProperty_MagpieData_maximum_Number": 0.07145037788580118,
    "ElementProperty_MagpieData_range_CovalentRadius": 0.07127735586882578,
    "AverageBondLength_std_dev_Average_bond_length": 0.062248762197770945,
    "ElementProperty_MagpieData_avg_dev_GSmagmom": 0.05217660321681951,
    "ElementProperty_MagpieData_mode_GSbandgap": 0.04828100581580039,
    "ElementProperty_MagpieData_maximum_CovalentRadius": 0.0462671826576604,
    "ElementFraction_S": 0.045497183239865145,
    "ElementProperty_MagpieData_mode_MendeleevNumber": 0.04507516279082886,
    "AGNIFingerPrint_std_dev_AGNI_dir=x_eta=2_89e+00": 0.044657159317547226,
    "YangSolidSolution_Yang_delta": 0.04435237217509846,
    "ElementProperty_MagpieData_avg_dev_Row": 0.042819957546168345,
    "ElementProperty_MagpieData_maximum_MendeleevNumber": 0.04005022873230801,
    "ElementFraction_O": 0.03909109568506497,
    "ElementProperty_MagpieData_mean_GSbandgap": 0.03821443844348025,
    "ChemEnvSiteFingerprint_std_dev_T:4": 0.03668878412780476,
    "ElementProperty_MagpieData_mean_GSmagmom": 0.03456982574546343,
    "BondOrientationParameter_mean_BOOP_Q_l=10": 0.03393211288881582,
    "ElementProperty_MagpieData_mean_NpUnfilled": 0.03168712009240356,
    "GeneralizedRDF_std_dev_Gaussian_center=2_0_width=1_0": 0.031340948120384855,
    "GeneralizedRDF_mean_Gaussian_center=1_0_width=1_0": 0.02891544385691302
}