{
    "GaussianSymmFunc_std_dev_G2_80_0": 0.2590024940842887,
    "ElementProperty_MagpieData_mode_CovalentRadius": 0.2308197325199487,
    "GaussianSymmFunc_mean_G2_80_0": 0.19313875664255226,
    "AGNIFingerPrint_mean_AGNI_eta=8_00e-01": 0.1585128399616741,
    "AGNIFingerPrint_std_dev_AGNI_eta=8_00e-01": 0.1289042190215154,
    "ElementProperty_MagpieData_range_NpUnfilled": 0.12661858087381597,
    "ElementProperty_MagpieData_maximum_NpUnfilled": 0.08738965892502093,
    "GeneralizedRDF_mean_Gaussian_center=8_0_width=1_0": 0.08295996366829857,
    "ElementProperty_MagpieData_range_NfValence": 0.07770306550606336,
    "ElementProperty_MagpieData_minimum_Electronegativity": 0.06749024995300047,
    "ElementProperty_MagpieData_mode_MendeleevNumber": 0.06389315006179992,
    "GeneralizedRDF_std_dev_Gaussian_center=3_0_width=1_0": 0.06296384994719056,
    "ElementProperty_MagpieData_range_NdUnfilled": 0.06098477270671727,
    "ElementProperty_MagpieData_mean_GSbandgap": 0.05061839843159967,
    "ElementProperty_MagpieData_avg_dev_MeltingT": 0.04868786861666183,
    "BondOrientationParameter_mean_BOOP_Q_l=5": 0.04683312030637629,
    "ElementProperty_MagpieData_mean_CovalentRadius": 0.044975702320730344,
    "GeneralizedRDF_std_dev_Gaussian_center=0_0_width=1_0": 0.04348527792228202,
    "ElementProperty_MagpieData_mode_GSbandgap": 0.0429561048136309,
    "ElementProperty_MagpieData_range_MeltingT": 0.03874873940318078,
    "BondOrientationParameter_mean_BOOP_Q_l=3": 0.037708283011852445,
    "ElementProperty_MagpieData_mean_NdValence": 0.03739910862648875,
    "MEGNet_OFMEncoded_v1_160": 0.03696879634919911,
    "ElementProperty_MagpieData_mean_Row": 0.03680167881029387,
    "Stoichiometry_10-norm": 0.03666469012295008,
    "ElementProperty_MagpieData_mean_Column": 0.035988116390050194,
    "GeneralizedRDF_mean_Gaussian_center=3_0_width=1_0": 0.03566980278172292,
    "ElementProperty_MagpieData_mean_Electronegativity": 0.035389061411959175,
    "ElementFraction_H": 0.03521438588113398,
    "ElementProperty_MagpieData_range_MendeleevNumber": 0.03488324093220386
}