{
    "AGNIFingerPrint_std_dev_AGNI_eta=8_00e-01": 0.8322982998064858,
    "GeneralizedRDF_std_dev_Gaussian_center=0_0_width=1_0": 0.7665751165982297,
    "AGNIFingerPrint_mean_AGNI_eta=8_00e-01": 0.7663343320526672,
    "GeneralizedRDF_mean_Gaussian_center=0_0_width=1_0": 0.562280067557988,
    "ElementProperty_MagpieData_mean_GSbandgap": 0.48760201656490443,
    "GaussianSymmFunc_std_dev_G2_80_0": 0.34828586410999673,
    "ElementProperty_MagpieData_mode_NsUnfilled": 0.24528227970829944,
    "ElementProperty_MagpieData_mean_NpValence": 0.2133416918131796,
    "ElementProperty_MagpieData_maximum_NdValence": 0.14423204093266256,
    "ElementProperty_MagpieData_mode_MendeleevNumber": 0.14111380775061869,
    "ElementProperty_MagpieData_mean_CovalentRadius": 0.11848664474322389,
    "DensityFeatures_packing_fraction": 0.11150830897121675,
    "CrystalNNFingerprint_mean_wt_CN_1": 0.08682567562521891,
    "GaussianSymmFunc_mean_G2_80_0": 0.08047457240291038,
    "ElementProperty_MagpieData_maximum_MendeleevNumber": 0.0752734296027923,
    "BandCenter_band_center": 0.07060227249823943,
    "AGNIFingerPrint_std_dev_AGNI_dir=y_eta=1_23e+00": 0.06635549375705645,
    "ElementProperty_MagpieData_maximum_CovalentRadius": 0.06466196809148604,
    "ElementProperty_MagpieData_avg_dev_NpUnfilled": 0.06316229733884117,
    "ElementProperty_MagpieData_mean_MendeleevNumber": 0.06177893339369397,
    "ElementProperty_MagpieData_mean_Electronegativity": 0.05887196558404008,
    "ElementFraction_H": 0.05640141324699296,
    "ElementProperty_MagpieData_avg_dev_NdUnfilled": 0.05564559446663015,
    "ElementProperty_MagpieData_range_AtomicWeight": 0.05524467101597429,
    "ElementProperty_MagpieData_avg_dev_Column": 0.055032844936344166,
    "ElementProperty_MagpieData_avg_dev_MendeleevNumber": 0.054457056053517625,
    "ElementProperty_MagpieData_avg_dev_GSbandgap": 0.05205114705320147,
    "CrystalNNFingerprint_mean_wt_CN_2": 0.04907669090003615,
    "BondOrientationParameter_mean_BOOP_Q_l=9": 0.047043223573489654,
    "MEGNet_OFMEncoded_v1_167": 0.04637425678556543
}