{
    "AGNIFingerPrint_std_dev_AGNI_eta=8_00e-01": 0.2525691752140434,
    "GaussianSymmFunc_mean_G2_80_0": 0.18178824461681944,
    "ElementProperty_MagpieData_avg_dev_NpValence": 0.17751733641268308,
    "AGNIFingerPrint_mean_AGNI_eta=8_00e-01": 0.17515555796507545,
    "ElementProperty_MagpieData_mean_NsUnfilled": 0.14812811318863905,
    "ElementProperty_MagpieData_range_NdUnfilled": 0.1442378938266256,
    "ElementProperty_MagpieData_maximum_Number": 0.13656119486950735,
    "ElementProperty_MagpieData_maximum_NfValence": 0.10300320073555513,
    "GaussianSymmFunc_std_dev_G2_80_0": 0.10279149189131091,
    "ElementProperty_MagpieData_mode_GSvolume_pa": 0.09740502807531466,
    "ElementProperty_MagpieData_mean_GSmagmom": 0.0936939918323133,
    "ElementProperty_MagpieData_mean_NfValence": 0.09073352583234945,
    "ElementProperty_MagpieData_range_NdValence": 0.07101817648408897,
    "ElementProperty_MagpieData_minimum_GSvolume_pa": 0.06705820776851881,
    "ElementProperty_MagpieData_range_GSvolume_pa": 0.06382618304366684,
    "ElementProperty_MagpieData_avg_dev_NdValence": 0.0587670948254381,
    "ElementProperty_MagpieData_mode_GSbandgap": 0.058256794664121356,
    "ElementProperty_MagpieData_avg_dev_GSbandgap": 0.053490658346324375,
    "DensityFeatures_packing_fraction": 0.05142869078508468,
    "ElementFraction_H": 0.04810565833073987,
    "ElementProperty_MagpieData_avg_dev_NsValence": 0.04765626888639444,
    "ElementProperty_MagpieData_mean_GSbandgap": 0.046305625572509355,
    "ElementProperty_MagpieData_mean_NdUnfilled": 0.04589528883953511,
    "ElementProperty_MagpieData_maximum_MendeleevNumber": 0.0392414449355035,
    "DensityFeatures_density": 0.03747885137513671,
    "OPSiteFingerprint_mean_tetrahedral_CN_4": 0.036813538308176456,
    "ElementProperty_MagpieData_range_NfUnfilled": 0.03596223819903709,
    "CrystalNNFingerprint_std_dev_tetrahedral_CN_4": 0.03460377168237049,
    "GeneralizedRDF_mean_Gaussian_center=0_0_width=1_0": 0.03250181385334916,
    "VoronoiFingerprint_mean_Voro_vol_maximum": 0.03063986202897248
}