{
    "GaussianSymmFunc_mean_G2_80_0": 0.5301788574398573,
    "GaussianSymmFunc_std_dev_G2_80_0": 0.23876162846166296,
    "AGNIFingerPrint_std_dev_AGNI_eta=8_00e-01": 0.21174761904282652,
    "ElementProperty_MagpieData_mode_NdValence": 0.14393832953260924,
    "YangSolidSolution_Yang_delta": 0.11748233318563575,
    "ElementProperty_MagpieData_avg_dev_NsUnfilled": 0.09456132337686114,
    "ElementProperty_MagpieData_mean_Column": 0.08867646967745006,
    "ElementProperty_MagpieData_mean_GSbandgap": 0.07537467945318443,
    "ElementProperty_MagpieData_mean_NdUnfilled": 0.07511292646513587,
    "ElementProperty_MagpieData_range_NsUnfilled": 0.07287606511701779,
    "ElementProperty_MagpieData_avg_dev_NValence": 0.07135319677227928,
    "ElementFraction_Li": 0.06600158053206573,
    "ElementProperty_MagpieData_mode_GSbandgap": 0.06485981146475242,
    "ElementFraction_H": 0.06476184562592487,
    "ElementProperty_MagpieData_maximum_NdUnfilled": 0.06459900476889432,
    "ElementProperty_MagpieData_maximum_MeltingT": 0.06436206416625205,
    "ElementProperty_MagpieData_minimum_SpaceGroupNumber": 0.059154769444919264,
    "ElementProperty_MagpieData_mean_NsUnfilled": 0.05895020696775662,
    "MEGNet_OFMEncoded_v1_69": 0.056197178868118536,
    "ElementProperty_MagpieData_avg_dev_NpValence": 0.05519275646585712,
    "ElementProperty_MagpieData_maximum_MendeleevNumber": 0.05319427465788681,
    "ElementProperty_MagpieData_range_MendeleevNumber": 0.05103708123114437,
    "ElementProperty_MagpieData_minimum_NsValence": 0.047552481342713455,
    "ElementProperty_MagpieData_mean_MendeleevNumber": 0.046675593447042266,
    "ElementProperty_MagpieData_avg_dev_CovalentRadius": 0.046613712483167306,
    "ElementProperty_MagpieData_maximum_CovalentRadius": 0.04330560342259544,
    "GeneralizedRDF_std_dev_Gaussian_center=0_0_width=1_0": 0.04107866255764497,
    "XRDPowderPattern_xrd_63": 0.03985944540973899,
    "ElementProperty_MagpieData_avg_dev_GSmagmom": 0.039217250758160564,
    "ElementProperty_MagpieData_avg_dev_SpaceGroupNumber": 0.039103508381812424
}