{
    "AGNIFingerPrint_std_dev_AGNI_eta=8_00e-01": 1.0082544103516413,
    "GeneralizedRDF_std_dev_Gaussian_center=0_0_width=1_0": 0.7510583505377685,
    "AGNIFingerPrint_mean_AGNI_eta=8_00e-01": 0.7451828494448784,
    "GeneralizedRDF_mean_Gaussian_center=0_0_width=1_0": 0.6825340249573462,
    "ElementProperty_MagpieData_mean_GSbandgap": 0.44922608599845243,
    "ElementProperty_MagpieData_mode_NsUnfilled": 0.24279094810072735,
    "ElementProperty_MagpieData_mean_NpValence": 0.2242550087776901,
    "GaussianSymmFunc_std_dev_G2_80_0": 0.2209863268370491,
    "ElementProperty_MagpieData_mode_MendeleevNumber": 0.17516433264509296,
    "DensityFeatures_packing_fraction": 0.1560708994749282,
    "ElementProperty_MagpieData_avg_dev_NpValence": 0.14960668262521531,
    "ElementProperty_MagpieData_maximum_MendeleevNumber": 0.12624830515277122,
    "ElementProperty_MagpieData_maximum_NdValence": 0.11700021615481937,
    "OPSiteFingerprint_mean_body-centered_cubic_CN_8": 0.11029079150155661,
    "ElementProperty_MagpieData_mean_CovalentRadius": 0.1019394033153025,
    "ChemEnvSiteFingerprint_mean_C:8": 0.10095614784667455,
    "ValenceOrbital_frac_f_valence_electrons": 0.09580689736739922,
    "ElementFraction_H": 0.07767139188442165,
    "ElementProperty_MagpieData_maximum_CovalentRadius": 0.07039445125072812,
    "ElementFraction_Li": 0.0700799434990402,
    "CrystalNNFingerprint_std_dev_wt_CN_1": 0.06775754234425861,
    "AGNIFingerPrint_std_dev_AGNI_dir=y_eta=1_23e+00": 0.06695885446232347,
    "ElementProperty_MagpieData_avg_dev_MendeleevNumber": 0.06547355153003595,
    "CrystalNNFingerprint_mean_body-centered_cubic_CN_8": 0.06296127217284604,
    "MEGNet_OFMEncoded_v1_167": 0.05861017429699378,
    "ElementProperty_MagpieData_range_MeltingT": 0.054605949012386794,
    "BandCenter_band_center": 0.05333696268143172,
    "AGNIFingerPrint_std_dev_AGNI_dir=y_eta=1_88e+00": 0.05140247458373096,
    "MaximumPackingEfficiency_max_packing_efficiency": 0.04999647588338498,
    "ElementProperty_MagpieData_mean_MendeleevNumber": 0.04965006515899336
}