{
    "AGNIFingerPrint_std_dev_AGNI_eta=8_00e-01": 0.9243896995154582,
    "GeneralizedRDF_std_dev_Gaussian_center=0_0_width=1_0": 0.6961612609223142,
    "AGNIFingerPrint_mean_AGNI_eta=8_00e-01": 0.6926352614493766,
    "GeneralizedRDF_mean_Gaussian_center=0_0_width=1_0": 0.5812499164483553,
    "ElementProperty_MagpieData_mean_GSbandgap": 0.4301564990043718,
    "GaussianSymmFunc_std_dev_G2_80_0": 0.3263509276330688,
    "ElementProperty_MagpieData_mode_NsUnfilled": 0.27248606709460965,
    "ElementProperty_MagpieData_mean_NpValence": 0.17617008557843825,
    "ElementProperty_MagpieData_maximum_MendeleevNumber": 0.17066879895964224,
    "DensityFeatures_packing_fraction": 0.16113228651702927,
    "ChemEnvSiteFingerprint_mean_C:8": 0.13858588173786726,
    "OPSiteFingerprint_mean_body-centered_cubic_CN_8": 0.1293282855864652,
    "ElementProperty_MagpieData_mode_MendeleevNumber": 0.12432517583121501,
    "ElementProperty_MagpieData_maximum_NdValence": 0.11534770438247631,
    "ElementProperty_MagpieData_mean_CovalentRadius": 0.0888373459033134,
    "ElementProperty_MagpieData_avg_dev_Column": 0.08804545589950936,
    "ValenceOrbital_frac_f_valence_electrons": 0.08446202624106353,
    "ElementProperty_MagpieData_mean_NfValence": 0.07835767351492096,
    "ElementProperty_MagpieData_mean_MendeleevNumber": 0.07703563499519224,
    "ElementFraction_H": 0.07095094843638214,
    "CrystalNNFingerprint_mean_wt_CN_1": 0.06620966299466449,
    "ElementProperty_MagpieData_range_MeltingT": 0.06443377597399014,
    "AverageBondLength_mean_Average_bond_length": 0.06423937894704497,
    "CrystalNNFingerprint_mean_body-centered_cubic_CN_8": 0.058829833229439674,
    "ElementProperty_MagpieData_range_GSbandgap": 0.05494648364016128,
    "ElementProperty_MagpieData_mean_Electronegativity": 0.05092101149996458,
    "ElementFraction_Li": 0.05090827870165007,
    "ElementProperty_MagpieData_range_NsUnfilled": 0.050301506322339214,
    "MEGNet_OFMEncoded_v1_167": 0.05028438692512752,
    "BandCenter_band_center": 0.04870614954829214
}