{
    "GaussianSymmFunc_mean_G2_80_0": 0.5349638699364015,
    "ElementProperty_MagpieData_avg_dev_CovalentRadius": 0.1921084161632469,
    "ElementProperty_MagpieData_avg_dev_NfValence": 0.17377382780655382,
    "GaussianSymmFunc_std_dev_G2_80_0": 0.14835121798804177,
    "AGNIFingerPrint_mean_AGNI_eta=8_00e-01": 0.10687771573621808,
    "ElementProperty_MagpieData_avg_dev_NdValence": 0.09684099891728519,
    "ElementProperty_MagpieData_maximum_GSbandgap": 0.08723259880949359,
    "ElementProperty_MagpieData_minimum_MendeleevNumber": 0.08288954215294406,
    "ElementProperty_MagpieData_avg_dev_SpaceGroupNumber": 0.07945564668474801,
    "ElementProperty_MagpieData_avg_dev_NpValence": 0.07241279450681022,
    "AGNIFingerPrint_std_dev_AGNI_eta=8_00e-01": 0.06899781466970416,
    "ElementProperty_MagpieData_avg_dev_NsValence": 0.0665147468522281,
    "ElementProperty_MagpieData_mode_GSbandgap": 0.06586501217733008,
    "ElementProperty_MagpieData_range_NfValence": 0.0649339305075901,
    "ElementProperty_MagpieData_mode_SpaceGroupNumber": 0.06068783166896825,
    "ElementProperty_MagpieData_maximum_MendeleevNumber": 0.06025647925982714,
    "ElementFraction_H": 0.053448085575060235,
    "ElementProperty_MagpieData_mean_GSbandgap": 0.050385206155403865,
    "ElementProperty_MagpieData_avg_dev_NsUnfilled": 0.048522424228569436,
    "ElementProperty_MagpieData_maximum_Number": 0.047162634207230145,
    "ElementProperty_MagpieData_avg_dev_GSbandgap": 0.04636081484918412,
    "ElementProperty_MagpieData_mean_NsUnfilled": 0.041608687947381505,
    "GeneralizedRDF_std_dev_Gaussian_center=0_0_width=1_0": 0.04045929442602402,
    "ElementProperty_MagpieData_avg_dev_NpUnfilled": 0.04023234091638281,
    "BondOrientationParameter_mean_BOOP_Q_l=5": 0.03596927489738086,
    "SineCoulombMatrix_sine_coulomb_matrix_eig_0": 0.03489282469498112,
    "ElementFraction_S": 0.03418966836786513,
    "BondOrientationParameter_mean_BOOP_Q_l=6": 0.033621668795383405,
    "RadialDistributionFunction_radial_distribution_function_d_4_90": 0.03271305375279258,
    "GeneralizedRDF_std_dev_Gaussian_center=3_0_width=1_0": 0.030994922079861032
}