{
    "GaussianSymmFunc_mean_G2_80_0": 0.4505158923735878,
    "GaussianSymmFunc_std_dev_G2_80_0": 0.3257193088866485,
    "ElementProperty_MagpieData_avg_dev_SpaceGroupNumber": 0.2268548151716658,
    "AGNIFingerPrint_std_dev_AGNI_eta=8_00e-01": 0.21061496504805902,
    "ElementProperty_MagpieData_maximum_NdUnfilled": 0.17795138744219696,
    "ValenceOrbital_frac_d_valence_electrons": 0.1332219883125729,
    "ElementProperty_MagpieData_mean_GSbandgap": 0.13133939566103198,
    "TMetalFraction_transition_metal_fraction": 0.11207395140377509,
    "ElementProperty_MagpieData_mean_NdValence": 0.1104396907186686,
    "ElementProperty_MagpieData_avg_dev_GSmagmom": 0.10328499454877929,
    "GeneralizedRDF_mean_Gaussian_center=3_0_width=1_0": 0.09657217217865165,
    "ElementProperty_MagpieData_mean_NsUnfilled": 0.09352516095831812,
    "ElementProperty_MagpieData_range_NdUnfilled": 0.0722536722565181,
    "ElementProperty_MagpieData_minimum_Column": 0.06913928971192919,
    "ElementProperty_MagpieData_minimum_MendeleevNumber": 0.06752598950868151,
    "MEGNet_OFMEncoded_v1_167": 0.06428069055178212,
    "DensityFeatures_density": 0.06415511521311686,
    "ElementProperty_MagpieData_mode_GSbandgap": 0.05877559623907111,
    "ElementProperty_MagpieData_mean_NsValence": 0.057243707526427684,
    "ElementProperty_MagpieData_mode_Number": 0.05223104738983084,
    "ElementProperty_MagpieData_minimum_NValence": 0.05190343950544097,
    "MaximumPackingEfficiency_max_packing_efficiency": 0.051274439537021696,
    "VoronoiFingerprint_mean_Voro_area_mean": 0.050287999391655194,
    "MEGNet_OFMEncoded_v1_119": 0.04728378140682737,
    "Stoichiometry_5-norm": 0.046297264250128256,
    "MEGNet_OFMEncoded_v1_172": 0.04092424393617193,
    "ElementProperty_MagpieData_range_MendeleevNumber": 0.04066875474479573,
    "ElementFraction_H": 0.03915238220560729,
    "ElementProperty_MagpieData_minimum_GSvolume_pa": 0.03821407326223374,
    "ElementProperty_MagpieData_range_NfValence": 0.037766533808756705
}