{
    "GeneralizedRDF_std_dev_Gaussian_center=0_0_width=1_0": 0.9908947388408681,
    "AGNIFingerPrint_std_dev_AGNI_eta=8_00e-01": 0.942069627261064,
    "AGNIFingerPrint_mean_AGNI_eta=8_00e-01": 0.7155393438002158,
    "GeneralizedRDF_mean_Gaussian_center=0_0_width=1_0": 0.6984673825223638,
    "ElementProperty_MagpieData_mean_GSbandgap": 0.49939787153458404,
    "ElementProperty_MagpieData_mode_NsUnfilled": 0.2875520299353135,
    "GaussianSymmFunc_std_dev_G2_80_0": 0.25597551628315784,
    "ElementProperty_MagpieData_mean_NpValence": 0.1584008136243188,
    "DensityFeatures_packing_fraction": 0.1392840973211825,
    "ElementProperty_MagpieData_mode_MendeleevNumber": 0.12759175695033917,
    "ElementProperty_MagpieData_mean_MendeleevNumber": 0.10953089139256317,
    "ElementProperty_MagpieData_mean_CovalentRadius": 0.10539067292612964,
    "ElementProperty_MagpieData_maximum_MendeleevNumber": 0.1016276585587479,
    "ElementProperty_MagpieData_maximum_NdValence": 0.09668780244920487,
    "ElementFraction_H": 0.0914606723527825,
    "ElementProperty_MagpieData_range_NsUnfilled": 0.07651963412562085,
    "ElementProperty_MagpieData_avg_dev_NpValence": 0.06927465403588721,
    "CrystalNNFingerprint_mean_wt_CN_1": 0.06528520057869229,
    "ElementFraction_Li": 0.061240809998087016,
    "BandCenter_band_center": 0.06111297599438952,
    "AGNIFingerPrint_std_dev_AGNI_dir=y_eta=1_23e+00": 0.06089110473274917,
    "ElementProperty_MagpieData_mean_Column": 0.06055036193585541,
    "ElementProperty_MagpieData_avg_dev_Column": 0.05803624628487911,
    "MaximumPackingEfficiency_max_packing_efficiency": 0.05745112483573009,
    "ElementProperty_MagpieData_range_MeltingT": 0.05716533458685157,
    "GaussianSymmFunc_mean_G2_80_0": 0.05002191081521524,
    "CrystalNNFingerprint_std_dev_wt_CN_1": 0.0488630597168241,
    "ElementProperty_MagpieData_mean_Electronegativity": 0.047327453015462276,
    "AGNIFingerPrint_std_dev_AGNI_dir=x_eta=1_23e+00": 0.04482118270185976,
    "ElementProperty_MagpieData_mode_Number": 0.04455976092530687
}