{
    "AGNIFingerPrint_mean_AGNI_eta=8_00e-01": 0.8841913121707852,
    "GeneralizedRDF_std_dev_Gaussian_center=0_0_width=1_0": 0.8155013740395866,
    "AGNIFingerPrint_std_dev_AGNI_eta=8_00e-01": 0.7979300941329093,
    "GeneralizedRDF_mean_Gaussian_center=0_0_width=1_0": 0.5483084712585555,
    "ElementProperty_MagpieData_mean_GSbandgap": 0.4813617142833545,
    "GaussianSymmFunc_std_dev_G2_80_0": 0.3468816999648588,
    "ElementProperty_MagpieData_mean_NpValence": 0.27504982550290646,
    "ElementProperty_MagpieData_mode_NsUnfilled": 0.21666317009200978,
    "ElementProperty_MagpieData_mean_CovalentRadius": 0.1506490287271628,
    "ValenceOrbital_frac_f_valence_electrons": 0.1408234524151457,
    "DensityFeatures_packing_fraction": 0.13736782153154647,
    "ElementProperty_MagpieData_mode_MendeleevNumber": 0.11976152792600121,
    "ElementProperty_MagpieData_maximum_MendeleevNumber": 0.10412879766377192,
    "ElementProperty_MagpieData_maximum_NdValence": 0.1009822454483858,
    "ElementFraction_H": 0.0783548456313765,
    "CrystalNNFingerprint_mean_wt_CN_1": 0.07820007665663081,
    "MEGNet_OFMEncoded_v1_167": 0.07458132218864631,
    "ElementProperty_MagpieData_avg_dev_Column": 0.07129610525958023,
    "ChemEnvSiteFingerprint_mean_C:8": 0.06857256713407003,
    "ElementProperty_MagpieData_minimum_Electronegativity": 0.0624992978176899,
    "ElementFraction_Li": 0.05830847300025004,
    "GaussianSymmFunc_mean_G2_80_0": 0.054783318364573126,
    "BandCenter_band_center": 0.05449791646612003,
    "ElementProperty_MagpieData_mean_Electronegativity": 0.05447758374374086,
    "ElementProperty_MagpieData_range_NdValence": 0.05332017656175613,
    "AGNIFingerPrint_std_dev_AGNI_dir=y_eta=1_23e+00": 0.052597586218785485,
    "OPSiteFingerprint_mean_body-centered_cubic_CN_8": 0.05239290896454418,
    "ElementProperty_MagpieData_mean_NdValence": 0.05188485800201551,
    "ElementProperty_MagpieData_mean_NfValence": 0.05097775296208882,
    "ElementProperty_MagpieData_range_MeltingT": 0.05021968660139028
}