{
    "ChemEnvSiteFingerprint_mean_C:8": 0.8786943500511479,
    "OPSiteFingerprint_mean_body-centered_cubic_CN_8": 0.5717928716818921,
    "ElementProperty_MagpieData_mean_CovalentRadius": 0.26536247118863804,
    "AverageBondAngle_mean_Average_bond_angle": 0.1742581514778436,
    "CrystalNNFingerprint_mean_body-centered_cubic_CN_8": 0.1590234177840115,
    "ElementProperty_MagpieData_maximum_NValence": 0.1499678414242954,
    "ElementProperty_MagpieData_avg_dev_NpValence": 0.12303922180308179,
    "ElementProperty_MagpieData_range_NdUnfilled": 0.11523759022992622,
    "CrystalNNFingerprint_mean_wt_CN_8": 0.11234189002442993,
    "BondOrientationParameter_mean_BOOP_Q_l=6": 0.09483888142935476,
    "ElementProperty_MagpieData_maximum_NdUnfilled": 0.08563541372383567,
    "ElementProperty_MagpieData_avg_dev_NdUnfilled": 0.08423055890608827,
    "AGNIFingerPrint_std_dev_AGNI_dir=x_eta=2_89e+00": 0.07276809030753661,
    "MaximumPackingEfficiency_max_packing_efficiency": 0.07260614766849882,
    "CrystalNNFingerprint_mean_hexagonal_bipyramidal_CN_8": 0.07155048793029857,
    "ElementProperty_MagpieData_avg_dev_GSmagmom": 0.07054711139675851,
    "ElementProperty_MagpieData_avg_dev_MendeleevNumber": 0.06784264717986094,
    "ElementProperty_MagpieData_maximum_NfValence": 0.06666685161667636,
    "ElementProperty_MagpieData_mean_GSmagmom": 0.061697627670070566,
    "MEGNet_OFMEncoded_v1_86": 0.06130770028977769,
    "ValenceOrbital_frac_f_valence_electrons": 0.05961405936956257,
    "ElementProperty_MagpieData_avg_dev_NsUnfilled": 0.05734031843544868,
    "ElementProperty_MagpieData_mean_NsUnfilled": 0.0560486177675575,
    "ElementProperty_MagpieData_range_MendeleevNumber": 0.05009965037221644,
    "ElementProperty_MagpieData_mode_GSbandgap": 0.048588136875605537,
    "ElementProperty_MagpieData_range_Electronegativity": 0.04841486096365214,
    "ElementProperty_MagpieData_minimum_MendeleevNumber": 0.046861841022616195,
    "ElementProperty_MagpieData_mean_NfValence": 0.04051767178830445,
    "ElementProperty_MagpieData_mean_NdUnfilled": 0.040456884328114694,
    "ElementProperty_MagpieData_avg_dev_NdValence": 0.03730547122895869
}