{
    "ChemEnvSiteFingerprint_mean_C:8": 3.669998136996993,
    "XRDPowderPattern_xrd_36": 0.9070974961860447,
    "MaximumPackingEfficiency_max_packing_efficiency": 0.7525133782390014,
    "CrystalNNFingerprint_mean_body-centered_cubic_CN_8": 0.7322054686715183,
    "BondOrientationParameter_mean_BOOP_Q_l=10": 0.34913334576655514,
    "ElementProperty_MagpieData_mean_NpValence": 0.34274429650257293,
    "ElementProperty_MagpieData_mean_CovalentRadius": 0.2344388311064457,
    "ElementProperty_MagpieData_maximum_Electronegativity": 0.19667614194032104,
    "CrystalNNFingerprint_mean_wt_CN_8": 0.16406960490062336,
    "OPSiteFingerprint_mean_body-centered_cubic_CN_8": 0.13358614441148575,
    "AGNIFingerPrint_mean_AGNI_eta=1_23e+00": 0.12924569417876766,
    "XRDPowderPattern_xrd_35": 0.11921463443053976,
    "ElementProperty_MagpieData_maximum_NfUnfilled": 0.11742619146979227,
    "ElementProperty_MagpieData_avg_dev_NdValence": 0.11007736529430247,
    "ElementProperty_MagpieData_avg_dev_CovalentRadius": 0.10641234122664238,
    "ElementProperty_MagpieData_maximum_NfValence": 0.1011827848850573,
    "GeneralizedRDF_mean_Gaussian_center=5_0_width=1_0": 0.09913127174975139,
    "XRDPowderPattern_xrd_34": 0.09170511476147739,
    "ElementProperty_MagpieData_mean_NfValence": 0.0821716102392953,
    "GaussianSymmFunc_mean_G2_20_0": 0.0820898251152921,
    "AGNIFingerPrint_mean_AGNI_eta=8_00e-01": 0.07973198968731113,
    "MEGNet_OFMEncoded_v1_118": 0.07639449416513469,
    "GaussianSymmFunc_std_dev_G2_80_0": 0.07606589459763545,
    "ElementProperty_MagpieData_maximum_MendeleevNumber": 0.07371639111130512,
    "CrystalNNFingerprint_mean_wt_CN_14": 0.07288150007685887,
    "AverageBondLength_mean_Average_bond_length": 0.06619493016687408,
    "ElementProperty_MagpieData_maximum_NdUnfilled": 0.06606129794999512,
    "ElementProperty_MagpieData_avg_dev_Row": 0.06524766659039952,
    "ValenceOrbital_frac_p_valence_electrons": 0.06474388332709104,
    "ElementProperty_MagpieData_mean_SpaceGroupNumber": 0.062454272597570235
}