{
    "MaximumPackingEfficiency_max_packing_efficiency": 0.8191118315374789,
    "ElementProperty_MagpieData_mean_GSbandgap": 0.32226540959367705,
    "GeneralizedRDF_mean_Gaussian_center=0_0_width=1_0": 0.28365178090999693,
    "GaussianSymmFunc_mean_G2_80_0": 0.25558082981978836,
    "ElementProperty_MagpieData_avg_dev_NpValence": 0.24785863278544112,
    "ElementFraction_O": 0.245407831412844,
    "AGNIFingerPrint_mean_AGNI_eta=8_00e-01": 0.2385750896388893,
    "CrystalNNFingerprint_mean_pentagonal_pyramidal_CN_6": 0.18539814090221787,
    "BondOrientationParameter_mean_BOOP_Q_l=10": 0.1555359303678883,
    "ElementProperty_MagpieData_mean_CovalentRadius": 0.15414234689777853,
    "GaussianSymmFunc_std_dev_G2_80_0": 0.13800637230760654,
    "ElementProperty_MagpieData_mode_Number": 0.09886356957056333,
    "ElementProperty_MagpieData_mode_GSvolume_pa": 0.09688601773405073,
    "ElementProperty_MagpieData_maximum_MendeleevNumber": 0.09499859468945462,
    "AGNIFingerPrint_std_dev_AGNI_dir=x_eta=8_00e-01": 0.09184504353569174,
    "ElementProperty_MagpieData_mean_NpValence": 0.08570077303701597,
    "ElementProperty_MagpieData_maximum_GSbandgap": 0.08304951390551048,
    "ElementProperty_MagpieData_range_GSbandgap": 0.07829146254519012,
    "ElementProperty_MagpieData_mode_MeltingT": 0.07727526347437852,
    "OPSiteFingerprint_mean_body-centered_cubic_CN_8": 0.07388689920016102,
    "AGNIFingerPrint_std_dev_AGNI_eta=8_00e-01": 0.06066401734785095,
    "ElementProperty_MagpieData_mean_SpaceGroupNumber": 0.05896934328363269,
    "BandCenter_band_center": 0.05664083189279374,
    "VoronoiFingerprint_mean_Voro_vol_std_dev": 0.0560953109810747,
    "CrystalNNFingerprint_mean_wt_CN_14": 0.05571942587428388,
    "ChemEnvSiteFingerprint_mean_C:8": 0.05003747579272636,
    "AverageBondLength_std_dev_Average_bond_length": 0.04632646140321317,
    "BondOrientationParameter_mean_BOOP_Q_l=6": 0.04470100328927392,
    "ElementProperty_MagpieData_mean_Row": 0.04428082692395712,
    "ElementProperty_MagpieData_mean_MeltingT": 0.04218889704487319
}