{
    "ChemEnvSiteFingerprint_mean_C:8": 0.5974762504358629,
    "OPSiteFingerprint_mean_body-centered_cubic_CN_8": 0.5372165195680872,
    "MaximumPackingEfficiency_max_packing_efficiency": 0.3633301033514947,
    "BondOrientationParameter_mean_BOOP_Q_l=10": 0.14592628142439618,
    "CrystalNNFingerprint_mean_wt_CN_8": 0.12648109566618534,
    "ElementProperty_MagpieData_range_NdUnfilled": 0.11884087044840476,
    "CrystalNNFingerprint_mean_body-centered_cubic_CN_8": 0.10975412039744536,
    "ElementProperty_MagpieData_avg_dev_NdValence": 0.10926748809721695,
    "ElementProperty_MagpieData_range_NfValence": 0.0911367197051238,
    "ElementProperty_MagpieData_maximum_NdValence": 0.07380633898210577,
    "BondOrientationParameter_mean_BOOP_Q_l=6": 0.0687642408063185,
    "AverageBondAngle_mean_Average_bond_angle": 0.06752121461838403,
    "AGNIFingerPrint_std_dev_AGNI_dir=x_eta=6_80e+00": 0.06273962964678123,
    "MEGNet_OFMEncoded_v1_181": 0.06228883999075658,
    "XRDPowderPattern_xrd_35": 0.05491042623022288,
    "ElementProperty_MagpieData_mean_CovalentRadius": 0.054224602037739815,
    "ElementProperty_MagpieData_avg_dev_GSmagmom": 0.05215477041412311,
    "ElementProperty_MagpieData_mean_NsValence": 0.051976481290552906,
    "ElementProperty_MagpieData_range_NdValence": 0.049404964641323754,
    "CrystalNNFingerprint_mean_wt_CN_14": 0.03647217716150784,
    "AverageBondLength_mean_Average_bond_length": 0.036030824373830296,
    "ElementFraction_Fe": 0.034339567804076994,
    "ElementProperty_MagpieData_avg_dev_NfValence": 0.03383425215835394,
    "ElementProperty_MagpieData_maximum_NfUnfilled": 0.03371662221281045,
    "ElementProperty_MagpieData_range_MeltingT": 0.032175429009629476,
    "ElementProperty_MagpieData_maximum_MendeleevNumber": 0.031649887861214254,
    "ElementProperty_MagpieData_mean_MendeleevNumber": 0.030188509737843684,
    "ElementProperty_MagpieData_maximum_Number": 0.02905555988428155,
    "ValenceOrbital_frac_d_valence_electrons": 0.02898465720547301,
    "GaussianSymmFunc_mean_G2_80_0": 0.028041346279617654
}