{
    "ChemEnvSiteFingerprint_mean_C:8": 3.363810865122202,
    "CrystalNNFingerprint_mean_body-centered_cubic_CN_8": 0.9525868966122353,
    "MaximumPackingEfficiency_max_packing_efficiency": 0.7206142272765659,
    "XRDPowderPattern_xrd_36": 0.63242516566635,
    "ElementProperty_MagpieData_mean_CovalentRadius": 0.3542021561284602,
    "BondOrientationParameter_mean_BOOP_Q_l=10": 0.32601809849139723,
    "BondOrientationParameter_mean_BOOP_Q_l=6": 0.2597321721735416,
    "XRDPowderPattern_xrd_35": 0.20460785042333676,
    "OPSiteFingerprint_mean_body-centered_cubic_CN_8": 0.20104588928217484,
    "ElementProperty_MagpieData_mean_NpValence": 0.1940581057783402,
    "CrystalNNFingerprint_mean_wt_CN_8": 0.1709960699409698,
    "AGNIFingerPrint_std_dev_AGNI_dir=x_eta=4_43e+00": 0.16712051318194704,
    "ElementProperty_MagpieData_maximum_Electronegativity": 0.1648437641174089,
    "MEGNet_OFMEncoded_v1_166": 0.12220460009855412,
    "ElementProperty_MagpieData_avg_dev_NdValence": 0.11764120614273933,
    "ElementProperty_MagpieData_avg_dev_CovalentRadius": 0.1166557867616238,
    "GaussianSymmFunc_mean_G2_20_0": 0.10959777059530786,
    "ValenceOrbital_frac_p_valence_electrons": 0.09442102618939881,
    "GaussianSymmFunc_mean_G4_0_005_1_0_-1_0": 0.09285915181219795,
    "ElementProperty_MagpieData_maximum_NfUnfilled": 0.09194933263711036,
    "AverageBondAngle_mean_Average_bond_angle": 0.08406142701903291,
    "CrystalNNFingerprint_mean_wt_CN_14": 0.07792715165175189,
    "ValenceOrbital_frac_f_valence_electrons": 0.07202955758479601,
    "ElementProperty_MagpieData_mean_NfValence": 0.06499907803097126,
    "Miedema_Miedema_deltaH_ss_min": 0.06402031387798153,
    "XRDPowderPattern_xrd_34": 0.06350063395702574,
    "ElementProperty_MagpieData_maximum_MendeleevNumber": 0.06113831494108809,
    "ElementProperty_MagpieData_mean_NdValence": 0.05851823967456745,
    "ElementProperty_MagpieData_maximum_NfValence": 0.057538767661679334,
    "ElementProperty_MagpieData_maximum_NdUnfilled": 0.05720833490489407
}