{
    "ElementProperty_MagpieData_maximum_NfValence": 0.3336369551920096,
    "GaussianSymmFunc_mean_G2_80_0": 0.3038186063130428,
    "AGNIFingerPrint_std_dev_AGNI_eta=8_00e-01": 0.2707973236021479,
    "ElementProperty_MagpieData_mean_NfValence": 0.19623308032169665,
    "GaussianSymmFunc_std_dev_G2_80_0": 0.14955651569933112,
    "GeneralizedRDF_mean_Gaussian_center=2_0_width=1_0": 0.14879374557227715,
    "ElementProperty_MagpieData_mean_NValence": 0.14194426372916957,
    "AGNIFingerPrint_mean_AGNI_eta=1_88e+00": 0.1354725727758235,
    "ElementProperty_MagpieData_maximum_GSvolume_pa": 0.12216529808584348,
    "ElementProperty_MagpieData_minimum_MendeleevNumber": 0.1172845652184583,
    "ElementProperty_MagpieData_mean_GSvolume_pa": 0.10229484624274884,
    "ElementProperty_MagpieData_minimum_Electronegativity": 0.07938749936483343,
    "ElementProperty_MagpieData_mean_GSbandgap": 0.05636115994276882,
    "ValenceOrbital_frac_f_valence_electrons": 0.055971644217177756,
    "OPSiteFingerprint_mean_octahedral_CN_6": 0.052765200081796464,
    "ElementProperty_MagpieData_mode_GSbandgap": 0.05043301023977267,
    "AGNIFingerPrint_std_dev_AGNI_eta=1_23e+00": 0.04995794664074473,
    "ElementProperty_MagpieData_mean_NdValence": 0.049005950880188234,
    "ElementProperty_MagpieData_mean_Column": 0.048868177100910626,
    "ElementFraction_H": 0.047259184935083,
    "MEGNet_OFMEncoded_v1_18": 0.044508085435976674,
    "XRDPowderPattern_xrd_43": 0.04334756315728751,
    "MEGNet_OFMEncoded_v1_108": 0.042114536177352564,
    "ElementProperty_MagpieData_mean_NsUnfilled": 0.041410920222075466,
    "OPSiteFingerprint_mean_linear_CN_2": 0.04091502066163034,
    "ElementProperty_MagpieData_minimum_CovalentRadius": 0.040180016978472795,
    "ElementProperty_MagpieData_avg_dev_NfValence": 0.03856390138818182,
    "GlobalSymmetryFeatures_spacegroup_num": 0.03748865417955146,
    "CrystalNNFingerprint_mean_hexagonal_planar_CN_6": 0.03479970315663954,
    "DensityFeatures_density": 0.03438571634504095
}