{
    "ChemEnvSiteFingerprint_mean_C:8": 3.3754031919820213,
    "MaximumPackingEfficiency_max_packing_efficiency": 1.0646326050740598,
    "XRDPowderPattern_xrd_36": 0.6805705537319189,
    "CrystalNNFingerprint_mean_body-centered_cubic_CN_8": 0.4617480592865899,
    "BondOrientationParameter_mean_BOOP_Q_l=10": 0.39849084056839856,
    "ElementProperty_MagpieData_mean_NpValence": 0.30527485755957795,
    "XRDPowderPattern_xrd_35": 0.20931995002244932,
    "ElementProperty_MagpieData_mean_CovalentRadius": 0.1680960098020763,
    "OPSiteFingerprint_mean_body-centered_cubic_CN_8": 0.1503115587628453,
    "ValenceOrbital_frac_p_valence_electrons": 0.11175940899605712,
    "CrystalNNFingerprint_mean_wt_CN_8": 0.10964201971872713,
    "CrystalNNFingerprint_mean_wt_CN_14": 0.10205908835523465,
    "GaussianSymmFunc_std_dev_G2_80_0": 0.10052808767334902,
    "ElementProperty_MagpieData_maximum_NfUnfilled": 0.09801761280147564,
    "GaussianSymmFunc_mean_G2_20_0": 0.0967632441291711,
    "ElementProperty_MagpieData_maximum_Electronegativity": 0.09330363761371975,
    "ElementProperty_MagpieData_maximum_MendeleevNumber": 0.08862265999914215,
    "GeneralizedRDF_mean_Gaussian_center=0_0_width=1_0": 0.08820600257965311,
    "GeneralizedRDF_std_dev_Gaussian_center=9_0_width=1_0": 0.08812875088982454,
    "GeneralizedRDF_mean_Gaussian_center=5_0_width=1_0": 0.08529138774276869,
    "ElementProperty_MagpieData_maximum_NdUnfilled": 0.08429117311330005,
    "ElementProperty_MagpieData_avg_dev_NdValence": 0.08313654769215244,
    "GeneralizedRDF_mean_Gaussian_center=7_0_width=1_0": 0.08245565229935715,
    "BondOrientationParameter_mean_BOOP_Q_l=6": 0.07528732807695225,
    "XRDPowderPattern_xrd_34": 0.07124014894440954,
    "ElementProperty_MagpieData_avg_dev_CovalentRadius": 0.07105344114162496,
    "ElementProperty_MagpieData_maximum_NfValence": 0.06818871792161847,
    "OPSiteFingerprint_mean_linear_CN_2": 0.06383831003986132,
    "ValenceOrbital_frac_f_valence_electrons": 0.06303631533234386,
    "ElementProperty_MagpieData_avg_dev_NfUnfilled": 0.05854840853914842
}