{
    "ElementProperty_MagpieData_mode_MeltingT": 1.0847263234285427,
    "GaussianSymmFunc_std_dev_G2_80_0": 0.4945858759443275,
    "ElementProperty_MagpieData_minimum_MeltingT": 0.2812764401542689,
    "GaussianSymmFunc_mean_G2_20_0": 0.24552927018892434,
    "ElementFraction_O": 0.24204059637665995,
    "ElementProperty_MagpieData_minimum_CovalentRadius": 0.19057627621881565,
    "AGNIFingerPrint_mean_AGNI_eta=1_23e+00": 0.13966292747710413,
    "GaussianSymmFunc_mean_G2_80_0": 0.1126741133671806,
    "ElementProperty_MagpieData_mean_Row": 0.09618080043134233,
    "ElementProperty_MagpieData_mean_NsUnfilled": 0.04946521072567751,
    "ElementProperty_MagpieData_avg_dev_Row": 0.04632825492640952,
    "GeneralizedRDF_mean_Gaussian_center=0_0_width=1_0": 0.04615203291222414,
    "ValenceOrbital_frac_p_valence_electrons": 0.04314174898392475,
    "ElementProperty_MagpieData_range_Electronegativity": 0.04312405372444997,
    "ElementProperty_MagpieData_minimum_Electronegativity": 0.043030720946210084,
    "GeneralizedRDF_std_dev_Gaussian_center=0_0_width=1_0": 0.04178548055464141,
    "ElementProperty_MagpieData_range_Column": 0.037501270894941784,
    "AGNIFingerPrint_std_dev_AGNI_eta=8_00e-01": 0.03650856762976996,
    "AGNIFingerPrint_std_dev_AGNI_dir=x_eta=8_00e-01": 0.03538688913955683,
    "VoronoiFingerprint_mean_Voro_dist_minimum": 0.03318809700378141,
    "AGNIFingerPrint_std_dev_AGNI_dir=z_eta=8_00e-01": 0.032548609222168214,
    "ElementProperty_MagpieData_mean_NfValence": 0.03109794075327947,
    "ElementProperty_MagpieData_mean_MendeleevNumber": 0.030612418184062115,
    "BondOrientationParameter_mean_BOOP_Q_l=6": 0.029467212079820313,
    "RadialDistributionFunction_radial_distribution_function_d_2_10": 0.029044924180927672,
    "AGNIFingerPrint_std_dev_AGNI_dir=y_eta=8_00e-01": 0.028216738131420716,
    "ElementProperty_MagpieData_mean_AtomicWeight": 0.028125749023930786,
    "ElementProperty_MagpieData_mean_Number": 0.027467810310271783,
    "ElementProperty_MagpieData_range_NpValence": 0.025453834883498398,
    "RadialDistributionFunction_radial_distribution_function_d_4_90": 0.025442408197175307
}