{
    "ChemEnvSiteFingerprint_mean_C:8": 0.7241052945212935,
    "OPSiteFingerprint_mean_body-centered_cubic_CN_8": 0.5178655457533484,
    "ElementProperty_MagpieData_mode_CovalentRadius": 0.1413453827064749,
    "CrystalNNFingerprint_mean_body-centered_cubic_CN_8": 0.13640286253280376,
    "CrystalNNFingerprint_mean_wt_CN_8": 0.13583894149171954,
    "ElementProperty_MagpieData_maximum_Electronegativity": 0.12617972516739617,
    "AverageBondAngle_mean_Average_bond_angle": 0.11122142202858588,
    "GaussianSymmFunc_mean_G2_80_0": 0.10336414901172497,
    "ElementProperty_MagpieData_mean_CovalentRadius": 0.09670432298882782,
    "ElementProperty_MagpieData_range_GSvolume_pa": 0.07843546783504048,
    "YangSolidSolution_Yang_delta": 0.06137222642862135,
    "ElementProperty_MagpieData_range_NsUnfilled": 0.05976226520796754,
    "BondFractions_Li_-_O_bond_frac_": 0.05676129208080645,
    "AGNIFingerPrint_std_dev_AGNI_dir=x_eta=1_88e+00": 0.05509094368544919,
    "ElementProperty_MagpieData_maximum_NdUnfilled": 0.0550016872524412,
    "ValenceOrbital_frac_p_valence_electrons": 0.054070659153492996,
    "ElementProperty_MagpieData_mean_NdUnfilled": 0.052296717956004116,
    "GeneralizedRDF_std_dev_Gaussian_center=0_0_width=1_0": 0.04823484817465633,
    "ElementProperty_MagpieData_mean_NsValence": 0.046311272035058415,
    "ElementProperty_MagpieData_maximum_NsUnfilled": 0.04383650307244264,
    "CrystalNNFingerprint_mean_hexagonal_bipyramidal_CN_8": 0.03994984170472522,
    "ElementProperty_MagpieData_mean_NUnfilled": 0.03901561605970241,
    "ElementProperty_MagpieData_minimum_GSvolume_pa": 0.03848508879533012,
    "RadialDistributionFunction_radial_distribution_function_d_3_70": 0.036663351754685276,
    "ElementProperty_MagpieData_mean_NpUnfilled": 0.034707602389478155,
    "GeneralizedRDF_std_dev_Gaussian_center=5_0_width=1_0": 0.033821809118148326,
    "RadialDistributionFunction_radial_distribution_function_d_2_10": 0.03298682759403858,
    "ElementProperty_MagpieData_avg_dev_NdUnfilled": 0.03213160076006133,
    "MaximumPackingEfficiency_max_packing_efficiency": 0.03151706430090765,
    "RadialDistributionFunction_radial_distribution_function_d_3_60": 0.03087251971647281
}