{
    "ChemEnvSiteFingerprint_mean_C:8": 0.9485647498795317,
    "OPSiteFingerprint_mean_body-centered_cubic_CN_8": 0.576914691992412,
    "ElementProperty_MagpieData_mean_CovalentRadius": 0.39066510755386646,
    "AverageBondAngle_mean_Average_bond_angle": 0.33251745760607176,
    "CrystalNNFingerprint_mean_body-centered_cubic_CN_8": 0.2464191966884743,
    "CrystalNNFingerprint_mean_wt_CN_8": 0.20025354736099701,
    "CrystalNNFingerprint_mean_octahedral_CN_6": 0.18294277980014886,
    "ElementProperty_MagpieData_mode_GSbandgap": 0.1450302170226321,
    "BondOrientationParameter_mean_BOOP_Q_l=6": 0.1368857955316012,
    "AGNIFingerPrint_std_dev_AGNI_dir=x_eta=2_89e+00": 0.08987415394738424,
    "GeneralizedRDF_std_dev_Gaussian_center=1_0_width=1_0": 0.08784959505656945,
    "AGNIFingerPrint_std_dev_AGNI_dir=x_eta=1_88e+00": 0.0851353888731552,
    "ElementProperty_MagpieData_mean_Electronegativity": 0.08378651966479124,
    "ElementProperty_MagpieData_mean_NpUnfilled": 0.08216227294600861,
    "ElementProperty_MagpieData_avg_dev_NdValence": 0.07812635153569854,
    "ElementProperty_MagpieData_maximum_NpUnfilled": 0.07146007747474835,
    "ElementProperty_MagpieData_range_NdUnfilled": 0.06843144858426796,
    "ElementProperty_MagpieData_minimum_Electronegativity": 0.06622856592536693,
    "ElementProperty_MagpieData_maximum_NdUnfilled": 0.06492330593901552,
    "ElementProperty_MagpieData_mean_NfValence": 0.056727055015999395,
    "ElementProperty_MagpieData_maximum_NdValence": 0.05558725971167276,
    "ElementProperty_MagpieData_avg_dev_Column": 0.05506330351863588,
    "BondOrientationParameter_std_dev_BOOP_Q_l=2": 0.05004888400587576,
    "ElementProperty_MagpieData_mode_GSvolume_pa": 0.04781630675658131,
    "ElementProperty_MagpieData_avg_dev_NdUnfilled": 0.04780727348965041,
    "BondOrientationParameter_mean_BOOP_Q_l=2": 0.0474488844684634,
    "ElementProperty_MagpieData_range_GSvolume_pa": 0.04723434487946737,
    "ElementProperty_MagpieData_mean_NdValence": 0.04664331311491474,
    "CrystalNNFingerprint_mean_wt_CN_14": 0.044838861447661665,
    "ElementProperty_MagpieData_mean_Column": 0.043027500748748615
}