{
    "AGNIFingerPrint_mean_AGNI_eta=8_00e-01": 0.8716746827733978,
    "AGNIFingerPrint_std_dev_AGNI_eta=8_00e-01": 0.8541341061000348,
    "GeneralizedRDF_std_dev_Gaussian_center=0_0_width=1_0": 0.830198860613492,
    "ElementProperty_MagpieData_mean_GSbandgap": 0.5501175683459144,
    "GeneralizedRDF_mean_Gaussian_center=0_0_width=1_0": 0.499359714509975,
    "GaussianSymmFunc_std_dev_G2_80_0": 0.42187159302970834,
    "ElementProperty_MagpieData_mode_NsUnfilled": 0.25738010442332565,
    "ElementProperty_MagpieData_mean_NpValence": 0.2571862838006963,
    "ChemEnvSiteFingerprint_mean_C:8": 0.15535885976141736,
    "ElementProperty_MagpieData_mode_MendeleevNumber": 0.1389960455277004,
    "DensityFeatures_packing_fraction": 0.133574395020783,
    "ElementProperty_MagpieData_mean_CovalentRadius": 0.1303225298511999,
    "ElementProperty_MagpieData_mean_MendeleevNumber": 0.11481387458263202,
    "ElementProperty_MagpieData_maximum_MendeleevNumber": 0.10850351973152403,
    "OPSiteFingerprint_mean_body-centered_cubic_CN_8": 0.1060185478249124,
    "ElementFraction_H": 0.09785170240706283,
    "ElementProperty_MagpieData_avg_dev_Column": 0.09470435369790713,
    "ElementProperty_MagpieData_mean_NfValence": 0.09005716102549848,
    "AGNIFingerPrint_std_dev_AGNI_dir=y_eta=1_23e+00": 0.08754229048014536,
    "ElementProperty_MagpieData_maximum_NdValence": 0.08732671897846507,
    "DensityFeatures_vpa": 0.08728560959077525,
    "CrystalNNFingerprint_mean_body-centered_cubic_CN_8": 0.08119890643701362,
    "GeneralizedRDF_mean_Gaussian_center=2_0_width=1_0": 0.08077615063020524,
    "MEGNet_OFMEncoded_v1_167": 0.0723998209218459,
    "CrystalNNFingerprint_std_dev_wt_CN_1": 0.07215361588535016,
    "ValenceOrbital_frac_f_valence_electrons": 0.07110434622947409,
    "ElementProperty_MagpieData_avg_dev_MendeleevNumber": 0.06811428620084096,
    "CrystalNNFingerprint_mean_wt_CN_1": 0.06807551763873639,
    "BandCenter_band_center": 0.06774742140407379,
    "GaussianSymmFunc_mean_G2_80_0": 0.0625810007092781
}