{
    "ChemEnvSiteFingerprint_mean_C:8": 0.8053380889582448,
    "OPSiteFingerprint_mean_body-centered_cubic_CN_8": 0.2824427460139259,
    "CrystalNNFingerprint_mean_body-centered_cubic_CN_8": 0.2416402014461372,
    "OPSiteFingerprint_mean_cuboctahedral_CN_12": 0.15763148757512158,
    "GaussianSymmFunc_mean_G2_80_0": 0.14297572932349828,
    "ElementProperty_MagpieData_mean_CovalentRadius": 0.12319990044888064,
    "AGNIFingerPrint_mean_AGNI_eta=8_00e-01": 0.11250554765909569,
    "AverageBondAngle_mean_Average_bond_angle": 0.09321718427058016,
    "MEGNet_OFMEncoded_v1_82": 0.09255548719989183,
    "ElementFraction_H": 0.08806769644463913,
    "CrystalNNFingerprint_mean_wt_CN_8": 0.06578914180080156,
    "ElementProperty_MagpieData_maximum_Electronegativity": 0.06385164847514486,
    "ElementProperty_MagpieData_range_NdValence": 0.05955479781958134,
    "BondOrientationParameter_mean_BOOP_Q_l=6": 0.05862726469537225,
    "MEGNet_OFMEncoded_v1_93": 0.05675015025250654,
    "CrystalNNFingerprint_mean_trigonal_pyramidal_CN_4": 0.05554022837782536,
    "OPSiteFingerprint_mean_hexagonal_bipyramidal_CN_8": 0.050881252111529246,
    "ElementProperty_MagpieData_mean_NdUnfilled": 0.04967980276883966,
    "ElementProperty_MagpieData_mean_NsUnfilled": 0.04909010301923182,
    "ElementProperty_MagpieData_mean_Number": 0.047868636789759396,
    "CrystalNNFingerprint_mean_pentagonal_pyramidal_CN_6": 0.047111535337778176,
    "ElementProperty_MagpieData_maximum_CovalentRadius": 0.04612389285323861,
    "ElementProperty_MagpieData_maximum_NdValence": 0.04137542506673436,
    "MEGNet_OFMEncoded_v1_27": 0.041215485442579254,
    "ElementProperty_MagpieData_avg_dev_NdValence": 0.03953549756319579,
    "OPSiteFingerprint_std_dev_cuboctahedral_CN_12": 0.038957231132617356,
    "MEGNet_OFMEncoded_v1_20": 0.038227408958142986,
    "ElementProperty_MagpieData_mean_NpValence": 0.033642402668388804,
    "ElementFraction_Li": 0.032385943141681306,
    "CrystalNNFingerprint_mean_square_co-planar_CN_4": 0.030697797534428122
}