{
    "ChemEnvSiteFingerprint_mean_C:8": 3.353773660916582,
    "MaximumPackingEfficiency_max_packing_efficiency": 0.9147578985873559,
    "XRDPowderPattern_xrd_36": 0.8694634972409212,
    "CrystalNNFingerprint_mean_body-centered_cubic_CN_8": 0.5298282456172207,
    "BondOrientationParameter_mean_BOOP_Q_l=10": 0.37375332889003976,
    "ElementProperty_MagpieData_mean_NpValence": 0.31166381382269587,
    "ElementProperty_MagpieData_mean_CovalentRadius": 0.21518184238124813,
    "ElementProperty_MagpieData_maximum_NValence": 0.19364092762820082,
    "ElementProperty_MagpieData_avg_dev_NValence": 0.19204217145842015,
    "ElementProperty_MagpieData_maximum_MendeleevNumber": 0.17619098818255127,
    "ElementProperty_MagpieData_maximum_Electronegativity": 0.1336717362904998,
    "XRDPowderPattern_xrd_35": 0.12278512443286223,
    "CrystalNNFingerprint_mean_wt_CN_8": 0.11937136098252067,
    "ElementProperty_MagpieData_maximum_NfUnfilled": 0.11020795714071262,
    "ElementProperty_MagpieData_avg_dev_NdValence": 0.10858760529455681,
    "ElementProperty_MagpieData_maximum_NfValence": 0.10157448583791864,
    "XRDPowderPattern_xrd_34": 0.09808783186317228,
    "GaussianSymmFunc_mean_G2_20_0": 0.09672610758297716,
    "ElementProperty_MagpieData_avg_dev_CovalentRadius": 0.093808197658748,
    "ElementProperty_MagpieData_avg_dev_Row": 0.09246049839030492,
    "ElementProperty_MagpieData_maximum_NdUnfilled": 0.08385624887686101,
    "OPSiteFingerprint_mean_body-centered_cubic_CN_8": 0.08330560359571922,
    "GeneralizedRDF_mean_Gaussian_center=5_0_width=1_0": 0.08310495572456439,
    "ValenceOrbital_frac_p_valence_electrons": 0.079113708445024,
    "DensityFeatures_vpa": 0.07883154403626043,
    "ElementProperty_MagpieData_mean_Number": 0.07615632208745182,
    "SineCoulombMatrix_sine_coulomb_matrix_eig_3": 0.07213279437419756,
    "ElementProperty_MagpieData_minimum_CovalentRadius": 0.07184445920215496,
    "AGNIFingerPrint_mean_AGNI_eta=6_80e+00": 0.07044571450086276,
    "MEGNet_OFMEncoded_v1_118": 0.06914275419059779
}