{
    "GaussianSymmFunc_mean_G2_80_0": 0.21458733272400482,
    "ElementProperty_MagpieData_maximum_NdValence": 0.17604444301958683,
    "GaussianSymmFunc_std_dev_G2_80_0": 0.17252429799807859,
    "ElementProperty_MagpieData_maximum_CovalentRadius": 0.15069740409078727,
    "AGNIFingerPrint_std_dev_AGNI_eta=8_00e-01": 0.14605985769371652,
    "AGNIFingerPrint_mean_AGNI_eta=8_00e-01": 0.14037427878506337,
    "ElementProperty_MagpieData_range_NfValence": 0.1275230691846075,
    "MaximumPackingEfficiency_max_packing_efficiency": 0.10311290272843664,
    "ValenceOrbital_frac_d_valence_electrons": 0.09979584905023717,
    "ElementProperty_MagpieData_avg_dev_NdUnfilled": 0.09822520589707381,
    "ElementProperty_MagpieData_avg_dev_NdValence": 0.0870387116951072,
    "ElementProperty_MagpieData_mean_NsUnfilled": 0.08596338919174991,
    "ValenceOrbital_frac_p_valence_electrons": 0.08477967262057429,
    "ElementProperty_MagpieData_maximum_NfUnfilled": 0.08238757894210166,
    "GeneralizedRDF_mean_Gaussian_center=0_0_width=1_0": 0.07711134403515717,
    "ElementProperty_MagpieData_maximum_Number": 0.07605792140193915,
    "ElementProperty_MagpieData_avg_dev_GSmagmom": 0.07350126541137202,
    "ElementProperty_MagpieData_mean_NdUnfilled": 0.06650562818519798,
    "ElementProperty_MagpieData_avg_dev_Column": 0.06213716980839142,
    "ElementProperty_MagpieData_mean_NsValence": 0.05523664536801252,
    "BondOrientationParameter_mean_BOOP_Q_l=3": 0.05085920582426529,
    "ElementProperty_MagpieData_mean_NpValence": 0.05044680806192289,
    "ElementProperty_MagpieData_range_NdValence": 0.04908908695853181,
    "ElementProperty_MagpieData_mean_GSbandgap": 0.04815370432281867,
    "CrystalNNFingerprint_mean_body-centered_cubic_CN_8": 0.04783506460564747,
    "ElementProperty_MagpieData_mode_GSbandgap": 0.045318220547681996,
    "CrystalNNFingerprint_mean_square_co-planar_CN_4": 0.04459017498116611,
    "ElementProperty_MagpieData_mean_NfValence": 0.044142388062514026,
    "ElementProperty_MagpieData_maximum_NfValence": 0.041840073872468075,
    "ValenceOrbital_frac_s_valence_electrons": 0.03785834250215578
}