{
    "GaussianSymmFunc_mean_G2_80_0": 0.5523131857097768,
    "ValenceOrbital_frac_d_valence_electrons": 0.39677791273690177,
    "GaussianSymmFunc_std_dev_G2_80_0": 0.2578575789917944,
    "ValenceOrbital_frac_f_valence_electrons": 0.2099125631816938,
    "ElementProperty_MagpieData_range_Number": 0.2023705973770075,
    "TMetalFraction_transition_metal_fraction": 0.20024288206903304,
    "ElementProperty_MagpieData_mean_NdValence": 0.14712406577594045,
    "ElementProperty_MagpieData_avg_dev_NdUnfilled": 0.12123176894796617,
    "ElementProperty_MagpieData_avg_dev_NpUnfilled": 0.11920888314840107,
    "AGNIFingerPrint_std_dev_AGNI_eta=8_00e-01": 0.11428373884759895,
    "ElementProperty_MagpieData_avg_dev_AtomicWeight": 0.11360483682923828,
    "BandCenter_band_center": 0.09447300639891487,
    "ElementProperty_MagpieData_avg_dev_GSbandgap": 0.09358085183150612,
    "ElementProperty_MagpieData_maximum_NpUnfilled": 0.08131404883007283,
    "ElementProperty_MagpieData_maximum_Number": 0.0771590193963277,
    "ElementProperty_MagpieData_range_AtomicWeight": 0.0708619998038151,
    "ElementProperty_MagpieData_mode_Electronegativity": 0.06981983428516732,
    "ElementProperty_MagpieData_mean_NpValence": 0.06644410599103184,
    "ElementProperty_MagpieData_mean_GSbandgap": 0.0656226845991856,
    "ElementProperty_MagpieData_mean_NValence": 0.05781141990166165,
    "ElementProperty_MagpieData_mode_GSbandgap": 0.05464141481854743,
    "StructuralHeterogeneity_mean_neighbor_distance_variation": 0.05416988778582669,
    "AGNIFingerPrint_std_dev_AGNI_dir=y_eta=8_00e-01": 0.05284393770780343,
    "AGNIFingerPrint_std_dev_AGNI_dir=z_eta=8_00e-01": 0.05101588128476004,
    "CrystalNNFingerprint_std_dev_tetrahedral_CN_4": 0.050161206969064405,
    "ElementFraction_H": 0.04927707709951992,
    "ElementProperty_MagpieData_mode_NdValence": 0.04858619408538031,
    "ElementProperty_MagpieData_avg_dev_Number": 0.0472735997574995,
    "ChemEnvSiteFingerprint_mean_BO_1:8": 0.04504273238813781,
    "DensityFeatures_packing_fraction": 0.044763822961165774
}