{
    "ChemEnvSiteFingerprint_mean_C:8": 3.5349550731436494,
    "XRDPowderPattern_xrd_36": 0.7448245454302658,
    "MaximumPackingEfficiency_max_packing_efficiency": 0.7144095067852603,
    "CrystalNNFingerprint_mean_body-centered_cubic_CN_8": 0.6773957806030624,
    "ElementProperty_MagpieData_mean_NpValence": 0.33363141870950697,
    "BondOrientationParameter_mean_BOOP_Q_l=10": 0.33020039647430177,
    "OPSiteFingerprint_mean_body-centered_cubic_CN_8": 0.30221035119399764,
    "XRDPowderPattern_xrd_35": 0.2608237464424663,
    "ElementProperty_MagpieData_maximum_Electronegativity": 0.25830391868877894,
    "ElementProperty_MagpieData_mean_CovalentRadius": 0.18408624807765778,
    "CrystalNNFingerprint_mean_wt_CN_8": 0.16448573190344506,
    "CrystalNNFingerprint_mean_wt_CN_14": 0.16391170833627497,
    "ValenceOrbital_frac_p_valence_electrons": 0.15571409306424225,
    "ElementProperty_MagpieData_avg_dev_CovalentRadius": 0.10615351729371707,
    "ElementProperty_MagpieData_maximum_NfValence": 0.10115659520167948,
    "ElementProperty_MagpieData_avg_dev_NdValence": 0.10105993222121172,
    "ElementProperty_MagpieData_maximum_NfUnfilled": 0.0951274191855023,
    "GaussianSymmFunc_mean_G2_80_0": 0.09024399371610071,
    "GaussianSymmFunc_mean_G2_20_0": 0.08837345292457521,
    "ElementProperty_MagpieData_maximum_NdUnfilled": 0.08482244218861086,
    "XRDPowderPattern_xrd_34": 0.08326908181084346,
    "GeneralizedRDF_mean_Gaussian_center=5_0_width=1_0": 0.08045223780867995,
    "ElementProperty_MagpieData_mean_Number": 0.08002088610391497,
    "Miedema_Miedema_deltaH_ss_min": 0.07787998421108927,
    "ElementProperty_MagpieData_maximum_Number": 0.07693870220182687,
    "MEGNet_OFMEncoded_v1_118": 0.07376535590968125,
    "ElementProperty_MagpieData_avg_dev_NfUnfilled": 0.0716500023622908,
    "SineCoulombMatrix_sine_coulomb_matrix_eig_3": 0.06741744894689579,
    "GaussianSymmFunc_std_dev_G2_80_0": 0.06586645486789779,
    "ValenceOrbital_frac_f_valence_electrons": 0.06491231044692722
}