{
    "ChemEnvSiteFingerprint_mean_C:8": 3.4077359239396774,
    "CrystalNNFingerprint_mean_body-centered_cubic_CN_8": 0.8270508503520878,
    "MaximumPackingEfficiency_max_packing_efficiency": 0.807120698547138,
    "XRDPowderPattern_xrd_36": 0.7179736055343894,
    "BondOrientationParameter_mean_BOOP_Q_l=10": 0.3961333431725042,
    "XRDPowderPattern_xrd_35": 0.2820003140751205,
    "ElementProperty_MagpieData_maximum_Electronegativity": 0.22020084787491995,
    "ElementProperty_MagpieData_mean_NpValence": 0.19548491481724004,
    "ElementProperty_MagpieData_mean_CovalentRadius": 0.1837823915159629,
    "ElementProperty_MagpieData_maximum_NfUnfilled": 0.15078106908285055,
    "OPSiteFingerprint_mean_body-centered_cubic_CN_8": 0.12652859804330682,
    "ElementProperty_MagpieData_avg_dev_NdValence": 0.1235448752259479,
    "ValenceOrbital_frac_p_valence_electrons": 0.11941428831685086,
    "CrystalNNFingerprint_mean_wt_CN_8": 0.11019477278410443,
    "CrystalNNFingerprint_mean_wt_CN_14": 0.10097584210497586,
    "ElementProperty_MagpieData_maximum_MendeleevNumber": 0.09923202116143028,
    "GeneralizedRDF_mean_Gaussian_center=5_0_width=1_0": 0.09902813745188013,
    "GaussianSymmFunc_mean_G2_20_0": 0.09558740098199858,
    "ElementProperty_MagpieData_maximum_NdUnfilled": 0.0903001606701298,
    "MEGNet_OFMEncoded_v1_118": 0.08859407829354587,
    "BondOrientationParameter_mean_BOOP_Q_l=6": 0.08003262986873463,
    "XRDPowderPattern_xrd_34": 0.07688352056868145,
    "ElementProperty_MagpieData_avg_dev_CovalentRadius": 0.07566228947047356,
    "GaussianSymmFunc_mean_G4_0_005_1_0_1_0": 0.07520934413437246,
    "ElementProperty_MagpieData_mean_Row": 0.07352462547224438,
    "ElementProperty_MagpieData_maximum_NfValence": 0.07263477822167114,
    "ElementProperty_MagpieData_avg_dev_Row": 0.06950332658980025,
    "ElementProperty_MagpieData_mean_GSvolume_pa": 0.06775189339255666,
    "GeneralizedRDF_std_dev_Gaussian_center=9_0_width=1_0": 0.06771460755402611,
    "MEGNet_OFMEncoded_v1_166": 0.06559022257066766
}