{
    "ChemEnvSiteFingerprint_mean_C:8": 0.7239232938105866,
    "OPSiteFingerprint_mean_body-centered_cubic_CN_8": 0.6091909878616358,
    "CrystalNNFingerprint_mean_body-centered_cubic_CN_8": 0.22085294517750753,
    "ValenceOrbital_frac_f_valence_electrons": 0.17305829534603684,
    "ElementProperty_MagpieData_mean_CovalentRadius": 0.15136897732497873,
    "ElementProperty_MagpieData_avg_dev_NpValence": 0.14763132724375208,
    "ElementProperty_MagpieData_maximum_Number": 0.14072756871813225,
    "AverageBondAngle_mean_Average_bond_angle": 0.12585165315100094,
    "CrystalNNFingerprint_mean_wt_CN_8": 0.11744105024712258,
    "ElementProperty_MagpieData_mean_NpValence": 0.11682537365890956,
    "ElementProperty_MagpieData_avg_dev_Row": 0.07745676269061673,
    "ElementProperty_MagpieData_maximum_MendeleevNumber": 0.07151185837216607,
    "AGNIFingerPrint_std_dev_AGNI_dir=x_eta=1_88e+00": 0.06763467245274196,
    "YangSolidSolution_Yang_delta": 0.05677614554570913,
    "ValenceOrbital_frac_d_valence_electrons": 0.054604763251766934,
    "ElementProperty_MagpieData_mean_NdValence": 0.053299376882060996,
    "ElementProperty_MagpieData_maximum_NdUnfilled": 0.04716558128986401,
    "VoronoiFingerprint_std_dev_Voro_dist_minimum": 0.04605121416546063,
    "ElementProperty_MagpieData_maximum_GSvolume_pa": 0.04582901387256301,
    "MaximumPackingEfficiency_max_packing_efficiency": 0.04505012422636918,
    "ElementProperty_MagpieData_range_NsUnfilled": 0.04453251563586256,
    "ElementProperty_MagpieData_maximum_CovalentRadius": 0.043898848824978944,
    "BondOrientationParameter_mean_BOOP_Q_l=6": 0.0435689134443853,
    "ElementProperty_MagpieData_range_GSvolume_pa": 0.04060622505106775,
    "CrystalNNFingerprint_mean_hexagonal_bipyramidal_CN_8": 0.04044199597442127,
    "ElementProperty_MagpieData_minimum_Number": 0.03941253035723387,
    "ElementProperty_MagpieData_mode_NValence": 0.03920809301076402,
    "ElementProperty_MagpieData_range_MendeleevNumber": 0.03878314035124429,
    "MEGNet_OFMEncoded_v1_133": 0.037487407572051004,
    "YangSolidSolution_Yang_omega": 0.03676202393008487
}