{
    "ChemEnvSiteFingerprint_mean_C:8": 3.053259644183402,
    "MaximumPackingEfficiency_max_packing_efficiency": 1.2184429556472272,
    "CrystalNNFingerprint_mean_body-centered_cubic_CN_8": 0.7515147308249599,
    "XRDPowderPattern_xrd_36": 0.42480891530921755,
    "BondOrientationParameter_mean_BOOP_Q_l=10": 0.40638040090064814,
    "ElementProperty_MagpieData_mean_CovalentRadius": 0.28687266242874965,
    "XRDPowderPattern_xrd_35": 0.25653591431385087,
    "ElementProperty_MagpieData_maximum_Electronegativity": 0.2563761624257837,
    "OPSiteFingerprint_mean_body-centered_cubic_CN_8": 0.2165126598895278,
    "AGNIFingerPrint_std_dev_AGNI_dir=x_eta=4_43e+00": 0.19780469966700784,
    "MEGNet_OFMEncoded_v1_166": 0.13704503519637212,
    "ElementProperty_MagpieData_maximum_NfUnfilled": 0.12980455291163057,
    "AverageBondAngle_mean_Average_bond_angle": 0.12187614162492338,
    "ElementProperty_MagpieData_maximum_MendeleevNumber": 0.1151436722714872,
    "GaussianSymmFunc_mean_G2_20_0": 0.11216762432754379,
    "ElementProperty_MagpieData_mean_Row": 0.08127065579635352,
    "ElementProperty_MagpieData_avg_dev_Row": 0.07993302581637403,
    "ElementProperty_MagpieData_minimum_CovalentRadius": 0.07504194107671736,
    "CrystalNNFingerprint_mean_wt_CN_8": 0.0713421670223809,
    "ElementProperty_MagpieData_mode_CovalentRadius": 0.07007271288098095,
    "ElementProperty_MagpieData_maximum_NdUnfilled": 0.0635690938592346,
    "ValenceOrbital_frac_p_valence_electrons": 0.06019740236213129,
    "ElementProperty_MagpieData_mean_AtomicWeight": 0.05854159647474638,
    "ElementProperty_MagpieData_mean_MeltingT": 0.05669191720454823,
    "ValenceOrbital_frac_f_valence_electrons": 0.05604042915860501,
    "SineCoulombMatrix_sine_coulomb_matrix_eig_3": 0.053847946486233866,
    "ElementProperty_MagpieData_minimum_Number": 0.05301240975107464,
    "ElementProperty_MagpieData_avg_dev_NdValence": 0.05249258209708887,
    "MEGNet_OFMEncoded_v1_172": 0.051930156101244185,
    "GaussianSymmFunc_mean_G2_80_0": 0.05183513234332508
}