{
    "AGNIFingerPrint_std_dev_AGNI_eta=8_00e-01": 0.9841896069105049,
    "AGNIFingerPrint_mean_AGNI_eta=8_00e-01": 0.7068433654688997,
    "GeneralizedRDF_mean_Gaussian_center=0_0_width=1_0": 0.6743429209769944,
    "GeneralizedRDF_std_dev_Gaussian_center=0_0_width=1_0": 0.6610667121427579,
    "ElementProperty_MagpieData_mean_GSbandgap": 0.49929938112998334,
    "ElementProperty_MagpieData_mode_NsUnfilled": 0.3517909263336593,
    "GaussianSymmFunc_std_dev_G2_80_0": 0.24414489332005135,
    "OPSiteFingerprint_mean_body-centered_cubic_CN_8": 0.19171297215401126,
    "ChemEnvSiteFingerprint_mean_C:8": 0.16750710386535256,
    "ElementFraction_H": 0.16726612906793523,
    "DensityFeatures_packing_fraction": 0.12966162694632158,
    "YangSolidSolution_Yang_delta": 0.11474655821836723,
    "CrystalNNFingerprint_mean_body-centered_cubic_CN_8": 0.10550287977274686,
    "ElementProperty_MagpieData_mode_SpaceGroupNumber": 0.10288993357845404,
    "ElementProperty_MagpieData_maximum_NdValence": 0.10224263757346669,
    "ElementFraction_Li": 0.09900594776482015,
    "ElementProperty_MagpieData_mean_CovalentRadius": 0.09024156343014306,
    "ElementProperty_MagpieData_mode_Number": 0.08003879933960553,
    "BandCenter_band_center": 0.0789515896401556,
    "ElementProperty_MagpieData_mean_NpValence": 0.07741217387053108,
    "ElementProperty_MagpieData_mean_NfUnfilled": 0.07689582634905937,
    "ElementProperty_MagpieData_mean_MendeleevNumber": 0.07502825283870994,
    "CrystalNNFingerprint_std_dev_wt_CN_1": 0.07275068995855763,
    "YangSolidSolution_Yang_omega": 0.07126006430986447,
    "AGNIFingerPrint_std_dev_AGNI_dir=y_eta=1_23e+00": 0.0627928655644647,
    "ElementProperty_MagpieData_mean_GSmagmom": 0.05844190940044766,
    "OxidationStates_minimum_oxidation_state": 0.05792811739285213,
    "CrystalNNFingerprint_mean_wt_CN_1": 0.0546990862943103,
    "ElementProperty_MagpieData_range_MeltingT": 0.0545607765059804,
    "MEGNet_OFMEncoded_v1_180": 0.051910792466515365
}