{
    "AGNIFingerPrint_std_dev_AGNI_eta=8_00e-01": 0.2211874378905646,
    "GaussianSymmFunc_mean_G2_80_0": 0.1884604245506989,
    "ElementProperty_MagpieData_maximum_Number": 0.14838007698655648,
    "GaussianSymmFunc_std_dev_G2_80_0": 0.1028174794522696,
    "AGNIFingerPrint_mean_AGNI_eta=8_00e-01": 0.08767274962725644,
    "ElementProperty_MagpieData_maximum_NdValence": 0.0856635769110964,
    "ElementProperty_MagpieData_mean_NsUnfilled": 0.06880082030850607,
    "ElementProperty_MagpieData_minimum_MendeleevNumber": 0.06825788401719719,
    "ElementProperty_MagpieData_avg_dev_GSvolume_pa": 0.06788916948324067,
    "ElementProperty_MagpieData_range_GSbandgap": 0.06786950660887964,
    "ElementFraction_H": 0.06273492233427008,
    "ElementProperty_MagpieData_mode_GSvolume_pa": 0.060713932637735356,
    "TMetalFraction_transition_metal_fraction": 0.052912005917638096,
    "ElementProperty_MagpieData_mean_NdValence": 0.05083535939885367,
    "ElementProperty_MagpieData_mode_GSbandgap": 0.04989186773878776,
    "DensityFeatures_density": 0.04237070340910923,
    "ElementProperty_MagpieData_minimum_Number": 0.03775784774317437,
    "MEGNet_OFMEncoded_v1_147": 0.03700506177984331,
    "ElementProperty_MagpieData_maximum_MendeleevNumber": 0.036157930492138314,
    "ElementProperty_MagpieData_maximum_NValence": 0.03582090512336771,
    "GeneralizedRDF_std_dev_Gaussian_center=0_0_width=1_0": 0.03565604910891728,
    "ElementProperty_MagpieData_range_GSvolume_pa": 0.03541005684160185,
    "ElementProperty_MagpieData_mean_NfValence": 0.03245601278266896,
    "ElementProperty_MagpieData_minimum_NUnfilled": 0.031607046700032525,
    "ElementProperty_MagpieData_mean_Column": 0.03003870979790992,
    "ElementProperty_MagpieData_range_Row": 0.029917818111891658,
    "DensityFeatures_packing_fraction": 0.02957826621585148,
    "ElementProperty_MagpieData_minimum_GSvolume_pa": 0.028257746221204527,
    "ElementProperty_MagpieData_mode_MeltingT": 0.02692679161633897,
    "ElementProperty_MagpieData_minimum_MeltingT": 0.02672683373602354
}