{
    "AGNIFingerPrint_std_dev_AGNI_eta=8_00e-01": 0.2570027533634408,
    "ElementProperty_MagpieData_range_NfValence": 0.2463160632270745,
    "AGNIFingerPrint_mean_AGNI_eta=8_00e-01": 0.24560309580047407,
    "ElementProperty_MagpieData_maximum_NValence": 0.2387600902462016,
    "GaussianSymmFunc_mean_G2_80_0": 0.2057382410432385,
    "GaussianSymmFunc_std_dev_G2_80_0": 0.14802278558148357,
    "ElementProperty_MagpieData_mean_GSbandgap": 0.09541707058149665,
    "ElementProperty_MagpieData_maximum_Number": 0.09384307220718979,
    "ElementProperty_MagpieData_minimum_CovalentRadius": 0.08723495503921211,
    "CrystalNNFingerprint_mean_q6_CN_12": 0.08476893745889551,
    "ValenceOrbital_frac_d_valence_electrons": 0.08020585565862315,
    "ElementProperty_MagpieData_maximum_NfUnfilled": 0.07703009950937714,
    "OPSiteFingerprint_mean_body-centered_cubic_CN_8": 0.07569974224514216,
    "ElementProperty_MagpieData_avg_dev_NfUnfilled": 0.07024104233128974,
    "ElementProperty_MagpieData_minimum_Electronegativity": 0.0691970663821169,
    "GeneralizedRDF_mean_Gaussian_center=3_0_width=1_0": 0.06639534982510346,
    "GeneralizedRDF_std_dev_Gaussian_center=3_0_width=1_0": 0.06529480848112501,
    "ElementProperty_MagpieData_maximum_CovalentRadius": 0.06308960220546003,
    "GeneralizedRDF_mean_Gaussian_center=2_0_width=1_0": 0.06216276174837783,
    "ElementProperty_MagpieData_range_NsUnfilled": 0.06190531896284718,
    "ElementProperty_MagpieData_maximum_NsUnfilled": 0.05954255737927823,
    "ElementProperty_MagpieData_mean_NfUnfilled": 0.0590268157418637,
    "ElementProperty_MagpieData_mean_NfValence": 0.05846762157743246,
    "ElementProperty_MagpieData_mode_GSbandgap": 0.058245703953359686,
    "ElementProperty_MagpieData_avg_dev_NsUnfilled": 0.054008900773713134,
    "CoulombMatrix_coulomb_matrix_eig_0": 0.05019122260519721,
    "ElementProperty_MagpieData_avg_dev_GSmagmom": 0.04951725200712023,
    "CrystalNNFingerprint_mean_linear_CN_2": 0.04704293452175987,
    "GeneralizedRDF_mean_Gaussian_center=0_0_width=1_0": 0.04614123909234214,
    "ElementFraction_H": 0.04291827802869581
}