{
    "ChemEnvSiteFingerprint_mean_C:8": 1.201361626497732,
    "ElementProperty_MagpieData_mean_CovalentRadius": 0.2933969027126989,
    "OPSiteFingerprint_mean_body-centered_cubic_CN_8": 0.28313066096457634,
    "CrystalNNFingerprint_mean_body-centered_cubic_CN_8": 0.27777195829490486,
    "AverageBondLength_std_dev_Average_bond_length": 0.23898904391403922,
    "AverageBondAngle_mean_Average_bond_angle": 0.1470155677048455,
    "AGNIFingerPrint_std_dev_AGNI_dir=x_eta=1_88e+00": 0.14585318229777072,
    "CrystalNNFingerprint_mean_wt_CN_8": 0.07834320877813111,
    "StructuralHeterogeneity_min_relative_bond_length": 0.07166379457860876,
    "ElementProperty_MagpieData_avg_dev_NdValence": 0.06738464993365953,
    "DensityFeatures_packing_fraction": 0.0636768940979357,
    "GeneralizedRDF_std_dev_Gaussian_center=5_0_width=1_0": 0.06336956762434032,
    "MEGNet_OFMEncoded_v1_86": 0.062122804306550414,
    "GeneralizedRDF_std_dev_Gaussian_center=4_0_width=1_0": 0.05886419621956236,
    "ElementProperty_MagpieData_mean_MendeleevNumber": 0.05865917361912082,
    "ElementProperty_MagpieData_range_NdValence": 0.05713662592202502,
    "MaximumPackingEfficiency_max_packing_efficiency": 0.05193423347067326,
    "BandCenter_band_center": 0.049360511988600184,
    "ElementProperty_MagpieData_avg_dev_GSmagmom": 0.04834367514802489,
    "ElementProperty_MagpieData_mode_Number": 0.044822006253382736,
    "CrystalNNFingerprint_mean_T-shaped_CN_3": 0.04017777385866419,
    "ElementProperty_MagpieData_avg_dev_SpaceGroupNumber": 0.03908348038673228,
    "BondOrientationParameter_mean_BOOP_Q_l=2": 0.037233661842411545,
    "ElementProperty_MagpieData_range_AtomicWeight": 0.037183460360946614,
    "ElementProperty_MagpieData_avg_dev_NfUnfilled": 0.03705294259264909,
    "CrystalNNFingerprint_mean_wt_CN_3": 0.03628027959500453,
    "ElementProperty_MagpieData_mean_NsUnfilled": 0.035789169568111616,
    "ElementProperty_MagpieData_mode_NpUnfilled": 0.03556251782533986,
    "ElementProperty_MagpieData_avg_dev_NsUnfilled": 0.033897093115441986,
    "XRDPowderPattern_xrd_35": 0.03374824122806364
}