{
    "GaussianSymmFunc_mean_G2_80_0": 0.266827084844184,
    "GaussianSymmFunc_std_dev_G2_80_0": 0.20734453204122072,
    "ElementProperty_MagpieData_minimum_MendeleevNumber": 0.15973044087609814,
    "AGNIFingerPrint_mean_AGNI_eta=8_00e-01": 0.14498885361284838,
    "AGNIFingerPrint_std_dev_AGNI_eta=8_00e-01": 0.1415946726299045,
    "ValenceOrbital_frac_s_valence_electrons": 0.12799574077403356,
    "ElementProperty_MagpieData_mean_MendeleevNumber": 0.10937275965915647,
    "ElementProperty_MagpieData_range_GSbandgap": 0.10258166078501474,
    "ElementProperty_MagpieData_mean_NValence": 0.09381572271880931,
    "ElementProperty_MagpieData_mean_NsValence": 0.08284747551142013,
    "ElementProperty_MagpieData_range_NfValence": 0.08273467497753345,
    "ElementProperty_MagpieData_mean_NpValence": 0.0672606746667018,
    "ElementProperty_MagpieData_mode_GSbandgap": 0.063748051239409,
    "ElementProperty_MagpieData_minimum_Number": 0.059766543139183094,
    "ElementProperty_MagpieData_mean_NsUnfilled": 0.058272586166953425,
    "ElementProperty_MagpieData_mean_GSbandgap": 0.05811302373962857,
    "ElementProperty_MagpieData_maximum_NdValence": 0.05739384601486783,
    "ElementProperty_MagpieData_mean_NfUnfilled": 0.05738791598741794,
    "TMetalFraction_transition_metal_fraction": 0.05582867992162143,
    "ElementProperty_MagpieData_maximum_NfUnfilled": 0.0539257419858264,
    "ElementProperty_MagpieData_mean_NUnfilled": 0.051843546718108494,
    "GeneralizedRDF_std_dev_Gaussian_center=0_0_width=1_0": 0.05020795423849391,
    "GeneralizedRDF_std_dev_Gaussian_center=3_0_width=1_0": 0.04911672188840271,
    "ElementProperty_MagpieData_minimum_NValence": 0.04746665017337768,
    "ElementProperty_MagpieData_range_NdValence": 0.04703399281287336,
    "MEGNet_OFMEncoded_v1_68": 0.04392060583321451,
    "CrystalNNFingerprint_mean_octahedral_CN_6": 0.04259093526614947,
    "ElementFraction_S": 0.040750520369409855,
    "ElementProperty_MagpieData_mean_GSmagmom": 0.040720490422426876,
    "ElementProperty_MagpieData_mean_AtomicWeight": 0.03725951924006785
}