{
    "ChemEnvSiteFingerprint_mean_C:8": 0.70210263159987,
    "OPSiteFingerprint_mean_body-centered_cubic_CN_8": 0.5199764028936904,
    "AverageBondAngle_mean_Average_bond_angle": 0.2329125773014614,
    "CrystalNNFingerprint_mean_body-centered_cubic_CN_8": 0.19608838772040768,
    "ElementProperty_MagpieData_mean_CovalentRadius": 0.18241986350996126,
    "ElementProperty_MagpieData_maximum_Number": 0.16097743259470992,
    "AGNIFingerPrint_std_dev_AGNI_dir=x_eta=2_89e+00": 0.1250479430365147,
    "ElementProperty_MagpieData_maximum_CovalentRadius": 0.1124847997170355,
    "AGNIFingerPrint_mean_AGNI_eta=8_00e-01": 0.09611389298590925,
    "ElementProperty_MagpieData_maximum_GSbandgap": 0.08399506581913657,
    "ElementProperty_MagpieData_maximum_NdUnfilled": 0.07953297026620251,
    "MaximumPackingEfficiency_max_packing_efficiency": 0.07339994168708641,
    "BondOrientationParameter_mean_BOOP_Q_l=3": 0.07155015521517699,
    "ChemEnvSiteFingerprint_mean_T:4": 0.07051320595261734,
    "ElementProperty_MagpieData_mean_NdValence": 0.06331787182233353,
    "ElementProperty_MagpieData_mean_GSvolume_pa": 0.06237550702644651,
    "ElementProperty_MagpieData_avg_dev_GSmagmom": 0.05587008153859662,
    "ElementProperty_MagpieData_mean_NsUnfilled": 0.051140660588874336,
    "ElementProperty_MagpieData_range_GSmagmom": 0.048099662026675524,
    "StructuralHeterogeneity_mean_neighbor_distance_variation": 0.04242555579767583,
    "CrystalNNFingerprint_mean_q6_CN_12": 0.040567595993995315,
    "CrystalNNFingerprint_mean_wt_CN_8": 0.040048600842848274,
    "ValenceOrbital_frac_d_valence_electrons": 0.03988477640056521,
    "ElementProperty_MagpieData_range_GSbandgap": 0.03856650940831114,
    "BondOrientationParameter_mean_BOOP_Q_l=7": 0.033051568931525874,
    "MEGNet_OFMEncoded_v1_158": 0.03245793918387165,
    "ElementProperty_MagpieData_mean_NpUnfilled": 0.0324494071849442,
    "ElementProperty_MagpieData_mean_GSmagmom": 0.03232309283205996,
    "ElementProperty_MagpieData_mean_NpValence": 0.03151468344815167,
    "ElementProperty_MagpieData_minimum_Number": 0.03086801562412576
}