{
    "ChemEnvSiteFingerprint_mean_C:8": 0.8662093045660582,
    "OPSiteFingerprint_mean_body-centered_cubic_CN_8": 0.3660001354865333,
    "CrystalNNFingerprint_mean_body-centered_cubic_CN_8": 0.3422493641203988,
    "ElementProperty_MagpieData_mean_CovalentRadius": 0.2188169913779338,
    "AverageBondAngle_mean_Average_bond_angle": 0.14962727008879356,
    "MaximumPackingEfficiency_max_packing_efficiency": 0.1089154893103514,
    "ElementProperty_MagpieData_maximum_NdUnfilled": 0.08779087922621623,
    "AGNIFingerPrint_std_dev_AGNI_dir=x_eta=4_43e+00": 0.07519503461665769,
    "AGNIFingerPrint_std_dev_AGNI_dir=x_eta=1_88e+00": 0.07103464661173649,
    "ElementProperty_MagpieData_avg_dev_NfUnfilled": 0.06878384668459107,
    "ElementProperty_MagpieData_maximum_MendeleevNumber": 0.06050969295684832,
    "ElementProperty_MagpieData_maximum_Number": 0.059843116398828076,
    "ElementProperty_MagpieData_mean_NsUnfilled": 0.05257073101908413,
    "BondOrientationParameter_mean_BOOP_Q_l=10": 0.050968310123781196,
    "ElementProperty_MagpieData_mean_GSbandgap": 0.05025451473971251,
    "ElementProperty_MagpieData_mean_Row": 0.048936165120414675,
    "ElementProperty_MagpieData_mean_NpValence": 0.04293773508220177,
    "ElementFraction_Li": 0.04121959497207958,
    "BandCenter_band_center": 0.040262806263305584,
    "ElementProperty_MagpieData_range_AtomicWeight": 0.036804842232026895,
    "BondOrientationParameter_mean_BOOP_Q_l=6": 0.03643183844511964,
    "MEGNet_OFMEncoded_v1_86": 0.03624793316757881,
    "ElementProperty_MagpieData_maximum_NsUnfilled": 0.03418147509274916,
    "ElementProperty_MagpieData_mean_NdUnfilled": 0.034165004020763425,
    "ElementProperty_MagpieData_mean_Number": 0.03253633433774424,
    "XRDPowderPattern_xrd_35": 0.0307936072923365,
    "ElementProperty_MagpieData_minimum_SpaceGroupNumber": 0.0305187963137924,
    "OPSiteFingerprint_std_dev_sgl_bd_CN_1": 0.030478222561697157,
    "GeneralizedRDF_mean_Gaussian_center=1_0_width=1_0": 0.02908321502843732,
    "CrystalNNFingerprint_mean_rectangular_see-saw-like_CN_4": 0.028999302258934597
}