{
    "ChemEnvSiteFingerprint_mean_C:8": 3.3169920269321826,
    "MaximumPackingEfficiency_max_packing_efficiency": 0.8680670861672246,
    "XRDPowderPattern_xrd_36": 0.6996832100597523,
    "CrystalNNFingerprint_mean_body-centered_cubic_CN_8": 0.5922396327323816,
    "BondOrientationParameter_mean_BOOP_Q_l=10": 0.3678211282975833,
    "ElementProperty_MagpieData_mean_NpValence": 0.29672928927032916,
    "XRDPowderPattern_xrd_35": 0.25062968955018805,
    "ElementProperty_MagpieData_maximum_Electronegativity": 0.2178228198194278,
    "ElementProperty_MagpieData_mean_CovalentRadius": 0.2171346651791869,
    "CrystalNNFingerprint_mean_wt_CN_8": 0.13491589979945728,
    "ValenceOrbital_frac_p_valence_electrons": 0.10709039692204142,
    "ElementProperty_MagpieData_maximum_NdUnfilled": 0.1037842856025206,
    "ElementProperty_MagpieData_mean_Number": 0.09655171873918975,
    "ElementProperty_MagpieData_avg_dev_CovalentRadius": 0.09523194529784243,
    "ElementProperty_MagpieData_avg_dev_NdValence": 0.09391128810410224,
    "GaussianSymmFunc_mean_G2_20_0": 0.0931545260308649,
    "ElementProperty_MagpieData_maximum_NfValence": 0.08960760987687581,
    "MEGNet_OFMEncoded_v1_102": 0.08603705463954038,
    "GeneralizedRDF_mean_Gaussian_center=5_0_width=1_0": 0.08510877899777211,
    "OPSiteFingerprint_mean_body-centered_cubic_CN_8": 0.08347827429087919,
    "XRDPowderPattern_xrd_34": 0.07550705863323029,
    "ElementProperty_MagpieData_maximum_MendeleevNumber": 0.07338839443456997,
    "ElementProperty_MagpieData_maximum_NfUnfilled": 0.07045799636063456,
    "ElementProperty_MagpieData_avg_dev_NfUnfilled": 0.06949381643136224,
    "MEGNet_OFMEncoded_v1_32": 0.06901651659476596,
    "MEGNet_OFMEncoded_v1_118": 0.06531047241497355,
    "ElementProperty_MagpieData_mean_NfValence": 0.06515263488055761,
    "CrystalNNFingerprint_mean_wt_CN_14": 0.06322370717209087,
    "GeneralizedRDF_std_dev_Gaussian_center=9_0_width=1_0": 0.05809193022439794,
    "GaussianSymmFunc_std_dev_G2_80_0": 0.05723200666228428
}