{
    "GaussianSymmFunc_std_dev_G2_80_0": 0.49380924733824255,
    "ElementFraction_O": 0.4466852065064571,
    "ElementProperty_MagpieData_maximum_Electronegativity": 0.4423008923545727,
    "GaussianSymmFunc_mean_G2_80_0": 0.2870779227775219,
    "ElementProperty_MagpieData_mode_Electronegativity": 0.19428765642158713,
    "ElementProperty_MagpieData_mean_Number": 0.0966427914064232,
    "AGNIFingerPrint_mean_AGNI_eta=8_00e-01": 0.08659026864085878,
    "ElementProperty_MagpieData_mode_Number": 0.07518168982610392,
    "AGNIFingerPrint_std_dev_AGNI_eta=8_00e-01": 0.06816114656043201,
    "GeneralizedRDF_mean_Gaussian_center=0_0_width=1_0": 0.06275384887145957,
    "AGNIFingerPrint_std_dev_AGNI_dir=y_eta=8_00e-01": 0.04022955493178672,
    "AGNIFingerPrint_std_dev_AGNI_dir=z_eta=8_00e-01": 0.03745314005956533,
    "MaximumPackingEfficiency_max_packing_efficiency": 0.035990464155100425,
    "ElementProperty_MagpieData_avg_dev_Column": 0.035662947245684966,
    "ElementProperty_MagpieData_mean_NdValence": 0.032899377931128015,
    "AGNIFingerPrint_mean_AGNI_eta=1_23e+00": 0.03255066352121019,
    "AGNIFingerPrint_std_dev_AGNI_dir=x_eta=8_00e-01": 0.030254243900686335,
    "ElementProperty_MagpieData_mean_NpValence": 0.02958236887614616,
    "ElementProperty_MagpieData_maximum_Column": 0.028020097626418876,
    "GeneralizedRDF_std_dev_Gaussian_center=0_0_width=1_0": 0.027209264783582647,
    "ElementProperty_MagpieData_mean_GSbandgap": 0.024235050691263235,
    "ElementProperty_MagpieData_mean_NfUnfilled": 0.022837824472529706,
    "ElementProperty_MagpieData_mode_MeltingT": 0.02182792679609332,
    "ElementFraction_Mg": 0.021455042579531035,
    "OPSiteFingerprint_mean_q6_CN_12": 0.02062990737866957,
    "CrystalNNFingerprint_mean_cuboctahedral_CN_12": 0.020490707820629884,
    "OPSiteFingerprint_mean_sgl_bd_CN_1": 0.020040553988176654,
    "XRDPowderPattern_xrd_28": 0.01960259451780324,
    "ElementProperty_MagpieData_mean_Column": 0.01960250859614094,
    "ElementProperty_MagpieData_avg_dev_NpUnfilled": 0.018867866260038522
}