{
    "GaussianSymmFunc_std_dev_G2_80_0": 0.26301547390632396,
    "GaussianSymmFunc_mean_G2_80_0": 0.2432325707375386,
    "AGNIFingerPrint_mean_AGNI_eta=8_00e-01": 0.14562880722899665,
    "AGNIFingerPrint_std_dev_AGNI_eta=8_00e-01": 0.12138727930563621,
    "ElementProperty_MagpieData_mode_MeltingT": 0.11128531152656344,
    "ElementProperty_MagpieData_range_NsUnfilled": 0.09997308861392931,
    "ElementProperty_MagpieData_avg_dev_CovalentRadius": 0.09924255976221659,
    "ElementProperty_MagpieData_avg_dev_NpUnfilled": 0.09749093207147187,
    "ElementProperty_MagpieData_minimum_MendeleevNumber": 0.0810122497690813,
    "ElementProperty_MagpieData_range_NfValence": 0.07551495050297218,
    "ElementProperty_MagpieData_minimum_MeltingT": 0.0709341260469753,
    "ElementProperty_MagpieData_mean_Row": 0.06616758684153404,
    "ElementProperty_MagpieData_minimum_Number": 0.06339563010994745,
    "ElementProperty_MagpieData_maximum_NfValence": 0.053032010356087185,
    "ElementProperty_MagpieData_mean_GSbandgap": 0.047160146857254615,
    "ElementProperty_MagpieData_maximum_NdUnfilled": 0.04689833848301703,
    "GeneralizedRDF_std_dev_Gaussian_center=0_0_width=1_0": 0.043222509523533695,
    "ElementProperty_MagpieData_avg_dev_NpValence": 0.04193822479898227,
    "ElementProperty_MagpieData_mean_NdValence": 0.041329220473415584,
    "ElementProperty_MagpieData_maximum_NdValence": 0.03900995467700522,
    "MEGNet_OFMEncoded_v1_69": 0.037283228705533245,
    "CrystalNNFingerprint_mean_tetrahedral_CN_4": 0.034149957319318344,
    "MEGNet_OFMEncoded_v1_23": 0.03342400447373529,
    "CrystalNNFingerprint_mean_wt_CN_4": 0.032637849402878276,
    "ElementProperty_MagpieData_minimum_GSvolume_pa": 0.030769798212231962,
    "ElementProperty_MagpieData_mode_GSbandgap": 0.030744434569036076,
    "ElementProperty_MagpieData_mode_MendeleevNumber": 0.029619501639689932,
    "ElementProperty_MagpieData_minimum_NsValence": 0.029596008979677173,
    "OPSiteFingerprint_mean_cuboctahedral_CN_12": 0.02859362408673187,
    "ElementFraction_H": 0.028512598023882237
}