{
    "ChemEnvSiteFingerprint_mean_C:8": 0.5033849163347882,
    "OPSiteFingerprint_mean_body-centered_cubic_CN_8": 0.40553419302701943,
    "CrystalNNFingerprint_mean_body-centered_cubic_CN_8": 0.167249572343973,
    "AGNIFingerPrint_mean_AGNI_eta=8_00e-01": 0.12722570683818285,
    "AverageBondAngle_mean_Average_bond_angle": 0.11853683614704255,
    "ElementProperty_MagpieData_mean_CovalentRadius": 0.09989534738655158,
    "ValenceOrbital_frac_f_valence_electrons": 0.07654372059050828,
    "GeneralizedRDF_std_dev_Gaussian_center=3_0_width=1_0": 0.058178397730165844,
    "ElementProperty_MagpieData_maximum_NfValence": 0.05542132233496446,
    "AGNIFingerPrint_std_dev_AGNI_dir=x_eta=2_89e+00": 0.05104508966143171,
    "ElementProperty_MagpieData_mean_NpValence": 0.04900805869708045,
    "AverageBondLength_std_dev_Average_bond_length": 0.046514425236475025,
    "AGNIFingerPrint_std_dev_AGNI_dir=x_eta=4_43e+00": 0.042142484928227364,
    "XRDPowderPattern_xrd_36": 0.04187387048748762,
    "ElementProperty_MagpieData_maximum_MendeleevNumber": 0.0400360289584727,
    "CrystalNNFingerprint_mean_wt_CN_14": 0.03883970323718342,
    "CrystalNNFingerprint_mean_wt_CN_8": 0.03671633146887771,
    "GeneralizedRDF_mean_Gaussian_center=3_0_width=1_0": 0.036514249631514985,
    "ElementProperty_MagpieData_mode_GSvolume_pa": 0.03470478958568959,
    "ValenceOrbital_frac_s_valence_electrons": 0.03322429496320721,
    "ElementProperty_MagpieData_maximum_MeltingT": 0.03171643069533774,
    "ElementProperty_MagpieData_range_MeltingT": 0.031598544243250044,
    "CrystalNNFingerprint_mean_hexagonal_bipyramidal_CN_8": 0.031405645273230545,
    "GaussianSymmFunc_std_dev_G2_80_0": 0.030681130964752574,
    "ElementProperty_MagpieData_mean_AtomicWeight": 0.02860694357685432,
    "ElementProperty_MagpieData_range_GSvolume_pa": 0.026477075097069917,
    "ElementProperty_MagpieData_maximum_Number": 0.025844542295379854,
    "AGNIFingerPrint_mean_AGNI_eta=1_88e+00": 0.025741296577615154,
    "GaussianSymmFunc_mean_G2_20_0": 0.025544236353194937,
    "MaximumPackingEfficiency_max_packing_efficiency": 0.024249142169326696
}