{
    "MaximumPackingEfficiency_max_packing_efficiency": 2.294414152217369,
    "ElementProperty_MagpieData_minimum_MeltingT": 0.18412101011020934,
    "CrystalNNFingerprint_mean_body-centered_cubic_CN_8": 0.17718381610786374,
    "ValenceOrbital_frac_p_valence_electrons": 0.16585489426744926,
    "OPSiteFingerprint_std_dev_q2_CN_12": 0.15859748501791687,
    "AverageBondLength_std_dev_Average_bond_length": 0.14593083253060624,
    "ElementProperty_MagpieData_maximum_Electronegativity": 0.12434149205239363,
    "ElementProperty_MagpieData_mode_CovalentRadius": 0.11037496852092467,
    "ChemEnvSiteFingerprint_mean_C:8": 0.10827291320126615,
    "ElementProperty_MagpieData_mean_CovalentRadius": 0.08028409119694678,
    "AverageBondAngle_mean_Average_bond_angle": 0.07543007924459268,
    "ElementProperty_MagpieData_maximum_MendeleevNumber": 0.07340758963176326,
    "ElementProperty_MagpieData_avg_dev_CovalentRadius": 0.07333347097977969,
    "XRDPowderPattern_xrd_36": 0.06993321807314516,
    "ElementProperty_MagpieData_minimum_CovalentRadius": 0.06983863753419252,
    "CrystalNNFingerprint_mean_q6_CN_12": 0.06526168261612941,
    "XRDPowderPattern_xrd_52": 0.0590129427003477,
    "OPSiteFingerprint_mean_body-centered_cubic_CN_8": 0.05812426188374647,
    "XRDPowderPattern_xrd_34": 0.056382022047371416,
    "AGNIFingerPrint_mean_AGNI_eta=8_00e-01": 0.05540326381942119,
    "OPSiteFingerprint_mean_q2_CN_12": 0.0531927297996777,
    "MEGNet_OFMEncoded_v1_19": 0.051036176183928764,
    "CrystalNNFingerprint_mean_wt_CN_14": 0.050705631141754144,
    "GeneralizedRDF_std_dev_Gaussian_center=3_0_width=1_0": 0.04980853866580716,
    "ElementProperty_MagpieData_mean_NpValence": 0.04843671997747988,
    "ElementProperty_MagpieData_maximum_NdUnfilled": 0.04809526894156825,
    "CrystalNNFingerprint_std_dev_q6_CN_12": 0.04747305121166184,
    "BondOrientationParameter_mean_BOOP_Q_l=4": 0.046035484542354746,
    "StructuralHeterogeneity_maximum_neighbor_distance_variation": 0.04301850573361572,
    "BondOrientationParameter_mean_BOOP_Q_l=2": 0.04222079344986458
}