{
    "GaussianSymmFunc_mean_G2_80_0": 0.24691259582062272,
    "ElementProperty_MagpieData_maximum_NValence": 0.12025315840487934,
    "ElementFraction_Li": 0.08667808768649686,
    "ElementProperty_MagpieData_maximum_Number": 0.08376218905844926,
    "ElementProperty_MagpieData_minimum_MendeleevNumber": 0.08092705216432125,
    "ElementProperty_MagpieData_mode_GSbandgap": 0.05852753831129031,
    "ElementProperty_MagpieData_mean_GSmagmom": 0.055935491582394706,
    "ElementFraction_O": 0.054207153584555974,
    "AGNIFingerPrint_std_dev_AGNI_eta=8_00e-01": 0.05059690088890078,
    "AGNIFingerPrint_std_dev_AGNI_dir=y_eta=8_00e-01": 0.04536310968093729,
    "ElementProperty_MagpieData_avg_dev_NpValence": 0.04490830783335293,
    "ElementProperty_MagpieData_mean_MendeleevNumber": 0.043995283913888475,
    "ElementProperty_MagpieData_mean_NpValence": 0.04116131884722853,
    "AGNIFingerPrint_mean_AGNI_eta=8_00e-01": 0.03861765329221235,
    "GeneralizedRDF_mean_Gaussian_center=4_0_width=1_0": 0.03664673313151822,
    "ElementProperty_MagpieData_mode_MendeleevNumber": 0.0362253796984544,
    "BandCenter_band_center": 0.03619083478468165,
    "AtomicOrbitals_LUMO_element": 0.03352386537488335,
    "ElementProperty_MagpieData_mode_NdValence": 0.0328587439139091,
    "XRDPowderPattern_xrd_64": 0.03280698098407378,
    "GeneralizedRDF_mean_Gaussian_center=2_0_width=1_0": 0.03201969025378842,
    "YangSolidSolution_Yang_delta": 0.030954177754614724,
    "ElementProperty_MagpieData_maximum_GSbandgap": 0.02989155971375067,
    "GaussianSymmFunc_std_dev_G2_80_0": 0.029438182553052392,
    "ElementFraction_S": 0.02939313994343903,
    "ElementProperty_MagpieData_mean_NdUnfilled": 0.029298050077999453,
    "ElementProperty_MagpieData_mode_Electronegativity": 0.029057729763591007,
    "ElementProperty_MagpieData_minimum_Number": 0.027016498133123207,
    "XRDPowderPattern_xrd_67": 0.02667487470342188,
    "StructuralHeterogeneity_mean_neighbor_distance_variation": 0.026521724281082303
}