{
    "ChemEnvSiteFingerprint_mean_C:8": 3.444662319926303,
    "MaximumPackingEfficiency_max_packing_efficiency": 0.8800159959789575,
    "CrystalNNFingerprint_mean_body-centered_cubic_CN_8": 0.8377223366729007,
    "XRDPowderPattern_xrd_36": 0.6717461797557018,
    "ElementProperty_MagpieData_mean_CovalentRadius": 0.3527701015624832,
    "BondOrientationParameter_mean_BOOP_Q_l=10": 0.34707275275071253,
    "OPSiteFingerprint_mean_body-centered_cubic_CN_8": 0.21858628234565367,
    "BondOrientationParameter_mean_BOOP_Q_l=6": 0.2073300461892273,
    "XRDPowderPattern_xrd_35": 0.17630121097711138,
    "ElementProperty_MagpieData_avg_dev_CovalentRadius": 0.14744196612432225,
    "CrystalNNFingerprint_mean_wt_CN_14": 0.1444356683972487,
    "StructuralHeterogeneity_range_neighbor_distance_variation": 0.138943984023537,
    "ElementProperty_MagpieData_maximum_CovalentRadius": 0.12214125955044267,
    "MEGNet_OFMEncoded_v1_166": 0.11851316390511578,
    "ElementProperty_MagpieData_maximum_MendeleevNumber": 0.11666810357324042,
    "ValenceOrbital_frac_p_valence_electrons": 0.1140639901811119,
    "CrystalNNFingerprint_mean_wt_CN_8": 0.10176337840345942,
    "ElementProperty_MagpieData_mean_Column": 0.0879003379459699,
    "ElementProperty_MagpieData_mode_Number": 0.08787841653748059,
    "AGNIFingerPrint_mean_AGNI_eta=1_60e+01": 0.08453832349041344,
    "ElementProperty_MagpieData_maximum_Electronegativity": 0.08364328705613656,
    "StructuralHeterogeneity_minimum_neighbor_distance_variation": 0.08016333009561497,
    "ValenceOrbital_frac_f_valence_electrons": 0.07944907969103435,
    "MEGNet_OFMEncoded_v1_91": 0.07648221885125339,
    "GaussianSymmFunc_mean_G2_80_0": 0.07633468134583299,
    "ElementProperty_MagpieData_avg_dev_NdValence": 0.07475693202265038,
    "ElementProperty_MagpieData_maximum_NfValence": 0.07185643877851784,
    "MEGNet_OFMEncoded_v1_118": 0.07153083638988834,
    "GeneralizedRDF_mean_Gaussian_center=7_0_width=1_0": 0.07063343658084233,
    "AGNIFingerPrint_std_dev_AGNI_dir=x_eta=4_43e+00": 0.0698866198791647
}