{
    "GaussianSymmFunc_mean_G2_80_0": 0.39262663651747326,
    "ElementProperty_MagpieData_maximum_NdUnfilled": 0.275181947016851,
    "GaussianSymmFunc_std_dev_G2_80_0": 0.2634436777814533,
    "ElementProperty_MagpieData_avg_dev_Column": 0.20813101196983108,
    "AGNIFingerPrint_std_dev_AGNI_eta=8_00e-01": 0.16672648429642506,
    "ElementProperty_MagpieData_range_NsUnfilled": 0.14751105436226858,
    "ElementProperty_MagpieData_mean_AtomicWeight": 0.12696257875262199,
    "ElementProperty_MagpieData_maximum_CovalentRadius": 0.09710172691312864,
    "ElementProperty_MagpieData_avg_dev_NdUnfilled": 0.09682101305679744,
    "ElementProperty_MagpieData_minimum_MendeleevNumber": 0.09674717371827149,
    "ElementFraction_H": 0.09436185726889866,
    "AGNIFingerPrint_mean_AGNI_eta=8_00e-01": 0.08178621812556228,
    "ElementProperty_MagpieData_avg_dev_GSbandgap": 0.07338915894214387,
    "ElementProperty_MagpieData_mean_NpUnfilled": 0.07155344651163867,
    "ElementProperty_MagpieData_mean_CovalentRadius": 0.0686093652951499,
    "ElementProperty_MagpieData_mean_NsValence": 0.06451125303226851,
    "ElementProperty_MagpieData_mode_MendeleevNumber": 0.059069090589697656,
    "MEGNet_OFMEncoded_v1_167": 0.057456400087365564,
    "MaximumPackingEfficiency_max_packing_efficiency": 0.05736980289388465,
    "ElementProperty_MagpieData_maximum_NsUnfilled": 0.05579680156636378,
    "GeneralizedRDF_std_dev_Gaussian_center=1_0_width=1_0": 0.05391942687091823,
    "ElementProperty_MagpieData_mean_NdUnfilled": 0.053887425866781066,
    "GeneralizedRDF_std_dev_Gaussian_center=0_0_width=1_0": 0.049370533025227446,
    "ElementProperty_MagpieData_mean_GSbandgap": 0.04781917082248896,
    "YangSolidSolution_Yang_delta": 0.04541374705427705,
    "ElementProperty_MagpieData_mode_GSbandgap": 0.04221951041833582,
    "ElementProperty_MagpieData_range_Electronegativity": 0.04162811281707071,
    "Stoichiometry_10-norm": 0.040552444261901105,
    "ElementProperty_MagpieData_avg_dev_MendeleevNumber": 0.03733339914595601,
    "ElementProperty_MagpieData_mean_GSvolume_pa": 0.03663039607535847
}