{
    "ChemEnvSiteFingerprint_mean_C:8": 3.186966023344183,
    "XRDPowderPattern_xrd_36": 0.800988584072531,
    "MaximumPackingEfficiency_max_packing_efficiency": 0.746510318997458,
    "CrystalNNFingerprint_mean_body-centered_cubic_CN_8": 0.6065242483508982,
    "OPSiteFingerprint_mean_body-centered_cubic_CN_8": 0.3451223251498459,
    "ElementProperty_MagpieData_mean_NpValence": 0.30253572188755795,
    "BondOrientationParameter_mean_BOOP_Q_l=10": 0.2735087313731119,
    "ElementProperty_MagpieData_maximum_Electronegativity": 0.22584123835384975,
    "CrystalNNFingerprint_mean_wt_CN_8": 0.21654650669961206,
    "XRDPowderPattern_xrd_35": 0.18100895973870645,
    "ElementProperty_MagpieData_maximum_NfUnfilled": 0.161381564982971,
    "ElementProperty_MagpieData_avg_dev_CovalentRadius": 0.1370451403195824,
    "ElementProperty_MagpieData_mean_CovalentRadius": 0.13313997377085543,
    "CrystalNNFingerprint_mean_wt_CN_14": 0.1247054797939412,
    "ElementProperty_MagpieData_avg_dev_NdValence": 0.12435661877619406,
    "ElementProperty_MagpieData_mean_Number": 0.10333379904484352,
    "ElementProperty_MagpieData_maximum_NdUnfilled": 0.10149877051218978,
    "GaussianSymmFunc_mean_G2_20_0": 0.09906535963737015,
    "ElementProperty_MagpieData_maximum_NfValence": 0.09418251720079704,
    "ElementProperty_MagpieData_mean_NfValence": 0.09246987310630779,
    "ValenceOrbital_frac_p_valence_electrons": 0.08867968498307414,
    "GeneralizedRDF_mean_Gaussian_center=5_0_width=1_0": 0.07658407955819962,
    "MEGNet_OFMEncoded_v1_118": 0.07560950707419713,
    "XRDPowderPattern_xrd_34": 0.07496675523250039,
    "BondOrientationParameter_mean_BOOP_Q_l=6": 0.07495602594122339,
    "SineCoulombMatrix_sine_coulomb_matrix_eig_3": 0.07086919362722839,
    "ElementProperty_MagpieData_mean_SpaceGroupNumber": 0.06935468048862355,
    "ElementProperty_MagpieData_minimum_Number": 0.06338299163507335,
    "GaussianSymmFunc_mean_G4_0_005_1_0_1_0": 0.06138497180940474,
    "GaussianSymmFunc_std_dev_G2_80_0": 0.06044621685639365
}