{
    "ChemEnvSiteFingerprint_mean_C:8": 0.9018914644673992,
    "OPSiteFingerprint_mean_body-centered_cubic_CN_8": 0.5264862201288724,
    "CrystalNNFingerprint_mean_body-centered_cubic_CN_8": 0.34732265896521985,
    "AverageBondAngle_mean_Average_bond_angle": 0.27644864504055877,
    "AverageBondLength_std_dev_Average_bond_length": 0.26143716027533154,
    "AGNIFingerPrint_std_dev_AGNI_dir=x_eta=4_43e+00": 0.19345810139336572,
    "ElementProperty_MagpieData_mean_CovalentRadius": 0.17431164413717515,
    "MEGNet_OFMEncoded_v1_97": 0.11029005574541179,
    "CrystalNNFingerprint_mean_octahedral_CN_6": 0.08554271589012874,
    "CrystalNNFingerprint_mean_wt_CN_8": 0.08534336044840438,
    "OPSiteFingerprint_std_dev_trigonal_pyramidal_CN_4": 0.08209656793140661,
    "CrystalNNFingerprint_std_dev_tetrahedral_CN_4": 0.08190402536393519,
    "MaximumPackingEfficiency_max_packing_efficiency": 0.07941764929316165,
    "ElementProperty_MagpieData_range_NdValence": 0.07772727751621666,
    "ElementProperty_MagpieData_range_MendeleevNumber": 0.07384079809725534,
    "ElementProperty_MagpieData_maximum_NfUnfilled": 0.06706050381533882,
    "MEGNet_OFMEncoded_v1_86": 0.06438979211444018,
    "ElementProperty_MagpieData_mode_Number": 0.062208504949293274,
    "ElementProperty_MagpieData_minimum_Electronegativity": 0.06169809807025475,
    "ElementProperty_MagpieData_avg_dev_NpValence": 0.05966321317830909,
    "ElementProperty_MagpieData_mode_MendeleevNumber": 0.05711755342378938,
    "ElementProperty_MagpieData_mean_GSbandgap": 0.056892477713653675,
    "ElementProperty_MagpieData_maximum_GSvolume_pa": 0.055031944770409486,
    "ElementProperty_MagpieData_avg_dev_NdValence": 0.054407494845496986,
    "DensityFeatures_packing_fraction": 0.053609385035072094,
    "ElementProperty_MagpieData_avg_dev_Column": 0.05121262628785243,
    "ElementProperty_MagpieData_mean_NsUnfilled": 0.04943705677419265,
    "ElementProperty_MagpieData_minimum_Number": 0.04733216017247626,
    "MEGNet_OFMEncoded_v1_118": 0.04690666303017081,
    "DensityFeatures_vpa": 0.045996565442653244
}