{
    "ChemEnvSiteFingerprint_mean_C:8": 0.7236830775801996,
    "OPSiteFingerprint_mean_body-centered_cubic_CN_8": 0.6187017033978534,
    "CrystalNNFingerprint_mean_body-centered_cubic_CN_8": 0.21341017258761333,
    "ElementProperty_MagpieData_mean_CovalentRadius": 0.19969726271743282,
    "AverageBondAngle_mean_Average_bond_angle": 0.1667097205748243,
    "ElementProperty_MagpieData_range_Column": 0.1350329772961268,
    "ElementProperty_MagpieData_minimum_Electronegativity": 0.11654218812019904,
    "CrystalNNFingerprint_mean_wt_CN_8": 0.08679354839736117,
    "ElementProperty_MagpieData_maximum_Number": 0.0706434821919969,
    "ElementProperty_MagpieData_avg_dev_Column": 0.06870153232958173,
    "ElementProperty_MagpieData_mode_Electronegativity": 0.06534821256325282,
    "MEGNet_OFMEncoded_v1_86": 0.05987259394874787,
    "MaximumPackingEfficiency_max_packing_efficiency": 0.059747305113758975,
    "ElementProperty_MagpieData_mean_NfValence": 0.052929967937176886,
    "ElementProperty_MagpieData_maximum_NdUnfilled": 0.052220343488902546,
    "ElementProperty_MagpieData_avg_dev_NsValence": 0.051524181976363874,
    "ElementProperty_MagpieData_avg_dev_GSmagmom": 0.049256437010216036,
    "OPSiteFingerprint_mean_octahedral_CN_6": 0.047180226553591574,
    "GaussianSymmFunc_std_dev_G2_80_0": 0.04639062072151221,
    "ElementProperty_MagpieData_range_AtomicWeight": 0.04541126052917751,
    "ElementProperty_MagpieData_mean_NdUnfilled": 0.042258507728898054,
    "CrystalNNFingerprint_mean_wt_CN_14": 0.0404893458698399,
    "TMetalFraction_transition_metal_fraction": 0.03810461809787949,
    "SineCoulombMatrix_sine_coulomb_matrix_eig_3": 0.0358009545177247,
    "ElementProperty_MagpieData_avg_dev_NfValence": 0.035592609773974104,
    "XRDPowderPattern_xrd_36": 0.03514499278954699,
    "ElementProperty_MagpieData_avg_dev_NfUnfilled": 0.0348433346242119,
    "ElementFraction_P": 0.03442792423692236,
    "GeneralizedRDF_mean_Gaussian_center=2_0_width=1_0": 0.03311629687075589,
    "ElementProperty_MagpieData_avg_dev_NdUnfilled": 0.03175751837210793
}