{
    "ChemEnvSiteFingerprint_mean_C:8": 0.9130755731138669,
    "OPSiteFingerprint_mean_body-centered_cubic_CN_8": 0.6548357322403087,
    "ElementProperty_MagpieData_mean_CovalentRadius": 0.34704803712715165,
    "AverageBondAngle_mean_Average_bond_angle": 0.2172420584909395,
    "ElementProperty_MagpieData_maximum_NdUnfilled": 0.1674642769095926,
    "CrystalNNFingerprint_mean_body-centered_cubic_CN_8": 0.15398814227662336,
    "ElementProperty_MagpieData_maximum_NUnfilled": 0.11462040124344962,
    "ValenceOrbital_frac_p_valence_electrons": 0.10726391181258063,
    "ElementProperty_MagpieData_mean_NsUnfilled": 0.09985789348590848,
    "AGNIFingerPrint_std_dev_AGNI_dir=x_eta=2_89e+00": 0.09067027526895476,
    "ElementProperty_MagpieData_maximum_NsUnfilled": 0.08409486777860058,
    "ElementProperty_MagpieData_mean_NValence": 0.08329088720293648,
    "ElementProperty_MagpieData_range_NfValence": 0.08159132347216713,
    "MEGNet_OFMEncoded_v1_86": 0.07816167597416165,
    "ElementProperty_MagpieData_range_NdUnfilled": 0.07704324972481784,
    "ElementProperty_MagpieData_minimum_GSvolume_pa": 0.07654006923118378,
    "CrystalNNFingerprint_mean_wt_CN_14": 0.07520604686978165,
    "ElementProperty_MagpieData_avg_dev_NdValence": 0.07417119626782692,
    "OPSiteFingerprint_mean_cuboctahedral_CN_12": 0.06565392164147976,
    "GeneralizedRDF_mean_Gaussian_center=3_0_width=1_0": 0.06288272721499347,
    "ElementProperty_MagpieData_avg_dev_NfValence": 0.06111415458398429,
    "GaussianSymmFunc_mean_G2_80_0": 0.05907358056279501,
    "CrystalNNFingerprint_mean_wt_CN_8": 0.05419716261129047,
    "GeneralizedRDF_mean_Gaussian_center=2_0_width=1_0": 0.05354237029417677,
    "MaximumPackingEfficiency_max_packing_efficiency": 0.05199896501423082,
    "ElementProperty_MagpieData_mean_GSbandgap": 0.04813087755887299,
    "ElementProperty_MagpieData_range_AtomicWeight": 0.04421508256900526,
    "AverageBondLength_std_dev_Average_bond_length": 0.04419729523393953,
    "ElementProperty_MagpieData_mode_GSvolume_pa": 0.04386125607482141,
    "ElementProperty_MagpieData_avg_dev_AtomicWeight": 0.04309027959273179
}