{
    "ChemEnvSiteFingerprint_mean_C:8": 3.3034512209836184,
    "MaximumPackingEfficiency_max_packing_efficiency": 0.9558011316356497,
    "XRDPowderPattern_xrd_36": 0.7128963049816418,
    "CrystalNNFingerprint_mean_body-centered_cubic_CN_8": 0.6683972801676413,
    "BondOrientationParameter_mean_BOOP_Q_l=10": 0.3935096900908146,
    "ElementProperty_MagpieData_mean_NpValence": 0.27253809240175875,
    "ElementProperty_MagpieData_mean_CovalentRadius": 0.2386846292897411,
    "XRDPowderPattern_xrd_35": 0.22791626696864303,
    "AGNIFingerPrint_std_dev_AGNI_dir=x_eta=4_43e+00": 0.18155356073980625,
    "ElementProperty_MagpieData_maximum_Electronegativity": 0.14964539319773937,
    "GaussianSymmFunc_mean_G2_20_0": 0.13270765688761174,
    "ValenceOrbital_frac_p_valence_electrons": 0.13186131702350856,
    "CrystalNNFingerprint_mean_wt_CN_8": 0.13012999848430368,
    "OPSiteFingerprint_mean_body-centered_cubic_CN_8": 0.12833872227822304,
    "ElementProperty_MagpieData_avg_dev_CovalentRadius": 0.128227939834797,
    "ElementProperty_MagpieData_maximum_NdUnfilled": 0.10963521336488602,
    "ElementProperty_MagpieData_maximum_NfUnfilled": 0.10684769013849783,
    "ElementProperty_MagpieData_avg_dev_NdValence": 0.09735564436647684,
    "ElementProperty_MagpieData_maximum_NfValence": 0.08643784118959207,
    "GeneralizedRDF_mean_Gaussian_center=5_0_width=1_0": 0.0841751556498591,
    "XRDPowderPattern_xrd_34": 0.08072063774679433,
    "ElementProperty_MagpieData_maximum_MendeleevNumber": 0.07206516304145083,
    "GaussianSymmFunc_std_dev_G2_80_0": 0.0708628578518729,
    "ElementProperty_MagpieData_mean_NfValence": 0.06888371026558689,
    "CrystalNNFingerprint_mean_wt_CN_14": 0.06771295551387577,
    "GaussianSymmFunc_mean_G2_80_0": 0.06734715934598592,
    "ElementProperty_MagpieData_avg_dev_Row": 0.06728895388444056,
    "MEGNet_OFMEncoded_v1_118": 0.06717746956079829,
    "CrystalNNFingerprint_mean_trigonal_pyramidal_CN_4": 0.06474976357993137,
    "ValenceOrbital_frac_f_valence_electrons": 0.06425806034924153
}