{
    "GaussianSymmFunc_mean_G2_80_0": 0.13258297606862707,
    "GaussianSymmFunc_std_dev_G2_80_0": 0.12058222387361843,
    "AGNIFingerPrint_mean_AGNI_eta=8_00e-01": 0.09043300431946046,
    "AGNIFingerPrint_std_dev_AGNI_eta=8_00e-01": 0.08745587390771693,
    "ElementProperty_MagpieData_mean_NpValence": 0.06214764414207417,
    "ElementProperty_MagpieData_maximum_NdUnfilled": 0.05823631618433687,
    "MEGNet_OFMEncoded_v1_167": 0.05082643311734843,
    "CrystalNNFingerprint_mean_body-centered_cubic_CN_8": 0.04923996524907373,
    "ElementProperty_MagpieData_maximum_NfValence": 0.04361367684342267,
    "ChemEnvSiteFingerprint_mean_C:8": 0.042973575676826185,
    "ElementProperty_MagpieData_maximum_MendeleevNumber": 0.042634443879717696,
    "ElementProperty_MagpieData_maximum_NValence": 0.0418096580821093,
    "ElementProperty_MagpieData_range_GSmagmom": 0.04166069830968438,
    "ElementProperty_MagpieData_minimum_MendeleevNumber": 0.040235500057393334,
    "ElementFraction_H": 0.040204081152680635,
    "ElementProperty_MagpieData_maximum_Number": 0.037637753354404016,
    "ElementProperty_MagpieData_mode_GSbandgap": 0.03680175996498063,
    "ElementProperty_MagpieData_avg_dev_NfValence": 0.0359210594629275,
    "ValenceOrbital_frac_s_valence_electrons": 0.03532921383580484,
    "ElementFraction_S": 0.034875039482587064,
    "ElementProperty_MagpieData_avg_dev_Column": 0.034308332441637876,
    "YangSolidSolution_Yang_delta": 0.03036405450223357,
    "ElementProperty_MagpieData_mean_GSbandgap": 0.027035532351265608,
    "ElementProperty_MagpieData_maximum_CovalentRadius": 0.026301567702214573,
    "ElementProperty_MagpieData_minimum_Electronegativity": 0.024253239727416737,
    "OxidationStates_std_dev_oxidation_state": 0.023235726666860163,
    "ElementProperty_MagpieData_maximum_NsUnfilled": 0.02294092698623181,
    "XRDPowderPattern_xrd_37": 0.02192300151066142,
    "ElementProperty_MagpieData_mean_NdUnfilled": 0.021130734351209355,
    "AGNIFingerPrint_std_dev_AGNI_dir=x_eta=8_00e-01": 0.01990933465410546
}