{
    "ChemEnvSiteFingerprint_mean_C:8": 3.5767799247428487,
    "CrystalNNFingerprint_mean_body-centered_cubic_CN_8": 0.9700512624123653,
    "XRDPowderPattern_xrd_36": 0.9110426724904186,
    "MaximumPackingEfficiency_max_packing_efficiency": 0.7624668477205249,
    "BondOrientationParameter_mean_BOOP_Q_l=10": 0.37071692765075287,
    "ElementProperty_MagpieData_maximum_Electronegativity": 0.3519502665970793,
    "ElementProperty_MagpieData_mean_NpValence": 0.27685531258576823,
    "ElementProperty_MagpieData_mean_CovalentRadius": 0.21669185354262965,
    "GeneralizedRDF_mean_Gaussian_center=5_0_width=1_0": 0.1625006248671481,
    "XRDPowderPattern_xrd_35": 0.15832071590379165,
    "ElementProperty_MagpieData_maximum_NfUnfilled": 0.13378835805273384,
    "ElementProperty_MagpieData_avg_dev_CovalentRadius": 0.12422426493048735,
    "ValenceOrbital_frac_p_valence_electrons": 0.12357128009219918,
    "ElementProperty_MagpieData_maximum_NdUnfilled": 0.12353497708722222,
    "ElementProperty_MagpieData_maximum_MendeleevNumber": 0.1166880689262428,
    "ElementProperty_MagpieData_avg_dev_NdValence": 0.1160055571256182,
    "OPSiteFingerprint_mean_body-centered_cubic_CN_8": 0.11260824390533089,
    "CrystalNNFingerprint_mean_wt_CN_8": 0.10711399702557758,
    "XRDPowderPattern_xrd_34": 0.10560345562285535,
    "ElementProperty_MagpieData_maximum_NfValence": 0.10047251722842156,
    "GaussianSymmFunc_mean_G2_80_0": 0.09413948615448994,
    "GaussianSymmFunc_mean_G2_20_0": 0.08873127978800692,
    "GeneralizedRDF_mean_Gaussian_center=1_0_width=1_0": 0.08697417274989877,
    "CrystalNNFingerprint_mean_wt_CN_14": 0.0832207118098797,
    "AGNIFingerPrint_std_dev_AGNI_dir=x_eta=4_43e+00": 0.08013805264413365,
    "SineCoulombMatrix_sine_coulomb_matrix_eig_3": 0.0788858682306698,
    "MEGNet_OFMEncoded_v1_118": 0.07537551580139869,
    "GaussianSymmFunc_std_dev_G2_80_0": 0.0746677414032186,
    "XRDPowderPattern_xrd_33": 0.07343434033353617,
    "CrystalNNFingerprint_mean_trigonal_pyramidal_CN_4": 0.07240290263496948
}