{
    "MaximumPackingEfficiency_max_packing_efficiency": 1.996019452878631,
    "OPSiteFingerprint_mean_body-centered_cubic_CN_8": 0.7950837372660072,
    "ElementProperty_MagpieData_mean_NpValence": 0.20890529954002704,
    "GeneralizedRDF_mean_Gaussian_center=0_0_width=1_0": 0.1603035096449316,
    "CrystalNNFingerprint_mean_body-centered_cubic_CN_8": 0.14901928418325122,
    "BondOrientationParameter_mean_BOOP_Q_l=10": 0.1330633704191445,
    "CrystalNNFingerprint_mean_wt_CN_14": 0.11207839492787236,
    "ElementProperty_MagpieData_mode_CovalentRadius": 0.10836813577055705,
    "AverageBondAngle_mean_Average_bond_angle": 0.10670893401454651,
    "MEGNet_OFMEncoded_v1_172": 0.10247681799200888,
    "AGNIFingerPrint_mean_AGNI_eta=8_00e-01": 0.09135572293570016,
    "AGNIFingerPrint_std_dev_AGNI_eta=8_00e-01": 0.07861619944658016,
    "XRDPowderPattern_xrd_36": 0.07205321027393077,
    "ValenceOrbital_frac_d_valence_electrons": 0.0707197332665276,
    "CrystalNNFingerprint_mean_cuboctahedral_CN_12": 0.06917024790017708,
    "BondOrientationParameter_mean_BOOP_Q_l=6": 0.06558664372531288,
    "GeneralizedRDF_std_dev_Gaussian_center=3_0_width=1_0": 0.06498594441142844,
    "ElementProperty_MagpieData_mean_CovalentRadius": 0.06257505867110608,
    "ElementProperty_MagpieData_mode_SpaceGroupNumber": 0.061257147721013726,
    "CrystalNNFingerprint_mean_hexagonal_bipyramidal_CN_8": 0.05957277925272744,
    "GeneralizedRDF_std_dev_Gaussian_center=5_0_width=1_0": 0.05692911082200847,
    "ElementProperty_MagpieData_maximum_MendeleevNumber": 0.05447587540489323,
    "ElementProperty_MagpieData_maximum_MeltingT": 0.05431540322756878,
    "ElementProperty_MagpieData_avg_dev_NpValence": 0.054267754585118635,
    "ValenceOrbital_frac_p_valence_electrons": 0.05336494666619427,
    "Miedema_Miedema_deltaH_ss_min": 0.05133472540335234,
    "AGNIFingerPrint_mean_AGNI_eta=1_23e+00": 0.04974369763604994,
    "ElementProperty_MagpieData_mean_MendeleevNumber": 0.04970950353785497,
    "ValenceOrbital_frac_f_valence_electrons": 0.046917489569356055,
    "ElementProperty_MagpieData_maximum_Number": 0.0454437531615811
}