{
    "ChemEnvSiteFingerprint_mean_C:8": 3.293389435583422,
    "CrystalNNFingerprint_mean_body-centered_cubic_CN_8": 0.9073658784988681,
    "XRDPowderPattern_xrd_36": 0.8581583827849326,
    "MaximumPackingEfficiency_max_packing_efficiency": 0.788446418603644,
    "BondOrientationParameter_mean_BOOP_Q_l=10": 0.3089207046781576,
    "ElementProperty_MagpieData_mean_NpValence": 0.2973902317154039,
    "OPSiteFingerprint_mean_body-centered_cubic_CN_8": 0.19444060462212479,
    "ElementProperty_MagpieData_mean_CovalentRadius": 0.19323705321593865,
    "ElementProperty_MagpieData_avg_dev_NdValence": 0.16804981795257687,
    "ElementProperty_MagpieData_maximum_NfUnfilled": 0.14907234127019225,
    "ElementProperty_MagpieData_maximum_Electronegativity": 0.13110104575484896,
    "BondOrientationParameter_mean_BOOP_Q_l=6": 0.11946884238234592,
    "XRDPowderPattern_xrd_35": 0.10742171177227226,
    "ElementProperty_MagpieData_maximum_MendeleevNumber": 0.10449629454055427,
    "ElementProperty_MagpieData_avg_dev_CovalentRadius": 0.09928328710001366,
    "GaussianSymmFunc_mean_G2_80_0": 0.0975374651199353,
    "ElementProperty_MagpieData_mean_NfValence": 0.09624599991686535,
    "ElementProperty_MagpieData_maximum_NfValence": 0.09375276469343788,
    "XRDPowderPattern_xrd_34": 0.08824255815152524,
    "CrystalNNFingerprint_mean_wt_CN_8": 0.08743387231745833,
    "AGNIFingerPrint_std_dev_AGNI_dir=x_eta=1_04e+01": 0.0867707631720846,
    "GeneralizedRDF_mean_Gaussian_center=5_0_width=1_0": 0.08466918088646637,
    "ElementProperty_MagpieData_maximum_NdUnfilled": 0.08001932209611778,
    "ValenceOrbital_frac_p_valence_electrons": 0.07935380076300977,
    "CrystalNNFingerprint_mean_wt_CN_14": 0.07383106864042231,
    "AGNIFingerPrint_mean_AGNI_eta=6_80e+00": 0.07219951576177949,
    "AGNIFingerPrint_mean_AGNI_eta=1_23e+00": 0.07031066138110463,
    "GeneralizedRDF_std_dev_Gaussian_center=3_0_width=1_0": 0.06845549486478093,
    "ElementProperty_MagpieData_minimum_GSvolume_pa": 0.06383729800221871,
    "SineCoulombMatrix_sine_coulomb_matrix_eig_3": 0.0630938365381476
}