{
    "ChemEnvSiteFingerprint_mean_C:8": 3.1772487538863623,
    "XRDPowderPattern_xrd_36": 0.8070407779640134,
    "MaximumPackingEfficiency_max_packing_efficiency": 0.7404387499937517,
    "CrystalNNFingerprint_mean_body-centered_cubic_CN_8": 0.6299026743585606,
    "ElementProperty_MagpieData_maximum_Electronegativity": 0.35787965811610967,
    "BondOrientationParameter_mean_BOOP_Q_l=10": 0.2937717502467639,
    "XRDPowderPattern_xrd_35": 0.24321797135204454,
    "ElementProperty_MagpieData_mean_NpValence": 0.19211213388578413,
    "CrystalNNFingerprint_mean_wt_CN_8": 0.16971379680654602,
    "ElementProperty_MagpieData_mean_CovalentRadius": 0.16802275742036613,
    "ElementProperty_MagpieData_avg_dev_NdValence": 0.15306243378430304,
    "GaussianSymmFunc_mean_G2_20_0": 0.14445854810809383,
    "ElementProperty_MagpieData_maximum_NfUnfilled": 0.10904572039934066,
    "ElementProperty_MagpieData_avg_dev_Electronegativity": 0.10765824504450473,
    "GaussianSymmFunc_std_dev_G2_80_0": 0.10571907616500048,
    "ElementProperty_MagpieData_maximum_MendeleevNumber": 0.10373258113791184,
    "OPSiteFingerprint_mean_body-centered_cubic_CN_8": 0.0998061646424085,
    "BondOrientationParameter_mean_BOOP_Q_l=6": 0.0927334915654374,
    "CrystalNNFingerprint_mean_wt_CN_14": 0.092000054908042,
    "ElementProperty_MagpieData_maximum_NfValence": 0.09065601263982366,
    "ElementProperty_MagpieData_mean_NfValence": 0.08928387937042712,
    "ValenceOrbital_frac_p_valence_electrons": 0.08844260184972576,
    "ElementProperty_MagpieData_mean_NdValence": 0.08720988166779259,
    "XRDPowderPattern_xrd_34": 0.08421391094815495,
    "StructuralHeterogeneity_minimum_neighbor_distance_variation": 0.07879026655713103,
    "ElementProperty_MagpieData_maximum_NdUnfilled": 0.0762224687097174,
    "SineCoulombMatrix_sine_coulomb_matrix_eig_3": 0.0755759779446742,
    "ElementProperty_MagpieData_avg_dev_CovalentRadius": 0.07546205840765356,
    "GeneralizedRDF_mean_Gaussian_center=5_0_width=1_0": 0.06969761730844319,
    "ElementProperty_MagpieData_mean_Number": 0.06831226658777431
}