{
    "ChemEnvSiteFingerprint_mean_C:8": 0.9459728181639184,
    "OPSiteFingerprint_mean_body-centered_cubic_CN_8": 0.4591004608405008,
    "CrystalNNFingerprint_mean_body-centered_cubic_CN_8": 0.40180942577141854,
    "ElementProperty_MagpieData_mean_CovalentRadius": 0.25796297479706426,
    "AGNIFingerPrint_std_dev_AGNI_dir=x_eta=4_43e+00": 0.160978053239975,
    "BondOrientationParameter_mean_BOOP_Q_l=6": 0.15031714727354656,
    "CrystalNNFingerprint_mean_wt_CN_8": 0.1495618310650364,
    "ElementProperty_MagpieData_range_NdValence": 0.14025234444676146,
    "AverageBondAngle_mean_Average_bond_angle": 0.1342855693248344,
    "ElementFraction_F": 0.08993411864339558,
    "ElementProperty_MagpieData_maximum_Number": 0.08557706240577302,
    "AGNIFingerPrint_std_dev_AGNI_dir=x_eta=1_88e+00": 0.08399033557382811,
    "ElementProperty_MagpieData_avg_dev_GSmagmom": 0.07960469351771049,
    "ElementProperty_MagpieData_avg_dev_NdValence": 0.07764119810890872,
    "ElementProperty_MagpieData_mean_NfValence": 0.07523893999781331,
    "ElementProperty_MagpieData_mean_GSmagmom": 0.07133965725309346,
    "ElementProperty_MagpieData_mean_NsUnfilled": 0.06759801475299095,
    "GeneralizedRDF_mean_Gaussian_center=3_0_width=1_0": 0.057351279485313614,
    "MaximumPackingEfficiency_max_packing_efficiency": 0.055452047650565446,
    "MEGNet_OFMEncoded_v1_167": 0.05025259659715069,
    "GeneralizedRDF_std_dev_Gaussian_center=1_0_width=1_0": 0.046176444980623545,
    "CrystalNNFingerprint_mean_rectangular_see-saw-like_CN_4": 0.045361523220510645,
    "ElementProperty_MagpieData_maximum_CovalentRadius": 0.04243114216312802,
    "ElementProperty_MagpieData_avg_dev_NsUnfilled": 0.04161224220393905,
    "CrystalNNFingerprint_mean_wt_CN_14": 0.041405594019722367,
    "GeneralizedRDF_std_dev_Gaussian_center=3_0_width=1_0": 0.040904631043453425,
    "ElementProperty_MagpieData_mode_GSvolume_pa": 0.03862368034419816,
    "ElementProperty_MagpieData_avg_dev_NpValence": 0.03628239082905432,
    "XRDPowderPattern_xrd_36": 0.034817747201135674,
    "RadialDistributionFunction_radial_distribution_function_d_3_40": 0.034449968962119985
}