{
    "ChemEnvSiteFingerprint_mean_C:8": 3.332240162474786,
    "CrystalNNFingerprint_mean_body-centered_cubic_CN_8": 0.7585028009592806,
    "XRDPowderPattern_xrd_36": 0.7300219604686958,
    "MaximumPackingEfficiency_max_packing_efficiency": 0.5704007321543411,
    "BondOrientationParameter_mean_BOOP_Q_l=10": 0.35210622065813324,
    "ElementProperty_MagpieData_mean_NpValence": 0.34325479335107256,
    "XRDPowderPattern_xrd_35": 0.18209337642314324,
    "ElementProperty_MagpieData_mean_CovalentRadius": 0.1739171309045878,
    "OPSiteFingerprint_mean_body-centered_cubic_CN_8": 0.14449773857722548,
    "CrystalNNFingerprint_mean_wt_CN_14": 0.1259779925191691,
    "ElementProperty_MagpieData_avg_dev_NdValence": 0.11933237229183614,
    "ElementProperty_MagpieData_maximum_NfUnfilled": 0.11744123749520702,
    "ElementProperty_MagpieData_avg_dev_CovalentRadius": 0.10222755470386372,
    "ElementProperty_MagpieData_maximum_NdUnfilled": 0.09879775766801156,
    "BondOrientationParameter_mean_BOOP_Q_l=6": 0.09681279958711538,
    "CrystalNNFingerprint_mean_wt_CN_8": 0.09585135193928337,
    "ElementProperty_MagpieData_mean_Number": 0.09521981222356768,
    "ElementProperty_MagpieData_maximum_Electronegativity": 0.09230154599303847,
    "ElementProperty_MagpieData_maximum_NfValence": 0.09225851696030629,
    "GaussianSymmFunc_mean_G2_20_0": 0.08927861265302052,
    "GeneralizedRDF_mean_Gaussian_center=5_0_width=1_0": 0.08706902878115723,
    "XRDPowderPattern_xrd_34": 0.07094038845144407,
    "GaussianSymmFunc_mean_G2_80_0": 0.06732605722573388,
    "ElementProperty_MagpieData_maximum_MendeleevNumber": 0.0653312813359795,
    "ElementProperty_MagpieData_mean_MendeleevNumber": 0.05985111409563186,
    "ElementProperty_MagpieData_minimum_CovalentRadius": 0.05927934820646963,
    "AGNIFingerPrint_mean_AGNI_eta=1_23e+00": 0.058765186988939275,
    "ValenceOrbital_frac_p_valence_electrons": 0.058635283193686834,
    "ElementProperty_MagpieData_mode_GSvolume_pa": 0.057446715363412136,
    "AGNIFingerPrint_std_dev_AGNI_eta=8_00e-01": 0.05687197869215123
}