{
    "ChemEnvSiteFingerprint_mean_C:8": 0.8387526687932003,
    "OPSiteFingerprint_mean_body-centered_cubic_CN_8": 0.5284811086678042,
    "CrystalNNFingerprint_mean_body-centered_cubic_CN_8": 0.24857823705472618,
    "ElementProperty_MagpieData_mean_CovalentRadius": 0.21500445802367654,
    "AverageBondAngle_mean_Average_bond_angle": 0.15141295279112407,
    "CrystalNNFingerprint_mean_wt_CN_8": 0.11651344418698799,
    "YangSolidSolution_Yang_omega": 0.09526510012900773,
    "AGNIFingerPrint_std_dev_AGNI_dir=x_eta=4_43e+00": 0.091687971871878,
    "AGNIFingerPrint_std_dev_AGNI_dir=x_eta=2_89e+00": 0.0836612263355543,
    "ElementFraction_S": 0.06833427344151548,
    "ElementProperty_MagpieData_mode_SpaceGroupNumber": 0.06446346399882857,
    "ElementProperty_MagpieData_range_Electronegativity": 0.059009018675521246,
    "ElementProperty_MagpieData_avg_dev_Column": 0.051746361592778595,
    "ElementFraction_P": 0.04555241134555111,
    "DensityFeatures_density": 0.04519517719737403,
    "LocalPropertyDifference_std_dev_local_difference_in_Electronegativity": 0.03917448349937905,
    "ElementProperty_MagpieData_avg_dev_NpValence": 0.03884107380037153,
    "ElementProperty_MagpieData_range_NfUnfilled": 0.037699449188615244,
    "MEGNet_OFMEncoded_v1_86": 0.03708901677599248,
    "ElementFraction_O": 0.03646484303052035,
    "ElementProperty_MagpieData_mean_GSbandgap": 0.03635311849734871,
    "CrystalNNFingerprint_mean_octahedral_CN_6": 0.03577539510312132,
    "ElementProperty_MagpieData_mode_GSvolume_pa": 0.034703018029070304,
    "MaximumPackingEfficiency_max_packing_efficiency": 0.03434731823196846,
    "OPSiteFingerprint_mean_sgl_bd_CN_1": 0.03371410927226782,
    "ElementProperty_MagpieData_mean_NpValence": 0.03367367378636405,
    "ElementProperty_MagpieData_minimum_MendeleevNumber": 0.03292965187883446,
    "ElementProperty_MagpieData_avg_dev_NsUnfilled": 0.03286239828165882,
    "GaussianSymmFunc_std_dev_G2_80_0": 0.031762999745950496,
    "ElementProperty_MagpieData_range_NdUnfilled": 0.03162264950532316
}