{
    "ElementProperty_MagpieData_maximum_NdUnfilled": 0.8956492365284793,
    "GaussianSymmFunc_mean_G2_80_0": 0.5504772950465882,
    "ValenceOrbital_frac_f_valence_electrons": 0.5300158996855919,
    "GaussianSymmFunc_std_dev_G2_80_0": 0.29226094639364614,
    "ElementProperty_MagpieData_maximum_NfValence": 0.268240003497827,
    "AGNIFingerPrint_std_dev_AGNI_eta=8_00e-01": 0.25737827737987357,
    "ElementProperty_MagpieData_maximum_Number": 0.18903917224151745,
    "ElementProperty_MagpieData_avg_dev_NdUnfilled": 0.17594910000045932,
    "ElementFraction_H": 0.11733865490384487,
    "ElementProperty_MagpieData_mean_NfValence": 0.11624245968293541,
    "ElementProperty_MagpieData_mean_NdUnfilled": 0.11017059081805687,
    "MaximumPackingEfficiency_max_packing_efficiency": 0.10727884157972234,
    "ElementProperty_MagpieData_range_NdUnfilled": 0.09324050082385436,
    "ElementProperty_MagpieData_avg_dev_NfUnfilled": 0.08995512236000074,
    "AGNIFingerPrint_mean_AGNI_eta=8_00e-01": 0.0894802022399342,
    "AGNIFingerPrint_std_dev_AGNI_dir=x_eta=8_00e-01": 0.07780474725845292,
    "ElementProperty_MagpieData_mean_GSbandgap": 0.07778553071597834,
    "ElementProperty_MagpieData_mode_GSbandgap": 0.07127864994451191,
    "OPSiteFingerprint_std_dev_q6_CN_12": 0.05831166150010153,
    "ElementProperty_MagpieData_mean_NfUnfilled": 0.05174950191396918,
    "ElementProperty_MagpieData_range_Column": 0.0514651987400165,
    "ElementProperty_MagpieData_avg_dev_Row": 0.05037522157905172,
    "ElementProperty_MagpieData_avg_dev_GSmagmom": 0.048861919439799784,
    "VoronoiFingerprint_mean_Voro_dist_std_dev": 0.0457530883887489,
    "ElementProperty_MagpieData_maximum_CovalentRadius": 0.043243708924329896,
    "CrystalNNFingerprint_std_dev_cuboctahedral_CN_12": 0.04287805047043637,
    "ElementProperty_MagpieData_avg_dev_NsUnfilled": 0.04183454248862015,
    "AGNIFingerPrint_std_dev_AGNI_dir=y_eta=8_00e-01": 0.041600904792437755,
    "CrystalNNFingerprint_mean_octahedral_CN_6": 0.039202975829653035,
    "ValenceOrbital_frac_d_valence_electrons": 0.038789121135005426
}