{
    "ChemEnvSiteFingerprint_mean_C:8": 0.8612112490526546,
    "OPSiteFingerprint_mean_body-centered_cubic_CN_8": 0.5570605314926379,
    "AverageBondAngle_mean_Average_bond_angle": 0.24930313548438013,
    "ElementProperty_MagpieData_mean_CovalentRadius": 0.22782051221147992,
    "CrystalNNFingerprint_mean_body-centered_cubic_CN_8": 0.2204658823056476,
    "ElementProperty_MagpieData_avg_dev_NsUnfilled": 0.15587441805437308,
    "AGNIFingerPrint_std_dev_AGNI_eta=8_00e-01": 0.1223686715713224,
    "ElementProperty_MagpieData_maximum_Number": 0.10404384870490087,
    "AGNIFingerPrint_std_dev_AGNI_dir=x_eta=2_89e+00": 0.08754226368950745,
    "ElementProperty_MagpieData_avg_dev_GSmagmom": 0.08723590699153605,
    "ElementProperty_MagpieData_maximum_NdUnfilled": 0.08566438064832622,
    "CrystalNNFingerprint_mean_wt_CN_8": 0.07992973036415917,
    "ElementProperty_MagpieData_maximum_NdValence": 0.07942390591292946,
    "ElementProperty_MagpieData_avg_dev_SpaceGroupNumber": 0.07440466590188986,
    "ElementProperty_MagpieData_avg_dev_NdValence": 0.06427149142680011,
    "ElementProperty_MagpieData_avg_dev_NpValence": 0.056701947298850024,
    "MEGNet_OFMEncoded_v1_86": 0.051097482983006585,
    "ElementProperty_MagpieData_range_NdValence": 0.04675014825719894,
    "ElementProperty_MagpieData_mean_AtomicWeight": 0.04039860264019247,
    "GeneralizedRDF_mean_Gaussian_center=3_0_width=1_0": 0.04019879443142034,
    "ElementProperty_MagpieData_mean_NfUnfilled": 0.03960088338947679,
    "CrystalNNFingerprint_std_dev_square_co-planar_CN_4": 0.03721462582844141,
    "BondOrientationParameter_mean_BOOP_Q_l=9": 0.03691666225172027,
    "ElementProperty_MagpieData_maximum_NpUnfilled": 0.035515521980470525,
    "GaussianSymmFunc_mean_G2_80_0": 0.03434870354894502,
    "GeneralizedRDF_mean_Gaussian_center=9_0_width=1_0": 0.0302162899578211,
    "GeneralizedRDF_mean_Gaussian_center=1_0_width=1_0": 0.02921282850098184,
    "ElementProperty_MagpieData_minimum_Electronegativity": 0.027736247937041745,
    "ElementProperty_MagpieData_avg_dev_Row": 0.027523078847540287,
    "AtomicOrbitals_HOMO_character": 0.02693103807766388
}