{
    "GaussianSymmFunc_mean_G2_80_0": 0.19755530600336216,
    "AGNIFingerPrint_std_dev_AGNI_eta=8_00e-01": 0.11041034830848426,
    "GaussianSymmFunc_std_dev_G2_80_0": 0.07829190153597405,
    "YangSolidSolution_Yang_delta": 0.056101312743926296,
    "ElementProperty_MagpieData_minimum_CovalentRadius": 0.047689794577476616,
    "ElementFraction_S": 0.0442445453289599,
    "ElementProperty_MagpieData_avg_dev_NsUnfilled": 0.043513700441062834,
    "ElementProperty_MagpieData_mode_SpaceGroupNumber": 0.043397654314165215,
    "ElementProperty_MagpieData_mean_CovalentRadius": 0.04238444017920041,
    "MEGNet_OFMEncoded_v1_109": 0.04118368251714828,
    "ElementProperty_MagpieData_mean_Column": 0.03966935494409104,
    "GeneralizedRDF_mean_Gaussian_center=2_0_width=1_0": 0.03930326198652639,
    "MEGNet_OFMEncoded_v1_104": 0.03840706249915023,
    "OPSiteFingerprint_mean_sgl_bd_CN_1": 0.03573096671449592,
    "ElementProperty_MagpieData_mode_MendeleevNumber": 0.030346939525164658,
    "ElementProperty_MagpieData_mean_NsUnfilled": 0.029771702900121273,
    "ElementProperty_MagpieData_mean_MendeleevNumber": 0.027737656230404646,
    "ElementFraction_H": 0.027280102368265946,
    "ElementProperty_MagpieData_range_NsValence": 0.026520392202592148,
    "ElementProperty_MagpieData_maximum_MeltingT": 0.025891191698149685,
    "IonProperty_avg_ionic_char": 0.02468033023183563,
    "GeneralizedRDF_std_dev_Gaussian_center=0_0_width=1_0": 0.02359583258292985,
    "OPSiteFingerprint_std_dev_sgl_bd_CN_1": 0.02204380385456632,
    "ElementProperty_MagpieData_mean_NpUnfilled": 0.021686494515309792,
    "ElementProperty_MagpieData_mean_Row": 0.021056065889355192,
    "VoronoiFingerprint_std_dev_Voro_dist_minimum": 0.01998924259704834,
    "GeneralizedRDF_mean_Gaussian_center=3_0_width=1_0": 0.01997140045105649,
    "XRDPowderPattern_xrd_35": 0.019652163954768456,
    "ElementProperty_MagpieData_mode_Electronegativity": 0.019334334438012194,
    "ValenceOrbital_frac_f_valence_electrons": 0.019060851649295135
}