{
    "ElementProperty_MagpieData_minimum_MeltingT": 1.3085204775632704,
    "ElementProperty_MagpieData_mode_MeltingT": 0.6283136890674301,
    "ElementFraction_O": 0.2594519927715434,
    "AGNIFingerPrint_mean_AGNI_eta=1_23e+00": 0.25375072016233763,
    "ElementProperty_MagpieData_mean_CovalentRadius": 0.1639636253176743,
    "ElementProperty_MagpieData_minimum_CovalentRadius": 0.15855263988835358,
    "GaussianSymmFunc_std_dev_G2_80_0": 0.14710755403123574,
    "ElementProperty_MagpieData_mean_Row": 0.14253185599797774,
    "GeneralizedRDF_mean_Gaussian_center=0_0_width=1_0": 0.13970410695200247,
    "ElementProperty_MagpieData_mean_SpaceGroupNumber": 0.07537094933667712,
    "ElementProperty_MagpieData_mean_GSbandgap": 0.07457249838903147,
    "OPSiteFingerprint_mean_body-centered_cubic_CN_8": 0.07457242638519486,
    "MaximumPackingEfficiency_max_packing_efficiency": 0.06993126920509282,
    "ElementProperty_MagpieData_maximum_GSbandgap": 0.05760932824380338,
    "ValenceOrbital_frac_p_valence_electrons": 0.054617742851751035,
    "GaussianSymmFunc_mean_G2_20_0": 0.043030184495088816,
    "DensityFeatures_packing_fraction": 0.039812368308247255,
    "ElementProperty_MagpieData_mean_GSvolume_pa": 0.03934860460961891,
    "ElementProperty_MagpieData_maximum_NdUnfilled": 0.03736215927417917,
    "ElementProperty_MagpieData_avg_dev_NpUnfilled": 0.037274652268771725,
    "AGNIFingerPrint_std_dev_AGNI_dir=x_eta=8_00e-01": 0.03611321865503654,
    "ElementProperty_MagpieData_mode_Electronegativity": 0.034900474179844286,
    "ElementProperty_MagpieData_mean_Electronegativity": 0.033094611714465316,
    "ElementProperty_MagpieData_mode_SpaceGroupNumber": 0.03251348919969583,
    "ElementProperty_MagpieData_avg_dev_NsUnfilled": 0.029616631457759484,
    "GeneralizedRDF_std_dev_Gaussian_center=0_0_width=1_0": 0.028797677678538417,
    "ElementProperty_MagpieData_mean_MeltingT": 0.02787655526441147,
    "OxidationStates_std_dev_oxidation_state": 0.023341051082027654,
    "ElementProperty_MagpieData_avg_dev_Row": 0.022898477930032177,
    "VoronoiFingerprint_mean_Voro_dist_minimum": 0.022791640904777293
}