{
    "GaussianSymmFunc_mean_G2_80_0": 0.17600610670011058,
    "AverageBondLength_mean_Average_bond_length": 0.1746731680741686,
    "GaussianSymmFunc_std_dev_G2_80_0": 0.14626389740562268,
    "ElementProperty_MagpieData_maximum_CovalentRadius": 0.11948266509693531,
    "ElementProperty_MagpieData_maximum_MendeleevNumber": 0.11489748599406999,
    "ElementProperty_MagpieData_minimum_MendeleevNumber": 0.09025047793670177,
    "AGNIFingerPrint_mean_AGNI_eta=8_00e-01": 0.06847252174438864,
    "ElementProperty_MagpieData_minimum_Number": 0.06402553242923666,
    "ElementProperty_MagpieData_maximum_NdUnfilled": 0.06251892027265243,
    "AGNIFingerPrint_std_dev_AGNI_eta=8_00e-01": 0.059044986661042194,
    "BondOrientationParameter_mean_BOOP_Q_l=4": 0.05845544335654739,
    "ElementProperty_MagpieData_avg_dev_NpUnfilled": 0.05638996821460502,
    "ElementProperty_MagpieData_minimum_Column": 0.05267181227462587,
    "ElementProperty_MagpieData_maximum_NUnfilled": 0.052154253169224035,
    "ElementProperty_MagpieData_mean_NsValence": 0.05057008719154709,
    "ElementProperty_MagpieData_range_NUnfilled": 0.04986748158245646,
    "ElementProperty_MagpieData_avg_dev_NdUnfilled": 0.049802649762049234,
    "ElementProperty_MagpieData_range_NpUnfilled": 0.04784575976259435,
    "ElementProperty_MagpieData_mean_NpValence": 0.04538128852305855,
    "ElementProperty_MagpieData_mean_GSbandgap": 0.04392680233216353,
    "ElementProperty_MagpieData_mode_GSbandgap": 0.04077206264811346,
    "ElementProperty_MagpieData_range_NdUnfilled": 0.036896671393389,
    "GeneralizedRDF_std_dev_Gaussian_center=0_0_width=1_0": 0.034748089358875495,
    "AGNIFingerPrint_std_dev_AGNI_dir=x_eta=8_00e-01": 0.030039797597233957,
    "ElementProperty_MagpieData_range_NfValence": 0.02997318236797624,
    "ElementProperty_MagpieData_mode_NdUnfilled": 0.029743949710193576,
    "ElementProperty_MagpieData_avg_dev_NUnfilled": 0.029052719363460575,
    "ElementProperty_MagpieData_avg_dev_NfUnfilled": 0.027158657218668676,
    "ElementFraction_H": 0.02703788884274251,
    "ElementProperty_MagpieData_mode_MendeleevNumber": 0.02690646242732473
}