{
    "ChemEnvSiteFingerprint_mean_C:8": 0.8714908329252438,
    "OPSiteFingerprint_mean_body-centered_cubic_CN_8": 0.6239684087689518,
    "ElementProperty_MagpieData_mean_CovalentRadius": 0.4100401642683725,
    "ElementProperty_MagpieData_maximum_NdUnfilled": 0.3698286208827184,
    "ElementProperty_MagpieData_mean_NdUnfilled": 0.3530658201042144,
    "CrystalNNFingerprint_mean_body-centered_cubic_CN_8": 0.2819047210009723,
    "AverageBondAngle_mean_Average_bond_angle": 0.24338994956941504,
    "ElementProperty_MagpieData_minimum_Electronegativity": 0.20133190420554953,
    "ElementProperty_MagpieData_avg_dev_NfValence": 0.18507293178634662,
    "ElementProperty_MagpieData_range_Column": 0.17244086532661232,
    "AverageBondLength_std_dev_Average_bond_length": 0.16056662107538786,
    "ElementProperty_MagpieData_mean_MeltingT": 0.08928087614237429,
    "ElementProperty_MagpieData_range_Electronegativity": 0.08887145465861017,
    "MEGNet_OFMEncoded_v1_69": 0.07198011365447382,
    "ElementProperty_MagpieData_avg_dev_NdUnfilled": 0.06672310730832771,
    "ElementProperty_MagpieData_maximum_NUnfilled": 0.06587475191785082,
    "ElementProperty_MagpieData_maximum_MendeleevNumber": 0.062053850048272574,
    "ElementProperty_MagpieData_range_GSvolume_pa": 0.05977574600745805,
    "ElementFraction_S": 0.05626559674077788,
    "ElementProperty_MagpieData_avg_dev_NsUnfilled": 0.054246714937074635,
    "ElementProperty_MagpieData_mean_NfValence": 0.052859144072043625,
    "GeneralizedRDF_std_dev_Gaussian_center=3_0_width=1_0": 0.04784129476743404,
    "ElementProperty_MagpieData_maximum_MeltingT": 0.04685054682779693,
    "ElementProperty_MagpieData_maximum_GSbandgap": 0.04518470611141367,
    "ElementProperty_MagpieData_range_MeltingT": 0.04414333656818036,
    "ElementProperty_MagpieData_mode_SpaceGroupNumber": 0.04279599693912187,
    "ElementProperty_MagpieData_maximum_CovalentRadius": 0.04241401591315902,
    "TMetalFraction_transition_metal_fraction": 0.041536603904015604,
    "CrystalNNFingerprint_mean_wt_CN_8": 0.04067775571843311,
    "ElementProperty_MagpieData_mean_NValence": 0.04021778351460219
}