{
    "ChemEnvSiteFingerprint_mean_C:8": 3.310145750962433,
    "CrystalNNFingerprint_mean_body-centered_cubic_CN_8": 0.8464335027812262,
    "XRDPowderPattern_xrd_36": 0.8288141233048146,
    "MaximumPackingEfficiency_max_packing_efficiency": 0.7336526044506136,
    "BondOrientationParameter_mean_BOOP_Q_l=10": 0.33566885607278996,
    "ElementProperty_MagpieData_mean_NpValence": 0.30736241198703845,
    "XRDPowderPattern_xrd_35": 0.18656959749960852,
    "ElementProperty_MagpieData_mean_CovalentRadius": 0.18385280594212877,
    "CrystalNNFingerprint_mean_wt_CN_8": 0.14500391659153353,
    "BondOrientationParameter_mean_BOOP_Q_l=6": 0.14434396642314742,
    "ElementProperty_MagpieData_maximum_NfUnfilled": 0.14016646108222486,
    "CrystalNNFingerprint_mean_wt_CN_14": 0.11906977767586134,
    "ElementProperty_MagpieData_avg_dev_NdValence": 0.10862150525509122,
    "ElementProperty_MagpieData_avg_dev_CovalentRadius": 0.10084581127909094,
    "ElementProperty_MagpieData_maximum_NfValence": 0.09654081794083823,
    "GaussianSymmFunc_mean_G2_20_0": 0.09518520500348335,
    "ElementProperty_MagpieData_mean_NfValence": 0.0920758504103737,
    "OPSiteFingerprint_mean_body-centered_cubic_CN_8": 0.08576274296856994,
    "ElementProperty_MagpieData_maximum_NdUnfilled": 0.08510655949250635,
    "GeneralizedRDF_mean_Gaussian_center=5_0_width=1_0": 0.08122741790068604,
    "ElementProperty_MagpieData_maximum_Electronegativity": 0.08085415125924227,
    "ElementProperty_MagpieData_mean_Number": 0.07949416300802195,
    "SineCoulombMatrix_sine_coulomb_matrix_eig_3": 0.07678157054366085,
    "XRDPowderPattern_xrd_34": 0.07481451562097495,
    "GaussianSymmFunc_std_dev_G2_80_0": 0.07174316043852097,
    "GaussianSymmFunc_mean_G4_0_005_1_0_1_0": 0.06477216359050983,
    "ValenceOrbital_frac_p_valence_electrons": 0.05801693062013315,
    "GaussianSymmFunc_mean_G2_80_0": 0.05781569107373306,
    "ElementProperty_MagpieData_minimum_CovalentRadius": 0.05598599308164532,
    "MEGNet_OFMEncoded_v1_118": 0.055599177761310015
}