{
    "ChemEnvSiteFingerprint_mean_C:8": 3.019581416075448,
    "CrystalNNFingerprint_mean_body-centered_cubic_CN_8": 0.8787916521529606,
    "XRDPowderPattern_xrd_36": 0.7942307089544586,
    "MaximumPackingEfficiency_max_packing_efficiency": 0.6728379594733438,
    "ElementProperty_MagpieData_mean_NpValence": 0.3525741622358162,
    "BondOrientationParameter_mean_BOOP_Q_l=10": 0.23983430477207202,
    "XRDPowderPattern_xrd_35": 0.17157621111472823,
    "BondOrientationParameter_mean_BOOP_Q_l=6": 0.14412831555395295,
    "AGNIFingerPrint_std_dev_AGNI_dir=x_eta=4_43e+00": 0.1332650888091176,
    "ElementProperty_MagpieData_maximum_Electronegativity": 0.13146706472909195,
    "OPSiteFingerprint_mean_body-centered_cubic_CN_8": 0.12904259267002638,
    "ElementProperty_MagpieData_maximum_NfValence": 0.12750455744663358,
    "ElementProperty_MagpieData_mean_CovalentRadius": 0.12515633985533114,
    "ElementProperty_MagpieData_avg_dev_CovalentRadius": 0.12232690890262504,
    "ElementProperty_MagpieData_avg_dev_NdValence": 0.11054735240767051,
    "ElementProperty_MagpieData_maximum_NdUnfilled": 0.10478512335338726,
    "GaussianSymmFunc_mean_G2_80_0": 0.09591602523267773,
    "GaussianSymmFunc_mean_G2_20_0": 0.09466148101531831,
    "ElementProperty_MagpieData_maximum_MendeleevNumber": 0.09173836604386752,
    "ElementProperty_MagpieData_maximum_NfUnfilled": 0.0906556114246548,
    "CrystalNNFingerprint_mean_wt_CN_8": 0.08650937672792308,
    "GeneralizedRDF_mean_Gaussian_center=1_0_width=1_0": 0.08642204754202668,
    "ElementProperty_MagpieData_mean_GSvolume_pa": 0.0823112325927538,
    "GeneralizedRDF_mean_Gaussian_center=5_0_width=1_0": 0.07664679029032864,
    "SineCoulombMatrix_sine_coulomb_matrix_eig_3": 0.07451841088148752,
    "ElementProperty_MagpieData_avg_dev_Electronegativity": 0.07359055303140356,
    "CrystalNNFingerprint_mean_wt_CN_14": 0.07064037781424536,
    "ElementProperty_MagpieData_mean_NfValence": 0.06958556526483929,
    "GaussianSymmFunc_std_dev_G2_80_0": 0.0676757050357684,
    "XRDPowderPattern_xrd_34": 0.06468404385599229
}