{
    "ChemEnvSiteFingerprint_mean_C:8": 0.8587908417182296,
    "OPSiteFingerprint_mean_body-centered_cubic_CN_8": 0.5433663308172328,
    "ElementProperty_MagpieData_mean_CovalentRadius": 0.24569075863811504,
    "CrystalNNFingerprint_mean_body-centered_cubic_CN_8": 0.22065581066223486,
    "AverageBondAngle_mean_Average_bond_angle": 0.14118710535807114,
    "ElementProperty_MagpieData_mean_NsUnfilled": 0.11670943001664598,
    "AverageBondLength_std_dev_Average_bond_length": 0.11327830136632265,
    "CrystalNNFingerprint_mean_wt_CN_14": 0.10233543823748863,
    "StructuralHeterogeneity_mean_neighbor_distance_variation": 0.08856010291518472,
    "ElementProperty_MagpieData_maximum_CovalentRadius": 0.0754021216883464,
    "AGNIFingerPrint_std_dev_AGNI_dir=x_eta=1_88e+00": 0.07395274285907334,
    "GeneralizedRDF_mean_Gaussian_center=0_0_width=1_0": 0.06743270239325995,
    "ElementProperty_MagpieData_avg_dev_NpValence": 0.061821192991216634,
    "BondOrientationParameter_mean_BOOP_Q_l=9": 0.057817612804212964,
    "ElementProperty_MagpieData_mean_MeltingT": 0.05753007049769871,
    "MEGNet_OFMEncoded_v1_86": 0.05423333383852306,
    "ElementProperty_MagpieData_avg_dev_GSmagmom": 0.04726521076549148,
    "ElementProperty_MagpieData_avg_dev_NsUnfilled": 0.044637372285433116,
    "TMetalFraction_transition_metal_fraction": 0.044517258190840514,
    "ElementProperty_MagpieData_mean_Number": 0.04292704109802319,
    "GeneralizedRDF_std_dev_Gaussian_center=6_0_width=1_0": 0.04056337891668609,
    "ElementProperty_MagpieData_maximum_Number": 0.04008788345173084,
    "CrystalNNFingerprint_mean_wt_CN_8": 0.03873103642044303,
    "ElementProperty_MagpieData_mean_SpaceGroupNumber": 0.03868047981428953,
    "CrystalNNFingerprint_mean_wt_CN_6": 0.0369556506091911,
    "BondOrientationParameter_mean_BOOP_Q_l=3": 0.03685937717620259,
    "MaximumPackingEfficiency_max_packing_efficiency": 0.03414381076240479,
    "ElementProperty_MagpieData_mean_NpValence": 0.03139310226163714,
    "AGNIFingerPrint_std_dev_AGNI_eta=1_23e+00": 0.03126889471259468,
    "ElementProperty_MagpieData_maximum_GSbandgap": 0.03048442647286927
}