{
    "ChemEnvSiteFingerprint_mean_C:8": 3.3213395978329183,
    "XRDPowderPattern_xrd_36": 0.8382598559253579,
    "CrystalNNFingerprint_mean_body-centered_cubic_CN_8": 0.8201974033630118,
    "MaximumPackingEfficiency_max_packing_efficiency": 0.6882663245067469,
    "XRDPowderPattern_xrd_35": 0.30078959144236983,
    "BondOrientationParameter_mean_BOOP_Q_l=10": 0.26108643025583983,
    "OPSiteFingerprint_mean_body-centered_cubic_CN_8": 0.21789280879491024,
    "ValenceOrbital_frac_p_valence_electrons": 0.21549277947831919,
    "ElementProperty_MagpieData_mean_NpValence": 0.21309208158086876,
    "BondOrientationParameter_mean_BOOP_Q_l=6": 0.1986105575598494,
    "ElementProperty_MagpieData_maximum_Electronegativity": 0.15861684872601203,
    "CrystalNNFingerprint_mean_wt_CN_8": 0.13843070692343304,
    "ElementProperty_MagpieData_mean_CovalentRadius": 0.13348867274400064,
    "ElementProperty_MagpieData_avg_dev_NdValence": 0.12840754490528258,
    "ElementProperty_MagpieData_maximum_NfValence": 0.10486759907552962,
    "GaussianSymmFunc_mean_G2_20_0": 0.09756321637580936,
    "XRDPowderPattern_xrd_34": 0.08940819539740803,
    "ElementProperty_MagpieData_avg_dev_Row": 0.08703451022606634,
    "GeneralizedRDF_mean_Gaussian_center=5_0_width=1_0": 0.08686362054782401,
    "ElementProperty_MagpieData_mean_Number": 0.08294907573168103,
    "SineCoulombMatrix_sine_coulomb_matrix_eig_3": 0.07671756113044684,
    "ElementProperty_MagpieData_maximum_NdUnfilled": 0.07523416588970779,
    "ElementProperty_MagpieData_maximum_NfUnfilled": 0.07172711596045686,
    "CrystalNNFingerprint_mean_wt_CN_14": 0.07096666147403204,
    "AGNIFingerPrint_std_dev_AGNI_eta=8_00e-01": 0.06940420457103977,
    "CrystalNNFingerprint_std_dev_linear_CN_2": 0.0668265075510857,
    "ElementProperty_MagpieData_avg_dev_CovalentRadius": 0.06596733610644358,
    "MEGNet_OFMEncoded_v1_102": 0.059533417244536674,
    "ElementProperty_MagpieData_mean_MeltingT": 0.05926548589806546,
    "AGNIFingerPrint_std_dev_AGNI_eta=1_88e+00": 0.05919830490036446
}