{
    "GaussianSymmFunc_mean_G2_80_0": 0.7263574049609421,
    "ElementProperty_MagpieData_mean_NpValence": 0.28030526300671293,
    "ElementProperty_MagpieData_range_NdValence": 0.23845331672162712,
    "ElementProperty_MagpieData_avg_dev_NdValence": 0.1915423896031196,
    "AGNIFingerPrint_mean_AGNI_eta=8_00e-01": 0.17491098280771783,
    "ElementProperty_MagpieData_mean_NsUnfilled": 0.16853586757164182,
    "TMetalFraction_transition_metal_fraction": 0.16305411513623405,
    "ElementFraction_H": 0.16125300535204745,
    "ElementProperty_MagpieData_mode_GSvolume_pa": 0.14915465476611553,
    "ElementProperty_MagpieData_maximum_NfUnfilled": 0.14788353475808605,
    "ElementProperty_MagpieData_mode_NValence": 0.1351685400672441,
    "ElementProperty_MagpieData_minimum_GSvolume_pa": 0.13312034299279438,
    "GaussianSymmFunc_mean_G4_0_005_4_0_-1_0": 0.12993595423966509,
    "GeneralizedRDF_mean_Gaussian_center=5_0_width=1_0": 0.1289917378851658,
    "AGNIFingerPrint_std_dev_AGNI_eta=8_00e-01": 0.12693290107733513,
    "CrystalNNFingerprint_mean_octahedral_CN_6": 0.12648373199559246,
    "ElementProperty_MagpieData_range_NsValence": 0.11058094513915556,
    "GaussianSymmFunc_std_dev_G2_80_0": 0.10684222451123151,
    "ElementProperty_MagpieData_mode_SpaceGroupNumber": 0.10560852413121781,
    "ElementProperty_MagpieData_range_NfValence": 0.10531849377968312,
    "GeneralizedRDF_std_dev_Gaussian_center=0_0_width=1_0": 0.10330201608671895,
    "ElectronegativityDiff_minimum_EN_difference": 0.09187802465949631,
    "ElementProperty_MagpieData_mean_NfValence": 0.07968209631776471,
    "ElementProperty_MagpieData_mean_SpaceGroupNumber": 0.07499262347096816,
    "ElementProperty_MagpieData_maximum_NdValence": 0.07033272699525646,
    "ElementProperty_MagpieData_avg_dev_MeltingT": 0.06888410300579335,
    "ElementProperty_MagpieData_mode_GSbandgap": 0.06378744254573132,
    "ElementProperty_MagpieData_mean_GSbandgap": 0.05964306258483358,
    "ValenceOrbital_frac_d_valence_electrons": 0.058205083930547186,
    "ElementProperty_MagpieData_avg_dev_NpValence": 0.05432414432951408
}