{
    "ChemEnvSiteFingerprint_mean_C:8": 0.8993021541422451,
    "OPSiteFingerprint_mean_body-centered_cubic_CN_8": 0.4285815229187325,
    "ElementProperty_MagpieData_mean_CovalentRadius": 0.2224530434517239,
    "ElementProperty_MagpieData_maximum_NdValence": 0.19951932251192983,
    "ElementProperty_MagpieData_avg_dev_NdValence": 0.14794004597679453,
    "CrystalNNFingerprint_mean_body-centered_cubic_CN_8": 0.1475748113868976,
    "AverageBondAngle_mean_Average_bond_angle": 0.13366356940864868,
    "ElementProperty_MagpieData_mean_NdValence": 0.12778227200179507,
    "StructuralHeterogeneity_min_relative_bond_length": 0.0706508470975325,
    "ElementProperty_MagpieData_maximum_CovalentRadius": 0.06957799811424104,
    "ElementProperty_MagpieData_avg_dev_NsUnfilled": 0.06707254168928395,
    "ElementProperty_MagpieData_minimum_Number": 0.06478178038716674,
    "AGNIFingerPrint_std_dev_AGNI_dir=x_eta=1_88e+00": 0.06404227430110963,
    "CrystalNNFingerprint_mean_wt_CN_8": 0.061830527353733664,
    "BondOrientationParameter_mean_BOOP_Q_l=6": 0.05983487990466818,
    "ElementProperty_MagpieData_mode_Number": 0.057990872354098916,
    "CrystalNNFingerprint_mean_hexagonal_bipyramidal_CN_8": 0.057313104987149026,
    "ElementProperty_MagpieData_mean_Number": 0.05082886323471544,
    "AverageBondLength_std_dev_Average_bond_length": 0.0499745202287544,
    "ElementProperty_MagpieData_maximum_GSvolume_pa": 0.0437938064926098,
    "ElementProperty_MagpieData_minimum_CovalentRadius": 0.04282912029858672,
    "CrystalNNFingerprint_mean_rectangular_see-saw-like_CN_4": 0.03982995730979286,
    "GeneralizedRDF_mean_Gaussian_center=3_0_width=1_0": 0.037093430514480365,
    "ElementProperty_MagpieData_minimum_MendeleevNumber": 0.036946761952071805,
    "MaximumPackingEfficiency_max_packing_efficiency": 0.03678315103220501,
    "MEGNet_OFMEncoded_v1_149": 0.036120652354911825,
    "ElementProperty_MagpieData_avg_dev_NsValence": 0.034243994876554905,
    "CrystalNNFingerprint_std_dev_wt_CN_8": 0.033807142184943545,
    "ElementProperty_MagpieData_mean_AtomicWeight": 0.033624683610572574,
    "MEGNet_OFMEncoded_v1_86": 0.03337761006396879
}