{
    "ChemEnvSiteFingerprint_mean_C:8": 3.4057291083921175,
    "CrystalNNFingerprint_mean_body-centered_cubic_CN_8": 0.8954458464728545,
    "MaximumPackingEfficiency_max_packing_efficiency": 0.8350570251560736,
    "XRDPowderPattern_xrd_36": 0.8280118602566373,
    "BondOrientationParameter_mean_BOOP_Q_l=10": 0.3914522126729943,
    "ElementProperty_MagpieData_maximum_Electronegativity": 0.2634445146835526,
    "ElementProperty_MagpieData_mean_NpValence": 0.2339740575314118,
    "XRDPowderPattern_xrd_35": 0.21609410875105597,
    "CrystalNNFingerprint_mean_wt_CN_8": 0.19847745821268978,
    "ElementProperty_MagpieData_mean_CovalentRadius": 0.19825446059122312,
    "ElementProperty_MagpieData_avg_dev_NdValence": 0.15243647601206176,
    "ElementProperty_MagpieData_maximum_NfUnfilled": 0.13420493873547407,
    "GaussianSymmFunc_mean_G2_20_0": 0.12797564012065735,
    "OPSiteFingerprint_mean_body-centered_cubic_CN_8": 0.12402798143361306,
    "XRDPowderPattern_xrd_75": 0.11578386775871781,
    "ElementProperty_MagpieData_maximum_NdUnfilled": 0.10541216866361787,
    "XRDPowderPattern_xrd_74": 0.10130670360112695,
    "ElementProperty_MagpieData_maximum_NfValence": 0.10098918668846536,
    "ElementProperty_MagpieData_avg_dev_CovalentRadius": 0.09605254289329071,
    "ValenceOrbital_frac_p_valence_electrons": 0.09058927906011593,
    "BondOrientationParameter_mean_BOOP_Q_l=6": 0.09022498017459166,
    "GeneralizedRDF_mean_Gaussian_center=5_0_width=1_0": 0.08871448629630191,
    "ElementProperty_MagpieData_range_GSmagmom": 0.08375400399980047,
    "ElementProperty_MagpieData_avg_dev_GSmagmom": 0.08364108178022861,
    "MEGNet_OFMEncoded_v1_118": 0.08232281776110396,
    "ElementProperty_MagpieData_mean_NfValence": 0.08026968681259901,
    "ElementProperty_MagpieData_maximum_MendeleevNumber": 0.07697130173332167,
    "SineCoulombMatrix_sine_coulomb_matrix_eig_3": 0.0750111500498284,
    "XRDPowderPattern_xrd_34": 0.07293881070743954,
    "MEGNet_OFMEncoded_v1_166": 0.07192860311259303
}