{
    "MaximumPackingEfficiency_max_packing_efficiency": 1.2553953143871692,
    "ElementProperty_MagpieData_maximum_MendeleevNumber": 1.1026046692205578,
    "Miedema_Miedema_deltaH_inter": 0.3842642843085464,
    "AGNIFingerPrint_std_dev_AGNI_eta=1_23e+00": 0.25363464294870425,
    "ElementProperty_MagpieData_mean_NpValence": 0.20672450096120962,
    "ChemEnvSiteFingerprint_mean_C:8": 0.13564101702441636,
    "ElementProperty_MagpieData_mode_MeltingT": 0.12378814584291808,
    "CrystalNNFingerprint_mean_body-centered_cubic_CN_8": 0.12321908001261539,
    "OPSiteFingerprint_mean_body-centered_cubic_CN_8": 0.11122669673697295,
    "ElementProperty_MagpieData_mean_Electronegativity": 0.0866446568753973,
    "ElementProperty_MagpieData_mean_GSbandgap": 0.0831594924541832,
    "CrystalNNFingerprint_mean_wt_CN_14": 0.07537821461458964,
    "ElementProperty_MagpieData_mode_CovalentRadius": 0.059210555656597226,
    "MEGNet_OFMEncoded_v1_102": 0.05236118714965084,
    "ValenceOrbital_frac_p_valence_electrons": 0.05223177420177976,
    "GaussianSymmFunc_mean_G2_80_0": 0.042978191937838826,
    "ElementProperty_MagpieData_mean_CovalentRadius": 0.04196613284019921,
    "ElementProperty_MagpieData_range_NfValence": 0.04146233938701899,
    "TMetalFraction_transition_metal_fraction": 0.03860188111109935,
    "ElementProperty_MagpieData_mode_Electronegativity": 0.037265086480293155,
    "ElementProperty_MagpieData_mean_MendeleevNumber": 0.03565924112690431,
    "ElementProperty_MagpieData_mode_MendeleevNumber": 0.03449761185335735,
    "CrystalNNFingerprint_mean_q6_CN_12": 0.03388698057226536,
    "ElementProperty_MagpieData_maximum_Electronegativity": 0.03326508128953685,
    "AGNIFingerPrint_mean_AGNI_eta=1_23e+00": 0.03244707122832533,
    "ElementProperty_MagpieData_range_CovalentRadius": 0.03156566535180862,
    "ElementProperty_MagpieData_maximum_Number": 0.03008670195631501,
    "BondOrientationParameter_mean_BOOP_Q_l=6": 0.02905995817038607,
    "ElementFraction_H": 0.028979901003668544,
    "ElementFraction_C": 0.02707836514211143
}