{
    "GaussianSymmFunc_mean_G2_80_0": 0.36665252764991063,
    "ElementProperty_MagpieData_minimum_NValence": 0.2193043043220156,
    "ElementProperty_MagpieData_mean_NdValence": 0.16367271736045053,
    "GaussianSymmFunc_std_dev_G2_80_0": 0.14202067554083359,
    "AGNIFingerPrint_std_dev_AGNI_eta=8_00e-01": 0.13582494563084863,
    "ElementProperty_MagpieData_mode_Column": 0.09317365350333137,
    "TMetalFraction_transition_metal_fraction": 0.0865438218379218,
    "ElementProperty_MagpieData_range_NfUnfilled": 0.08625560940897326,
    "ElementProperty_MagpieData_minimum_MendeleevNumber": 0.07320007824730751,
    "ElementProperty_MagpieData_minimum_Column": 0.07206743180502273,
    "AGNIFingerPrint_mean_AGNI_eta=8_00e-01": 0.055296058730762015,
    "ElementProperty_MagpieData_mean_GSbandgap": 0.05506164827660304,
    "AtomicOrbitals_HOMO_element": 0.05496062840565557,
    "ElementProperty_MagpieData_range_GSbandgap": 0.054734192460623214,
    "ElementProperty_MagpieData_avg_dev_NfUnfilled": 0.05458113813303099,
    "ElementProperty_MagpieData_minimum_Electronegativity": 0.053075583672801525,
    "ElementProperty_MagpieData_maximum_NdValence": 0.05006914058466362,
    "DensityFeatures_packing_fraction": 0.04872904347446886,
    "ElementProperty_MagpieData_mode_GSbandgap": 0.046725388746900146,
    "ElementProperty_MagpieData_range_NdValence": 0.04652764746537421,
    "ElementProperty_MagpieData_mean_Column": 0.04344682663905546,
    "ElementFraction_H": 0.04306196482503792,
    "ElementProperty_MagpieData_mode_NdValence": 0.039923209440014686,
    "GeneralizedRDF_std_dev_Gaussian_center=0_0_width=1_0": 0.039815222532910144,
    "ElementProperty_MagpieData_minimum_SpaceGroupNumber": 0.03912961747178101,
    "ElementProperty_MagpieData_range_NpUnfilled": 0.03840913093030866,
    "ValenceOrbital_frac_s_valence_electrons": 0.035370797825206204,
    "OPSiteFingerprint_mean_octahedral_CN_6": 0.03474568542393982,
    "ElementProperty_MagpieData_mean_NsValence": 0.03443325862316266,
    "AverageBondLength_mean_Average_bond_length": 0.03391759876923176
}