{
    "AGNIFingerPrint_mean_AGNI_eta=8_00e-01": 0.17499177496453297,
    "AGNIFingerPrint_std_dev_AGNI_eta=8_00e-01": 0.16353296346988938,
    "AverageBondLength_mean_Average_bond_length": 0.146350613127038,
    "MaximumPackingEfficiency_max_packing_efficiency": 0.14544143550620506,
    "GaussianSymmFunc_std_dev_G2_80_0": 0.1235119147878323,
    "MEGNet_OFMEncoded_v1_57": 0.10943241737107968,
    "GaussianSymmFunc_mean_G2_80_0": 0.10236513384558218,
    "GeneralizedRDF_mean_Gaussian_center=3_0_width=1_0": 0.08970965295307627,
    "ValenceOrbital_frac_f_valence_electrons": 0.06948902198593816,
    "ElementProperty_MagpieData_avg_dev_NsValence": 0.06547400484075334,
    "ElementProperty_MagpieData_mode_GSbandgap": 0.045450963918015355,
    "ElementProperty_MagpieData_mode_NpUnfilled": 0.04408401781156707,
    "ElementProperty_MagpieData_mean_NsUnfilled": 0.040418213514603396,
    "CrystalNNFingerprint_mean_octahedral_CN_6": 0.03934055894886766,
    "ElementProperty_MagpieData_maximum_GSmagmom": 0.03731717895546344,
    "ElementProperty_MagpieData_maximum_GSvolume_pa": 0.03585405627318805,
    "ElementProperty_MagpieData_maximum_CovalentRadius": 0.03450750710464742,
    "ElementProperty_MagpieData_range_NdValence": 0.03390866159020769,
    "ElementProperty_MagpieData_range_GSvolume_pa": 0.03335866741972354,
    "GeneralizedRDF_std_dev_Gaussian_center=0_0_width=1_0": 0.03319802523796901,
    "MEGNet_OFMEncoded_v1_90": 0.03230975820466934,
    "ElementFraction_H": 0.031144066416256645,
    "ElementProperty_MagpieData_range_MendeleevNumber": 0.029136547543891667,
    "ChemEnvSiteFingerprint_mean_C:8": 0.029022856796985578,
    "MEGNet_OFMEncoded_v1_23": 0.028898193512340055,
    "GeneralizedRDF_mean_Gaussian_center=2_0_width=1_0": 0.02847544017313016,
    "ElementFraction_Fe": 0.027913826075981422,
    "MEGNet_OFMEncoded_v1_182": 0.027582589883333897,
    "DensityFeatures_density": 0.026997856398363922,
    "DensityFeatures_packing_fraction": 0.026682817907093922
}