{
    "ChemEnvSiteFingerprint_mean_C:8": 0.8894775883291777,
    "MaximumPackingEfficiency_max_packing_efficiency": 0.516762390060526,
    "OPSiteFingerprint_mean_body-centered_cubic_CN_8": 0.4586048801849665,
    "ElementProperty_MagpieData_mean_CovalentRadius": 0.29171062200017184,
    "ElementProperty_MagpieData_maximum_Number": 0.18347761059043863,
    "CrystalNNFingerprint_mean_body-centered_cubic_CN_8": 0.1702415912513933,
    "BondOrientationParameter_mean_BOOP_Q_l=10": 0.12598918440544393,
    "ElementProperty_MagpieData_range_GSvolume_pa": 0.11911576684479035,
    "BondOrientationParameter_mean_BOOP_Q_l=6": 0.11575912685855663,
    "ElementProperty_MagpieData_avg_dev_NdValence": 0.10665006975698167,
    "ElementProperty_MagpieData_minimum_MendeleevNumber": 0.10411808962364484,
    "AverageBondAngle_mean_Average_bond_angle": 0.09008361771872783,
    "ElementFraction_Li": 0.08794459661035525,
    "AGNIFingerPrint_std_dev_AGNI_dir=x_eta=1_88e+00": 0.08743084523458135,
    "AGNIFingerPrint_std_dev_AGNI_eta=1_88e+00": 0.08491093626378549,
    "AverageBondLength_std_dev_Average_bond_length": 0.0731857228530824,
    "ElementProperty_MagpieData_maximum_NdValence": 0.06353313369029998,
    "CrystalNNFingerprint_mean_wt_CN_8": 0.06279612558633657,
    "BondOrientationParameter_mean_BOOP_Q_l=5": 0.05728903153921565,
    "OPSiteFingerprint_mean_pentagonal_pyramidal_CN_6": 0.05721516219962179,
    "VoronoiFingerprint_std_dev_Voro_dist_minimum": 0.053980282844760065,
    "ElementProperty_MagpieData_mean_AtomicWeight": 0.05286092388263392,
    "RadialDistributionFunction_radial_distribution_function_d_4_90": 0.05122264405877567,
    "ElementProperty_MagpieData_maximum_GSvolume_pa": 0.050779400980671886,
    "OPSiteFingerprint_mean_linear_CN_2": 0.04990035473388205,
    "ElementProperty_MagpieData_mode_Number": 0.04897576897868873,
    "ElementProperty_MagpieData_avg_dev_GSmagmom": 0.04843729346470665,
    "MEGNet_OFMEncoded_v1_86": 0.046171667240937866,
    "GeneralizedRDF_mean_Gaussian_center=3_0_width=1_0": 0.043943203711606316,
    "ElementProperty_MagpieData_mode_NValence": 0.04377868909162001
}