{
    "GaussianSymmFunc_mean_G2_80_0": 0.21711365685987177,
    "ValenceOrbital_frac_p_valence_electrons": 0.11903067199057249,
    "AGNIFingerPrint_std_dev_AGNI_eta=8_00e-01": 0.1088154589182101,
    "GaussianSymmFunc_std_dev_G2_80_0": 0.09765138226917133,
    "ElementProperty_MagpieData_range_NdUnfilled": 0.08384056746673917,
    "ElementFraction_S": 0.07485768637271767,
    "ElementProperty_MagpieData_maximum_NfValence": 0.06224057681097394,
    "ElementFraction_H": 0.05005590425953888,
    "ElementProperty_MagpieData_avg_dev_SpaceGroupNumber": 0.05004972077278022,
    "BondFractions_O_-_P_bond_frac_": 0.04534268115644464,
    "XRDPowderPattern_xrd_33": 0.043236645573074765,
    "ElementProperty_MagpieData_maximum_NsUnfilled": 0.04207312847482874,
    "ElementProperty_MagpieData_mean_NdValence": 0.039268225920825656,
    "ElementProperty_MagpieData_range_NfValence": 0.03636957117284272,
    "ElementProperty_MagpieData_minimum_SpaceGroupNumber": 0.03346368523304205,
    "ValenceOrbital_frac_f_valence_electrons": 0.03286716631096889,
    "ElementProperty_MagpieData_mode_GSbandgap": 0.03228718944607259,
    "ElementProperty_MagpieData_minimum_CovalentRadius": 0.031649743103349316,
    "ElementProperty_MagpieData_mean_NsUnfilled": 0.03145181833784971,
    "ElementProperty_MagpieData_minimum_MendeleevNumber": 0.030680375299415405,
    "GeneralizedRDF_mean_Gaussian_center=6_0_width=1_0": 0.030432156782301864,
    "AGNIFingerPrint_mean_AGNI_eta=1_23e+00": 0.029714662741294792,
    "ElementProperty_MagpieData_maximum_Number": 0.027359572936173887,
    "ElementProperty_MagpieData_mean_NpUnfilled": 0.027239081855189286,
    "ElementProperty_MagpieData_avg_dev_NsValence": 0.026754828925225405,
    "ElementProperty_MagpieData_mode_GSvolume_pa": 0.026538666601910805,
    "ElementProperty_MagpieData_avg_dev_MeltingT": 0.024671124175805595,
    "ElementProperty_MagpieData_avg_dev_NdValence": 0.023976721087644634,
    "ElementProperty_MagpieData_maximum_GSbandgap": 0.02393321535129096,
    "RadialDistributionFunction_radial_distribution_function_d_3_80": 0.02346077859817239
}