{
    "ChemEnvSiteFingerprint_mean_C:8": 0.9053150194135611,
    "OPSiteFingerprint_mean_body-centered_cubic_CN_8": 0.3986248476459107,
    "ElementProperty_MagpieData_mean_CovalentRadius": 0.20358067924030596,
    "AverageBondAngle_mean_Average_bond_angle": 0.1707371282585117,
    "CrystalNNFingerprint_mean_body-centered_cubic_CN_8": 0.15848741337055444,
    "ElementProperty_MagpieData_maximum_NdUnfilled": 0.13754644371234098,
    "ElementProperty_MagpieData_maximum_CovalentRadius": 0.1291374369286263,
    "ElementProperty_MagpieData_maximum_NdValence": 0.12888960738284547,
    "ElementProperty_MagpieData_mode_CovalentRadius": 0.08560624169463887,
    "ElementProperty_MagpieData_mean_Number": 0.07453279869264408,
    "ElementProperty_MagpieData_maximum_Number": 0.06860481620161184,
    "MEGNet_OFMEncoded_v1_27": 0.06536676474258556,
    "DensityFeatures_packing_fraction": 0.061869936234430274,
    "ElementProperty_MagpieData_maximum_NValence": 0.058223507237394945,
    "ElementProperty_MagpieData_mode_GSvolume_pa": 0.05525940513488839,
    "AGNIFingerPrint_std_dev_AGNI_dir=x_eta=4_43e+00": 0.05310720295372571,
    "GeneralizedRDF_mean_Gaussian_center=3_0_width=1_0": 0.051812993705370784,
    "ElementProperty_MagpieData_mean_NdUnfilled": 0.04176646859474269,
    "CrystalNNFingerprint_mean_wt_CN_8": 0.04146569806006836,
    "ValenceOrbital_frac_d_valence_electrons": 0.041079909034002146,
    "ElementProperty_MagpieData_maximum_MeltingT": 0.03826808191013974,
    "MEGNet_OFMEncoded_v1_86": 0.03435156884539423,
    "ElementProperty_MagpieData_avg_dev_NfUnfilled": 0.034257598001436136,
    "GeneralizedRDF_mean_Gaussian_center=2_0_width=1_0": 0.033542370835113744,
    "ElementProperty_MagpieData_mean_NdValence": 0.03132183156550153,
    "ElementProperty_MagpieData_mode_Electronegativity": 0.0309056788251487,
    "MEGNet_OFMEncoded_v1_133": 0.03075122533093157,
    "ElementFraction_Li": 0.030544888783206034,
    "ElementProperty_MagpieData_avg_dev_GSmagmom": 0.02965185078263172,
    "GeneralizedRDF_std_dev_Gaussian_center=3_0_width=1_0": 0.027892178992421017
}