{
    "ChemEnvSiteFingerprint_mean_C:8": 0.600386167788368,
    "OPSiteFingerprint_mean_body-centered_cubic_CN_8": 0.34516156492885397,
    "AverageBondLength_mean_Average_bond_length": 0.3363648008719858,
    "CrystalNNFingerprint_mean_body-centered_cubic_CN_8": 0.17847523546130162,
    "GeneralizedRDF_mean_Gaussian_center=0_0_width=1_0": 0.157143153729366,
    "ElementProperty_MagpieData_mean_NpValence": 0.13411477703438737,
    "ElementProperty_MagpieData_maximum_Number": 0.12734117954191007,
    "CrystalNNFingerprint_mean_q6_CN_12": 0.09650709954203449,
    "ElementProperty_MagpieData_mode_MendeleevNumber": 0.08386279151800319,
    "ElementProperty_MagpieData_mean_GSbandgap": 0.07244318112723304,
    "TMetalFraction_transition_metal_fraction": 0.06800707534163827,
    "ElementProperty_MagpieData_maximum_NfValence": 0.06646941198300553,
    "ElementProperty_MagpieData_avg_dev_NsValence": 0.06437825740344667,
    "AverageBondAngle_mean_Average_bond_angle": 0.06427940535106424,
    "ElementProperty_MagpieData_mode_Number": 0.05847604365322512,
    "ElementProperty_MagpieData_minimum_GSvolume_pa": 0.056297059348522444,
    "CrystalNNFingerprint_mean_wt_CN_12": 0.055389652736799404,
    "ElementProperty_MagpieData_maximum_CovalentRadius": 0.051400927571474214,
    "ElementProperty_MagpieData_avg_dev_NdUnfilled": 0.05037312749591526,
    "ElementProperty_MagpieData_mean_GSvolume_pa": 0.049528083023763075,
    "ElementProperty_MagpieData_mean_SpaceGroupNumber": 0.04763880657571801,
    "ElementProperty_MagpieData_avg_dev_NsUnfilled": 0.04692500852941283,
    "CrystalNNFingerprint_mean_tetrahedral_CN_4": 0.04559643187457585,
    "SineCoulombMatrix_sine_coulomb_matrix_eig_0": 0.04217023328406836,
    "GaussianSymmFunc_mean_G2_80_0": 0.0421606030513268,
    "ElementProperty_MagpieData_avg_dev_SpaceGroupNumber": 0.04182953515734996,
    "ElementProperty_MagpieData_mode_MeltingT": 0.0413848548952262,
    "RadialDistributionFunction_radial_distribution_function_d_3_70": 0.04039646962768025,
    "CrystalNNFingerprint_mean_cuboctahedral_CN_12": 0.03872591978266544,
    "ElementProperty_MagpieData_mean_Column": 0.03858658513642423
}