{
    "ChemEnvSiteFingerprint_mean_C:8": 0.8728022881786046,
    "OPSiteFingerprint_mean_body-centered_cubic_CN_8": 0.48869796587087144,
    "CrystalNNFingerprint_mean_body-centered_cubic_CN_8": 0.24058628878783533,
    "ElementProperty_MagpieData_mean_CovalentRadius": 0.2286298729767694,
    "ElementProperty_MagpieData_maximum_NdValence": 0.11494855042496421,
    "AverageBondAngle_mean_Average_bond_angle": 0.1136271344839723,
    "MaximumPackingEfficiency_max_packing_efficiency": 0.11191473403525297,
    "ElementFraction_P": 0.07527525604209075,
    "CrystalNNFingerprint_mean_wt_CN_14": 0.06782730344438835,
    "AGNIFingerPrint_std_dev_AGNI_dir=x_eta=1_88e+00": 0.06546810110670781,
    "ValenceOrbital_frac_p_valence_electrons": 0.06509411714963925,
    "ElementProperty_MagpieData_avg_dev_GSbandgap": 0.058237500012655374,
    "AGNIFingerPrint_mean_AGNI_eta=6_80e+00": 0.05156094954342708,
    "ElementProperty_MagpieData_maximum_CovalentRadius": 0.050383833144977255,
    "ElementProperty_MagpieData_mean_NdValence": 0.04886706861746217,
    "VoronoiFingerprint_mean_Voro_dist_minimum": 0.04729748998398668,
    "ElementProperty_MagpieData_mean_NsUnfilled": 0.04011343080441159,
    "BondOrientationParameter_mean_BOOP_Q_l=10": 0.03631816887222198,
    "AGNIFingerPrint_std_dev_AGNI_dir=x_eta=4_43e+00": 0.03525404683095262,
    "ElementProperty_MagpieData_avg_dev_SpaceGroupNumber": 0.03503720630421506,
    "ElementProperty_MagpieData_range_NsUnfilled": 0.031959555409258766,
    "ElementProperty_MagpieData_avg_dev_NValence": 0.03147995858555425,
    "ElementProperty_MagpieData_maximum_NValence": 0.03034780239873259,
    "ElementProperty_MagpieData_mean_NpUnfilled": 0.029978703360050294,
    "ElementProperty_MagpieData_mean_NsValence": 0.02917415964590272,
    "CrystalNNFingerprint_mean_wt_CN_8": 0.028327150444481277,
    "GeneralizedRDF_std_dev_Gaussian_center=1_0_width=1_0": 0.027557868411566832,
    "CrystalNNFingerprint_mean_wt_CN_4": 0.02691435110518602,
    "ElementProperty_MagpieData_mode_Number": 0.026662301663462736,
    "BondOrientationParameter_std_dev_BOOP_Q_l=2": 0.026090007312749068
}