{
    "AGNIFingerPrint_std_dev_AGNI_eta=8_00e-01": 0.2269535871574804,
    "GeneralizedRDF_mean_Gaussian_center=4_0_width=1_0": 0.22596545659881853,
    "GaussianSymmFunc_mean_G2_80_0": 0.14636719119665445,
    "MEGNet_OFMEncoded_v1_69": 0.09276960541626103,
    "ElementProperty_MagpieData_maximum_NsUnfilled": 0.08944672540399448,
    "AverageBondLength_mean_Average_bond_length": 0.08650376360017735,
    "ElementProperty_MagpieData_mean_NUnfilled": 0.08390558752419877,
    "GeneralizedRDF_mean_Gaussian_center=2_0_width=1_0": 0.06001525041211003,
    "GaussianSymmFunc_std_dev_G2_80_0": 0.057238187615008415,
    "ElementFraction_S": 0.05549903057742945,
    "AverageBondLength_std_dev_Average_bond_length": 0.048558604719153846,
    "CrystalNNFingerprint_mean_wt_CN_1": 0.04491939565944418,
    "ElementProperty_MagpieData_maximum_Number": 0.03975724473430657,
    "ElementProperty_MagpieData_mode_GSvolume_pa": 0.039718542840375515,
    "OPSiteFingerprint_mean_sgl_bd_CN_1": 0.039276215595698084,
    "DensityFeatures_density": 0.03679506231743159,
    "ElementProperty_MagpieData_maximum_NdUnfilled": 0.0345427560362067,
    "ElementProperty_MagpieData_maximum_NdValence": 0.03331623580564858,
    "ValenceOrbital_frac_f_valence_electrons": 0.03271437846633438,
    "ElementProperty_MagpieData_mean_GSbandgap": 0.03127877231429677,
    "ElementProperty_MagpieData_maximum_NUnfilled": 0.030718664871937147,
    "ElementProperty_MagpieData_minimum_MeltingT": 0.030418249160196403,
    "ElementProperty_MagpieData_mean_NsUnfilled": 0.029552930847230575,
    "ElementProperty_MagpieData_avg_dev_AtomicWeight": 0.029119172996526128,
    "ElementProperty_MagpieData_range_NdValence": 0.028411091951110082,
    "ElementProperty_MagpieData_mean_GSvolume_pa": 0.027823850137982064,
    "ElementProperty_MagpieData_avg_dev_Row": 0.026610581818883594,
    "MEGNet_OFMEncoded_v1_91": 0.026296288329288396,
    "MEGNet_OFMEncoded_v1_20": 0.025717486075997317,
    "ElementProperty_MagpieData_maximum_NfUnfilled": 0.025304737868596407
}