{
    "GaussianSymmFunc_mean_G2_80_0": 0.7999473008963695,
    "ElementProperty_MagpieData_avg_dev_NpUnfilled": 0.6449003023560065,
    "GaussianSymmFunc_std_dev_G2_80_0": 0.35248102911660095,
    "DensityFeatures_packing_fraction": 0.2291574200976861,
    "ElementProperty_MagpieData_maximum_Column": 0.18527272458101893,
    "MaximumPackingEfficiency_max_packing_efficiency": 0.17080803998962832,
    "ElementProperty_MagpieData_mean_NpUnfilled": 0.15937875924496941,
    "ElementProperty_MagpieData_mode_Electronegativity": 0.12757622237292082,
    "ElementFraction_H": 0.11462665199330552,
    "ElementProperty_MagpieData_mean_GSbandgap": 0.11406239133954477,
    "AGNIFingerPrint_std_dev_AGNI_eta=8_00e-01": 0.11266447007444785,
    "ElementProperty_MagpieData_minimum_Number": 0.10159436459500507,
    "GeneralizedRDF_std_dev_Gaussian_center=0_0_width=1_0": 0.10096595028724707,
    "ElementProperty_MagpieData_maximum_NdUnfilled": 0.09074322402639458,
    "AGNIFingerPrint_std_dev_AGNI_dir=x_eta=1_23e+00": 0.08964360845402346,
    "ElementProperty_MagpieData_mean_NpValence": 0.08078230569754564,
    "ElementProperty_MagpieData_mean_CovalentRadius": 0.07946848070346946,
    "ElementProperty_MagpieData_avg_dev_Column": 0.07152284881141009,
    "ElementProperty_MagpieData_minimum_MendeleevNumber": 0.0696813640273879,
    "ElementProperty_MagpieData_range_NValence": 0.0658926601237651,
    "ElementProperty_MagpieData_mode_GSbandgap": 0.061071844347053,
    "AGNIFingerPrint_mean_AGNI_eta=8_00e-01": 0.05702209918103349,
    "ElementProperty_MagpieData_avg_dev_SpaceGroupNumber": 0.05681607326233454,
    "ElementProperty_MagpieData_mean_NsValence": 0.0551781644308766,
    "ElementProperty_MagpieData_avg_dev_NValence": 0.053284389863181875,
    "GeneralizedRDF_std_dev_Gaussian_center=2_0_width=1_0": 0.05086961578901612,
    "CrystalNNFingerprint_std_dev_q4_CN_12": 0.05044138987368076,
    "ElementProperty_MagpieData_maximum_NValence": 0.04589928453005831,
    "ElementProperty_MagpieData_minimum_MeltingT": 0.04468135685921854,
    "BandCenter_band_center": 0.043260569007039444
}