{
    "ElementProperty_MagpieData_maximum_Electronegativity": 1.9811491236661327,
    "ElementFraction_O": 1.0702571828975909,
    "ElementProperty_MagpieData_mode_MeltingT": 0.20315159150429682,
    "ChemEnvSiteFingerprint_mean_C:8": 0.16514065084176205,
    "OPSiteFingerprint_mean_body-centered_cubic_CN_8": 0.0907876520421727,
    "ElementProperty_MagpieData_minimum_Column": 0.07999989962259696,
    "ElementProperty_MagpieData_minimum_MendeleevNumber": 0.07508527921623499,
    "ElementProperty_MagpieData_minimum_MeltingT": 0.06959766295201547,
    "ElementProperty_MagpieData_mean_NValence": 0.04802902454010412,
    "ElementProperty_MagpieData_avg_dev_SpaceGroupNumber": 0.04659814701478067,
    "ElementProperty_MagpieData_mean_MeltingT": 0.04627670710461921,
    "IonProperty_avg_ionic_char": 0.04248129832152119,
    "MEGNet_OFMEncoded_v1_76": 0.041589097727706796,
    "AverageBondAngle_mean_Average_bond_angle": 0.039588802782755075,
    "ElementProperty_MagpieData_mode_SpaceGroupNumber": 0.03821938934451971,
    "ElementProperty_MagpieData_avg_dev_Electronegativity": 0.036452243234510046,
    "LocalPropertyDifference_mean_local_difference_in_Electronegativity": 0.0339485396846871,
    "ElementProperty_MagpieData_avg_dev_Row": 0.03238151240697138,
    "ElementProperty_MagpieData_mean_Column": 0.031931537618435125,
    "ElementFraction_F": 0.029683326126632884,
    "ElementProperty_MagpieData_mode_GSvolume_pa": 0.02960673799827301,
    "CrystalNNFingerprint_mean_body-centered_cubic_CN_8": 0.026940166212672687,
    "MEGNet_OFMEncoded_v1_132": 0.025919880312104744,
    "ElementProperty_MagpieData_mean_MendeleevNumber": 0.025161557298833254,
    "ElementProperty_MagpieData_avg_dev_CovalentRadius": 0.02219435914457195,
    "ElementProperty_MagpieData_range_Row": 0.021672958057244573,
    "ValenceOrbital_frac_p_valence_electrons": 0.02156973112380729,
    "ElementProperty_MagpieData_mean_NpUnfilled": 0.021361123999043757,
    "OPSiteFingerprint_mean_hexagonal_bipyramidal_CN_8": 0.021064167452003246,
    "ElementProperty_MagpieData_avg_dev_NsUnfilled": 0.020461794390275973
}