{
    "ChemEnvSiteFingerprint_mean_C:8": 3.386213153262305,
    "MaximumPackingEfficiency_max_packing_efficiency": 0.9310692905203306,
    "CrystalNNFingerprint_mean_body-centered_cubic_CN_8": 0.8393764101726643,
    "XRDPowderPattern_xrd_36": 0.7384613430893674,
    "BondOrientationParameter_mean_BOOP_Q_l=10": 0.35527217472465383,
    "ElementProperty_MagpieData_mean_NpValence": 0.27756881673663897,
    "AGNIFingerPrint_std_dev_AGNI_dir=x_eta=4_43e+00": 0.19366238781215006,
    "ElementProperty_MagpieData_mean_CovalentRadius": 0.18918388942202055,
    "XRDPowderPattern_xrd_35": 0.1862898331586588,
    "OPSiteFingerprint_mean_body-centered_cubic_CN_8": 0.14306887900240647,
    "ElementProperty_MagpieData_avg_dev_NdValence": 0.1389601666473749,
    "ElementProperty_MagpieData_maximum_NfUnfilled": 0.13377318976668062,
    "ElementProperty_MagpieData_maximum_Electronegativity": 0.1335188773022326,
    "ElementProperty_MagpieData_maximum_MendeleevNumber": 0.12216615363709989,
    "ElementProperty_MagpieData_maximum_NdUnfilled": 0.11057199690268606,
    "ElementProperty_MagpieData_avg_dev_CovalentRadius": 0.10425225962299571,
    "GaussianSymmFunc_mean_G2_20_0": 0.10109254904867303,
    "GeneralizedRDF_mean_Gaussian_center=5_0_width=1_0": 0.09237498311882301,
    "ValenceOrbital_frac_p_valence_electrons": 0.0921796388452616,
    "MEGNet_OFMEncoded_v1_118": 0.08207307250884675,
    "ElementProperty_MagpieData_maximum_NfValence": 0.08153580590793261,
    "CrystalNNFingerprint_mean_wt_CN_8": 0.08089714491263111,
    "XRDPowderPattern_xrd_34": 0.07967858510102101,
    "ElementProperty_MagpieData_avg_dev_Row": 0.07862111717475491,
    "GaussianSymmFunc_mean_G4_0_005_1_0_1_0": 0.07698234572864394,
    "BondOrientationParameter_mean_BOOP_Q_l=6": 0.07623200441897582,
    "ElementProperty_MagpieData_mean_Number": 0.0735876116328406,
    "ElementProperty_MagpieData_avg_dev_Electronegativity": 0.07318833643298019,
    "GaussianSymmFunc_mean_G2_80_0": 0.06255232676415455,
    "ElementProperty_MagpieData_mean_MeltingT": 0.060120094330950474
}