{
    "ChemEnvSiteFingerprint_mean_C:8": 1.0543815861091297,
    "OPSiteFingerprint_mean_body-centered_cubic_CN_8": 0.521969881795183,
    "ElementProperty_MagpieData_mean_CovalentRadius": 0.3677500774647892,
    "CrystalNNFingerprint_mean_body-centered_cubic_CN_8": 0.29233565488591634,
    "BandCenter_band_center": 0.24318321004289087,
    "AverageBondAngle_mean_Average_bond_angle": 0.22568466291014952,
    "ElementProperty_MagpieData_mean_SpaceGroupNumber": 0.18952448420204918,
    "AGNIFingerPrint_std_dev_AGNI_dir=x_eta=4_43e+00": 0.15556528698620314,
    "ElementProperty_MagpieData_range_NfValence": 0.1251345240649417,
    "ElementProperty_MagpieData_minimum_SpaceGroupNumber": 0.10957387283158986,
    "AverageBondLength_std_dev_Average_bond_length": 0.10624690811148803,
    "CrystalNNFingerprint_mean_wt_CN_8": 0.0930352279242975,
    "CrystalNNFingerprint_mean_wt_CN_14": 0.0815256456769963,
    "ElementProperty_MagpieData_maximum_NValence": 0.07026853032281406,
    "ElementProperty_MagpieData_maximum_NdValence": 0.06829115132633956,
    "ElementProperty_MagpieData_mode_Number": 0.06751957706891058,
    "ElementProperty_MagpieData_mean_NValence": 0.06584701586888077,
    "ElementProperty_MagpieData_range_NdValence": 0.061597096585460163,
    "ElementProperty_MagpieData_avg_dev_GSmagmom": 0.06018020143099406,
    "ElementProperty_MagpieData_maximum_NdUnfilled": 0.058147824501831445,
    "ElementProperty_MagpieData_mean_NpUnfilled": 0.054421533539328174,
    "CrystalNNFingerprint_mean_tetrahedral_CN_4": 0.052929773129006506,
    "XRDPowderPattern_xrd_36": 0.05211187410133307,
    "ElementFraction_O": 0.04922856578665537,
    "MEGNet_OFMEncoded_v1_86": 0.043954270907753196,
    "BondOrientationParameter_mean_BOOP_Q_l=10": 0.04274041774797287,
    "ElementProperty_MagpieData_mean_GSvolume_pa": 0.04165392365914934,
    "OPSiteFingerprint_std_dev_octahedral_CN_6": 0.039636493392506314,
    "ValenceOrbital_frac_s_valence_electrons": 0.03902825962258899,
    "CrystalNNFingerprint_std_dev_pentagonal_pyramidal_CN_6": 0.03849670956738146
}