{
    "MaximumPackingEfficiency_max_packing_efficiency": 1.1170825024051116,
    "ElementProperty_MagpieData_maximum_MendeleevNumber": 0.8103093201847499,
    "ElementProperty_MagpieData_mean_NpValence": 0.37974807447172476,
    "Miedema_Miedema_deltaH_inter": 0.29348089674960093,
    "ValenceOrbital_frac_p_valence_electrons": 0.2591345613590178,
    "ElementProperty_MagpieData_mode_MeltingT": 0.1976206050949112,
    "ElementProperty_MagpieData_range_Row": 0.19084372599850805,
    "ElementProperty_MagpieData_mode_CovalentRadius": 0.164513245529397,
    "ElementProperty_MagpieData_mean_GSbandgap": 0.14360161159212323,
    "CrystalNNFingerprint_mean_body-centered_cubic_CN_8": 0.1262862714476712,
    "ChemEnvSiteFingerprint_mean_C:8": 0.12384885629613922,
    "CrystalNNFingerprint_mean_wt_CN_14": 0.1046473816948385,
    "GaussianSymmFunc_mean_G2_80_0": 0.1045996453231759,
    "ElementProperty_MagpieData_mode_NpUnfilled": 0.08741397014572325,
    "ElementProperty_MagpieData_minimum_MendeleevNumber": 0.08222999551376645,
    "OPSiteFingerprint_mean_body-centered_cubic_CN_8": 0.08092159117525953,
    "AverageBondAngle_mean_Average_bond_angle": 0.06468706337962507,
    "ElementProperty_MagpieData_mean_Electronegativity": 0.064606685533485,
    "ElementProperty_MagpieData_maximum_CovalentRadius": 0.054934300324850284,
    "AverageBondLength_std_dev_Average_bond_length": 0.05439850949503309,
    "ElementProperty_MagpieData_mean_CovalentRadius": 0.0523464653621088,
    "ElementFraction_H": 0.04376647990014609,
    "ElementProperty_MagpieData_mean_MendeleevNumber": 0.04322704283213419,
    "ElementProperty_MagpieData_mean_SpaceGroupNumber": 0.041616604893484094,
    "ElementProperty_MagpieData_avg_dev_Row": 0.03940308099997923,
    "ElementFraction_F": 0.03912531125037099,
    "ElementProperty_MagpieData_range_NpUnfilled": 0.037914794668583524,
    "ElementProperty_MagpieData_avg_dev_AtomicWeight": 0.03772051447107447,
    "MEGNet_OFMEncoded_v1_104": 0.03726155437329973,
    "ElementProperty_MagpieData_avg_dev_NpValence": 0.036224635129408045
}