{
    "ChemEnvSiteFingerprint_mean_C:8": 0.7649838375671001,
    "OPSiteFingerprint_mean_body-centered_cubic_CN_8": 0.5680390451998661,
    "CrystalNNFingerprint_mean_body-centered_cubic_CN_8": 0.29713286315174847,
    "ElementProperty_MagpieData_mean_CovalentRadius": 0.17702863087216733,
    "AGNIFingerPrint_std_dev_AGNI_dir=x_eta=4_43e+00": 0.14324505615771305,
    "ElementProperty_MagpieData_maximum_MendeleevNumber": 0.12248316720338483,
    "AGNIFingerPrint_mean_AGNI_eta=1_04e+01": 0.11544478261393466,
    "AverageBondAngle_mean_Average_bond_angle": 0.10893993572505403,
    "YangSolidSolution_Yang_delta": 0.08189749911554572,
    "ElementProperty_MagpieData_mean_MendeleevNumber": 0.07940553380909884,
    "GeneralizedRDF_std_dev_Gaussian_center=3_0_width=1_0": 0.07730985930054747,
    "MaximumPackingEfficiency_max_packing_efficiency": 0.06608196408211978,
    "ElementProperty_MagpieData_avg_dev_NdUnfilled": 0.06074201717886358,
    "ElementProperty_MagpieData_mean_NpValence": 0.05086570629980822,
    "TMetalFraction_transition_metal_fraction": 0.04927008830313943,
    "ElementProperty_MagpieData_mode_CovalentRadius": 0.048673202821170394,
    "ElementProperty_MagpieData_range_NdUnfilled": 0.04808483269845547,
    "ElementProperty_MagpieData_mean_SpaceGroupNumber": 0.046635932595790075,
    "ElementProperty_MagpieData_mean_NdUnfilled": 0.04570955418928464,
    "BandCenter_band_center": 0.044329718711120424,
    "ElementProperty_MagpieData_mode_GSvolume_pa": 0.04305792295845763,
    "CrystalNNFingerprint_mean_wt_CN_8": 0.042404483352160245,
    "ElementProperty_MagpieData_mean_GSvolume_pa": 0.042128344829305976,
    "CrystalNNFingerprint_mean_hexagonal_bipyramidal_CN_8": 0.041314783304906635,
    "ElementProperty_MagpieData_minimum_MendeleevNumber": 0.037976803868178,
    "ElementProperty_MagpieData_avg_dev_NpValence": 0.03610114895607669,
    "ElementProperty_MagpieData_mode_Electronegativity": 0.03553919676713493,
    "ElementProperty_MagpieData_avg_dev_NdValence": 0.03505468548447747,
    "ElementProperty_MagpieData_avg_dev_CovalentRadius": 0.03491313118977321,
    "ElementProperty_MagpieData_mean_Column": 0.03282402013695596
}