{
    "ChemEnvSiteFingerprint_mean_C:8": 3.304243698415034,
    "XRDPowderPattern_xrd_36": 0.8475743591320634,
    "MaximumPackingEfficiency_max_packing_efficiency": 0.8067428575721647,
    "CrystalNNFingerprint_mean_body-centered_cubic_CN_8": 0.6376893424894288,
    "BondOrientationParameter_mean_BOOP_Q_l=10": 0.3731558912492994,
    "ElementProperty_MagpieData_mean_NpValence": 0.2295189902201015,
    "CrystalNNFingerprint_mean_wt_CN_8": 0.19773071049238305,
    "XRDPowderPattern_xrd_35": 0.18281512577774947,
    "ElementProperty_MagpieData_maximum_Electronegativity": 0.16877934218116739,
    "ElementProperty_MagpieData_avg_dev_NdValence": 0.1246722907004451,
    "ElementProperty_MagpieData_maximum_NfUnfilled": 0.12364043781965126,
    "ElementProperty_MagpieData_mean_CovalentRadius": 0.11828367821106683,
    "ElementProperty_MagpieData_maximum_NfValence": 0.10002701360975898,
    "OPSiteFingerprint_mean_body-centered_cubic_CN_8": 0.0983128984059397,
    "CrystalNNFingerprint_mean_wt_CN_14": 0.09521155637003234,
    "ElementProperty_MagpieData_avg_dev_CovalentRadius": 0.08854209901713599,
    "ElementProperty_MagpieData_mean_Number": 0.08845319310235583,
    "BondOrientationParameter_mean_BOOP_Q_l=6": 0.08535011010918292,
    "ElementProperty_MagpieData_maximum_MendeleevNumber": 0.0842551082909494,
    "GeneralizedRDF_mean_Gaussian_center=5_0_width=1_0": 0.0839523739118727,
    "SineCoulombMatrix_sine_coulomb_matrix_eig_3": 0.08160571085493651,
    "GaussianSymmFunc_mean_G2_20_0": 0.07520102620413006,
    "XRDPowderPattern_xrd_34": 0.07519824410128603,
    "ElementProperty_MagpieData_maximum_CovalentRadius": 0.07434139111064506,
    "ValenceOrbital_frac_p_valence_electrons": 0.07072049713641217,
    "ElementProperty_MagpieData_mean_NfValence": 0.06934879937729024,
    "GaussianSymmFunc_mean_G4_0_005_1_0_1_0": 0.06474638871204515,
    "ElementProperty_MagpieData_mean_NdValence": 0.059639905923954496,
    "GaussianSymmFunc_std_dev_G2_80_0": 0.05946299847130747,
    "ElementProperty_MagpieData_maximum_NdUnfilled": 0.05874671216106297
}