{
    "GeneralizedRDF_std_dev_Gaussian_center=0_0_width=1_0": 0.7491677459427726,
    "AGNIFingerPrint_mean_AGNI_eta=8_00e-01": 0.706872943479992,
    "AGNIFingerPrint_std_dev_AGNI_eta=8_00e-01": 0.6203471998404001,
    "ElementProperty_MagpieData_mean_GSbandgap": 0.4736349483180863,
    "GeneralizedRDF_mean_Gaussian_center=0_0_width=1_0": 0.43114276163355464,
    "GaussianSymmFunc_std_dev_G2_80_0": 0.34127094858022783,
    "ElementProperty_MagpieData_mean_NpValence": 0.31649187063341183,
    "ElementProperty_MagpieData_mode_NsUnfilled": 0.2284935753777676,
    "ElementProperty_MagpieData_maximum_MendeleevNumber": 0.213744966687274,
    "ValenceOrbital_frac_f_valence_electrons": 0.19669671503457942,
    "ElementProperty_MagpieData_mean_CovalentRadius": 0.11726791741107119,
    "DensityFeatures_packing_fraction": 0.10776115712482677,
    "OPSiteFingerprint_mean_body-centered_cubic_CN_8": 0.10269285060379658,
    "ElementProperty_MagpieData_maximum_NdValence": 0.09366728243014395,
    "GaussianSymmFunc_mean_G2_80_0": 0.08447316963021471,
    "ChemEnvSiteFingerprint_mean_C:8": 0.07518419070912473,
    "ElementFraction_H": 0.06382383901679628,
    "ElementProperty_MagpieData_minimum_Electronegativity": 0.06353076889151503,
    "ElementProperty_MagpieData_mean_Electronegativity": 0.062371978137013506,
    "CrystalNNFingerprint_mean_wt_CN_1": 0.05903360692327398,
    "ElementProperty_MagpieData_maximum_Number": 0.05429264032123335,
    "AGNIFingerPrint_std_dev_AGNI_dir=x_eta=1_23e+00": 0.05056157304481098,
    "ElementProperty_MagpieData_mean_Row": 0.050242432874966825,
    "ElementFraction_Li": 0.049442404363202234,
    "Stoichiometry_3-norm": 0.04924449068742029,
    "ElementProperty_MagpieData_mean_NUnfilled": 0.04857949900276928,
    "AGNIFingerPrint_std_dev_AGNI_dir=y_eta=1_23e+00": 0.04663161200424327,
    "ElementProperty_MagpieData_mean_MendeleevNumber": 0.043870017656198655,
    "ElementProperty_MagpieData_mode_MendeleevNumber": 0.04204873832146757,
    "ElementProperty_MagpieData_maximum_CovalentRadius": 0.04190005977027922
}