{
    "ChemEnvSiteFingerprint_mean_C:8": 3.2164559788513216,
    "MaximumPackingEfficiency_max_packing_efficiency": 0.9510602668916888,
    "XRDPowderPattern_xrd_36": 0.419825938854352,
    "BondOrientationParameter_mean_BOOP_Q_l=10": 0.3919534754641668,
    "CrystalNNFingerprint_mean_body-centered_cubic_CN_8": 0.39159776222033144,
    "XRDPowderPattern_xrd_35": 0.36690329800645893,
    "ElementProperty_MagpieData_mean_NpValence": 0.2684490213770455,
    "ElementProperty_MagpieData_mean_CovalentRadius": 0.2098493329616527,
    "OPSiteFingerprint_mean_body-centered_cubic_CN_8": 0.16081722298097387,
    "ElementProperty_MagpieData_maximum_Electronegativity": 0.11116572808567501,
    "ElementProperty_MagpieData_maximum_NdUnfilled": 0.10945794679714758,
    "GaussianSymmFunc_mean_G2_20_0": 0.10395710901537676,
    "CrystalNNFingerprint_mean_wt_CN_14": 0.09569128994145876,
    "ElementProperty_MagpieData_avg_dev_NdValence": 0.09185834871512928,
    "CrystalNNFingerprint_mean_wt_CN_8": 0.08426089627918108,
    "ElementProperty_MagpieData_maximum_NfUnfilled": 0.08307393597562505,
    "ElementProperty_MagpieData_avg_dev_CovalentRadius": 0.07732420380664286,
    "ElementProperty_MagpieData_mean_Row": 0.07241262694268058,
    "MEGNet_OFMEncoded_v1_118": 0.07064957991423976,
    "ElementProperty_MagpieData_avg_dev_Electronegativity": 0.06957192093956491,
    "ElementProperty_MagpieData_mean_NfUnfilled": 0.06918992647185583,
    "ValenceOrbital_frac_p_valence_electrons": 0.06727459270892555,
    "GaussianSymmFunc_std_dev_G2_80_0": 0.066452699738412,
    "ElementProperty_MagpieData_mode_NValence": 0.060393121389759025,
    "ElementProperty_MagpieData_mean_NpUnfilled": 0.059903046821680773,
    "BondOrientationParameter_mean_BOOP_Q_l=6": 0.056739338741314614,
    "ElementProperty_MagpieData_maximum_NfValence": 0.05669741431547946,
    "SineCoulombMatrix_sine_coulomb_matrix_eig_3": 0.05387256128701122,
    "GeneralizedRDF_mean_Gaussian_center=5_0_width=1_0": 0.05159624171593407,
    "ElementProperty_MagpieData_maximum_MendeleevNumber": 0.05083252269095431
}