{
    "AGNIFingerPrint_std_dev_AGNI_eta=8_00e-01": 0.8300461008421314,
    "GeneralizedRDF_std_dev_Gaussian_center=0_0_width=1_0": 0.8125057501564931,
    "AGNIFingerPrint_mean_AGNI_eta=8_00e-01": 0.7218784878688312,
    "GeneralizedRDF_mean_Gaussian_center=0_0_width=1_0": 0.4867879735790997,
    "ElementProperty_MagpieData_mean_GSbandgap": 0.45275420329326327,
    "ElementProperty_MagpieData_mode_NsUnfilled": 0.2365044235236055,
    "GaussianSymmFunc_std_dev_G2_80_0": 0.23453228756530584,
    "ElementProperty_MagpieData_mean_NpValence": 0.20822790159402876,
    "DensityFeatures_packing_fraction": 0.14475002658992633,
    "ValenceOrbital_frac_f_valence_electrons": 0.1339006023333261,
    "ElementProperty_MagpieData_mode_MendeleevNumber": 0.12821670918621322,
    "ElementProperty_MagpieData_maximum_MendeleevNumber": 0.12266102896178135,
    "ElementProperty_MagpieData_mean_CovalentRadius": 0.08795083684537573,
    "ElementProperty_MagpieData_maximum_NdValence": 0.08322787630207334,
    "BondFractions_Li_-_O_bond_frac_": 0.0826780954776808,
    "ElementProperty_MagpieData_avg_dev_Column": 0.07996058971600743,
    "ElementFraction_H": 0.076216768256621,
    "ElementProperty_MagpieData_mean_MendeleevNumber": 0.07502964854929406,
    "ElementProperty_MagpieData_avg_dev_MendeleevNumber": 0.0729463728698665,
    "BandCenter_band_center": 0.06418530089780392,
    "AGNIFingerPrint_std_dev_AGNI_dir=y_eta=1_23e+00": 0.06018603260549453,
    "GaussianSymmFunc_mean_G2_80_0": 0.057750794915148194,
    "ElementProperty_MagpieData_range_NsUnfilled": 0.05448403834340649,
    "ElementProperty_MagpieData_range_MeltingT": 0.054371392923368025,
    "ElementProperty_MagpieData_minimum_Electronegativity": 0.05384684195108889,
    "MEGNet_OFMEncoded_v1_167": 0.048966107772800284,
    "ElementProperty_MagpieData_mean_Row": 0.046999305049227426,
    "MaximumPackingEfficiency_max_packing_efficiency": 0.04592523404990047,
    "ElementProperty_MagpieData_maximum_GSmagmom": 0.045910595948463445,
    "CrystalNNFingerprint_mean_wt_CN_1": 0.04585184916889296
}