{
    "OPSiteFingerprint_mean_body-centered_cubic_CN_8": 1.364137362640429,
    "MaximumPackingEfficiency_max_packing_efficiency": 0.3035976457391485,
    "ChemEnvSiteFingerprint_mean_C:8": 0.273538209448568,
    "CrystalNNFingerprint_mean_body-centered_cubic_CN_8": 0.1929576390234189,
    "ElementProperty_MagpieData_mean_CovalentRadius": 0.14167107359805742,
    "MEGNet_OFMEncoded_v1_166": 0.13538263024467287,
    "MEGNet_OFMEncoded_v1_23": 0.1309344846806987,
    "ElementProperty_MagpieData_maximum_MendeleevNumber": 0.12999119450823307,
    "BondOrientationParameter_mean_BOOP_Q_l=5": 0.11720551720540713,
    "AverageBondAngle_mean_Average_bond_angle": 0.11282587566931293,
    "ElementProperty_MagpieData_avg_dev_NpUnfilled": 0.09743657243473346,
    "AverageBondLength_std_dev_Average_bond_length": 0.09064432808844848,
    "AGNIFingerPrint_std_dev_AGNI_dir=x_eta=1_88e+00": 0.08512919091949205,
    "VoronoiFingerprint_mean_Voro_area_std_dev": 0.06947372623657279,
    "ElementProperty_MagpieData_mean_NpValence": 0.0630719212445906,
    "YangSolidSolution_Yang_delta": 0.05564651887856016,
    "YangSolidSolution_Yang_omega": 0.05259273626055872,
    "OPSiteFingerprint_std_dev_tetrahedral_CN_4": 0.04984392875624488,
    "ElementProperty_MagpieData_maximum_NdUnfilled": 0.048656323336104514,
    "RadialDistributionFunction_radial_distribution_function_d_4_90": 0.047371944129284305,
    "CrystalNNFingerprint_mean_wt_CN_8": 0.04616479190360361,
    "ElementProperty_MagpieData_maximum_GSvolume_pa": 0.04222551724902891,
    "CrystalNNFingerprint_std_dev_wt_CN_4": 0.04056370043621465,
    "CrystalNNFingerprint_mean_wt_CN_14": 0.04021145774578574,
    "BondOrientationParameter_std_dev_BOOP_Q_l=4": 0.03979367641314824,
    "AverageBondLength_mean_Average_bond_length": 0.03962610672036585,
    "ElementProperty_MagpieData_mean_MeltingT": 0.03911522746046299,
    "ElementProperty_MagpieData_avg_dev_SpaceGroupNumber": 0.03800203704190849,
    "BondOrientationParameter_mean_BOOP_Q_l=10": 0.03630676183634448,
    "ValenceOrbital_frac_p_valence_electrons": 0.0353367963238163
}