{
    "ChemEnvSiteFingerprint_mean_C:8": 0.6416214442576786,
    "OPSiteFingerprint_mean_body-centered_cubic_CN_8": 0.5165092567414719,
    "ElementProperty_MagpieData_mean_CovalentRadius": 0.2814972112774919,
    "AverageBondAngle_mean_Average_bond_angle": 0.1535907346615421,
    "ElementProperty_MagpieData_range_AtomicWeight": 0.1518390887864419,
    "ElementProperty_MagpieData_maximum_NdValence": 0.13425179022781308,
    "CrystalNNFingerprint_mean_body-centered_cubic_CN_8": 0.12736633532513536,
    "ElementProperty_MagpieData_maximum_CovalentRadius": 0.11212557428423635,
    "MaximumPackingEfficiency_max_packing_efficiency": 0.0752186784144824,
    "ElementFraction_O": 0.0733083423258022,
    "OPSiteFingerprint_std_dev_trigonal_planar_CN_3": 0.06750832730716855,
    "OPSiteFingerprint_mean_sgl_bd_CN_1": 0.06669544649248522,
    "CrystalNNFingerprint_mean_wt_CN_8": 0.06537296194631796,
    "ElementProperty_MagpieData_mean_GSbandgap": 0.06316829365171615,
    "ElementProperty_MagpieData_range_GSvolume_pa": 0.05631620779940461,
    "ElementProperty_MagpieData_mode_Number": 0.054366454419250906,
    "ElementProperty_MagpieData_range_Number": 0.05248016649831647,
    "MEGNet_OFMEncoded_v1_86": 0.05073254419387943,
    "CrystalNNFingerprint_mean_tetrahedral_CN_4": 0.05011621293788475,
    "GaussianSymmFunc_std_dev_G2_80_0": 0.045654172011522616,
    "ElementProperty_MagpieData_minimum_CovalentRadius": 0.04521876643944091,
    "ElementProperty_MagpieData_range_CovalentRadius": 0.0450808600484637,
    "SineCoulombMatrix_sine_coulomb_matrix_eig_0": 0.04112696418529948,
    "ElementProperty_MagpieData_maximum_Number": 0.040963526355662375,
    "ElementProperty_MagpieData_mode_CovalentRadius": 0.040260599133665254,
    "AverageBondLength_std_dev_Average_bond_length": 0.0369900053514139,
    "OPSiteFingerprint_mean_cuboctahedral_CN_12": 0.0367530111685853,
    "ElementProperty_MagpieData_minimum_Electronegativity": 0.0366425611054967,
    "CrystalNNFingerprint_mean_hexagonal_bipyramidal_CN_8": 0.035645185433424736,
    "CrystalNNFingerprint_mean_bent_150_degrees_CN_2": 0.03529329415255607
}