{
    "GaussianSymmFunc_mean_G2_80_0": 0.4478541959135535,
    "CrystalNNFingerprint_mean_octahedral_CN_6": 0.23697901687895292,
    "GaussianSymmFunc_std_dev_G2_80_0": 0.1939506448814385,
    "ElementProperty_MagpieData_maximum_Number": 0.16481198908172814,
    "AGNIFingerPrint_std_dev_AGNI_eta=8_00e-01": 0.1602617436952441,
    "ElementProperty_MagpieData_maximum_NpUnfilled": 0.1594239679738174,
    "ElementProperty_MagpieData_range_NsUnfilled": 0.12251805547011858,
    "ElementProperty_MagpieData_mean_NdUnfilled": 0.10263637124144454,
    "ElementProperty_MagpieData_mean_NsUnfilled": 0.1001646839262235,
    "DensityFeatures_density": 0.09684395134736096,
    "ElementProperty_MagpieData_mean_NsValence": 0.09549095682729034,
    "ElementFraction_H": 0.09448709936685415,
    "ElementProperty_MagpieData_minimum_Electronegativity": 0.09401854147726774,
    "ElementProperty_MagpieData_range_NdValence": 0.09076205657750235,
    "ElementProperty_MagpieData_maximum_MeltingT": 0.08884753973631672,
    "ElementProperty_MagpieData_avg_dev_NdValence": 0.0809034660652548,
    "ElementProperty_MagpieData_avg_dev_NpValence": 0.0765475177939496,
    "ElementProperty_MagpieData_avg_dev_NfValence": 0.06202889109400571,
    "ElementProperty_MagpieData_mode_GSbandgap": 0.06112420983959244,
    "ElementProperty_MagpieData_maximum_NdUnfilled": 0.06072251613226541,
    "ElementProperty_MagpieData_mean_NpUnfilled": 0.05889807614883312,
    "AGNIFingerPrint_mean_AGNI_eta=8_00e-01": 0.05064268570447723,
    "CoulombMatrix_coulomb_matrix_eig_0": 0.04857500956683425,
    "ElementProperty_MagpieData_mode_Electronegativity": 0.04650429746094759,
    "ElementProperty_MagpieData_avg_dev_GSmagmom": 0.04635775780064205,
    "Stoichiometry_2-norm": 0.044593286757748055,
    "ElementProperty_MagpieData_minimum_MendeleevNumber": 0.04345810765959387,
    "ElementProperty_MagpieData_avg_dev_NpUnfilled": 0.04191980285035381,
    "ElementProperty_MagpieData_mean_GSbandgap": 0.040829229806962276,
    "ElementFraction_Fe": 0.03875284835816503
}