{
    "GaussianSymmFunc_mean_G2_80_0": 0.4767377910447061,
    "ElementProperty_MagpieData_mean_NsUnfilled": 0.14600483867958303,
    "GaussianSymmFunc_std_dev_G2_80_0": 0.14403744824868864,
    "ElementProperty_MagpieData_minimum_GSvolume_pa": 0.13335847993473735,
    "GeneralizedRDF_std_dev_Gaussian_center=0_0_width=1_0": 0.12707607012259547,
    "AGNIFingerPrint_std_dev_AGNI_eta=8_00e-01": 0.10918933089989158,
    "AGNIFingerPrint_mean_AGNI_eta=8_00e-01": 0.09113769237301972,
    "ElementFraction_H": 0.06769780018289796,
    "YangSolidSolution_Yang_omega": 0.06676454449211891,
    "ElementProperty_MagpieData_mean_GSbandgap": 0.06470382412135282,
    "ElementProperty_MagpieData_avg_dev_NpValence": 0.06459123134226945,
    "ValenceOrbital_frac_f_valence_electrons": 0.06391808104588038,
    "ElementProperty_MagpieData_avg_dev_AtomicWeight": 0.06043987677900522,
    "ElementProperty_MagpieData_range_Row": 0.05846306317015138,
    "ValenceOrbital_frac_d_valence_electrons": 0.05785217583454801,
    "MEGNet_OFMEncoded_v1_51": 0.057129977679920285,
    "CrystalNNFingerprint_mean_q6_CN_12": 0.05703507525189357,
    "TMetalFraction_transition_metal_fraction": 0.05594693987027268,
    "ElementProperty_MagpieData_mode_GSbandgap": 0.051562617466782944,
    "BondOrientationParameter_mean_BOOP_Q_l=5": 0.048489143781288255,
    "ElementProperty_MagpieData_avg_dev_Row": 0.04814535627022677,
    "ElementProperty_MagpieData_mean_NpValence": 0.04755958008431384,
    "ElementProperty_MagpieData_avg_dev_NfValence": 0.0446393380664818,
    "ElementProperty_MagpieData_maximum_NsUnfilled": 0.042545398068801275,
    "ElementProperty_MagpieData_maximum_NdValence": 0.04156284834110769,
    "ElementProperty_MagpieData_minimum_Number": 0.03917667202226251,
    "ElementProperty_MagpieData_mean_NsValence": 0.03546948336784636,
    "ElementProperty_MagpieData_mean_CovalentRadius": 0.03345972514226661,
    "ElementProperty_MagpieData_mean_NpUnfilled": 0.03216951390508684,
    "ElementProperty_MagpieData_avg_dev_CovalentRadius": 0.03204407864044388
}