{
    "ElementProperty_MagpieData_avg_dev_NsUnfilled": 0.39375249733338535,
    "GaussianSymmFunc_mean_G2_80_0": 0.3634792544849012,
    "ElementProperty_MagpieData_avg_dev_NfUnfilled": 0.18753050797692172,
    "AGNIFingerPrint_std_dev_AGNI_eta=8_00e-01": 0.14853731147926025,
    "ElementProperty_MagpieData_range_NsUnfilled": 0.1461629101145603,
    "GaussianSymmFunc_std_dev_G2_80_0": 0.14537785156475333,
    "AGNIFingerPrint_mean_AGNI_eta=8_00e-01": 0.11459278322632492,
    "ElementProperty_MagpieData_maximum_GSbandgap": 0.08259425731163267,
    "ElementProperty_MagpieData_mean_NdUnfilled": 0.07287162754080272,
    "ElementProperty_MagpieData_mode_CovalentRadius": 0.07236992370549458,
    "ElementProperty_MagpieData_mean_NfValence": 0.07189462611910881,
    "ElementProperty_MagpieData_maximum_NdUnfilled": 0.07119171838391664,
    "ElementProperty_MagpieData_maximum_MendeleevNumber": 0.06594029846321,
    "ElementProperty_MagpieData_mode_GSbandgap": 0.062005535254909386,
    "OPSiteFingerprint_mean_body-centered_cubic_CN_8": 0.05925785815923584,
    "ElementProperty_MagpieData_mode_NpUnfilled": 0.057414004607818855,
    "MaximumPackingEfficiency_max_packing_efficiency": 0.050293486976497416,
    "ElementProperty_MagpieData_avg_dev_NfValence": 0.04846812899640558,
    "ElementProperty_MagpieData_mean_NpUnfilled": 0.04745987153195022,
    "ElementProperty_MagpieData_range_Column": 0.045901258497857554,
    "MEGNet_OFMEncoded_v1_102": 0.045871600991227855,
    "ElementProperty_MagpieData_avg_dev_NpUnfilled": 0.04535979051784269,
    "ElementFraction_H": 0.04351888896917006,
    "ElementProperty_MagpieData_mean_GSbandgap": 0.04241842342580879,
    "ElementProperty_MagpieData_mean_NsValence": 0.04194243019464092,
    "ElementProperty_MagpieData_maximum_CovalentRadius": 0.040024600670460896,
    "ElementProperty_MagpieData_avg_dev_GSmagmom": 0.03917615073531205,
    "ElementProperty_MagpieData_minimum_Column": 0.03522682463596126,
    "ElementProperty_MagpieData_mode_Column": 0.03322051637315753,
    "OPSiteFingerprint_std_dev_sgl_bd_CN_1": 0.03299164823572327
}