{
    "GaussianSymmFunc_mean_G2_80_0": 0.47288525113062707,
    "ElementProperty_MagpieData_maximum_NfValence": 0.46572535471723386,
    "AGNIFingerPrint_std_dev_AGNI_eta=8_00e-01": 0.39291253763385564,
    "ElementProperty_MagpieData_mean_CovalentRadius": 0.2911344409120372,
    "ElementProperty_MagpieData_mean_NfValence": 0.2513311022827098,
    "BandCenter_band_center": 0.21912479242286298,
    "ElementProperty_MagpieData_avg_dev_NpUnfilled": 0.1884879997446932,
    "GaussianSymmFunc_std_dev_G2_80_0": 0.16377240718229072,
    "ElementProperty_MagpieData_maximum_NfUnfilled": 0.11637841503653526,
    "ElementProperty_MagpieData_range_NfUnfilled": 0.11250904027525958,
    "ElementProperty_MagpieData_maximum_MeltingT": 0.10237926989681041,
    "ElementFraction_H": 0.09632029704433002,
    "ElementProperty_MagpieData_avg_dev_MendeleevNumber": 0.09501877739411865,
    "ElementProperty_MagpieData_mean_NpUnfilled": 0.08708360684814656,
    "ElementProperty_MagpieData_mean_GSbandgap": 0.07872673707560139,
    "ElementProperty_MagpieData_maximum_NValence": 0.07625971981271683,
    "ElementProperty_MagpieData_avg_dev_NfValence": 0.07410926946332462,
    "TMetalFraction_transition_metal_fraction": 0.0722621714683243,
    "ElementProperty_MagpieData_mode_GSbandgap": 0.07008632152294139,
    "ElementProperty_MagpieData_mean_Number": 0.06955097115909496,
    "ElementProperty_MagpieData_mean_GSmagmom": 0.06921336115710194,
    "RadialDistributionFunction_radial_distribution_function_d_4_90": 0.06908062041098724,
    "DensityFeatures_packing_fraction": 0.06602125730313847,
    "BondOrientationParameter_mean_BOOP_Q_l=5": 0.06239460258566065,
    "RadialDistributionFunction_radial_distribution_function_d_3_40": 0.061627356998584154,
    "OPSiteFingerprint_mean_q6_CN_12": 0.060625964836868426,
    "CrystalNNFingerprint_mean_tetrahedral_CN_4": 0.05947082449731221,
    "AGNIFingerPrint_std_dev_AGNI_dir=x_eta=8_00e-01": 0.0594498791374406,
    "BondOrientationParameter_mean_BOOP_Q_l=10": 0.05871480684149449,
    "ElementProperty_MagpieData_mean_NdUnfilled": 0.05824158983206422
}