{
    "GaussianSymmFunc_mean_G2_80_0": 0.25359864933104515,
    "GaussianSymmFunc_std_dev_G2_80_0": 0.25283026266235936,
    "AGNIFingerPrint_mean_AGNI_eta=8_00e-01": 0.2146965038631985,
    "ElementProperty_MagpieData_range_NsUnfilled": 0.17645097820134084,
    "ElementProperty_MagpieData_mean_CovalentRadius": 0.16717074295288228,
    "ElementProperty_MagpieData_mean_GSmagmom": 0.12963038669866567,
    "ElementProperty_MagpieData_maximum_GSbandgap": 0.12346344588565135,
    "AGNIFingerPrint_std_dev_AGNI_eta=8_00e-01": 0.11831547071817265,
    "ElementProperty_MagpieData_maximum_NUnfilled": 0.09886539705573257,
    "BandCenter_band_center": 0.09116652492771986,
    "ElementFraction_S": 0.08314162577808659,
    "ElementProperty_MagpieData_mean_NsValence": 0.08297942012069827,
    "ElementProperty_MagpieData_maximum_NsUnfilled": 0.0786965050741233,
    "ElementProperty_MagpieData_avg_dev_NsUnfilled": 0.07770780404322651,
    "ElementProperty_MagpieData_mode_Number": 0.07121237678229132,
    "ElementProperty_MagpieData_minimum_Electronegativity": 0.06823867047126306,
    "ElementProperty_MagpieData_maximum_NdUnfilled": 0.06215447711332161,
    "ElementProperty_MagpieData_maximum_SpaceGroupNumber": 0.06003457007654134,
    "ElementProperty_MagpieData_maximum_NfValence": 0.05799988174683329,
    "ElementProperty_MagpieData_mode_MendeleevNumber": 0.05561347314342042,
    "ElementProperty_MagpieData_avg_dev_NpUnfilled": 0.055278159852305365,
    "ElementProperty_MagpieData_mean_GSbandgap": 0.05090147239137362,
    "ElementProperty_MagpieData_range_MeltingT": 0.050673889521282,
    "ElementProperty_MagpieData_minimum_GSvolume_pa": 0.050496567533942736,
    "ElementProperty_MagpieData_avg_dev_NfValence": 0.05028342106380031,
    "ElementProperty_MagpieData_mode_GSbandgap": 0.049384762559615464,
    "ElementProperty_MagpieData_mean_GSvolume_pa": 0.04790739740488802,
    "ElementProperty_MagpieData_range_NdUnfilled": 0.04592208333936259,
    "ElementProperty_MagpieData_minimum_MendeleevNumber": 0.04347161372379919,
    "ElementProperty_MagpieData_mean_Electronegativity": 0.04004187120416235
}