{
    "GaussianSymmFunc_mean_G2_80_0": 0.4065618336739423,
    "ElementProperty_MagpieData_mean_GSbandgap": 0.27736956968223475,
    "GaussianSymmFunc_std_dev_G2_80_0": 0.20786518182065983,
    "AGNIFingerPrint_std_dev_AGNI_eta=8_00e-01": 0.16095026875382748,
    "ElementProperty_MagpieData_maximum_NsUnfilled": 0.07793847436091905,
    "MEGNet_OFMEncoded_v1_57": 0.06697089565558305,
    "ElementFraction_H": 0.06677301900072179,
    "ElementProperty_MagpieData_mode_GSbandgap": 0.052316174201701184,
    "MEGNet_OFMEncoded_v1_167": 0.05152820969966471,
    "MaximumPackingEfficiency_max_packing_efficiency": 0.05040360550696998,
    "BandCenter_band_center": 0.043144742149933316,
    "ElementProperty_MagpieData_range_AtomicWeight": 0.042311160369773705,
    "ElementProperty_MagpieData_mode_Electronegativity": 0.03916832973339362,
    "CrystalNNFingerprint_mean_octahedral_CN_6": 0.033239141912423116,
    "AGNIFingerPrint_mean_AGNI_eta=8_00e-01": 0.03280941530144804,
    "GeneralizedRDF_std_dev_Gaussian_center=0_0_width=1_0": 0.03266354333647442,
    "ElementProperty_MagpieData_mode_GSvolume_pa": 0.03101256749628079,
    "ElementProperty_MagpieData_avg_dev_NpValence": 0.03013013570858926,
    "Stoichiometry_10-norm": 0.02972601851303214,
    "ElementProperty_MagpieData_mean_SpaceGroupNumber": 0.028737569729944824,
    "ElementProperty_MagpieData_minimum_NUnfilled": 0.02805353675087637,
    "ElementProperty_MagpieData_mean_MendeleevNumber": 0.025088181686906644,
    "ElementProperty_MagpieData_mean_CovalentRadius": 0.02407062575700469,
    "BondOrientationParameter_mean_BOOP_Q_l=4": 0.02324926410626652,
    "ElementProperty_MagpieData_range_SpaceGroupNumber": 0.023215959808047724,
    "AGNIFingerPrint_std_dev_AGNI_dir=y_eta=8_00e-01": 0.022821391628487005,
    "ElementProperty_MagpieData_range_NValence": 0.021509260914554303,
    "ElementProperty_MagpieData_mean_NpUnfilled": 0.021465628261186545,
    "AGNIFingerPrint_std_dev_AGNI_dir=x_eta=8_00e-01": 0.02072221420030256,
    "ElementProperty_MagpieData_avg_dev_NsUnfilled": 0.02060118050701107
}