{
    "MaximumPackingEfficiency_max_packing_efficiency": 3.73665231980378,
    "ElementProperty_MagpieData_mean_NpValence": 0.5264707387546853,
    "ElementProperty_MagpieData_mean_CovalentRadius": 0.4840964727835428,
    "ElementProperty_MagpieData_mode_CovalentRadius": 0.47467347598952664,
    "CrystalNNFingerprint_mean_body-centered_cubic_CN_8": 0.4588899399095148,
    "Miedema_Miedema_deltaH_inter": 0.3733585333812277,
    "OPSiteFingerprint_mean_body-centered_cubic_CN_8": 0.35398746837395917,
    "Miedema_Miedema_deltaH_amor": 0.32692032458360815,
    "ElementProperty_MagpieData_mean_GSbandgap": 0.3141342208421804,
    "ValenceOrbital_frac_p_valence_electrons": 0.26843553087871985,
    "ElementProperty_MagpieData_maximum_Electronegativity": 0.157988762894006,
    "GeneralizedRDF_std_dev_Gaussian_center=3_0_width=1_0": 0.13951146016442922,
    "ElementProperty_MagpieData_avg_dev_NpValence": 0.13469247680880542,
    "AverageBondAngle_mean_Average_bond_angle": 0.13135556136990448,
    "AverageBondLength_std_dev_Average_bond_length": 0.12253181322693295,
    "GaussianSymmFunc_mean_G2_80_0": 0.12215420174042008,
    "BondOrientationParameter_mean_BOOP_Q_l=4": 0.11462077070710966,
    "ElementProperty_MagpieData_mean_Electronegativity": 0.11310027630166697,
    "ElementProperty_MagpieData_maximum_MendeleevNumber": 0.11203296009955076,
    "BondOrientationParameter_mean_BOOP_Q_l=6": 0.10031376996034008,
    "MEGNet_OFMEncoded_v1_166": 0.09427522065814695,
    "BondOrientationParameter_mean_BOOP_Q_l=2": 0.09271497615390822,
    "ElementProperty_MagpieData_minimum_MeltingT": 0.09235144248655422,
    "BondOrientationParameter_mean_BOOP_Q_l=10": 0.09122270763632932,
    "GeneralizedRDF_std_dev_Gaussian_center=4_0_width=1_0": 0.08687395769816897,
    "ElementProperty_MagpieData_avg_dev_GSbandgap": 0.08661474487500692,
    "ElementProperty_MagpieData_range_GSbandgap": 0.08473342855463487,
    "ChemEnvSiteFingerprint_mean_C:8": 0.08168267083365452,
    "Miedema_Miedema_deltaH_ss_min": 0.07644419811506284,
    "ElementProperty_MagpieData_minimum_CovalentRadius": 0.07514849620452123
}