{
    "AGNIFingerPrint_std_dev_AGNI_eta=8_00e-01": 0.8207245996009432,
    "GeneralizedRDF_std_dev_Gaussian_center=0_0_width=1_0": 0.8154242584331497,
    "AGNIFingerPrint_mean_AGNI_eta=8_00e-01": 0.813406900029805,
    "GeneralizedRDF_mean_Gaussian_center=0_0_width=1_0": 0.607152268993442,
    "ElementProperty_MagpieData_mean_GSbandgap": 0.5093112673225606,
    "ElementProperty_MagpieData_mean_NpValence": 0.30511333840788674,
    "GaussianSymmFunc_std_dev_G2_80_0": 0.2791347260428068,
    "ElementProperty_MagpieData_mode_NsUnfilled": 0.24580946874294507,
    "ElementProperty_MagpieData_maximum_NdValence": 0.1325504478112477,
    "DensityFeatures_packing_fraction": 0.13169448946162932,
    "ValenceOrbital_frac_f_valence_electrons": 0.12845469944111387,
    "ElementProperty_MagpieData_mode_MendeleevNumber": 0.12186907190449231,
    "ElementFraction_H": 0.09018755625340848,
    "ElementProperty_MagpieData_maximum_MendeleevNumber": 0.08928638165348098,
    "ElementProperty_MagpieData_mean_CovalentRadius": 0.08907936218627666,
    "ElementProperty_MagpieData_mean_MendeleevNumber": 0.08805468639845056,
    "ElementProperty_MagpieData_minimum_Electronegativity": 0.0788381869865605,
    "GaussianSymmFunc_mean_G2_80_0": 0.07505620707930546,
    "ElementProperty_MagpieData_avg_dev_NdUnfilled": 0.06844727561189866,
    "ElementProperty_MagpieData_mean_Column": 0.0680599035575436,
    "ElementProperty_MagpieData_range_NsUnfilled": 0.06696103610891102,
    "ElementProperty_MagpieData_range_AtomicWeight": 0.06272067708446957,
    "CrystalNNFingerprint_std_dev_wt_CN_1": 0.058160239656060236,
    "MEGNet_OFMEncoded_v1_167": 0.054670920317989306,
    "ElementProperty_MagpieData_mean_Electronegativity": 0.05462894880827406,
    "BandCenter_band_center": 0.054002630152121985,
    "ElementProperty_MagpieData_avg_dev_NpUnfilled": 0.05124250034161465,
    "AGNIFingerPrint_std_dev_AGNI_dir=x_eta=1_88e+00": 0.05070799699767523,
    "ElementProperty_MagpieData_maximum_CovalentRadius": 0.05034003245063355,
    "ValenceOrbital_frac_d_valence_electrons": 0.043596599481087114
}