{
    "AGNIFingerPrint_std_dev_AGNI_eta=8_00e-01": 0.2954446786752295,
    "GaussianSymmFunc_mean_G2_80_0": 0.1803409580526343,
    "ElementProperty_MagpieData_range_NfValence": 0.16981003059733954,
    "ElementProperty_MagpieData_avg_dev_NsValence": 0.14288612531463146,
    "GaussianSymmFunc_std_dev_G2_80_0": 0.11482335576218881,
    "AGNIFingerPrint_mean_AGNI_eta=8_00e-01": 0.09967926124099849,
    "YangSolidSolution_Yang_delta": 0.09958115516476944,
    "ElementProperty_MagpieData_range_NsValence": 0.09194817687808304,
    "ElementProperty_MagpieData_mean_GSbandgap": 0.07178845887428513,
    "ElementProperty_MagpieData_mean_NsUnfilled": 0.04976396812598808,
    "ElementProperty_MagpieData_minimum_MeltingT": 0.049729128422345704,
    "MaximumPackingEfficiency_max_packing_efficiency": 0.045129428980194494,
    "ElementProperty_MagpieData_mean_NfValence": 0.04324302664012633,
    "ElementProperty_MagpieData_mode_MendeleevNumber": 0.04134794191326214,
    "ElementProperty_MagpieData_mode_GSbandgap": 0.040384647677907316,
    "ElementFraction_H": 0.039568599927472095,
    "ElementProperty_MagpieData_maximum_NfValence": 0.03847664424286402,
    "ElementProperty_MagpieData_maximum_NsUnfilled": 0.03701422312345937,
    "ElementProperty_MagpieData_avg_dev_NUnfilled": 0.03676533703239158,
    "OPSiteFingerprint_mean_cuboctahedral_CN_12": 0.03602915343914371,
    "ElementProperty_MagpieData_mean_NValence": 0.035969387907257816,
    "ElementProperty_MagpieData_mean_NUnfilled": 0.035160426170200175,
    "DensityFeatures_density": 0.034759907668879673,
    "GeneralizedRDF_mean_Gaussian_center=4_0_width=1_0": 0.032747310491850354,
    "ElementProperty_MagpieData_mode_GSvolume_pa": 0.03258591898508793,
    "ElementProperty_MagpieData_mean_MendeleevNumber": 0.032275631714135826,
    "ElementProperty_MagpieData_range_SpaceGroupNumber": 0.03196217615734148,
    "ElementProperty_MagpieData_maximum_Number": 0.031747941924126506,
    "ElementProperty_MagpieData_range_AtomicWeight": 0.031297162104965595,
    "ElementProperty_MagpieData_minimum_Electronegativity": 0.030664028104156384
}