{
    "ChemEnvSiteFingerprint_mean_C:8": 0.7915967117493959,
    "OPSiteFingerprint_mean_body-centered_cubic_CN_8": 0.6237096048054508,
    "ElementProperty_MagpieData_mean_CovalentRadius": 0.2922174737793339,
    "AverageBondAngle_mean_Average_bond_angle": 0.228235134334607,
    "CrystalNNFingerprint_mean_body-centered_cubic_CN_8": 0.22082970765932391,
    "ElementProperty_MagpieData_range_NfValence": 0.16762253410612848,
    "ElementProperty_MagpieData_avg_dev_SpaceGroupNumber": 0.10752279704257782,
    "ElementProperty_MagpieData_avg_dev_NfValence": 0.09837659869309048,
    "ElementProperty_MagpieData_maximum_GSmagmom": 0.08792065853081667,
    "ElementProperty_MagpieData_maximum_CovalentRadius": 0.0868700379279536,
    "AGNIFingerPrint_std_dev_AGNI_dir=x_eta=1_88e+00": 0.08587538519835829,
    "CrystalNNFingerprint_mean_wt_CN_8": 0.07736413844173112,
    "MEGNet_OFMEncoded_v1_86": 0.07573050359718855,
    "ElementFraction_Li": 0.07486725535789801,
    "AverageBondLength_mean_Average_bond_length": 0.07347398856826882,
    "ElementProperty_MagpieData_mode_Number": 0.07105115626938967,
    "ElementProperty_MagpieData_avg_dev_NpValence": 0.0694577615433988,
    "CrystalNNFingerprint_mean_wt_CN_14": 0.06241597698452628,
    "ElementProperty_MagpieData_avg_dev_Column": 0.06006219219659032,
    "ElementProperty_MagpieData_mean_NValence": 0.05557601479683026,
    "ElementProperty_MagpieData_mean_NsUnfilled": 0.054071852147870324,
    "CrystalNNFingerprint_std_dev_octahedral_CN_6": 0.05212347032971345,
    "ElementProperty_MagpieData_maximum_NValence": 0.051530210667261885,
    "AGNIFingerPrint_std_dev_AGNI_dir=x_eta=2_89e+00": 0.05094790305364318,
    "ElementProperty_MagpieData_mean_GSmagmom": 0.04930491707485131,
    "ElementProperty_MagpieData_mode_MeltingT": 0.04805680993836845,
    "ElementProperty_MagpieData_maximum_NsUnfilled": 0.04792165286871548,
    "BondOrientationParameter_std_dev_BOOP_Q_l=4": 0.046236992319974905,
    "ElementProperty_MagpieData_maximum_Number": 0.041200520470303696,
    "GeneralizedRDF_mean_Gaussian_center=2_0_width=1_0": 0.04021603425833838
}