{
    "ChemEnvSiteFingerprint_mean_C:8": 2.673500311270529,
    "MaximumPackingEfficiency_max_packing_efficiency": 1.2615696673935413,
    "CrystalNNFingerprint_mean_body-centered_cubic_CN_8": 0.5476732282801076,
    "OPSiteFingerprint_mean_body-centered_cubic_CN_8": 0.31761638421562044,
    "BondOrientationParameter_mean_BOOP_Q_l=10": 0.3127058527908179,
    "ElementProperty_MagpieData_mean_CovalentRadius": 0.28814737216985253,
    "XRDPowderPattern_xrd_36": 0.2598147195273644,
    "XRDPowderPattern_xrd_35": 0.21341728736932236,
    "ElementProperty_MagpieData_maximum_MendeleevNumber": 0.16803450671977266,
    "CrystalNNFingerprint_mean_hexagonal_bipyramidal_CN_8": 0.10477721246599443,
    "Miedema_Miedema_deltaH_ss_min": 0.09684225775114881,
    "AverageBondAngle_mean_Average_bond_angle": 0.08971469931105684,
    "CrystalNNFingerprint_mean_wt_CN_14": 0.07623635758084592,
    "GaussianSymmFunc_mean_G2_20_0": 0.07022780587770858,
    "CrystalNNFingerprint_mean_square_co-planar_CN_4": 0.07015280858234775,
    "ElementProperty_MagpieData_mean_AtomicWeight": 0.06639129836477362,
    "MEGNet_OFMEncoded_v1_172": 0.065543283198523,
    "ElementProperty_MagpieData_minimum_CovalentRadius": 0.06221152690933977,
    "ElementProperty_MagpieData_minimum_Number": 0.0564485713821191,
    "ElementProperty_MagpieData_avg_dev_NdValence": 0.05229889686052431,
    "StructuralHeterogeneity_minimum_neighbor_distance_variation": 0.05191023537773031,
    "ElementProperty_MagpieData_mean_Number": 0.05179154764977327,
    "Miedema_Miedema_deltaH_inter": 0.05039052582620834,
    "ElementProperty_MagpieData_avg_dev_GSvolume_pa": 0.04923562165888801,
    "ElementProperty_MagpieData_maximum_NfUnfilled": 0.04873949136918483,
    "GaussianSymmFunc_mean_G4_0_005_4_0_-1_0": 0.0483943795464331,
    "Miedema_Miedema_deltaH_amor": 0.047870419264454726,
    "ValenceOrbital_frac_f_valence_electrons": 0.04677643413871247,
    "ElementProperty_MagpieData_mode_MendeleevNumber": 0.042715297735136035,
    "ElementProperty_MagpieData_avg_dev_NpUnfilled": 0.03975546587611725
}