{
    "OPSiteFingerprint_mean_body-centered_cubic_CN_8": 1.044579922104124,
    "ElementProperty_MagpieData_maximum_Number": 0.6253263925792217,
    "MaximumPackingEfficiency_max_packing_efficiency": 0.3172560811079416,
    "ChemEnvSiteFingerprint_mean_C:8": 0.2437216716186177,
    "CrystalNNFingerprint_mean_q6_CN_12": 0.14555729088786212,
    "ElementProperty_MagpieData_maximum_MendeleevNumber": 0.12478199776511008,
    "AverageBondAngle_mean_Average_bond_angle": 0.10934772562992312,
    "ElementProperty_MagpieData_minimum_Column": 0.08576371871700778,
    "CrystalNNFingerprint_mean_body-centered_cubic_CN_8": 0.08136135178639936,
    "ElementProperty_MagpieData_mean_CovalentRadius": 0.07654466529988693,
    "AverageBondLength_std_dev_Average_bond_length": 0.07018719292107782,
    "DensityFeatures_density": 0.06896511947422199,
    "ElementProperty_MagpieData_mode_Electronegativity": 0.06611243455286112,
    "ElementProperty_MagpieData_minimum_Electronegativity": 0.06408995930344494,
    "ElementProperty_MagpieData_minimum_MeltingT": 0.06253202632745632,
    "ValenceOrbital_frac_f_valence_electrons": 0.05711751100321843,
    "BondOrientationParameter_mean_BOOP_Q_l=3": 0.0535555073574084,
    "CrystalNNFingerprint_mean_wt_CN_8": 0.052619849269004336,
    "OxidationStates_minimum_oxidation_state": 0.050436227939720774,
    "ElementProperty_MagpieData_maximum_GSbandgap": 0.05013255983906852,
    "CrystalNNFingerprint_mean_wt_CN_14": 0.04913161468775971,
    "ElementProperty_MagpieData_mean_NsUnfilled": 0.046288045929322695,
    "ElementProperty_MagpieData_avg_dev_Number": 0.045266618195150043,
    "ElementProperty_MagpieData_avg_dev_NsValence": 0.03954719308993544,
    "CrystalNNFingerprint_mean_octahedral_CN_6": 0.03461751276453562,
    "ElementProperty_MagpieData_mean_GSvolume_pa": 0.03234790816717108,
    "YangSolidSolution_Yang_delta": 0.03142904228622548,
    "AGNIFingerPrint_std_dev_AGNI_eta=4_43e+00": 0.030147818590365923,
    "ValenceOrbital_frac_p_valence_electrons": 0.02927555724652503,
    "BondOrientationParameter_mean_BOOP_Q_l=8": 0.02848290805936963
}