{
    "ChemEnvSiteFingerprint_mean_C:8": 3.531037424672471,
    "MaximumPackingEfficiency_max_packing_efficiency": 1.0001269187463986,
    "XRDPowderPattern_xrd_36": 0.7472592670040075,
    "CrystalNNFingerprint_mean_body-centered_cubic_CN_8": 0.6182782869629102,
    "BondOrientationParameter_mean_BOOP_Q_l=10": 0.3999534007380913,
    "ElementProperty_MagpieData_mean_NpValence": 0.2829679412970217,
    "XRDPowderPattern_xrd_35": 0.24780944315465872,
    "ElementProperty_MagpieData_mean_CovalentRadius": 0.21407755192706676,
    "GaussianSymmFunc_mean_G2_80_0": 0.2096598806576192,
    "ElementProperty_MagpieData_maximum_Electronegativity": 0.19400677524876248,
    "AGNIFingerPrint_mean_AGNI_eta=1_23e+00": 0.18245043958574972,
    "CrystalNNFingerprint_mean_wt_CN_14": 0.1621066276864581,
    "ValenceOrbital_frac_p_valence_electrons": 0.13019263460905095,
    "CrystalNNFingerprint_mean_wt_CN_8": 0.12623230057438542,
    "ElementProperty_MagpieData_maximum_NfUnfilled": 0.12528368953149094,
    "GeneralizedRDF_mean_Gaussian_center=5_0_width=1_0": 0.09508625211220409,
    "ElementProperty_MagpieData_maximum_NfValence": 0.09257429411831827,
    "ElementProperty_MagpieData_avg_dev_NdValence": 0.09240440603949134,
    "ElementProperty_MagpieData_maximum_NdUnfilled": 0.09007612740175432,
    "ElementProperty_MagpieData_avg_dev_CovalentRadius": 0.08908493812103287,
    "OPSiteFingerprint_mean_body-centered_cubic_CN_8": 0.08775290232789795,
    "ElementProperty_MagpieData_avg_dev_Electronegativity": 0.08425220834609477,
    "XRDPowderPattern_xrd_34": 0.08188355367436012,
    "MEGNet_OFMEncoded_v1_102": 0.07369174643433993,
    "GaussianSymmFunc_mean_G2_20_0": 0.07351492344968628,
    "ElementProperty_MagpieData_mean_NpUnfilled": 0.07304397169731919,
    "SineCoulombMatrix_sine_coulomb_matrix_eig_3": 0.0706623180824927,
    "ElementProperty_MagpieData_avg_dev_Row": 0.07024751254680191,
    "CrystalNNFingerprint_mean_trigonal_pyramidal_CN_4": 0.062249619293927624,
    "AGNIFingerPrint_std_dev_AGNI_eta=8_00e-01": 0.06215463970034473
}