{
    "ChemEnvSiteFingerprint_mean_C:8": 3.4474047947949185,
    "XRDPowderPattern_xrd_36": 0.9065265933063401,
    "MaximumPackingEfficiency_max_packing_efficiency": 0.7778929837711119,
    "CrystalNNFingerprint_mean_body-centered_cubic_CN_8": 0.7664010414815609,
    "BondOrientationParameter_mean_BOOP_Q_l=10": 0.2688204368007267,
    "ElementProperty_MagpieData_mean_CovalentRadius": 0.23452619764448918,
    "OPSiteFingerprint_mean_body-centered_cubic_CN_8": 0.21527171674157242,
    "ElementProperty_MagpieData_maximum_Electronegativity": 0.20529320411023078,
    "BondOrientationParameter_mean_BOOP_Q_l=6": 0.20344673904729335,
    "ElementProperty_MagpieData_mean_NpValence": 0.1989265269679884,
    "GaussianSymmFunc_mean_G2_80_0": 0.1452586021620458,
    "CrystalNNFingerprint_mean_wt_CN_8": 0.13240585162413676,
    "ElementProperty_MagpieData_avg_dev_NdValence": 0.11496918314113913,
    "ElementProperty_MagpieData_maximum_MendeleevNumber": 0.1053794554727588,
    "ElementProperty_MagpieData_maximum_NfUnfilled": 0.10124225349092636,
    "XRDPowderPattern_xrd_35": 0.09565804197040026,
    "XRDPowderPattern_xrd_34": 0.09545677714134443,
    "GeneralizedRDF_mean_Gaussian_center=5_0_width=1_0": 0.09396614305514057,
    "CrystalNNFingerprint_mean_wt_CN_14": 0.08876605678797653,
    "ElementProperty_MagpieData_avg_dev_CovalentRadius": 0.0862578058331178,
    "ElementProperty_MagpieData_mean_NfValence": 0.08586952854282949,
    "ElementProperty_MagpieData_maximum_NfValence": 0.08034756499552587,
    "GaussianSymmFunc_mean_G4_0_005_1_0_-1_0": 0.08008772651973842,
    "ValenceOrbital_frac_p_valence_electrons": 0.07620142996548183,
    "ElementProperty_MagpieData_mean_MeltingT": 0.07396775888404102,
    "ElementProperty_MagpieData_avg_dev_Row": 0.06983256065162673,
    "ElementProperty_MagpieData_avg_dev_Column": 0.06720982624393079,
    "GaussianSymmFunc_std_dev_G2_80_0": 0.06624564642447245,
    "ElementProperty_MagpieData_maximum_NdUnfilled": 0.06605615027591363,
    "ElementProperty_MagpieData_mean_NdValence": 0.06443173671736317
}