{
    "ChemEnvSiteFingerprint_mean_C:8": 3.3199190643938583,
    "XRDPowderPattern_xrd_36": 0.9236991044813989,
    "MaximumPackingEfficiency_max_packing_efficiency": 0.9208500563341822,
    "CrystalNNFingerprint_mean_body-centered_cubic_CN_8": 0.8214350784269902,
    "BondOrientationParameter_mean_BOOP_Q_l=10": 0.41819339029607083,
    "OPSiteFingerprint_mean_body-centered_cubic_CN_8": 0.2937696509634949,
    "ElementProperty_MagpieData_mean_NpValence": 0.2762741665742372,
    "ElementProperty_MagpieData_maximum_Electronegativity": 0.21031062653241148,
    "ElementProperty_MagpieData_mean_CovalentRadius": 0.19171683307271237,
    "CrystalNNFingerprint_mean_wt_CN_8": 0.14985679506701102,
    "XRDPowderPattern_xrd_35": 0.14760913591034908,
    "ElementProperty_MagpieData_avg_dev_NdValence": 0.13207060178038235,
    "ElementProperty_MagpieData_maximum_NfUnfilled": 0.12353838610996348,
    "ValenceOrbital_frac_p_valence_electrons": 0.10341303496230639,
    "XRDPowderPattern_xrd_34": 0.10168032753123536,
    "ElementProperty_MagpieData_maximum_NfValence": 0.10043041779899901,
    "ElementProperty_MagpieData_avg_dev_CovalentRadius": 0.08903195473082437,
    "ElementProperty_MagpieData_mean_NfValence": 0.08644607233362153,
    "ElementProperty_MagpieData_maximum_MendeleevNumber": 0.08422900318747908,
    "GeneralizedRDF_mean_Gaussian_center=5_0_width=1_0": 0.08386162589552919,
    "GaussianSymmFunc_mean_G2_20_0": 0.08046526228401359,
    "AGNIFingerPrint_mean_AGNI_eta=1_23e+00": 0.07914040079480554,
    "AGNIFingerPrint_mean_AGNI_eta=6_80e+00": 0.07600437822832444,
    "GaussianSymmFunc_mean_G2_80_0": 0.07578200480929051,
    "MEGNet_OFMEncoded_v1_118": 0.07535877089335946,
    "ElementProperty_MagpieData_avg_dev_Row": 0.06722993832293984,
    "XRDPowderPattern_xrd_33": 0.06609633250186933,
    "ElementProperty_MagpieData_mean_Electronegativity": 0.06258060921933889,
    "ElementProperty_MagpieData_maximum_NdUnfilled": 0.06101566769382917,
    "CrystalNNFingerprint_mean_wt_CN_14": 0.057590947146605224
}