{
    "OPSiteFingerprint_mean_body-centered_cubic_CN_8": 0.8581397561721076,
    "ChemEnvSiteFingerprint_mean_C:8": 0.5890980850830498,
    "MaximumPackingEfficiency_max_packing_efficiency": 0.2741049888498044,
    "CrystalNNFingerprint_mean_body-centered_cubic_CN_8": 0.27123023390158973,
    "BondOrientationParameter_mean_BOOP_Q_l=10": 0.11005666148078959,
    "AverageBondAngle_mean_Average_bond_angle": 0.10607417524761084,
    "CrystalNNFingerprint_mean_wt_CN_14": 0.0851792312767145,
    "ElementProperty_MagpieData_mean_CovalentRadius": 0.0731362360036748,
    "ElementProperty_MagpieData_avg_dev_NdValence": 0.0724076575222992,
    "AverageBondLength_std_dev_Average_bond_length": 0.07142994430629905,
    "VoronoiFingerprint_mean_Voro_area_std_dev": 0.06448308846561854,
    "CrystalNNFingerprint_mean_trigonal_pyramidal_CN_4": 0.0627103601430065,
    "AGNIFingerPrint_mean_AGNI_eta=1_23e+00": 0.06059423067634224,
    "ElectronegativityDiff_maximum_EN_difference": 0.05986458781366663,
    "ElementProperty_MagpieData_maximum_NdValence": 0.05914286346514349,
    "OPSiteFingerprint_mean_sgl_bd_CN_1": 0.05637814681191874,
    "BondOrientationParameter_mean_BOOP_Q_l=6": 0.055752497718427496,
    "OPSiteFingerprint_std_dev_sgl_bd_CN_1": 0.05494995967804421,
    "GeneralizedRDF_mean_Gaussian_center=2_0_width=1_0": 0.05485000428188314,
    "ElementProperty_MagpieData_mean_NsValence": 0.05370583082920669,
    "ElementProperty_MagpieData_range_NdValence": 0.05184265123700851,
    "CrystalNNFingerprint_mean_wt_CN_8": 0.04953312032932944,
    "ElementProperty_MagpieData_mean_GSmagmom": 0.04792637807510222,
    "ElementProperty_MagpieData_mode_GSbandgap": 0.0463429479278193,
    "ElementProperty_MagpieData_mean_Electronegativity": 0.04508385167986647,
    "XRDPowderPattern_xrd_105": 0.04157705110942226,
    "ElementProperty_MagpieData_mean_NpValence": 0.0394052940364033,
    "GaussianSymmFunc_mean_G2_80_0": 0.03907305297917849,
    "ElementProperty_MagpieData_avg_dev_NpValence": 0.03879273160951573,
    "OPSiteFingerprint_std_dev_trigonal_bipyramidal_CN_5": 0.03817761404099656
}