{
    "ChemEnvSiteFingerprint_mean_C:8": 1.1693915487650757,
    "OPSiteFingerprint_mean_body-centered_cubic_CN_8": 0.49726871390641764,
    "CrystalNNFingerprint_mean_body-centered_cubic_CN_8": 0.36082766643663483,
    "ElementProperty_MagpieData_mean_CovalentRadius": 0.2284247315512394,
    "AGNIFingerPrint_std_dev_AGNI_dir=x_eta=4_43e+00": 0.17656860553272982,
    "AverageBondAngle_mean_Average_bond_angle": 0.17389861391062453,
    "ElementProperty_MagpieData_range_NdUnfilled": 0.13812546901264058,
    "CrystalNNFingerprint_mean_wt_CN_8": 0.11643516501983374,
    "AGNIFingerPrint_std_dev_AGNI_dir=x_eta=1_88e+00": 0.1096177292212982,
    "YangSolidSolution_Yang_delta": 0.09676809747227395,
    "MaximumPackingEfficiency_max_packing_efficiency": 0.09171582877507102,
    "TMetalFraction_transition_metal_fraction": 0.08688575292535694,
    "ElementProperty_MagpieData_maximum_NdUnfilled": 0.08200791802979662,
    "AGNIFingerPrint_mean_AGNI_eta=1_60e+01": 0.061036462095052715,
    "ElementProperty_MagpieData_range_Column": 0.05766960980524855,
    "LocalPropertyDifference_mean_local_difference_in_Electronegativity": 0.05518264095983019,
    "ElementProperty_MagpieData_avg_dev_GSmagmom": 0.05113663804910446,
    "BondOrientationParameter_mean_BOOP_Q_l=6": 0.05062899792850467,
    "ElementProperty_MagpieData_avg_dev_NpValence": 0.04720282013908101,
    "ElementProperty_MagpieData_mean_GSmagmom": 0.04709616366889375,
    "CrystalNNFingerprint_mean_trigonal_pyramidal_CN_4": 0.04686367959298518,
    "ElementProperty_MagpieData_mode_MeltingT": 0.04613640255793872,
    "ElementProperty_MagpieData_mean_NpValence": 0.04481995077301804,
    "ElementProperty_MagpieData_mean_Number": 0.04242756663739832,
    "ElementProperty_MagpieData_mean_Row": 0.04186591916831895,
    "BondOrientationParameter_mean_BOOP_Q_l=1": 0.039920106351870766,
    "ElementProperty_MagpieData_range_NfUnfilled": 0.03949679769221344,
    "ElementProperty_MagpieData_mean_NfUnfilled": 0.03812708334413091,
    "CrystalNNFingerprint_mean_hexagonal_bipyramidal_CN_8": 0.037518202244057317,
    "ElementProperty_MagpieData_avg_dev_CovalentRadius": 0.037500622529067176
}