{
    "ElementProperty_MagpieData_mean_NpValence": 0.7664325989744796,
    "GaussianSymmFunc_mean_G2_80_0": 0.43866572554128724,
    "GaussianSymmFunc_std_dev_G2_80_0": 0.29900763553969795,
    "ElementProperty_MagpieData_maximum_Electronegativity": 0.24173749747449216,
    "MaximumPackingEfficiency_max_packing_efficiency": 0.2093181119773176,
    "ValenceOrbital_frac_p_valence_electrons": 0.14056781862602769,
    "ElementProperty_MagpieData_mean_Electronegativity": 0.13284992618930694,
    "ElementProperty_MagpieData_mean_GSbandgap": 0.1326886013872189,
    "ElementProperty_MagpieData_mode_MeltingT": 0.08804267420371413,
    "ElementProperty_MagpieData_maximum_MendeleevNumber": 0.08741292034607498,
    "ElementProperty_MagpieData_minimum_CovalentRadius": 0.08540566090471031,
    "AGNIFingerPrint_std_dev_AGNI_eta=8_00e-01": 0.08440937521810195,
    "ElementProperty_MagpieData_mode_MendeleevNumber": 0.05403967943569152,
    "GeneralizedRDF_std_dev_Gaussian_center=0_0_width=1_0": 0.04960477884699523,
    "AGNIFingerPrint_mean_AGNI_eta=8_00e-01": 0.04842247133132174,
    "DensityFeatures_packing_fraction": 0.04353836259539664,
    "ElementFraction_H": 0.043462144181052556,
    "ElementProperty_MagpieData_maximum_NfUnfilled": 0.03784460555754726,
    "ElementProperty_MagpieData_avg_dev_NpValence": 0.03629399762242243,
    "BondOrientationParameter_mean_BOOP_Q_l=4": 0.034841070113184824,
    "AGNIFingerPrint_std_dev_AGNI_dir=y_eta=8_00e-01": 0.0346685886404884,
    "ElementProperty_MagpieData_avg_dev_Column": 0.03280699274313408,
    "ElementProperty_MagpieData_maximum_Number": 0.030583869386301935,
    "ElementProperty_MagpieData_minimum_MeltingT": 0.026973906291029432,
    "MEGNet_OFMEncoded_v1_86": 0.026296920709186003,
    "ElementProperty_MagpieData_mean_MendeleevNumber": 0.02423035420050197,
    "ElementProperty_MagpieData_maximum_NfValence": 0.023194116734525313,
    "DensityFeatures_density": 0.02234815681289956,
    "AGNIFingerPrint_std_dev_AGNI_dir=x_eta=8_00e-01": 0.021849481040457096,
    "YangSolidSolution_Yang_delta": 0.021789871791849522
}