{
    "ChemEnvSiteFingerprint_mean_C:8": 0.8906115691914638,
    "OPSiteFingerprint_mean_body-centered_cubic_CN_8": 0.6090358961519522,
    "CrystalNNFingerprint_mean_body-centered_cubic_CN_8": 0.41881049337572407,
    "ElementProperty_MagpieData_mean_CovalentRadius": 0.3174988269680789,
    "AverageBondAngle_mean_Average_bond_angle": 0.25779929883218267,
    "AGNIFingerPrint_std_dev_AGNI_dir=x_eta=4_43e+00": 0.17302162654231806,
    "ElementProperty_MagpieData_avg_dev_NdValence": 0.15035035401589,
    "ElementProperty_MagpieData_range_NdValence": 0.13807293850379956,
    "ElementProperty_MagpieData_maximum_NdUnfilled": 0.11211746300281433,
    "CrystalNNFingerprint_mean_wt_CN_14": 0.09058467527414575,
    "AGNIFingerPrint_std_dev_AGNI_dir=x_eta=2_89e+00": 0.08446972535296089,
    "CrystalNNFingerprint_mean_wt_CN_8": 0.08176804986343593,
    "ElementProperty_MagpieData_minimum_SpaceGroupNumber": 0.08092316974978075,
    "ElementProperty_MagpieData_avg_dev_MendeleevNumber": 0.0775393682191767,
    "MaximumPackingEfficiency_max_packing_efficiency": 0.05958332254043812,
    "MEGNet_OFMEncoded_v1_86": 0.05862717639524644,
    "ElementProperty_MagpieData_mean_NfValence": 0.049461220019548585,
    "ElementProperty_MagpieData_range_NsValence": 0.04777597086416866,
    "ElementProperty_MagpieData_range_NfUnfilled": 0.04319497598290685,
    "YangSolidSolution_Yang_delta": 0.04234735118275858,
    "ElementProperty_MagpieData_mode_Number": 0.042321117227404566,
    "ElementProperty_MagpieData_mean_NdValence": 0.04113398786600433,
    "ElementProperty_MagpieData_range_Electronegativity": 0.03931171148116953,
    "GeneralizedRDF_mean_Gaussian_center=0_0_width=1_0": 0.03924378374817001,
    "StructuralHeterogeneity_mean_neighbor_distance_variation": 0.03852516025962744,
    "ElementFraction_O": 0.03777606935293582,
    "OPSiteFingerprint_mean_sgl_bd_CN_1": 0.037639388076994455,
    "XRDPowderPattern_xrd_35": 0.03637127457222008,
    "ElementProperty_MagpieData_mean_NdUnfilled": 0.03568049021104878,
    "ElementProperty_MagpieData_minimum_MendeleevNumber": 0.03509658548958528
}