{
    "ChemEnvSiteFingerprint_mean_C:8": 0.7608537083441853,
    "OPSiteFingerprint_mean_body-centered_cubic_CN_8": 0.4577261432856255,
    "CrystalNNFingerprint_mean_body-centered_cubic_CN_8": 0.27840901102145094,
    "ElementProperty_MagpieData_mean_CovalentRadius": 0.1718320058446101,
    "AGNIFingerPrint_std_dev_AGNI_dir=x_eta=4_43e+00": 0.16516131846801818,
    "ElementProperty_MagpieData_maximum_NdUnfilled": 0.12209905757082742,
    "ElementProperty_MagpieData_mean_NdUnfilled": 0.10511833389841477,
    "AverageBondAngle_mean_Average_bond_angle": 0.09008518001792865,
    "YangSolidSolution_Yang_delta": 0.07851435201969612,
    "ElementProperty_MagpieData_mode_Number": 0.07849868537263088,
    "ElementProperty_MagpieData_maximum_Number": 0.0664300926046276,
    "BondOrientationParameter_mean_BOOP_Q_l=4": 0.04887937691633728,
    "VoronoiFingerprint_mean_Voro_area_std_dev": 0.04146785093932782,
    "ElementProperty_MagpieData_range_AtomicWeight": 0.040820681935748684,
    "ElementProperty_MagpieData_range_NdValence": 0.04019795152285051,
    "ElementFraction_F": 0.0401775310014776,
    "ElementProperty_MagpieData_range_NfValence": 0.03758399559535355,
    "ValenceOrbital_frac_p_valence_electrons": 0.03732810214169068,
    "MEGNet_OFMEncoded_v1_86": 0.03591181434069767,
    "ElementProperty_MagpieData_maximum_GSbandgap": 0.034569190925099795,
    "CrystalNNFingerprint_mean_wt_CN_14": 0.03261467226704467,
    "ElementProperty_MagpieData_minimum_MendeleevNumber": 0.032595698616651715,
    "ElementProperty_MagpieData_maximum_MendeleevNumber": 0.03130115242755318,
    "ElementProperty_MagpieData_mode_MendeleevNumber": 0.030589637475250078,
    "Miedema_Miedema_deltaH_inter": 0.030442764051626655,
    "ValenceOrbital_frac_f_valence_electrons": 0.026591590800471514,
    "ElementProperty_MagpieData_mean_Row": 0.02611776409586405,
    "AtomicOrbitals_LUMO_element": 0.02573782990282112,
    "BondOrientationParameter_mean_BOOP_Q_l=3": 0.025577374136746968,
    "AGNIFingerPrint_std_dev_AGNI_eta=1_88e+00": 0.025165093131302035
}