{
    "MaximumPackingEfficiency_max_packing_efficiency": 1.7983028757916035,
    "ElementProperty_MagpieData_maximum_MendeleevNumber": 1.6117168531474833,
    "ElementProperty_MagpieData_mean_Electronegativity": 0.9738840547068212,
    "ElementProperty_MagpieData_mean_NpValence": 0.5341709957452472,
    "MEGNet_OFMEncoded_v1_166": 0.3556486122385662,
    "ElementProperty_MagpieData_maximum_Electronegativity": 0.32123987010166055,
    "ElementProperty_MagpieData_mean_GSbandgap": 0.31267796348012256,
    "MEGNet_OFMEncoded_v1_172": 0.27765148288476954,
    "OPSiteFingerprint_mean_body-centered_cubic_CN_8": 0.2762815419015884,
    "ElementProperty_MagpieData_mean_CovalentRadius": 0.1464208259948,
    "DensityFeatures_packing_fraction": 0.13222423452039095,
    "ElementProperty_MagpieData_mean_SpaceGroupNumber": 0.1260025763420141,
    "ElementProperty_MagpieData_mode_MendeleevNumber": 0.11956902322424828,
    "BandCenter_band_center": 0.09957794427292334,
    "ChemEnvSiteFingerprint_mean_C:8": 0.09481725570775255,
    "ElementFraction_H": 0.09322983675074624,
    "ValenceOrbital_frac_p_valence_electrons": 0.09131009777155649,
    "ElementProperty_MagpieData_avg_dev_NpValence": 0.0835070869842434,
    "MEGNet_OFMEncoded_v1_82": 0.07334015819651261,
    "GeneralizedRDF_std_dev_Gaussian_center=4_0_width=1_0": 0.06973856137345973,
    "ElementProperty_MagpieData_minimum_Electronegativity": 0.0679039562009348,
    "BondOrientationParameter_mean_BOOP_Q_l=10": 0.0676833699574263,
    "CrystalNNFingerprint_mean_body-centered_cubic_CN_8": 0.06672767680311695,
    "GaussianSymmFunc_std_dev_G2_80_0": 0.059126652644482254,
    "ElementProperty_MagpieData_mode_MeltingT": 0.05057025184690116,
    "StructuralHeterogeneity_mean_neighbor_distance_variation": 0.04968962956722885,
    "OPSiteFingerprint_std_dev_sgl_bd_CN_1": 0.04953206442985113,
    "RadialDistributionFunction_radial_distribution_function_d_3_70": 0.04705612335327662,
    "BondOrientationParameter_mean_BOOP_Q_l=4": 0.04668755728686387,
    "CrystalNNFingerprint_mean_wt_CN_14": 0.04572658595153432
}