{
    "ChemEnvSiteFingerprint_mean_C:8": 0.9255375729239443,
    "OPSiteFingerprint_mean_body-centered_cubic_CN_8": 0.5057876012319229,
    "MaximumPackingEfficiency_max_packing_efficiency": 0.3332218087558746,
    "CrystalNNFingerprint_mean_wt_CN_8": 0.20474941554585457,
    "BondOrientationParameter_mean_BOOP_Q_l=6": 0.1904226358073937,
    "ElementProperty_MagpieData_range_NdValence": 0.1633678182660245,
    "AverageBondAngle_mean_Average_bond_angle": 0.14769092580963647,
    "CrystalNNFingerprint_mean_body-centered_cubic_CN_8": 0.14605711317336112,
    "ElementProperty_MagpieData_maximum_NdValence": 0.10286988027955458,
    "CrystalNNFingerprint_std_dev_pentagonal_pyramidal_CN_6": 0.09821912888680573,
    "AGNIFingerPrint_std_dev_AGNI_dir=x_eta=4_43e+00": 0.09679681777748032,
    "BondOrientationParameter_mean_BOOP_Q_l=10": 0.08547809756021142,
    "ElementProperty_MagpieData_mean_CovalentRadius": 0.08409844723723332,
    "ElementProperty_MagpieData_maximum_Number": 0.07777366939087448,
    "GeneralizedRDF_std_dev_Gaussian_center=8_0_width=1_0": 0.07424676692368103,
    "ElementProperty_MagpieData_mean_NdValence": 0.0731588895534451,
    "ElementProperty_MagpieData_avg_dev_Electronegativity": 0.07053356799213639,
    "ElementProperty_MagpieData_avg_dev_NdValence": 0.06695615742720142,
    "AverageBondLength_std_dev_Average_bond_length": 0.05603004339911463,
    "ElementProperty_MagpieData_minimum_Electronegativity": 0.05430668024559737,
    "ElementProperty_MagpieData_range_NfUnfilled": 0.050781193676041954,
    "ElementProperty_MagpieData_range_NfValence": 0.04960602612859817,
    "ElementProperty_MagpieData_maximum_GSvolume_pa": 0.04662954225485882,
    "MEGNet_OFMEncoded_v1_23": 0.044072774806945325,
    "ElementProperty_MagpieData_mean_Number": 0.04285773372712857,
    "ElementProperty_MagpieData_maximum_NfValence": 0.04182948241108598,
    "CrystalNNFingerprint_mean_T-shaped_CN_3": 0.04062734428905758,
    "OPSiteFingerprint_mean_bent_120_degrees_CN_2": 0.03771744731156948,
    "CrystalNNFingerprint_mean_wt_CN_6": 0.035204073737028364,
    "ValenceOrbital_frac_d_valence_electrons": 0.03512441142589026
}