{
    "GaussianSymmFunc_mean_G2_80_0": 0.19531212443924253,
    "AGNIFingerPrint_std_dev_AGNI_eta=8_00e-01": 0.12279482535928571,
    "GaussianSymmFunc_std_dev_G2_80_0": 0.10651712516810291,
    "ElementProperty_MagpieData_range_NpUnfilled": 0.09846928661627771,
    "ElementProperty_MagpieData_maximum_NdValence": 0.096796893565881,
    "ElementProperty_MagpieData_range_NdUnfilled": 0.08932735865462389,
    "ElementProperty_MagpieData_mean_GSbandgap": 0.0872062946557046,
    "ElementProperty_MagpieData_avg_dev_NdUnfilled": 0.07409526489112446,
    "ElementProperty_MagpieData_maximum_Number": 0.05473082030912129,
    "ElementProperty_MagpieData_avg_dev_NpUnfilled": 0.04965308415124501,
    "ElementProperty_MagpieData_range_GSmagmom": 0.04801609505555192,
    "AGNIFingerPrint_mean_AGNI_eta=1_23e+00": 0.043622853068514544,
    "AtomicPackingEfficiency_dist_from_5_clusters__APE____0_010": 0.043289420537551686,
    "ElementProperty_MagpieData_range_Number": 0.04162662121118658,
    "ElementProperty_MagpieData_avg_dev_Row": 0.04120541437336153,
    "XRDPowderPattern_xrd_48": 0.04003885389658977,
    "ElementProperty_MagpieData_maximum_GSvolume_pa": 0.03579607486050736,
    "ElementProperty_MagpieData_minimum_MendeleevNumber": 0.03235841419112039,
    "ElementProperty_MagpieData_maximum_NValence": 0.03038307484294343,
    "OPSiteFingerprint_mean_sgl_bd_CN_1": 0.029949595938275113,
    "ElementProperty_MagpieData_minimum_MeltingT": 0.029487522554210655,
    "BondOrientationParameter_mean_BOOP_Q_l=10": 0.026314535231700274,
    "MEGNet_OFMEncoded_v1_97": 0.0254719367610956,
    "ElementProperty_MagpieData_mean_NsUnfilled": 0.024419355658993707,
    "ElementProperty_MagpieData_minimum_NUnfilled": 0.02424808111631581,
    "ElementProperty_MagpieData_maximum_CovalentRadius": 0.0232655890205315,
    "ElementProperty_MagpieData_mode_GSbandgap": 0.021995615750386787,
    "ElementProperty_MagpieData_mode_GSvolume_pa": 0.02162868888656749,
    "BondFractions_Li_-_O_bond_frac_": 0.02144362146356831,
    "GeneralizedRDF_mean_Gaussian_center=4_0_width=1_0": 0.021380939572760115
}