{
    "ChemEnvSiteFingerprint_mean_C:8": 0.8024883378815479,
    "OPSiteFingerprint_mean_body-centered_cubic_CN_8": 0.5593106266450698,
    "CrystalNNFingerprint_mean_wt_CN_8": 0.2534237923419024,
    "CrystalNNFingerprint_mean_body-centered_cubic_CN_8": 0.18442278819797173,
    "ElementProperty_MagpieData_mean_CovalentRadius": 0.1512277656369849,
    "ValenceOrbital_frac_f_valence_electrons": 0.1169559606860134,
    "AverageBondAngle_mean_Average_bond_angle": 0.11153414670202404,
    "ElementProperty_MagpieData_minimum_MendeleevNumber": 0.10484124533647068,
    "ElementProperty_MagpieData_minimum_Electronegativity": 0.10200896036096531,
    "ValenceOrbital_frac_d_valence_electrons": 0.08832415674189964,
    "ElementProperty_MagpieData_range_GSvolume_pa": 0.08778049394825516,
    "MaximumPackingEfficiency_max_packing_efficiency": 0.08029427108252249,
    "ElementProperty_MagpieData_maximum_Number": 0.07393971002113253,
    "Stoichiometry_2-norm": 0.06845353945783704,
    "ElementProperty_MagpieData_mean_MendeleevNumber": 0.0616099476114326,
    "ElementFraction_Li": 0.05817542285999659,
    "ElementProperty_MagpieData_maximum_GSvolume_pa": 0.04981919002366008,
    "ElementProperty_MagpieData_avg_dev_NfValence": 0.045659587160134546,
    "CrystalNNFingerprint_mean_wt_CN_14": 0.04556100074114186,
    "ElementProperty_MagpieData_minimum_Column": 0.04360883736991999,
    "ElementProperty_MagpieData_mode_MendeleevNumber": 0.04130921412483103,
    "ElementProperty_MagpieData_mean_NfUnfilled": 0.04075380507477691,
    "GeneralizedRDF_mean_Gaussian_center=9_0_width=1_0": 0.039177626288259444,
    "BondOrientationParameter_mean_BOOP_Q_l=6": 0.037614509967126786,
    "ElementProperty_MagpieData_range_MeltingT": 0.034313253668469296,
    "ElementProperty_MagpieData_avg_dev_NdUnfilled": 0.03338783607898026,
    "GaussianSymmFunc_std_dev_G2_80_0": 0.030185825786395858,
    "ElementProperty_MagpieData_mode_GSvolume_pa": 0.028253405354454645,
    "ElementProperty_MagpieData_avg_dev_NsUnfilled": 0.026445267954518018,
    "ElementProperty_MagpieData_maximum_NValence": 0.025866808280823144
}