{
    "ChemEnvSiteFingerprint_mean_C:8": 0.61893548905716,
    "OPSiteFingerprint_mean_body-centered_cubic_CN_8": 0.4122166799867424,
    "CrystalNNFingerprint_mean_body-centered_cubic_CN_8": 0.2639630922150484,
    "MaximumPackingEfficiency_max_packing_efficiency": 0.16060657079858182,
    "ElementProperty_MagpieData_mean_CovalentRadius": 0.12932748827174242,
    "AGNIFingerPrint_std_dev_AGNI_dir=x_eta=4_43e+00": 0.09313571061215987,
    "AverageBondAngle_mean_Average_bond_angle": 0.08186063357132561,
    "CrystalNNFingerprint_mean_wt_CN_8": 0.07583906718543289,
    "ElementFraction_P": 0.06515887393878116,
    "AGNIFingerPrint_std_dev_AGNI_dir=x_eta=1_88e+00": 0.05246967059110602,
    "GeneralizedRDF_mean_Gaussian_center=3_0_width=1_0": 0.05042370933436336,
    "AverageBondLength_std_dev_Average_bond_length": 0.048634187453722076,
    "ElementProperty_MagpieData_mean_Number": 0.047450730942921876,
    "CrystalNNFingerprint_mean_hexagonal_bipyramidal_CN_8": 0.0449232322801718,
    "ElementProperty_MagpieData_range_GSbandgap": 0.04467632500996155,
    "BondOrientationParameter_mean_BOOP_Q_l=10": 0.041603561548274305,
    "ElementProperty_MagpieData_range_NsUnfilled": 0.03893687540742723,
    "ElementProperty_MagpieData_avg_dev_MendeleevNumber": 0.03770327660663781,
    "ElementProperty_MagpieData_maximum_NdValence": 0.03585056656414094,
    "ElementProperty_MagpieData_maximum_GSbandgap": 0.03340383332879407,
    "ElementProperty_MagpieData_mode_GSvolume_pa": 0.03243329690218393,
    "CrystalNNFingerprint_mean_wt_CN_14": 0.03170778457110581,
    "ElementProperty_MagpieData_maximum_NUnfilled": 0.029678300136588794,
    "VoronoiFingerprint_mean_Voro_area_maximum": 0.02624811259839778,
    "GeneralizedRDF_mean_Gaussian_center=5_0_width=1_0": 0.02622661853054439,
    "GaussianSymmFunc_mean_G2_80_0": 0.02382526223283199,
    "AtomicOrbitals_HOMO_energy": 0.023286912645538702,
    "ElementFraction_H": 0.023119229203929913,
    "GaussianSymmFunc_mean_G2_4_0": 0.02295151333973093,
    "GeneralizedRDF_std_dev_Gaussian_center=8_0_width=1_0": 0.022772256735281386
}