{
    "ElementFraction_O": 0.8447974158568461,
    "GaussianSymmFunc_mean_G2_80_0": 0.18758960539421116,
    "AGNIFingerPrint_mean_AGNI_eta=8_00e-01": 0.16059788184042562,
    "ElementProperty_MagpieData_mean_Electronegativity": 0.13946970959404548,
    "ElectronegativityDiff_minimum_EN_difference": 0.11633056944344512,
    "ElementProperty_MagpieData_range_Electronegativity": 0.10151401191839335,
    "ElementProperty_MagpieData_maximum_Electronegativity": 0.09833003854304465,
    "CrystalNNFingerprint_mean_octahedral_CN_6": 0.09313515684423933,
    "BondOrientationParameter_std_dev_BOOP_Q_l=4": 0.09237894337935537,
    "ElementProperty_MagpieData_mean_GSbandgap": 0.07586043615216216,
    "OPSiteFingerprint_mean_octahedral_CN_6": 0.05996221391965237,
    "ElementProperty_MagpieData_avg_dev_GSbandgap": 0.054689606608723136,
    "YangSolidSolution_Yang_delta": 0.05319435329238906,
    "BondOrientationParameter_mean_BOOP_Q_l=6": 0.051623887999186935,
    "GaussianSymmFunc_std_dev_G2_80_0": 0.05044241313837138,
    "BondOrientationParameter_mean_BOOP_Q_l=5": 0.04993661874492014,
    "ElementProperty_MagpieData_minimum_Electronegativity": 0.048028645050124524,
    "ElementProperty_MagpieData_maximum_CovalentRadius": 0.04740452708740408,
    "ElementProperty_MagpieData_mode_Electronegativity": 0.04725566237388256,
    "ElementProperty_MagpieData_maximum_Number": 0.046954237880782845,
    "CrystalNNFingerprint_std_dev_see-saw-like_CN_4": 0.041906061413801106,
    "ElementProperty_MagpieData_mode_Number": 0.04082095356180392,
    "GeneralizedRDF_std_dev_Gaussian_center=3_0_width=1_0": 0.03927849372163295,
    "GeneralizedRDF_std_dev_Gaussian_center=1_0_width=1_0": 0.03523369890729876,
    "ElementProperty_MagpieData_mean_Row": 0.03329000792415384,
    "Stoichiometry_10-norm": 0.030455762997043247,
    "ElementProperty_MagpieData_avg_dev_CovalentRadius": 0.029780701290168136,
    "ElementProperty_MagpieData_mean_CovalentRadius": 0.02939685195093532,
    "MaximumPackingEfficiency_max_packing_efficiency": 0.02865143614604667,
    "ElementProperty_MagpieData_minimum_Column": 0.02766190753128726
}