{
    "GaussianSymmFunc_std_dev_G2_80_0": 0.2005671057215346,
    "GaussianSymmFunc_mean_G2_80_0": 0.13318618946162766,
    "ElementProperty_MagpieData_range_NsUnfilled": 0.11322027964217625,
    "ElementProperty_MagpieData_mean_MendeleevNumber": 0.08552498283892834,
    "ElementProperty_MagpieData_range_NdUnfilled": 0.07077705861289725,
    "ElementProperty_MagpieData_range_CovalentRadius": 0.055462343962505226,
    "ElementProperty_MagpieData_mean_NsUnfilled": 0.05441670989375434,
    "ElementProperty_MagpieData_avg_dev_NsUnfilled": 0.05215235771762129,
    "ElementProperty_MagpieData_range_NfValence": 0.048946979295385266,
    "ElementProperty_MagpieData_mean_NpUnfilled": 0.047938038238426704,
    "ElementProperty_MagpieData_avg_dev_GSbandgap": 0.04326814952541594,
    "MEGNet_OFMEncoded_v1_51": 0.04198383849478115,
    "AverageBondLength_std_dev_Average_bond_length": 0.04131336737554929,
    "ElementProperty_MagpieData_range_GSvolume_pa": 0.03892989181226663,
    "ElementFraction_H": 0.036086719338103604,
    "XRDPowderPattern_xrd_39": 0.035700452106477154,
    "ElementProperty_MagpieData_mean_Column": 0.03473729170499054,
    "ElementProperty_MagpieData_minimum_NValence": 0.033709388037755396,
    "RadialDistributionFunction_radial_distribution_function_d_4_90": 0.032731948369460986,
    "AGNIFingerPrint_mean_AGNI_eta=8_00e-01": 0.03045332270613335,
    "ElementProperty_MagpieData_avg_dev_Column": 0.02904995564762471,
    "OPSiteFingerprint_mean_T-shaped_CN_3": 0.026531252383876304,
    "TMetalFraction_transition_metal_fraction": 0.025805771620416952,
    "ElementProperty_MagpieData_maximum_CovalentRadius": 0.025097846138817576,
    "ElementProperty_MagpieData_maximum_GSmagmom": 0.024275229234117648,
    "ElementProperty_MagpieData_maximum_NdUnfilled": 0.023512202330891598,
    "BondOrientationParameter_mean_BOOP_Q_l=6": 0.023481393304224017,
    "ElementProperty_MagpieData_minimum_MendeleevNumber": 0.02249537861006457,
    "ElementProperty_MagpieData_maximum_Number": 0.021823539990352858,
    "AtomicOrbitals_LUMO_energy": 0.021491411356984087
}