{
    "ChemEnvSiteFingerprint_mean_C:8": 0.7771310301022515,
    "OPSiteFingerprint_mean_body-centered_cubic_CN_8": 0.3214240175107742,
    "CrystalNNFingerprint_mean_body-centered_cubic_CN_8": 0.24421992999660927,
    "ElementProperty_MagpieData_mean_CovalentRadius": 0.20989894833697761,
    "AverageBondAngle_mean_Average_bond_angle": 0.13778196145375685,
    "AGNIFingerPrint_std_dev_AGNI_dir=x_eta=2_89e+00": 0.07103337533946713,
    "CrystalNNFingerprint_mean_wt_CN_8": 0.06331275835921665,
    "BondFractions_O_-_P_bond_frac_": 0.06124917959644899,
    "GeneralizedRDF_mean_Gaussian_center=3_0_width=1_0": 0.059809308029450135,
    "AGNIFingerPrint_std_dev_AGNI_dir=x_eta=4_43e+00": 0.05681761065204697,
    "GeneralizedRDF_std_dev_Gaussian_center=3_0_width=1_0": 0.056435261927711665,
    "DensityFeatures_density": 0.05598023714571364,
    "CrystalNNFingerprint_mean_hexagonal_bipyramidal_CN_8": 0.05506074322545957,
    "ElementProperty_MagpieData_maximum_NdUnfilled": 0.05472721832346454,
    "ElementProperty_MagpieData_maximum_Number": 0.04957398578782725,
    "ElementProperty_MagpieData_mean_NsUnfilled": 0.045333684695158416,
    "ElementProperty_MagpieData_mean_GSbandgap": 0.043276669551867396,
    "CrystalNNFingerprint_mean_wt_CN_14": 0.040501566241099005,
    "ElementProperty_MagpieData_avg_dev_GSbandgap": 0.03967131899320235,
    "MEGNet_OFMEncoded_v1_86": 0.03965825965183048,
    "CrystalNNFingerprint_mean_wt_CN_6": 0.03770787516434503,
    "MaximumPackingEfficiency_max_packing_efficiency": 0.03706577403913022,
    "ElementProperty_MagpieData_maximum_NsUnfilled": 0.03532951927297275,
    "ElementProperty_MagpieData_avg_dev_NfUnfilled": 0.03518362619238439,
    "ElementProperty_MagpieData_range_NfUnfilled": 0.03272857963453239,
    "ElementFraction_P": 0.03264689556480649,
    "GeneralizedRDF_std_dev_Gaussian_center=8_0_width=1_0": 0.027368664310225343,
    "ElementProperty_MagpieData_range_GSbandgap": 0.025665482398898508,
    "AverageBondLength_std_dev_Average_bond_length": 0.02483686214778295,
    "GeneralizedRDF_mean_Gaussian_center=7_0_width=1_0": 0.024174496289404702
}