{
    "GaussianSymmFunc_mean_G2_80_0": 0.4819009675299921,
    "ElementProperty_MagpieData_mean_NfUnfilled": 0.18489498167913052,
    "ElementProperty_MagpieData_maximum_MeltingT": 0.1682894839918192,
    "ElementProperty_MagpieData_mean_Row": 0.1669809817025966,
    "ElementProperty_MagpieData_mean_GSmagmom": 0.16176301747862454,
    "AGNIFingerPrint_std_dev_AGNI_eta=8_00e-01": 0.1479795983332173,
    "ElementProperty_MagpieData_minimum_GSvolume_pa": 0.12404011184633011,
    "AGNIFingerPrint_mean_AGNI_eta=8_00e-01": 0.12332997136458365,
    "ElementProperty_MagpieData_mean_NsUnfilled": 0.11335976254911116,
    "GaussianSymmFunc_std_dev_G2_80_0": 0.10493617186786794,
    "ElementProperty_MagpieData_avg_dev_GSmagmom": 0.10271907410865203,
    "ElementProperty_MagpieData_maximum_NdUnfilled": 0.09889550281405084,
    "ElementProperty_MagpieData_minimum_Number": 0.09742624869053146,
    "ElementProperty_MagpieData_range_Row": 0.09595932643295352,
    "ElementProperty_MagpieData_maximum_MendeleevNumber": 0.08693477227553863,
    "ElementFraction_H": 0.08522109591315484,
    "ElementProperty_MagpieData_range_NdUnfilled": 0.08437105689011148,
    "MaximumPackingEfficiency_max_packing_efficiency": 0.08368865719536277,
    "AtomicOrbitals_HOMO_element": 0.07675859360499497,
    "ElementProperty_MagpieData_maximum_Number": 0.07258877821984369,
    "ElementProperty_MagpieData_maximum_NdValence": 0.07199225573114697,
    "ElementProperty_MagpieData_maximum_Electronegativity": 0.07071076227578807,
    "AtomicOrbitals_HOMO_energy": 0.07047010151363865,
    "ElementProperty_MagpieData_maximum_GSbandgap": 0.0700459305434732,
    "ElementProperty_MagpieData_avg_dev_Electronegativity": 0.06895520820259358,
    "ElementProperty_MagpieData_maximum_NfUnfilled": 0.06747671214302246,
    "ElementProperty_MagpieData_mode_NValence": 0.06689186379180945,
    "ElementProperty_MagpieData_mode_GSbandgap": 0.0656878314120481,
    "ElementProperty_MagpieData_mean_GSbandgap": 0.06346721998227986,
    "ElementProperty_MagpieData_avg_dev_GSbandgap": 0.06318886863105837
}