{
    "ChemEnvSiteFingerprint_mean_C:8": 3.2867139207514686,
    "XRDPowderPattern_xrd_36": 0.9127869785851992,
    "CrystalNNFingerprint_mean_body-centered_cubic_CN_8": 0.8387980363308869,
    "MaximumPackingEfficiency_max_packing_efficiency": 0.6731586861185829,
    "BondOrientationParameter_mean_BOOP_Q_l=10": 0.3318865914477021,
    "OPSiteFingerprint_mean_body-centered_cubic_CN_8": 0.23188000414455395,
    "BondOrientationParameter_mean_BOOP_Q_l=6": 0.19216089905096123,
    "ElementProperty_MagpieData_mean_NpValence": 0.16965004879714563,
    "ElementProperty_MagpieData_mean_CovalentRadius": 0.16908948415941488,
    "ElementProperty_MagpieData_avg_dev_NdValence": 0.14174590185658673,
    "ElementProperty_MagpieData_avg_dev_CovalentRadius": 0.14074110225399517,
    "XRDPowderPattern_xrd_35": 0.1329732308009877,
    "XRDPowderPattern_xrd_34": 0.1259746896568867,
    "GaussianSymmFunc_std_dev_G2_80_0": 0.10606626838018056,
    "ElementProperty_MagpieData_maximum_NfValence": 0.10352196639699417,
    "GeneralizedRDF_mean_Gaussian_center=5_0_width=1_0": 0.10190105782654908,
    "CrystalNNFingerprint_mean_wt_CN_14": 0.09790827374895804,
    "ElementProperty_MagpieData_mean_Row": 0.09564558003289116,
    "ElementProperty_MagpieData_maximum_NdUnfilled": 0.09387246268199555,
    "ElementProperty_MagpieData_maximum_NfUnfilled": 0.09017068980177803,
    "SineCoulombMatrix_sine_coulomb_matrix_eig_3": 0.08703435523059436,
    "CrystalNNFingerprint_mean_wt_CN_8": 0.08040610841806306,
    "ElementProperty_MagpieData_maximum_MendeleevNumber": 0.07478379506782247,
    "ValenceOrbital_frac_p_valence_electrons": 0.07408107245272048,
    "ElementProperty_MagpieData_mode_Electronegativity": 0.07203051401730408,
    "ElementProperty_MagpieData_mean_NfValence": 0.06612477913683787,
    "GaussianSymmFunc_mean_G2_20_0": 0.06517262251404678,
    "GaussianSymmFunc_mean_G4_0_005_1_0_-1_0": 0.06381133733753198,
    "AverageBondAngle_mean_Average_bond_angle": 0.06236835732597911,
    "ElementProperty_MagpieData_mean_Number": 0.060933540344098265
}