{
    "GaussianSymmFunc_mean_G2_80_0": 0.3985432049646515,
    "ValenceOrbital_frac_d_valence_electrons": 0.2720318035038226,
    "ElementProperty_MagpieData_mean_NdValence": 0.17258313932009095,
    "GaussianSymmFunc_std_dev_G2_80_0": 0.16117088170682972,
    "AGNIFingerPrint_std_dev_AGNI_eta=8_00e-01": 0.15301337913192245,
    "AGNIFingerPrint_mean_AGNI_eta=8_00e-01": 0.11901597615353332,
    "ElectronegativityDiff_minimum_EN_difference": 0.10126478948742347,
    "ElementProperty_MagpieData_mean_NsValence": 0.09500817874850495,
    "ElementProperty_MagpieData_range_AtomicWeight": 0.08618521945505736,
    "ElementProperty_MagpieData_maximum_NdValence": 0.08538869359576043,
    "ElementProperty_MagpieData_minimum_GSvolume_pa": 0.08286340353510332,
    "VoronoiFingerprint_std_dev_Voro_dist_minimum": 0.07005118636329162,
    "ElementProperty_MagpieData_mean_NpValence": 0.061640697811576765,
    "ElementFraction_H": 0.06148707916847172,
    "ElementProperty_MagpieData_avg_dev_Number": 0.06092772140283917,
    "GeneralizedRDF_mean_Gaussian_center=2_0_width=1_0": 0.05380826734674217,
    "Stoichiometry_2-norm": 0.05325903575305812,
    "MEGNet_OFMEncoded_v1_95": 0.050766904688493555,
    "StructuralHeterogeneity_mean_neighbor_distance_variation": 0.04673011820683085,
    "ElementProperty_MagpieData_mode_GSbandgap": 0.046284046742642394,
    "ElementProperty_MagpieData_mode_MendeleevNumber": 0.04187241165718468,
    "GeneralizedRDF_mean_Gaussian_center=0_0_width=1_0": 0.040628295649954106,
    "DensityFeatures_packing_fraction": 0.040448232894791894,
    "ElementProperty_MagpieData_mode_GSvolume_pa": 0.03861757811554254,
    "ElementProperty_MagpieData_range_NValence": 0.03834659269955142,
    "ElementProperty_MagpieData_maximum_Number": 0.038274853466085654,
    "ElementProperty_MagpieData_range_NfValence": 0.0359422667170299,
    "ElementProperty_MagpieData_maximum_CovalentRadius": 0.03490088225982586,
    "ElementProperty_MagpieData_mean_AtomicWeight": 0.03222266552049818,
    "BondOrientationParameter_mean_BOOP_Q_l=6": 0.031221525650198163
}