{
    "AGNIFingerPrint_std_dev_AGNI_eta=8_00e-01": 0.9582187168716897,
    "GeneralizedRDF_mean_Gaussian_center=0_0_width=1_0": 0.707247031179158,
    "GeneralizedRDF_std_dev_Gaussian_center=0_0_width=1_0": 0.6824847650596614,
    "AGNIFingerPrint_mean_AGNI_eta=8_00e-01": 0.5940393292513617,
    "ElementProperty_MagpieData_mean_GSbandgap": 0.4738058010290054,
    "ElementProperty_MagpieData_mode_NsUnfilled": 0.3375913613675211,
    "GaussianSymmFunc_std_dev_G2_80_0": 0.21639413628174656,
    "OPSiteFingerprint_mean_body-centered_cubic_CN_8": 0.20553211818968584,
    "ElementFraction_H": 0.15791410557245852,
    "ChemEnvSiteFingerprint_mean_C:8": 0.15675096621957266,
    "ElementProperty_MagpieData_mean_NpValence": 0.12670708384899834,
    "ElementProperty_MagpieData_maximum_NdValence": 0.12148216502195996,
    "ElementProperty_MagpieData_mean_CovalentRadius": 0.10829965431023733,
    "DensityFeatures_packing_fraction": 0.09059523287751771,
    "CrystalNNFingerprint_mean_body-centered_cubic_CN_8": 0.08882694151904622,
    "MaximumPackingEfficiency_max_packing_efficiency": 0.08007945539144937,
    "CrystalNNFingerprint_std_dev_L-shaped_CN_2": 0.07739609347126579,
    "ElementProperty_MagpieData_mode_Number": 0.07726401081284462,
    "ValenceOrbital_frac_f_valence_electrons": 0.07657240503658477,
    "ElementProperty_MagpieData_maximum_MendeleevNumber": 0.07449669490109138,
    "CrystalNNFingerprint_std_dev_wt_CN_1": 0.07114930329531338,
    "ElementFraction_O": 0.06466718817090533,
    "CrystalNNFingerprint_mean_wt_CN_1": 0.05952472570772413,
    "BandCenter_band_center": 0.05832721258981433,
    "ElementProperty_MagpieData_range_MeltingT": 0.05800802684624378,
    "ElementProperty_MagpieData_mean_NfValence": 0.055153465363570964,
    "AGNIFingerPrint_std_dev_AGNI_dir=y_eta=1_23e+00": 0.05488279349525662,
    "ElementProperty_MagpieData_mean_NfUnfilled": 0.048111699162854474,
    "ElementProperty_MagpieData_mean_NsValence": 0.04652488734788945,
    "CrystalNNFingerprint_mean_wt_CN_2": 0.04648190536113924
}