{
    "GaussianSymmFunc_mean_G2_80_0": 0.7303585553119847,
    "ElementProperty_MagpieData_maximum_NfValence": 0.2201939059840728,
    "ElementProperty_MagpieData_range_MendeleevNumber": 0.17759246207332907,
    "GaussianSymmFunc_std_dev_G2_80_0": 0.14814774551430154,
    "ElementProperty_MagpieData_range_NUnfilled": 0.14245148359693538,
    "AGNIFingerPrint_mean_AGNI_eta=8_00e-01": 0.1348435657925472,
    "ElementProperty_MagpieData_mean_NsUnfilled": 0.1306091450022947,
    "ElementProperty_MagpieData_maximum_GSbandgap": 0.11658431949162788,
    "ElementProperty_MagpieData_mean_GSbandgap": 0.1053386340921445,
    "ElementProperty_MagpieData_mean_NfValence": 0.10165317993724625,
    "ElementProperty_MagpieData_maximum_NdUnfilled": 0.09119614550913457,
    "ElementProperty_MagpieData_minimum_MendeleevNumber": 0.08945754356831064,
    "AGNIFingerPrint_std_dev_AGNI_eta=8_00e-01": 0.0683068807943279,
    "ElementProperty_MagpieData_avg_dev_NdValence": 0.058823490370330335,
    "ElementProperty_MagpieData_mean_NdUnfilled": 0.058121586427186435,
    "VoronoiFingerprint_mean_Voro_dist_minimum": 0.054748855093771025,
    "ChemEnvSiteFingerprint_mean_C:8": 0.053100682557662184,
    "ElementProperty_MagpieData_mode_GSbandgap": 0.051572344630747904,
    "ElementProperty_MagpieData_range_NdUnfilled": 0.05094807891333265,
    "ElementProperty_MagpieData_maximum_SpaceGroupNumber": 0.044623234045585804,
    "ElementProperty_MagpieData_minimum_Number": 0.04443025315891608,
    "ElementFraction_H": 0.04432077331576887,
    "ElementProperty_MagpieData_avg_dev_NUnfilled": 0.044178493149784594,
    "AGNIFingerPrint_std_dev_AGNI_eta=1_88e+00": 0.043119815561433614,
    "ValenceOrbital_frac_f_valence_electrons": 0.042425118248997994,
    "ElementProperty_MagpieData_avg_dev_NsUnfilled": 0.04029596755189691,
    "CoordinationNumber_std_dev_CN_VoronoiNN": 0.03969397378309991,
    "AGNIFingerPrint_mean_AGNI_eta=1_23e+00": 0.039448277238445635,
    "ElementProperty_MagpieData_mean_CovalentRadius": 0.0394083747306362,
    "ElementProperty_MagpieData_maximum_NsUnfilled": 0.03940150775591847
}