{
    "ElementProperty_MagpieData_maximum_NpUnfilled": 0.632900335009641,
    "GaussianSymmFunc_mean_G2_80_0": 0.4840922477965449,
    "AGNIFingerPrint_std_dev_AGNI_eta=8_00e-01": 0.26166053512595194,
    "YangSolidSolution_Yang_delta": 0.2446133574213981,
    "GaussianSymmFunc_std_dev_G2_80_0": 0.22089787051015825,
    "ElementProperty_MagpieData_mean_NpUnfilled": 0.21133357758171353,
    "ElementProperty_MagpieData_avg_dev_Electronegativity": 0.1540278087845343,
    "ElementProperty_MagpieData_avg_dev_NdValence": 0.14259591953736442,
    "ElementProperty_MagpieData_maximum_NdValence": 0.1368833163678251,
    "ElementProperty_MagpieData_mean_MendeleevNumber": 0.13629370361062398,
    "BondOrientationParameter_mean_BOOP_Q_l=4": 0.11876094983942383,
    "ElementProperty_MagpieData_maximum_CovalentRadius": 0.11112049328303966,
    "ElementProperty_MagpieData_mean_Column": 0.10094734852942809,
    "ElementProperty_MagpieData_mean_NsValence": 0.10055711420585833,
    "ElementProperty_MagpieData_mean_GSbandgap": 0.09765290546876601,
    "ElementProperty_MagpieData_avg_dev_NpUnfilled": 0.08036349853616913,
    "ElementProperty_MagpieData_minimum_Electronegativity": 0.07712816015542773,
    "ElementProperty_MagpieData_range_NdValence": 0.07663294914355205,
    "ElementProperty_MagpieData_mode_Electronegativity": 0.07570960512727329,
    "GeneralizedRDF_std_dev_Gaussian_center=0_0_width=1_0": 0.07216818573284836,
    "ElementProperty_MagpieData_mode_GSbandgap": 0.06882907747473566,
    "DensityFeatures_packing_fraction": 0.06836312227902833,
    "ElementProperty_MagpieData_maximum_MendeleevNumber": 0.06822256138766386,
    "ElementProperty_MagpieData_avg_dev_NpValence": 0.06776968339956299,
    "ElementProperty_MagpieData_mean_NUnfilled": 0.06774666547312226,
    "ElementProperty_MagpieData_minimum_MendeleevNumber": 0.0675498504565791,
    "ValenceOrbital_frac_s_valence_electrons": 0.0661296157983517,
    "ElementProperty_MagpieData_mean_NdValence": 0.05852121184178224,
    "ElementProperty_MagpieData_mean_Row": 0.05821848076002342,
    "ElementProperty_MagpieData_maximum_NdUnfilled": 0.0519668817723133
}