{
    "AGNIFingerPrint_std_dev_AGNI_eta=8_00e-01": 0.19540749834676174,
    "GaussianSymmFunc_mean_G2_80_0": 0.16529173920890444,
    "AGNIFingerPrint_mean_AGNI_eta=8_00e-01": 0.12270857509154227,
    "ElementProperty_MagpieData_minimum_Electronegativity": 0.11476430066478585,
    "GaussianSymmFunc_std_dev_G2_80_0": 0.11172294085220653,
    "ValenceOrbital_frac_f_valence_electrons": 0.11095346115905394,
    "ElementProperty_MagpieData_avg_dev_NdUnfilled": 0.09582663042390992,
    "DensityFeatures_packing_fraction": 0.08434199368580059,
    "ElementProperty_MagpieData_maximum_NdUnfilled": 0.07956639201197482,
    "ElementProperty_MagpieData_mean_GSbandgap": 0.07165486484856562,
    "ElementProperty_MagpieData_avg_dev_CovalentRadius": 0.07047374198846473,
    "ElementProperty_MagpieData_mean_NsUnfilled": 0.06904589241081248,
    "YangSolidSolution_Yang_delta": 0.06742869575521775,
    "ElementProperty_MagpieData_avg_dev_GSbandgap": 0.062166208755921167,
    "ElementProperty_MagpieData_maximum_NsUnfilled": 0.05780672119151258,
    "ElementProperty_MagpieData_maximum_GSbandgap": 0.05604550909895968,
    "ElementProperty_MagpieData_minimum_Column": 0.04782151649022975,
    "ElementProperty_MagpieData_avg_dev_Row": 0.04553779885130788,
    "ElementProperty_MagpieData_minimum_Number": 0.0451680857216513,
    "ElementProperty_MagpieData_mode_NdValence": 0.0443511666414622,
    "MEGNet_OFMEncoded_v1_69": 0.04306487230642475,
    "AGNIFingerPrint_std_dev_AGNI_dir=x_eta=8_00e-01": 0.038777321708805594,
    "ElementProperty_MagpieData_minimum_MendeleevNumber": 0.03750941893072087,
    "ElementProperty_MagpieData_mode_GSvolume_pa": 0.036958248967347604,
    "BondOrientationParameter_mean_BOOP_Q_l=3": 0.03558177226861531,
    "ValenceOrbital_frac_d_valence_electrons": 0.03512543294336633,
    "ElementProperty_MagpieData_mean_CovalentRadius": 0.03467009345667308,
    "ElementProperty_MagpieData_mode_GSbandgap": 0.03445388260136422,
    "ElementProperty_MagpieData_avg_dev_NsValence": 0.03362045133868214,
    "ChemEnvSiteFingerprint_mean_C:8": 0.0315472718213496
}