{
    "ChemEnvSiteFingerprint_mean_C:8": 0.7342465298875688,
    "OPSiteFingerprint_mean_body-centered_cubic_CN_8": 0.5450901277015068,
    "ElementProperty_MagpieData_maximum_MendeleevNumber": 0.19546638798781954,
    "CrystalNNFingerprint_mean_body-centered_cubic_CN_8": 0.139733162595408,
    "AverageBondAngle_mean_Average_bond_angle": 0.13262208006839807,
    "MaximumPackingEfficiency_max_packing_efficiency": 0.11817768697779364,
    "ElementProperty_MagpieData_mean_CovalentRadius": 0.11183671867258044,
    "GeneralizedRDF_mean_Gaussian_center=3_0_width=1_0": 0.10203613011416204,
    "ElementProperty_MagpieData_maximum_NfValence": 0.08838881363480716,
    "CrystalNNFingerprint_mean_wt_CN_8": 0.08502757419384348,
    "ElementProperty_MagpieData_maximum_Number": 0.06805814310313474,
    "ElementProperty_MagpieData_mean_Number": 0.059165397507712825,
    "BondOrientationParameter_mean_BOOP_Q_l=6": 0.05897035618718564,
    "AGNIFingerPrint_std_dev_AGNI_dir=x_eta=6_80e+00": 0.05428875544983432,
    "ElementProperty_MagpieData_mean_GSmagmom": 0.0532570942214622,
    "XRDPowderPattern_xrd_35": 0.04458570474255149,
    "ElementProperty_MagpieData_maximum_MeltingT": 0.042764749512588865,
    "ElementProperty_MagpieData_avg_dev_GSbandgap": 0.04272386668961208,
    "ElementProperty_MagpieData_avg_dev_NpValence": 0.03910082791496276,
    "ElementProperty_MagpieData_maximum_Electronegativity": 0.035171419521024413,
    "CrystalNNFingerprint_mean_linear_CN_2": 0.03479013035663769,
    "ElementProperty_MagpieData_mean_Row": 0.034254240954527185,
    "Stoichiometry_10-norm": 0.03078917318271656,
    "MEGNet_OFMEncoded_v1_133": 0.030556674166983752,
    "MEGNet_OFMEncoded_v1_86": 0.029396683490881287,
    "AverageBondLength_std_dev_Average_bond_length": 0.029194531053453297,
    "ElementProperty_MagpieData_maximum_NfUnfilled": 0.028216877764865166,
    "ElementProperty_MagpieData_mean_AtomicWeight": 0.028124701087135214,
    "ElementProperty_MagpieData_mean_NpUnfilled": 0.028119285120650626,
    "ElementFraction_B": 0.025874046988778432
}