{
    "AGNIFingerPrint_mean_AGNI_eta=8_00e-01": 0.6481711259984502,
    "GeneralizedRDF_std_dev_Gaussian_center=0_0_width=1_0": 0.5191291398926868,
    "AGNIFingerPrint_std_dev_AGNI_eta=8_00e-01": 0.5033827187984543,
    "ElementProperty_MagpieData_mean_GSbandgap": 0.35839564935528423,
    "GaussianSymmFunc_std_dev_G2_80_0": 0.297545540349377,
    "GeneralizedRDF_mean_Gaussian_center=0_0_width=1_0": 0.19448399667328864,
    "MaximumPackingEfficiency_max_packing_efficiency": 0.1847961666377812,
    "ElementProperty_MagpieData_mode_NsUnfilled": 0.16371638449084702,
    "GaussianSymmFunc_mean_G2_80_0": 0.1192391698708318,
    "ElementProperty_MagpieData_avg_dev_Column": 0.10448264388455747,
    "ElementProperty_MagpieData_avg_dev_MendeleevNumber": 0.10324849811752561,
    "ElementProperty_MagpieData_mean_NpValence": 0.09788865067854653,
    "YangSolidSolution_Yang_delta": 0.09708932071223182,
    "ElementProperty_MagpieData_maximum_NdValence": 0.0916490546342605,
    "ElementProperty_MagpieData_avg_dev_NpUnfilled": 0.08306877831276889,
    "ElementProperty_MagpieData_mean_NsUnfilled": 0.07931790629629551,
    "DensityFeatures_packing_fraction": 0.07828164588267612,
    "ElementFraction_H": 0.07285891934010154,
    "CrystalNNFingerprint_mean_wt_CN_1": 0.052858782924290186,
    "ElementProperty_MagpieData_maximum_GSbandgap": 0.052076906673633454,
    "CrystalNNFingerprint_mean_body-centered_cubic_CN_8": 0.04865199538050278,
    "ElementProperty_MagpieData_mean_MendeleevNumber": 0.04851891538658349,
    "ElementProperty_MagpieData_avg_dev_NdUnfilled": 0.04715277510845849,
    "BondOrientationParameter_mean_BOOP_Q_l=5": 0.04712005422683393,
    "GeneralizedRDF_mean_Gaussian_center=6_0_width=1_0": 0.04548186981104718,
    "AGNIFingerPrint_std_dev_AGNI_dir=y_eta=1_88e+00": 0.04311421979341405,
    "ElementProperty_MagpieData_mean_CovalentRadius": 0.04297332861840005,
    "GeneralizedRDF_mean_Gaussian_center=4_0_width=1_0": 0.04174337165034192,
    "ChemEnvSiteFingerprint_mean_C:8": 0.040924946478654134,
    "ElementProperty_MagpieData_maximum_CovalentRadius": 0.04091151849534031
}