{
    "ChemEnvSiteFingerprint_mean_C:8": 0.6712474117821698,
    "MaximumPackingEfficiency_max_packing_efficiency": 0.4706401651242286,
    "OPSiteFingerprint_mean_body-centered_cubic_CN_8": 0.3968396548177048,
    "ElementProperty_MagpieData_mean_CovalentRadius": 0.22359629067722794,
    "CrystalNNFingerprint_mean_body-centered_cubic_CN_8": 0.15214229466979404,
    "ElementProperty_MagpieData_avg_dev_GSmagmom": 0.12641836755693694,
    "ElementProperty_MagpieData_avg_dev_NfValence": 0.11151641758858154,
    "ElementProperty_MagpieData_maximum_NdUnfilled": 0.08148092798525412,
    "BondOrientationParameter_mean_BOOP_Q_l=10": 0.0764221940035179,
    "ElementProperty_MagpieData_mean_GSmagmom": 0.0746461136655486,
    "CrystalNNFingerprint_mean_wt_CN_14": 0.06608473592962216,
    "OPSiteFingerprint_mean_sgl_bd_CN_1": 0.06559848551989343,
    "ElementProperty_MagpieData_avg_dev_MendeleevNumber": 0.05667290601989488,
    "VoronoiFingerprint_std_dev_Voro_dist_minimum": 0.05058430462288686,
    "CrystalNNFingerprint_mean_wt_CN_8": 0.050461615552095496,
    "ElementProperty_MagpieData_mean_GSvolume_pa": 0.0475164477956013,
    "TMetalFraction_transition_metal_fraction": 0.04380629683930227,
    "ElementProperty_MagpieData_avg_dev_NpValence": 0.04304605275793688,
    "ElementProperty_MagpieData_maximum_Number": 0.041965526184007014,
    "ElementProperty_MagpieData_maximum_MendeleevNumber": 0.04183674162432546,
    "MEGNet_OFMEncoded_v1_86": 0.04104307042502115,
    "ElementProperty_MagpieData_range_NfValence": 0.040500132644554855,
    "BondOrientationParameter_mean_BOOP_Q_l=2": 0.04025947260699898,
    "AverageBondAngle_mean_Average_bond_angle": 0.039985496702675975,
    "GeneralizedRDF_mean_Gaussian_center=5_0_width=1_0": 0.03652347252481789,
    "ElementProperty_MagpieData_avg_dev_NsUnfilled": 0.03431995471332997,
    "ElementProperty_MagpieData_avg_dev_NdValence": 0.032904021380791786,
    "CrystalNNFingerprint_std_dev_bent_120_degrees_CN_2": 0.03248853743897026,
    "ElementProperty_MagpieData_minimum_Electronegativity": 0.030523160282376484,
    "ElementProperty_MagpieData_mean_NpUnfilled": 0.030091603862871748
}