{
    "GaussianSymmFunc_mean_G2_80_0": 0.47340410271326344,
    "ElementProperty_MagpieData_range_NfValence": 0.31344531578728035,
    "ElementProperty_MagpieData_mean_Column": 0.19088624339058546,
    "AGNIFingerPrint_mean_AGNI_eta=8_00e-01": 0.18736503389777018,
    "ElementFraction_H": 0.1392396926456257,
    "GaussianSymmFunc_std_dev_G2_80_0": 0.13330808810582678,
    "ElementProperty_MagpieData_maximum_NdUnfilled": 0.11445815983190843,
    "ElementProperty_MagpieData_range_NfUnfilled": 0.10399050382804205,
    "ElementProperty_MagpieData_mode_NdValence": 0.09837911004324439,
    "ElementProperty_MagpieData_avg_dev_NfValence": 0.09818713366257573,
    "ElementProperty_MagpieData_maximum_CovalentRadius": 0.08841178014640803,
    "AGNIFingerPrint_std_dev_AGNI_eta=8_00e-01": 0.08525887260544035,
    "ElementProperty_MagpieData_mean_NdValence": 0.07715150260319711,
    "GeneralizedRDF_mean_Gaussian_center=0_0_width=1_0": 0.06917290286003533,
    "ElementProperty_MagpieData_mode_GSbandgap": 0.0627340395144985,
    "ElementProperty_MagpieData_maximum_NfUnfilled": 0.060175667242362965,
    "ElementProperty_MagpieData_mode_Electronegativity": 0.04876415879997964,
    "ElementProperty_MagpieData_range_NdValence": 0.04641752579077407,
    "XRDPowderPattern_xrd_33": 0.04572465457626672,
    "ValenceOrbital_frac_s_valence_electrons": 0.04227084385086884,
    "SineCoulombMatrix_sine_coulomb_matrix_eig_0": 0.04154581416312992,
    "ElementProperty_MagpieData_mean_GSbandgap": 0.03951680795570871,
    "ElementProperty_MagpieData_maximum_NValence": 0.03877543015478643,
    "ElementProperty_MagpieData_minimum_GSvolume_pa": 0.03774216478642754,
    "ElementProperty_MagpieData_maximum_Number": 0.03609707119920176,
    "ElementProperty_MagpieData_avg_dev_NpValence": 0.03555936081271357,
    "GeneralizedRDF_std_dev_Gaussian_center=0_0_width=1_0": 0.03530218512648622,
    "ElementProperty_MagpieData_mode_MeltingT": 0.032958848678158736,
    "ElementProperty_MagpieData_avg_dev_NValence": 0.03043406145895961,
    "ElementProperty_MagpieData_avg_dev_NfUnfilled": 0.030390310200772944
}