{
    "OPSiteFingerprint_mean_body-centered_cubic_CN_8": 0.7750676531827239,
    "ChemEnvSiteFingerprint_mean_C:8": 0.5985856616732443,
    "CrystalNNFingerprint_mean_body-centered_cubic_CN_8": 0.2345136708040429,
    "ElementProperty_MagpieData_mean_CovalentRadius": 0.22363123046696984,
    "AverageBondAngle_mean_Average_bond_angle": 0.17934082102889876,
    "ElementProperty_MagpieData_range_CovalentRadius": 0.1641275628725677,
    "ElementProperty_MagpieData_minimum_Electronegativity": 0.1249440302573917,
    "ElementProperty_MagpieData_range_GSvolume_pa": 0.12020316131082603,
    "ElementProperty_MagpieData_maximum_MeltingT": 0.11781868293757261,
    "MaximumPackingEfficiency_max_packing_efficiency": 0.1127357439634633,
    "AGNIFingerPrint_std_dev_AGNI_dir=x_eta=4_43e+00": 0.1013938855069595,
    "ElementProperty_MagpieData_avg_dev_NsUnfilled": 0.09809231636138552,
    "ElementProperty_MagpieData_avg_dev_NdValence": 0.09421630326334063,
    "ElementProperty_MagpieData_avg_dev_GSvolume_pa": 0.09124111894107778,
    "ElementProperty_MagpieData_mean_NValence": 0.07080347312426827,
    "ElementProperty_MagpieData_range_NdUnfilled": 0.0701940515215568,
    "ElementProperty_MagpieData_range_NdValence": 0.07001063851703286,
    "ElementProperty_MagpieData_maximum_NfUnfilled": 0.06659923489751625,
    "ElementProperty_MagpieData_maximum_NdUnfilled": 0.06422925011010858,
    "ElementFraction_Li": 0.06347905382571085,
    "ElementProperty_MagpieData_mean_NfUnfilled": 0.06040397741743738,
    "ElementProperty_MagpieData_range_NsUnfilled": 0.05905519209724477,
    "ElementProperty_MagpieData_mean_NpValence": 0.05871128587087275,
    "ElementProperty_MagpieData_avg_dev_NdUnfilled": 0.0574815660784377,
    "CrystalNNFingerprint_mean_wt_CN_8": 0.05531048259054016,
    "MEGNet_OFMEncoded_v1_86": 0.05280616282571695,
    "ElementProperty_MagpieData_mean_NsUnfilled": 0.04435719502417261,
    "GeneralizedRDF_std_dev_Gaussian_center=4_0_width=1_0": 0.04407296487456831,
    "ElementProperty_MagpieData_maximum_NValence": 0.04400881418590585,
    "BondOrientationParameter_mean_BOOP_Q_l=10": 0.043351875405126056
}