{
    "ChemEnvSiteFingerprint_mean_C:8": 3.416314282316948,
    "MaximumPackingEfficiency_max_packing_efficiency": 0.882560016642854,
    "XRDPowderPattern_xrd_36": 0.8474388390795844,
    "CrystalNNFingerprint_mean_body-centered_cubic_CN_8": 0.7050931337551334,
    "BondOrientationParameter_mean_BOOP_Q_l=10": 0.419406400949022,
    "ElementProperty_MagpieData_maximum_Electronegativity": 0.2906736042426324,
    "ElementProperty_MagpieData_mean_CovalentRadius": 0.27568066776148126,
    "ElementProperty_MagpieData_maximum_MendeleevNumber": 0.20396663294452375,
    "CrystalNNFingerprint_mean_wt_CN_8": 0.20360691236208428,
    "ElementProperty_MagpieData_mean_NpValence": 0.15499958689100782,
    "ElementProperty_MagpieData_maximum_NfUnfilled": 0.14988306349394123,
    "OPSiteFingerprint_mean_body-centered_cubic_CN_8": 0.11777173347389375,
    "GaussianSymmFunc_mean_G2_20_0": 0.10491544150971426,
    "ElementProperty_MagpieData_avg_dev_NdValence": 0.10288739819078421,
    "XRDPowderPattern_xrd_35": 0.0981868951403046,
    "ElementProperty_MagpieData_maximum_NfValence": 0.09779410198063875,
    "GeneralizedRDF_mean_Gaussian_center=5_0_width=1_0": 0.09338519959881088,
    "XRDPowderPattern_xrd_34": 0.09299388109088456,
    "BondOrientationParameter_mean_BOOP_Q_l=6": 0.09108707630111339,
    "ElementProperty_MagpieData_mean_NfValence": 0.08934301804031271,
    "ElementProperty_MagpieData_avg_dev_Electronegativity": 0.08872488415405369,
    "Miedema_Miedema_deltaH_ss_min": 0.0765307080999135,
    "CrystalNNFingerprint_mean_wt_CN_14": 0.0666945809872066,
    "ElementProperty_MagpieData_maximum_NdUnfilled": 0.06622128443227647,
    "ElementProperty_MagpieData_mean_SpaceGroupNumber": 0.061919104240791,
    "GeneralizedRDF_mean_Gaussian_center=9_0_width=1_0": 0.05987883107278572,
    "SineCoulombMatrix_sine_coulomb_matrix_eig_3": 0.05970335565518439,
    "CrystalNNFingerprint_mean_hexagonal_bipyramidal_CN_8": 0.05912300495533208,
    "ValenceOrbital_frac_p_valence_electrons": 0.059096442307767935,
    "ElementProperty_MagpieData_minimum_Number": 0.059041023055927705
}