{
    "ChemEnvSiteFingerprint_mean_C:8": 0.925218761353396,
    "OPSiteFingerprint_mean_body-centered_cubic_CN_8": 0.5705772049677703,
    "ElementProperty_MagpieData_mean_CovalentRadius": 0.2991533683675963,
    "CrystalNNFingerprint_mean_body-centered_cubic_CN_8": 0.19271697453946576,
    "AverageBondAngle_mean_Average_bond_angle": 0.15529783598304855,
    "AverageBondLength_std_dev_Average_bond_length": 0.12809590469956017,
    "MaximumPackingEfficiency_max_packing_efficiency": 0.11539087926636075,
    "ElementProperty_MagpieData_range_NfValence": 0.1108390036820387,
    "AGNIFingerPrint_std_dev_AGNI_dir=x_eta=1_88e+00": 0.08954836023061775,
    "MEGNet_OFMEncoded_v1_86": 0.08238991141906847,
    "CrystalNNFingerprint_mean_wt_CN_8": 0.07278169909421887,
    "YangSolidSolution_Yang_omega": 0.06190323080257931,
    "CrystalNNFingerprint_mean_wt_CN_14": 0.05664585591986192,
    "ElementProperty_MagpieData_maximum_Number": 0.05622411966719571,
    "GeneralizedRDF_mean_Gaussian_center=2_0_width=1_0": 0.051752886454192217,
    "CrystalNNFingerprint_std_dev_pentagonal_pyramidal_CN_6": 0.05134857963682185,
    "BondOrientationParameter_mean_BOOP_Q_l=3": 0.050468057954113375,
    "AGNIFingerPrint_std_dev_AGNI_eta=1_23e+00": 0.05046447095927515,
    "ElementProperty_MagpieData_mean_GSbandgap": 0.04703390664287358,
    "ElementProperty_MagpieData_avg_dev_NdValence": 0.04525808392333971,
    "BondOrientationParameter_mean_BOOP_Q_l=6": 0.03947314242354471,
    "BondOrientationParameter_std_dev_BOOP_Q_l=4": 0.039157734149310224,
    "OPSiteFingerprint_std_dev_pentagonal_pyramidal_CN_6": 0.03901810541576977,
    "OPSiteFingerprint_mean_sgl_bd_CN_1": 0.03739833009124883,
    "RadialDistributionFunction_radial_distribution_function_d_3_70": 0.0341171490067808,
    "AGNIFingerPrint_std_dev_AGNI_eta=8_00e-01": 0.03297577452082575,
    "ElementProperty_MagpieData_range_CovalentRadius": 0.03184784914798019,
    "RadialDistributionFunction_radial_distribution_function_d_1_90": 0.030765486137204458,
    "BondOrientationParameter_mean_BOOP_Q_l=10": 0.030516305137530106,
    "ElementProperty_MagpieData_mean_MendeleevNumber": 0.03037320822739402
}