{
    "OPSiteFingerprint_mean_body-centered_cubic_CN_8": 0.8274771186998385,
    "ChemEnvSiteFingerprint_mean_C:8": 0.4939126050036945,
    "ElementProperty_MagpieData_mean_CovalentRadius": 0.30121749602345266,
    "MaximumPackingEfficiency_max_packing_efficiency": 0.28953493908903494,
    "ElementProperty_MagpieData_range_NfValence": 0.21250957967943065,
    "ElementProperty_MagpieData_maximum_Number": 0.17894215642069863,
    "AverageBondAngle_mean_Average_bond_angle": 0.14535413278059311,
    "BondOrientationParameter_mean_BOOP_Q_l=6": 0.1378893429576219,
    "ElementFraction_O": 0.11826514127958372,
    "DensityFeatures_packing_fraction": 0.10787657556945979,
    "CrystalNNFingerprint_mean_body-centered_cubic_CN_8": 0.10746368955723509,
    "ElementProperty_MagpieData_mode_GSbandgap": 0.1037857334176111,
    "GeneralizedRDF_mean_Gaussian_center=3_0_width=1_0": 0.09293806806691479,
    "ElementProperty_MagpieData_mean_NsValence": 0.0905449304327198,
    "ElementProperty_MagpieData_range_AtomicWeight": 0.0897647016023151,
    "ValenceOrbital_frac_d_valence_electrons": 0.08812998797721977,
    "ElementProperty_MagpieData_mean_NsUnfilled": 0.07273750082026488,
    "CrystalNNFingerprint_mean_wt_CN_14": 0.07044929262602523,
    "ElementProperty_MagpieData_avg_dev_SpaceGroupNumber": 0.06720092656807829,
    "BondOrientationParameter_mean_BOOP_Q_l=10": 0.0632652392133719,
    "ElementProperty_MagpieData_avg_dev_NfValence": 0.062056333414041834,
    "CrystalNNFingerprint_mean_octahedral_CN_6": 0.054471683505677326,
    "ElementProperty_MagpieData_minimum_Number": 0.05227465723071012,
    "ElementProperty_MagpieData_mean_NpValence": 0.05054095159620648,
    "ElementProperty_MagpieData_range_Electronegativity": 0.05038996979233135,
    "ElementProperty_MagpieData_minimum_NsValence": 0.04910261099128932,
    "ElementProperty_MagpieData_range_Number": 0.04862347818630353,
    "ElementProperty_MagpieData_mean_NpUnfilled": 0.04583868101318426,
    "GaussianSymmFunc_mean_G2_80_0": 0.045665381538524105,
    "AGNIFingerPrint_std_dev_AGNI_dir=x_eta=1_88e+00": 0.04433962127508842
}