{
    "ChemEnvSiteFingerprint_mean_C:8": 0.9964484642688027,
    "OPSiteFingerprint_mean_body-centered_cubic_CN_8": 0.48891028177138735,
    "ElementProperty_MagpieData_mean_CovalentRadius": 0.2542259711427947,
    "CrystalNNFingerprint_mean_body-centered_cubic_CN_8": 0.14659730990201308,
    "AverageBondAngle_mean_Average_bond_angle": 0.12303583687324095,
    "ElementProperty_MagpieData_mode_Number": 0.08945505073541653,
    "ElementProperty_MagpieData_maximum_NdValence": 0.07678144250590188,
    "ElementProperty_MagpieData_maximum_CovalentRadius": 0.07026721000386421,
    "ElementProperty_MagpieData_mean_NpValence": 0.06912912964356022,
    "CrystalNNFingerprint_mean_wt_CN_8": 0.06510174984621385,
    "ElementProperty_MagpieData_mean_NfUnfilled": 0.06432770594450177,
    "ElementProperty_MagpieData_avg_dev_NfUnfilled": 0.06371118181576098,
    "ElementFraction_Li": 0.058830409953552855,
    "OPSiteFingerprint_mean_linear_CN_2": 0.05662099949453349,
    "AverageBondLength_std_dev_Average_bond_length": 0.056612387503950805,
    "CrystalNNFingerprint_mean_linear_CN_2": 0.05627716900316142,
    "ElementProperty_MagpieData_mean_NdUnfilled": 0.055630375273752815,
    "ElementProperty_MagpieData_maximum_Electronegativity": 0.054961887851499025,
    "MaximumPackingEfficiency_max_packing_efficiency": 0.05394866533415321,
    "CrystalNNFingerprint_mean_wt_CN_14": 0.049888170817612106,
    "ValenceOrbital_frac_f_valence_electrons": 0.04983618537624602,
    "TMetalFraction_transition_metal_fraction": 0.04945889747582422,
    "GeneralizedRDF_mean_Gaussian_center=3_0_width=1_0": 0.04893737043894808,
    "ElementProperty_MagpieData_avg_dev_NdValence": 0.045839315779823205,
    "CrystalNNFingerprint_mean_q4_CN_12": 0.04252137589763354,
    "ElementProperty_MagpieData_range_NdUnfilled": 0.041294511152824974,
    "ElementProperty_MagpieData_maximum_MendeleevNumber": 0.04022947187462927,
    "ElementProperty_MagpieData_minimum_SpaceGroupNumber": 0.039527119133092085,
    "ElementProperty_MagpieData_maximum_GSvolume_pa": 0.03910687385057486,
    "ValenceOrbital_frac_d_valence_electrons": 0.038782132648206444
}