{
    "GaussianSymmFunc_mean_G2_80_0": 0.33282173080265365,
    "AGNIFingerPrint_std_dev_AGNI_eta=8_00e-01": 0.2285630037604079,
    "GaussianSymmFunc_std_dev_G2_80_0": 0.2092188750769688,
    "ElementProperty_MagpieData_range_AtomicWeight": 0.20506975263849755,
    "ElementProperty_MagpieData_maximum_NdUnfilled": 0.1960599282198099,
    "ElementProperty_MagpieData_avg_dev_NdUnfilled": 0.13915599985339622,
    "ElementProperty_MagpieData_range_NfValence": 0.11767667712013441,
    "ElementProperty_MagpieData_mean_CovalentRadius": 0.1020759657138255,
    "ElementProperty_MagpieData_minimum_GSvolume_pa": 0.09566795786978245,
    "ElementFraction_H": 0.09526297216720396,
    "ElementProperty_MagpieData_avg_dev_MendeleevNumber": 0.09046958562432382,
    "AGNIFingerPrint_mean_AGNI_eta=8_00e-01": 0.09011760243371923,
    "ElectronegativityDiff_minimum_EN_difference": 0.07863567914253199,
    "ElementProperty_MagpieData_avg_dev_NfUnfilled": 0.07777887020690386,
    "ElementProperty_MagpieData_range_NfUnfilled": 0.07311153133867192,
    "ElementProperty_MagpieData_avg_dev_SpaceGroupNumber": 0.06579796641347785,
    "ElementProperty_MagpieData_range_NsUnfilled": 0.06290647831630934,
    "MaximumPackingEfficiency_max_packing_efficiency": 0.06268776010579852,
    "ElementProperty_MagpieData_mean_GSbandgap": 0.05786345216198082,
    "ElementProperty_MagpieData_avg_dev_NUnfilled": 0.05603632114320829,
    "YangSolidSolution_Yang_omega": 0.054521409493961656,
    "MEGNet_OFMEncoded_v1_43": 0.054020318350347894,
    "ElementProperty_MagpieData_mean_Row": 0.05097579879974733,
    "MEGNet_OFMEncoded_v1_24": 0.050545058904458096,
    "ElementProperty_MagpieData_mode_MeltingT": 0.05039982135395033,
    "ElementProperty_MagpieData_mean_NsValence": 0.04676472481849889,
    "ElementProperty_MagpieData_maximum_NdValence": 0.04608376725848782,
    "ElementProperty_MagpieData_mode_GSbandgap": 0.04595766145854311,
    "ElementProperty_MagpieData_mean_MendeleevNumber": 0.04499211251585774,
    "ElementProperty_MagpieData_mode_MendeleevNumber": 0.04413268432699163
}