{
    "AGNIFingerPrint_std_dev_AGNI_eta=8_00e-01": 0.8789236066142447,
    "AGNIFingerPrint_mean_AGNI_eta=8_00e-01": 0.7901636350851807,
    "GeneralizedRDF_std_dev_Gaussian_center=0_0_width=1_0": 0.7443548305562349,
    "GeneralizedRDF_mean_Gaussian_center=0_0_width=1_0": 0.5920817739517185,
    "ElementProperty_MagpieData_mean_GSbandgap": 0.45246791603206377,
    "ElementProperty_MagpieData_mean_NpValence": 0.355951578881711,
    "GaussianSymmFunc_std_dev_G2_80_0": 0.3399354656570134,
    "ElementProperty_MagpieData_mode_NsUnfilled": 0.25788111947078146,
    "OPSiteFingerprint_mean_body-centered_cubic_CN_8": 0.16302057691973876,
    "ChemEnvSiteFingerprint_mean_C:8": 0.15950577950191047,
    "ElementFraction_H": 0.14755807563064796,
    "DensityFeatures_packing_fraction": 0.13689200866059967,
    "ValenceOrbital_frac_f_valence_electrons": 0.136493022507219,
    "ElementProperty_MagpieData_mode_MendeleevNumber": 0.13393460365954954,
    "ElementProperty_MagpieData_mean_CovalentRadius": 0.11171480265423932,
    "GaussianSymmFunc_mean_G2_80_0": 0.1071571083042375,
    "CrystalNNFingerprint_mean_wt_CN_1": 0.10009461590518465,
    "ElementProperty_MagpieData_maximum_MendeleevNumber": 0.09735228618138889,
    "ElementProperty_MagpieData_minimum_Electronegativity": 0.08757877629234684,
    "BandCenter_band_center": 0.08277193661755586,
    "MEGNet_OFMEncoded_v1_167": 0.0823537123614417,
    "ElementProperty_MagpieData_range_NdValence": 0.08225068392281865,
    "MaximumPackingEfficiency_max_packing_efficiency": 0.08038117194672877,
    "CrystalNNFingerprint_mean_body-centered_cubic_CN_8": 0.07831548101759597,
    "CrystalNNFingerprint_std_dev_wt_CN_1": 0.068743021870601,
    "ElementProperty_MagpieData_maximum_NdValence": 0.06338177102763613,
    "AGNIFingerPrint_std_dev_AGNI_dir=y_eta=1_23e+00": 0.06143561294760591,
    "ElementProperty_MagpieData_mean_MendeleevNumber": 0.05796169973006921,
    "ElementProperty_MagpieData_range_NsUnfilled": 0.057948766595313575,
    "ElementProperty_MagpieData_avg_dev_MendeleevNumber": 0.05695516458450241
}