{
    "ChemEnvSiteFingerprint_mean_C:8": 3.9365668330428907,
    "MaximumPackingEfficiency_max_packing_efficiency": 1.4634828447552513,
    "CrystalNNFingerprint_mean_body-centered_cubic_CN_8": 1.0157969635827915,
    "XRDPowderPattern_xrd_36": 0.6058500871669328,
    "BondOrientationParameter_mean_BOOP_Q_l=10": 0.5076604815370965,
    "ElementProperty_MagpieData_mean_NpValence": 0.3554447268391803,
    "XRDPowderPattern_xrd_35": 0.3052441022611773,
    "OPSiteFingerprint_mean_body-centered_cubic_CN_8": 0.2812034300586785,
    "ElementProperty_MagpieData_mean_CovalentRadius": 0.26934360490089454,
    "ElementProperty_MagpieData_maximum_Electronegativity": 0.20413955156603397,
    "AGNIFingerPrint_std_dev_AGNI_dir=x_eta=4_43e+00": 0.17727338374346113,
    "ElementProperty_MagpieData_maximum_MendeleevNumber": 0.17568752631771536,
    "CrystalNNFingerprint_mean_wt_CN_8": 0.1706057755241599,
    "ElementProperty_MagpieData_avg_dev_NdValence": 0.12249902187020106,
    "ElementProperty_MagpieData_mean_NfValence": 0.11973601211916693,
    "ElementProperty_MagpieData_maximum_NfUnfilled": 0.11354272926285647,
    "GaussianSymmFunc_mean_G2_80_0": 0.09910950258646462,
    "GaussianSymmFunc_mean_G2_20_0": 0.08962946315270164,
    "ElementProperty_MagpieData_avg_dev_CovalentRadius": 0.08089831882196573,
    "ElementProperty_MagpieData_maximum_NfValence": 0.07285590219317047,
    "AGNIFingerPrint_std_dev_AGNI_eta=8_00e-01": 0.06982276074858655,
    "ElementProperty_MagpieData_mode_GSvolume_pa": 0.06521166038873745,
    "ElementProperty_MagpieData_avg_dev_Row": 0.06493404297495947,
    "MEGNet_OFMEncoded_v1_166": 0.06447667987355253,
    "AverageBondAngle_mean_Average_bond_angle": 0.06414456909155122,
    "ValenceOrbital_frac_p_valence_electrons": 0.06369873429350967,
    "SineCoulombMatrix_sine_coulomb_matrix_eig_3": 0.06314627931329941,
    "VoronoiFingerprint_std_dev_Voro_dist_minimum": 0.061797364680096036,
    "YangSolidSolution_Yang_delta": 0.06152476390155804,
    "ElementProperty_MagpieData_mean_MendeleevNumber": 0.061258391942091234
}