{
    "ChemEnvSiteFingerprint_mean_C:8": 0.9357156042564373,
    "OPSiteFingerprint_mean_body-centered_cubic_CN_8": 0.3877474575466185,
    "ElementProperty_MagpieData_avg_dev_Column": 0.1737518858350086,
    "CrystalNNFingerprint_mean_body-centered_cubic_CN_8": 0.1599855727173303,
    "MaximumPackingEfficiency_max_packing_efficiency": 0.1364774249260966,
    "CrystalNNFingerprint_mean_wt_CN_8": 0.13317360933252367,
    "AverageBondAngle_mean_Average_bond_angle": 0.128030144002539,
    "ElementProperty_MagpieData_mean_CovalentRadius": 0.0804046453095439,
    "AGNIFingerPrint_std_dev_AGNI_dir=x_eta=1_88e+00": 0.07521519167236854,
    "DensityFeatures_packing_fraction": 0.06899760984878302,
    "ElementProperty_MagpieData_range_Column": 0.06146486589862117,
    "ElementProperty_MagpieData_maximum_NfValence": 0.055464929051034485,
    "XRDPowderPattern_xrd_35": 0.055348526619731477,
    "StructuralHeterogeneity_min_relative_bond_length": 0.05051887115489587,
    "CrystalNNFingerprint_mean_wt_CN_14": 0.048255682269268525,
    "ElementProperty_MagpieData_minimum_CovalentRadius": 0.04464604400781275,
    "ElementProperty_MagpieData_maximum_NdUnfilled": 0.043764869602859004,
    "ElementProperty_MagpieData_mode_CovalentRadius": 0.043280843320275465,
    "GeneralizedRDF_mean_Gaussian_center=0_0_width=1_0": 0.04240735186662464,
    "BondOrientationParameter_mean_BOOP_Q_l=10": 0.0423895633897952,
    "ElementProperty_MagpieData_mean_Number": 0.0400355026079518,
    "OPSiteFingerprint_mean_sgl_bd_CN_1": 0.0366171608237285,
    "ElementProperty_MagpieData_mean_GSvolume_pa": 0.03561315859858326,
    "GaussianSymmFunc_std_dev_G2_80_0": 0.03162614736721543,
    "ElementProperty_MagpieData_mode_Number": 0.03112662256686286,
    "OPSiteFingerprint_mean_trigonal_pyramidal_CN_4": 0.03058828414450865,
    "ElementProperty_MagpieData_mode_SpaceGroupNumber": 0.030318945743358677,
    "CrystalNNFingerprint_mean_octahedral_CN_6": 0.028598559974884794,
    "AGNIFingerPrint_std_dev_AGNI_eta=1_23e+00": 0.028517315141256494,
    "BondOrientationParameter_mean_BOOP_Q_l=5": 0.027829906592333843
}