{
    "OPSiteFingerprint_mean_body-centered_cubic_CN_8": 0.6586948499086227,
    "ChemEnvSiteFingerprint_mean_C:8": 0.6089324417507723,
    "ElementProperty_MagpieData_mean_CovalentRadius": 0.28352001541116073,
    "MaximumPackingEfficiency_max_packing_efficiency": 0.27499504224777427,
    "ElementProperty_MagpieData_mean_NdUnfilled": 0.26470878352310473,
    "CrystalNNFingerprint_mean_body-centered_cubic_CN_8": 0.179980832121183,
    "ElementProperty_MagpieData_maximum_NdUnfilled": 0.16350489167468787,
    "ElementProperty_MagpieData_mode_Number": 0.11374385704138167,
    "BondOrientationParameter_mean_BOOP_Q_l=10": 0.11137356766541771,
    "CrystalNNFingerprint_mean_wt_CN_8": 0.09920971955135408,
    "ValenceOrbital_frac_d_valence_electrons": 0.09319854386649185,
    "ElementProperty_MagpieData_range_AtomicWeight": 0.08423920852388038,
    "ElementProperty_MagpieData_mode_CovalentRadius": 0.07029850105848076,
    "ElementProperty_MagpieData_maximum_NdValence": 0.06769617864367634,
    "MEGNet_OFMEncoded_v1_86": 0.06673618882627844,
    "ElementProperty_MagpieData_mean_Row": 0.0645788430395672,
    "ElementFraction_O": 0.06337367018019403,
    "ElementProperty_MagpieData_range_NfValence": 0.058678270565241504,
    "CrystalNNFingerprint_mean_octahedral_CN_6": 0.05649054479257638,
    "ElementProperty_MagpieData_mode_Electronegativity": 0.055882187579555966,
    "OPSiteFingerprint_mean_sgl_bd_CN_1": 0.05582537313043088,
    "TMetalFraction_transition_metal_fraction": 0.055330751791531976,
    "ElementProperty_MagpieData_avg_dev_NfValence": 0.0497759030506648,
    "ElementProperty_MagpieData_maximum_NsUnfilled": 0.04825418796888625,
    "ElementProperty_MagpieData_maximum_NValence": 0.04585524951211176,
    "ElementProperty_MagpieData_avg_dev_GSmagmom": 0.04317652814296343,
    "ElementProperty_MagpieData_minimum_Number": 0.043027194194886674,
    "ElementProperty_MagpieData_range_Number": 0.04254717132097613,
    "ElementProperty_MagpieData_maximum_GSbandgap": 0.03932415634404184,
    "ElementProperty_MagpieData_range_MeltingT": 0.039049603011700254
}