{
    "GaussianSymmFunc_mean_G2_80_0": 0.3040416765573988,
    "GaussianSymmFunc_std_dev_G2_80_0": 0.24552267073039005,
    "ElementProperty_MagpieData_mode_GSvolume_pa": 0.11707271967912045,
    "ElementProperty_MagpieData_mean_NsUnfilled": 0.10668789464718549,
    "ElementProperty_MagpieData_avg_dev_MendeleevNumber": 0.1047827275536171,
    "AGNIFingerPrint_mean_AGNI_eta=8_00e-01": 0.09973726213482852,
    "AGNIFingerPrint_std_dev_AGNI_eta=8_00e-01": 0.09664627116852484,
    "ElementProperty_MagpieData_minimum_GSvolume_pa": 0.09062938790414636,
    "ElementProperty_MagpieData_mean_NdUnfilled": 0.09012567138514736,
    "ElementProperty_MagpieData_maximum_NdUnfilled": 0.08779060314417658,
    "ElementFraction_S": 0.08656668770804027,
    "ElementProperty_MagpieData_maximum_NpUnfilled": 0.07805310520054688,
    "ElementProperty_MagpieData_maximum_NUnfilled": 0.046736735854226774,
    "ElementProperty_MagpieData_mode_GSbandgap": 0.04561166184752998,
    "ElementProperty_MagpieData_mean_NsValence": 0.045362185503923395,
    "ElementProperty_MagpieData_avg_dev_NdValence": 0.04522336804389301,
    "ElementProperty_MagpieData_minimum_NdValence": 0.03985673636066782,
    "AverageBondLength_std_dev_Average_bond_length": 0.03834859977091389,
    "ElementProperty_MagpieData_range_CovalentRadius": 0.03804244726367073,
    "XRDPowderPattern_xrd_64": 0.03710210121087808,
    "ElementFraction_H": 0.03614972117484921,
    "ElementProperty_MagpieData_mean_GSbandgap": 0.03402155184566471,
    "ElementProperty_MagpieData_mean_CovalentRadius": 0.03138388655157339,
    "ElementProperty_MagpieData_maximum_NdValence": 0.03071018420417723,
    "MEGNet_OFMEncoded_v1_122": 0.029233061712114233,
    "DensityFeatures_packing_fraction": 0.029175786008089788,
    "ElementProperty_MagpieData_mean_NpValence": 0.028602696558351612,
    "ElementProperty_MagpieData_mode_NsValence": 0.027358943232710403,
    "MaximumPackingEfficiency_max_packing_efficiency": 0.027328035839308158,
    "ElementProperty_MagpieData_range_GSmagmom": 0.026803008988154332
}