{
    "ChemEnvSiteFingerprint_mean_C:8": 3.1316628449410935,
    "XRDPowderPattern_xrd_36": 0.912441283073177,
    "MaximumPackingEfficiency_max_packing_efficiency": 0.7656528374392642,
    "CrystalNNFingerprint_mean_body-centered_cubic_CN_8": 0.6960355451099087,
    "BondOrientationParameter_mean_BOOP_Q_l=10": 0.33548675951542395,
    "ElementProperty_MagpieData_maximum_Electronegativity": 0.22717377484997722,
    "ElementProperty_MagpieData_mean_CovalentRadius": 0.19744617581241178,
    "ElementProperty_MagpieData_mean_NpValence": 0.18755216108193545,
    "OPSiteFingerprint_mean_body-centered_cubic_CN_8": 0.17163465563777824,
    "ElementProperty_MagpieData_maximum_NfUnfilled": 0.15640104607416327,
    "ElementProperty_MagpieData_maximum_MendeleevNumber": 0.1432774232165932,
    "ElementProperty_MagpieData_avg_dev_NdValence": 0.14160593545541192,
    "CrystalNNFingerprint_mean_wt_CN_8": 0.11787314794057836,
    "BondOrientationParameter_mean_BOOP_Q_l=6": 0.1081322608036143,
    "XRDPowderPattern_xrd_35": 0.10681430238686103,
    "MEGNet_OFMEncoded_v1_166": 0.09710978034720631,
    "ElementProperty_MagpieData_maximum_NfValence": 0.09246508491609637,
    "ElementProperty_MagpieData_maximum_NdUnfilled": 0.09226103763826873,
    "ElementProperty_MagpieData_avg_dev_CovalentRadius": 0.08730750446916856,
    "XRDPowderPattern_xrd_34": 0.08505385842405626,
    "ValenceOrbital_frac_p_valence_electrons": 0.08407690866136444,
    "GeneralizedRDF_mean_Gaussian_center=5_0_width=1_0": 0.08029993658195214,
    "GaussianSymmFunc_mean_G2_80_0": 0.07787868060357583,
    "ElementProperty_MagpieData_mean_Number": 0.07720676758282327,
    "GaussianSymmFunc_mean_G2_20_0": 0.07411894951143916,
    "ElementProperty_MagpieData_minimum_Number": 0.07364125641518235,
    "MEGNet_OFMEncoded_v1_118": 0.07138755402749879,
    "ElementProperty_MagpieData_mean_NfValence": 0.0693997073137065,
    "GaussianSymmFunc_mean_G4_0_005_1_0_-1_0": 0.06665893064496406,
    "CrystalNNFingerprint_mean_trigonal_pyramidal_CN_4": 0.06269324293744848
}