{
    "ChemEnvSiteFingerprint_mean_C:8": 0.7699594340342165,
    "OPSiteFingerprint_mean_body-centered_cubic_CN_8": 0.7094019171895205,
    "MaximumPackingEfficiency_max_packing_efficiency": 0.3993175094048902,
    "ElementProperty_MagpieData_mean_CovalentRadius": 0.344723407780344,
    "CrystalNNFingerprint_mean_body-centered_cubic_CN_8": 0.16392138960457048,
    "ElementProperty_MagpieData_avg_dev_NdValence": 0.15687050615392803,
    "ElementProperty_MagpieData_range_MendeleevNumber": 0.15465774250614636,
    "ElementProperty_MagpieData_minimum_MendeleevNumber": 0.13929620091307815,
    "BondOrientationParameter_mean_BOOP_Q_l=10": 0.13721487564539586,
    "AverageBondAngle_mean_Average_bond_angle": 0.11142082926802638,
    "ElementProperty_MagpieData_range_Electronegativity": 0.10141691118458009,
    "ElementProperty_MagpieData_range_AtomicWeight": 0.08264480230401093,
    "ElementProperty_MagpieData_maximum_NsUnfilled": 0.08063281298322289,
    "ElementProperty_MagpieData_maximum_NdValence": 0.07369551298057567,
    "StructuralHeterogeneity_min_relative_bond_length": 0.07026451366499901,
    "GaussianSymmFunc_mean_G2_80_0": 0.07000073566598712,
    "XRDPowderPattern_xrd_35": 0.05947893428099092,
    "OPSiteFingerprint_mean_sgl_bd_CN_1": 0.05760442705640247,
    "ElementProperty_MagpieData_mean_GSmagmom": 0.05758668203270095,
    "ElementProperty_MagpieData_avg_dev_NsUnfilled": 0.057555657722733876,
    "BondOrientationParameter_mean_BOOP_Q_l=7": 0.056797883366194374,
    "ElementProperty_MagpieData_maximum_MendeleevNumber": 0.05562745563837925,
    "ElementProperty_MagpieData_maximum_GSvolume_pa": 0.05490755261488572,
    "ElementProperty_MagpieData_mean_Row": 0.0525538012382139,
    "CrystalNNFingerprint_std_dev_bent_150_degrees_CN_2": 0.0515706756172367,
    "CrystalNNFingerprint_mean_wt_CN_8": 0.04811719806006016,
    "ElementProperty_MagpieData_mean_GSbandgap": 0.046640483816418894,
    "ElementProperty_MagpieData_avg_dev_AtomicWeight": 0.04603262883464867,
    "OPSiteFingerprint_mean_bent_120_degrees_CN_2": 0.04378161669631763,
    "MEGNet_OFMEncoded_v1_23": 0.04282139996976948
}