{
    "ChemEnvSiteFingerprint_mean_C:8": 2.791573751593349,
    "XRDPowderPattern_xrd_36": 0.7650993697859884,
    "CrystalNNFingerprint_mean_body-centered_cubic_CN_8": 0.7521198747754908,
    "MaximumPackingEfficiency_max_packing_efficiency": 0.579712434695645,
    "BondOrientationParameter_mean_BOOP_Q_l=10": 0.2336374887573988,
    "BondOrientationParameter_mean_BOOP_Q_l=6": 0.15858748161665773,
    "OPSiteFingerprint_mean_body-centered_cubic_CN_8": 0.15068736760540663,
    "ElementProperty_MagpieData_maximum_Electronegativity": 0.13098713689076796,
    "XRDPowderPattern_xrd_35": 0.11971582371508742,
    "ElementProperty_MagpieData_mean_CovalentRadius": 0.1078800245945471,
    "CrystalNNFingerprint_mean_wt_CN_14": 0.10339330499892543,
    "ElementProperty_MagpieData_maximum_MendeleevNumber": 0.10005958601002687,
    "ElementProperty_MagpieData_mean_NpValence": 0.09888424069000537,
    "XRDPowderPattern_xrd_34": 0.09546040043238245,
    "ElementProperty_MagpieData_avg_dev_NdValence": 0.0950956205981274,
    "StructuralHeterogeneity_minimum_neighbor_distance_variation": 0.08952911433537476,
    "ElementProperty_MagpieData_maximum_NfValence": 0.08568053221817745,
    "GeneralizedRDF_mean_Gaussian_center=5_0_width=1_0": 0.07603072807337088,
    "GaussianSymmFunc_mean_G2_80_0": 0.07529705033792007,
    "ElementProperty_MagpieData_mean_NfValence": 0.07441019262539211,
    "AGNIFingerPrint_mean_AGNI_eta=6_80e+00": 0.06963723842799861,
    "ElementProperty_MagpieData_maximum_NfUnfilled": 0.06590397085700014,
    "ElementProperty_MagpieData_avg_dev_CovalentRadius": 0.06151708671894406,
    "SineCoulombMatrix_sine_coulomb_matrix_eig_3": 0.058053432523496734,
    "ValenceOrbital_frac_p_valence_electrons": 0.052895710503820616,
    "XRDPowderPattern_xrd_33": 0.052493031540603044,
    "VoronoiFingerprint_mean_Voro_vol_minimum": 0.05176692185592495,
    "ElementProperty_MagpieData_mode_Number": 0.04946233460349194,
    "ElementProperty_MagpieData_maximum_Number": 0.049425913945705925,
    "VoronoiFingerprint_mean_Voro_dist_std_dev": 0.04898815663846964
}