{
    "ChemEnvSiteFingerprint_mean_C:8": 0.8213548956679149,
    "OPSiteFingerprint_mean_body-centered_cubic_CN_8": 0.6009221692254352,
    "ElementProperty_MagpieData_mean_CovalentRadius": 0.24427687512024204,
    "CrystalNNFingerprint_mean_body-centered_cubic_CN_8": 0.22646645582981717,
    "ElementProperty_MagpieData_maximum_Number": 0.20203556272031703,
    "AverageBondAngle_mean_Average_bond_angle": 0.18765814868700165,
    "MaximumPackingEfficiency_max_packing_efficiency": 0.1413148010371608,
    "CrystalNNFingerprint_mean_wt_CN_8": 0.10184329594419331,
    "ElementProperty_MagpieData_range_CovalentRadius": 0.10147147697635779,
    "ElementProperty_MagpieData_avg_dev_CovalentRadius": 0.08998670615513074,
    "IonProperty_max_ionic_char": 0.08395174142053916,
    "BondOrientationParameter_mean_BOOP_Q_l=4": 0.08048230273700085,
    "BondOrientationParameter_mean_BOOP_Q_l=10": 0.06554206868718185,
    "AGNIFingerPrint_std_dev_AGNI_eta=1_23e+00": 0.06165635865574554,
    "ElementProperty_MagpieData_maximum_GSvolume_pa": 0.06022074363855554,
    "ElementProperty_MagpieData_avg_dev_GSbandgap": 0.05963158057630487,
    "IonProperty_avg_ionic_char": 0.058137359749442015,
    "GeneralizedRDF_std_dev_Gaussian_center=3_0_width=1_0": 0.0577555880737608,
    "MEGNet_OFMEncoded_v1_27": 0.05594675401055243,
    "AGNIFingerPrint_std_dev_AGNI_dir=y_eta=4_43e+00": 0.05268673445639194,
    "ElementProperty_MagpieData_range_NdUnfilled": 0.04831677722281063,
    "ElementProperty_MagpieData_avg_dev_Column": 0.04513268684989204,
    "ElementProperty_MagpieData_range_GSvolume_pa": 0.0412693050087248,
    "ElementProperty_MagpieData_avg_dev_NdUnfilled": 0.040039293297079843,
    "CrystalNNFingerprint_mean_wt_CN_14": 0.038971967158018574,
    "ElementProperty_MagpieData_mean_AtomicWeight": 0.03573763892154703,
    "GaussianSymmFunc_std_dev_G2_20_0": 0.035524435880693844,
    "OPSiteFingerprint_std_dev_octahedral_CN_6": 0.0350799862868774,
    "Stoichiometry_2-norm": 0.034142872414746596,
    "GeneralizedRDF_mean_Gaussian_center=2_0_width=1_0": 0.03404365589044235
}