{
    "ChemEnvSiteFingerprint_mean_C:8": 0.6664191706372442,
    "OPSiteFingerprint_mean_body-centered_cubic_CN_8": 0.347691706327146,
    "ElementProperty_MagpieData_mean_CovalentRadius": 0.26908808618676416,
    "CrystalNNFingerprint_mean_body-centered_cubic_CN_8": 0.25821974637363715,
    "AverageBondAngle_mean_Average_bond_angle": 0.16653754112641755,
    "AGNIFingerPrint_std_dev_AGNI_dir=x_eta=4_43e+00": 0.14910323135194184,
    "ElementProperty_MagpieData_maximum_Number": 0.07232835779688926,
    "AverageBondLength_std_dev_Average_bond_length": 0.057469991216659175,
    "CrystalNNFingerprint_mean_wt_CN_8": 0.04317306221617177,
    "ElementProperty_MagpieData_maximum_CovalentRadius": 0.039468567602203616,
    "ElementProperty_MagpieData_mean_NpUnfilled": 0.0369032465535234,
    "ElementProperty_MagpieData_mode_CovalentRadius": 0.03598987112074091,
    "BondOrientationParameter_mean_BOOP_Q_l=3": 0.03434589656109524,
    "ElementProperty_MagpieData_avg_dev_NpValence": 0.03281422211185041,
    "ElementProperty_MagpieData_minimum_MendeleevNumber": 0.032206507809438664,
    "ElementProperty_MagpieData_maximum_Electronegativity": 0.03178711986446921,
    "ElementProperty_MagpieData_avg_dev_Column": 0.02993076227913923,
    "ChemicalOrdering_mean_ordering_parameter_shell_2": 0.0294688865539931,
    "GeneralizedRDF_std_dev_Gaussian_center=3_0_width=1_0": 0.02762203969845005,
    "ElementProperty_MagpieData_mode_GSvolume_pa": 0.02749030218338472,
    "ElementFraction_P": 0.02550600590262041,
    "AtomicOrbitals_LUMO_energy": 0.025161713279269263,
    "VoronoiFingerprint_mean_Voro_vol_std_dev": 0.024408178625011597,
    "LocalPropertyDifference_mean_local_difference_in_Electronegativity": 0.023890600098769914,
    "ElectronegativityDiff_minimum_EN_difference": 0.02387995203302413,
    "ElementProperty_MagpieData_mean_NdUnfilled": 0.023804036259021714,
    "ElementProperty_MagpieData_maximum_GSbandgap": 0.023611015724858027,
    "CrystalNNFingerprint_std_dev_see-saw-like_CN_4": 0.023582889570296153,
    "StructuralHeterogeneity_minimum_neighbor_distance_variation": 0.023538589395776677,
    "AGNIFingerPrint_std_dev_AGNI_dir=z_eta=1_23e+00": 0.02237604439082841
}