{
    "ChemEnvSiteFingerprint_mean_C:8": 3.389721543805482,
    "CrystalNNFingerprint_mean_body-centered_cubic_CN_8": 0.9837379962021554,
    "XRDPowderPattern_xrd_36": 0.9335539920182896,
    "MaximumPackingEfficiency_max_packing_efficiency": 0.8425687682400566,
    "BondOrientationParameter_mean_BOOP_Q_l=10": 0.36956544926631063,
    "ElementProperty_MagpieData_mean_NpValence": 0.29696384663496034,
    "ElementProperty_MagpieData_mean_CovalentRadius": 0.19118625861915425,
    "ElementProperty_MagpieData_avg_dev_NdValence": 0.16665401295868051,
    "OPSiteFingerprint_mean_body-centered_cubic_CN_8": 0.13735587004210506,
    "ElementProperty_MagpieData_avg_dev_CovalentRadius": 0.11694022929774356,
    "XRDPowderPattern_xrd_34": 0.11230009730469755,
    "ElementProperty_MagpieData_maximum_NfUnfilled": 0.1077116921682363,
    "CrystalNNFingerprint_mean_wt_CN_14": 0.10716966570303423,
    "ElementProperty_MagpieData_maximum_NfValence": 0.10141502872568228,
    "XRDPowderPattern_xrd_35": 0.09598955194328887,
    "ValenceOrbital_frac_p_valence_electrons": 0.09306284332176391,
    "ElementProperty_MagpieData_mean_Number": 0.09173992842688852,
    "CrystalNNFingerprint_mean_wt_CN_8": 0.08845043882993979,
    "ElementProperty_MagpieData_maximum_NdUnfilled": 0.08672575461017742,
    "ElementProperty_MagpieData_maximum_Electronegativity": 0.0837285536030338,
    "GaussianSymmFunc_mean_G2_20_0": 0.08067429434516572,
    "ElementProperty_MagpieData_maximum_MendeleevNumber": 0.07946905926850216,
    "GeneralizedRDF_mean_Gaussian_center=5_0_width=1_0": 0.07454656988085953,
    "SineCoulombMatrix_sine_coulomb_matrix_eig_3": 0.07407474072966479,
    "AGNIFingerPrint_std_dev_AGNI_eta=8_00e-01": 0.0723742534582851,
    "MEGNet_OFMEncoded_v1_102": 0.07002939573684534,
    "ElementProperty_MagpieData_maximum_Number": 0.06987727110761836,
    "XRDPowderPattern_xrd_33": 0.0642335294486569,
    "ElementProperty_MagpieData_avg_dev_Electronegativity": 0.06206896717165227,
    "ElementProperty_MagpieData_avg_dev_NsUnfilled": 0.061469914123203524
}