{
    "GaussianSymmFunc_mean_G2_80_0": 0.2661582809377966,
    "AGNIFingerPrint_std_dev_AGNI_eta=8_00e-01": 0.263309068588334,
    "ElementProperty_MagpieData_maximum_NfUnfilled": 0.21329519690511137,
    "ElementProperty_MagpieData_mean_NsUnfilled": 0.18961339324667115,
    "ElementProperty_MagpieData_maximum_NfValence": 0.1654627288537999,
    "GaussianSymmFunc_std_dev_G2_80_0": 0.15904573430840513,
    "AGNIFingerPrint_mean_AGNI_eta=8_00e-01": 0.1554759569425973,
    "ElementProperty_MagpieData_range_NdValence": 0.1509697495970672,
    "ElementProperty_MagpieData_avg_dev_NdValence": 0.13529298140318682,
    "ElementProperty_MagpieData_maximum_MeltingT": 0.13330300326152708,
    "ElementProperty_MagpieData_mean_GSbandgap": 0.1018409139773719,
    "ElementProperty_MagpieData_avg_dev_NfUnfilled": 0.0821666518422058,
    "ElementProperty_MagpieData_maximum_NdUnfilled": 0.07821750355903105,
    "ElementProperty_MagpieData_minimum_Number": 0.07390603286568302,
    "ElementProperty_MagpieData_mean_NdUnfilled": 0.07293230556946748,
    "ElementProperty_MagpieData_maximum_MendeleevNumber": 0.07114121417943645,
    "ElementProperty_MagpieData_mode_NValence": 0.07042803217996012,
    "MEGNet_OFMEncoded_v1_132": 0.0650267107844174,
    "ElementProperty_MagpieData_mean_NfValence": 0.05891106877265841,
    "ElementProperty_MagpieData_mean_NValence": 0.052797172398406346,
    "AGNIFingerPrint_std_dev_AGNI_dir=z_eta=8_00e-01": 0.052463182723241526,
    "ElementProperty_MagpieData_mode_GSbandgap": 0.048712576069434105,
    "MEGNet_OFMEncoded_v1_27": 0.04772524456785215,
    "ElementProperty_MagpieData_avg_dev_NdUnfilled": 0.043771742275586986,
    "ValenceOrbital_frac_d_valence_electrons": 0.041618115876913137,
    "ElementProperty_MagpieData_minimum_SpaceGroupNumber": 0.040666665932034995,
    "AverageBondLength_std_dev_Average_bond_length": 0.03949441463566754,
    "MEGNet_OFMEncoded_v1_107": 0.0391633413677588,
    "ElementFraction_H": 0.03880620447069667,
    "ElementProperty_MagpieData_minimum_NValence": 0.038438451621405585
}