{
    "GaussianSymmFunc_mean_G2_80_0": 0.2645135906407984,
    "GaussianSymmFunc_std_dev_G2_80_0": 0.1778430330449761,
    "ElementProperty_MagpieData_minimum_Electronegativity": 0.15631999200081687,
    "AGNIFingerPrint_std_dev_AGNI_eta=8_00e-01": 0.1434527811948823,
    "ElementProperty_MagpieData_mean_GSbandgap": 0.08484557638338806,
    "AGNIFingerPrint_mean_AGNI_eta=8_00e-01": 0.08376507992455054,
    "ElementProperty_MagpieData_avg_dev_NsValence": 0.07135064373635287,
    "ElementFraction_O": 0.06293363233683642,
    "MEGNet_OFMEncoded_v1_123": 0.05727317277633378,
    "ElementProperty_MagpieData_mode_GSbandgap": 0.055220930550881654,
    "OPSiteFingerprint_mean_cuboctahedral_CN_12": 0.05476735193129838,
    "ElementProperty_MagpieData_mean_NsUnfilled": 0.054728448708680794,
    "ElementProperty_MagpieData_mean_NsValence": 0.05302239327424389,
    "AGNIFingerPrint_mean_AGNI_eta=1_88e+00": 0.047429950302563036,
    "ElementProperty_MagpieData_minimum_GSvolume_pa": 0.04513851918251117,
    "MEGNet_OFMEncoded_v1_7": 0.04308035853419617,
    "TMetalFraction_transition_metal_fraction": 0.03903327358199727,
    "BondOrientationParameter_std_dev_BOOP_Q_l=4": 0.03883026556100124,
    "ElementFraction_Fe": 0.03494280884545947,
    "ElementProperty_MagpieData_minimum_Number": 0.03431381156181321,
    "ElementProperty_MagpieData_minimum_MendeleevNumber": 0.03419101999298165,
    "ElementFraction_H": 0.0326387616396507,
    "ElementProperty_MagpieData_minimum_NValence": 0.0314114508034097,
    "CrystalNNFingerprint_std_dev_wt_CN_6": 0.03136539931788691,
    "GeneralizedRDF_mean_Gaussian_center=2_0_width=1_0": 0.030384846099191846,
    "ElementProperty_MagpieData_avg_dev_GSbandgap": 0.029889139931794848,
    "GeneralizedRDF_mean_Gaussian_center=1_0_width=1_0": 0.029206667785592215,
    "ElementProperty_MagpieData_avg_dev_NfUnfilled": 0.027926970427133355,
    "DensityFeatures_packing_fraction": 0.027905674511751296,
    "ElementProperty_MagpieData_mean_NfValence": 0.02786060519595017
}