{
    "ChemEnvSiteFingerprint_mean_C:8": 3.0831342959638093,
    "MaximumPackingEfficiency_max_packing_efficiency": 1.049893192578791,
    "XRDPowderPattern_xrd_36": 0.5912715968104925,
    "CrystalNNFingerprint_mean_body-centered_cubic_CN_8": 0.5492209239189428,
    "BondOrientationParameter_mean_BOOP_Q_l=10": 0.4189484065399934,
    "ElementProperty_MagpieData_mean_NpValence": 0.329429994114699,
    "ElementProperty_MagpieData_mean_CovalentRadius": 0.3094058605967885,
    "XRDPowderPattern_xrd_35": 0.22154611812367989,
    "OPSiteFingerprint_mean_body-centered_cubic_CN_8": 0.21307517715704014,
    "ElementProperty_MagpieData_maximum_Electronegativity": 0.1369952662996636,
    "CrystalNNFingerprint_mean_wt_CN_8": 0.1356086517107439,
    "ElementProperty_MagpieData_maximum_NfUnfilled": 0.1251912403346653,
    "CrystalNNFingerprint_mean_wt_CN_14": 0.11889866600588865,
    "ElementProperty_MagpieData_avg_dev_CovalentRadius": 0.09855534028405837,
    "ValenceOrbital_frac_p_valence_electrons": 0.08762967956591879,
    "GeneralizedRDF_mean_Gaussian_center=5_0_width=1_0": 0.08324258669587847,
    "ElementProperty_MagpieData_avg_dev_Row": 0.08266701273400914,
    "GaussianSymmFunc_mean_G2_20_0": 0.08139808725820835,
    "ElementProperty_MagpieData_maximum_NdUnfilled": 0.08088208650917635,
    "ElementProperty_MagpieData_avg_dev_NdValence": 0.07754280934579504,
    "BondOrientationParameter_mean_BOOP_Q_l=6": 0.06939054358116624,
    "XRDPowderPattern_xrd_34": 0.06788141550497624,
    "ElementProperty_MagpieData_mode_GSvolume_pa": 0.06693844314431388,
    "ElementProperty_MagpieData_avg_dev_Electronegativity": 0.06428341282551454,
    "ElementProperty_MagpieData_avg_dev_Number": 0.06393284785966756,
    "GaussianSymmFunc_std_dev_G2_80_0": 0.061002930143841,
    "GaussianSymmFunc_mean_G2_80_0": 0.05854217350430568,
    "SineCoulombMatrix_sine_coulomb_matrix_eig_3": 0.057322857461902306,
    "ElementProperty_MagpieData_maximum_NfValence": 0.05689601763434356,
    "ElementProperty_MagpieData_mean_NfValence": 0.054317810802037354
}