{
    "ChemEnvSiteFingerprint_mean_C:8": 3.299680212261654,
    "XRDPowderPattern_xrd_36": 0.8794244237976654,
    "CrystalNNFingerprint_mean_body-centered_cubic_CN_8": 0.7528204400735494,
    "OPSiteFingerprint_mean_body-centered_cubic_CN_8": 0.33301784268210666,
    "MaximumPackingEfficiency_max_packing_efficiency": 0.3175177576046111,
    "BondOrientationParameter_mean_BOOP_Q_l=6": 0.24273080450881748,
    "ElementProperty_MagpieData_mean_NpValence": 0.23054950541108216,
    "BondOrientationParameter_mean_BOOP_Q_l=10": 0.1384611224103037,
    "XRDPowderPattern_xrd_35": 0.13731192850575502,
    "ElementProperty_MagpieData_mean_CovalentRadius": 0.13362714634797665,
    "GeneralizedRDF_mean_Gaussian_center=5_0_width=1_0": 0.13264562861063411,
    "ElementProperty_MagpieData_avg_dev_NdValence": 0.13145767013312337,
    "AGNIFingerPrint_mean_AGNI_eta=1_23e+00": 0.11985532418250365,
    "CrystalNNFingerprint_mean_wt_CN_8": 0.11477482658587773,
    "CrystalNNFingerprint_mean_wt_CN_14": 0.1134308979273071,
    "AverageBondAngle_mean_Average_bond_angle": 0.11061725069341778,
    "ValenceOrbital_frac_p_valence_electrons": 0.10425722422867671,
    "ElementProperty_MagpieData_maximum_Electronegativity": 0.1038756782115298,
    "ElementProperty_MagpieData_maximum_NfValence": 0.09470050846812761,
    "XRDPowderPattern_xrd_34": 0.08862377245706606,
    "ElementProperty_MagpieData_maximum_MendeleevNumber": 0.08070040356163878,
    "ElementProperty_MagpieData_avg_dev_Electronegativity": 0.07828295853775435,
    "GaussianSymmFunc_mean_G2_80_0": 0.07377796146800011,
    "GaussianSymmFunc_std_dev_G2_80_0": 0.06880899994748445,
    "ElementProperty_MagpieData_avg_dev_CovalentRadius": 0.06609945764186341,
    "ElementProperty_MagpieData_minimum_CovalentRadius": 0.06544676784401364,
    "ElementProperty_MagpieData_mean_NfValence": 0.05934220473317081,
    "SineCoulombMatrix_sine_coulomb_matrix_eig_3": 0.056355958262482575,
    "XRDPowderPattern_xrd_33": 0.055333508487284626,
    "ElementProperty_MagpieData_mode_Electronegativity": 0.05482334110969341
}