{
    "GaussianSymmFunc_mean_G2_80_0": 0.35257580584422615,
    "GaussianSymmFunc_std_dev_G2_80_0": 0.17476714931049817,
    "AGNIFingerPrint_std_dev_AGNI_eta=8_00e-01": 0.1730343607643662,
    "GeneralizedRDF_std_dev_Gaussian_center=0_0_width=1_0": 0.13390721933484878,
    "CrystalNNFingerprint_mean_pentagonal_pyramidal_CN_6": 0.10548031664226795,
    "ElementProperty_MagpieData_minimum_CovalentRadius": 0.08867532710765065,
    "ElementProperty_MagpieData_maximum_NdValence": 0.074988115008733,
    "ElementProperty_MagpieData_avg_dev_Row": 0.07217764942640224,
    "MEGNet_OFMEncoded_v1_60": 0.06867470192672216,
    "MaximumPackingEfficiency_max_packing_efficiency": 0.06254464813955027,
    "YangSolidSolution_Yang_omega": 0.059468793220593466,
    "ElementProperty_MagpieData_avg_dev_NpValence": 0.05606869480832356,
    "ElementProperty_MagpieData_mean_NsUnfilled": 0.05552639726301995,
    "AGNIFingerPrint_std_dev_AGNI_dir=x_eta=8_00e-01": 0.05411762676312685,
    "ElementFraction_H": 0.04606739275647238,
    "AverageBondLength_std_dev_Average_bond_length": 0.04208468816006089,
    "MEGNet_OFMEncoded_v1_27": 0.04045475088782257,
    "CrystalNNFingerprint_std_dev_hexagonal_planar_CN_6": 0.04033343271928122,
    "ElementProperty_MagpieData_mean_GSbandgap": 0.03992287271534607,
    "OPSiteFingerprint_mean_sgl_bd_CN_1": 0.037656578095474215,
    "ElementProperty_MagpieData_mode_GSbandgap": 0.03686136784732491,
    "ElementProperty_MagpieData_avg_dev_MeltingT": 0.0340375548473925,
    "AGNIFingerPrint_mean_AGNI_eta=8_00e-01": 0.030816468954986916,
    "OPSiteFingerprint_std_dev_sgl_bd_CN_1": 0.030322756151641688,
    "ValenceOrbital_frac_f_valence_electrons": 0.028678675639500148,
    "ElementProperty_MagpieData_minimum_MendeleevNumber": 0.0280017025914562,
    "ElementProperty_MagpieData_maximum_NpUnfilled": 0.027684811427424964,
    "ElementProperty_MagpieData_avg_dev_GSbandgap": 0.025556374299446714,
    "ElementProperty_MagpieData_mean_GSmagmom": 0.023635071360457227,
    "DensityFeatures_density": 0.023191713007707795
}