{
    "MaximumPackingEfficiency_max_packing_efficiency": 1.6632013455290509,
    "ElementProperty_MagpieData_mean_CovalentRadius": 0.2584508544470713,
    "ChemEnvSiteFingerprint_mean_C:8": 0.20090023192776868,
    "AverageBondLength_std_dev_Average_bond_length": 0.08723779107314103,
    "OPSiteFingerprint_mean_body-centered_cubic_CN_8": 0.08253249119391266,
    "BondOrientationParameter_mean_BOOP_Q_l=2": 0.07808523307881975,
    "ElementProperty_MagpieData_mean_NpUnfilled": 0.07780735624489098,
    "ElementProperty_MagpieData_range_NsUnfilled": 0.07613615381817708,
    "CrystalNNFingerprint_mean_body-centered_cubic_CN_8": 0.07099953937039513,
    "GeneralizedRDF_std_dev_Gaussian_center=3_0_width=1_0": 0.05604444925647779,
    "OPSiteFingerprint_std_dev_trigonal_pyramidal_CN_4": 0.05588848393396978,
    "AGNIFingerPrint_std_dev_AGNI_eta=1_23e+00": 0.05373846734773277,
    "CrystalNNFingerprint_mean_wt_CN_14": 0.05230164854237916,
    "BondOrientationParameter_mean_BOOP_Q_l=6": 0.05177617006722252,
    "ElementProperty_MagpieData_avg_dev_MendeleevNumber": 0.04785687314481296,
    "ElementProperty_MagpieData_mean_MendeleevNumber": 0.04733838179393907,
    "ElementProperty_MagpieData_maximum_MendeleevNumber": 0.046328722984433225,
    "BondOrientationParameter_mean_BOOP_Q_l=9": 0.04458566995100968,
    "ElementProperty_MagpieData_mode_NUnfilled": 0.043524828152471405,
    "StructuralHeterogeneity_avg_dev_neighbor_distance_variation": 0.043002788522710785,
    "GaussianSymmFunc_std_dev_G2_80_0": 0.041583440587620576,
    "RadialDistributionFunction_radial_distribution_function_d_4_90": 0.0406978712988317,
    "ElementProperty_MagpieData_avg_dev_NpValence": 0.04054795911748441,
    "OPSiteFingerprint_std_dev_q2_CN_10": 0.03605818176423425,
    "ElementProperty_MagpieData_mode_CovalentRadius": 0.03525631852304228,
    "ElementProperty_MagpieData_mean_NpValence": 0.03431190608117388,
    "VoronoiFingerprint_mean_Voro_area_minimum": 0.03428310637821619,
    "ElementProperty_MagpieData_mean_NsValence": 0.03422059083836742,
    "BondOrientationParameter_mean_BOOP_Q_l=10": 0.03319123091561747,
    "ElementProperty_MagpieData_minimum_Electronegativity": 0.03251965597600674
}