{
    "ChemEnvSiteFingerprint_mean_C:8": 0.5015849893780926,
    "OPSiteFingerprint_mean_body-centered_cubic_CN_8": 0.4780969128523599,
    "MaximumPackingEfficiency_max_packing_efficiency": 0.3291692686330533,
    "CrystalNNFingerprint_mean_body-centered_cubic_CN_8": 0.29206884295484953,
    "ElementProperty_MagpieData_mean_CovalentRadius": 0.2864433662277851,
    "ElementProperty_MagpieData_avg_dev_NdValence": 0.16752624434214045,
    "AverageBondAngle_mean_Average_bond_angle": 0.13966483266663546,
    "AGNIFingerPrint_std_dev_AGNI_dir=x_eta=4_43e+00": 0.13706044600790587,
    "BondOrientationParameter_mean_BOOP_Q_l=10": 0.11772354942920808,
    "ElementProperty_MagpieData_minimum_Number": 0.10651694498793798,
    "ElementProperty_MagpieData_mean_GSvolume_pa": 0.0692511091259941,
    "TMetalFraction_transition_metal_fraction": 0.06900828929362428,
    "AGNIFingerPrint_std_dev_AGNI_dir=x_eta=1_88e+00": 0.06550829313662096,
    "MEGNet_OFMEncoded_v1_86": 0.06281839404692627,
    "AverageBondLength_std_dev_Average_bond_length": 0.05555519618465601,
    "ElementProperty_MagpieData_maximum_NdUnfilled": 0.05255801838445425,
    "CrystalNNFingerprint_mean_wt_CN_8": 0.044724684398265484,
    "ElementProperty_MagpieData_minimum_Electronegativity": 0.0444026390042202,
    "ElementFraction_F": 0.04085280248043601,
    "GaussianSymmFunc_std_dev_G2_80_0": 0.04058319591720779,
    "ElementProperty_MagpieData_avg_dev_MendeleevNumber": 0.0378107493866112,
    "MEGNet_OFMEncoded_v1_55": 0.03770549334962074,
    "ElementProperty_MagpieData_range_AtomicWeight": 0.03606353531251366,
    "GeneralizedRDF_std_dev_Gaussian_center=0_0_width=1_0": 0.034259511428203195,
    "ElementProperty_MagpieData_mode_CovalentRadius": 0.033763833605929695,
    "ElementProperty_MagpieData_maximum_GSvolume_pa": 0.031753860014757974,
    "ElementProperty_MagpieData_minimum_MendeleevNumber": 0.031266492971968,
    "RadialDistributionFunction_radial_distribution_function_d_1_90": 0.030670906507224996,
    "MEGNet_OFMEncoded_v1_132": 0.02982602550001826,
    "RadialDistributionFunction_radial_distribution_function_d_2_00": 0.028044144925570242
}