{
    "AGNIFingerPrint_std_dev_AGNI_eta=8_00e-01": 0.13778947384867735,
    "ElementProperty_MagpieData_range_NfValence": 0.12900867012104814,
    "ElementProperty_MagpieData_maximum_NdValence": 0.1278784095143,
    "GaussianSymmFunc_mean_G2_80_0": 0.12379143599809465,
    "GaussianSymmFunc_std_dev_G2_80_0": 0.08337427101394206,
    "ElementProperty_MagpieData_range_NsValence": 0.08252431654828185,
    "ElementProperty_MagpieData_mode_Electronegativity": 0.06688012952809853,
    "AGNIFingerPrint_mean_AGNI_eta=8_00e-01": 0.05713926055153527,
    "ElementProperty_MagpieData_maximum_Number": 0.054786090687326434,
    "ElementProperty_MagpieData_mean_NsUnfilled": 0.05150524536888411,
    "ElementProperty_MagpieData_mode_GSvolume_pa": 0.039204812973050104,
    "XRDPowderPattern_xrd_33": 0.03743040647050176,
    "ElementProperty_MagpieData_range_Electronegativity": 0.037388101336698815,
    "ValenceOrbital_frac_d_valence_electrons": 0.03664380160993866,
    "ElementFraction_H": 0.034180708019545154,
    "BandCenter_band_center": 0.03401314624371082,
    "DensityFeatures_density": 0.032222463626895806,
    "ElementFraction_Li": 0.03206200469110376,
    "ElementProperty_MagpieData_mean_GSbandgap": 0.029017992099731386,
    "ElementProperty_MagpieData_maximum_CovalentRadius": 0.028985068213658573,
    "ElementFraction_Na": 0.028241039036539795,
    "ElementProperty_MagpieData_mean_CovalentRadius": 0.027703991071095394,
    "ElementProperty_MagpieData_avg_dev_GSbandgap": 0.027515773054637795,
    "ElementProperty_MagpieData_mean_MendeleevNumber": 0.0275058069189964,
    "CrystalNNFingerprint_mean_wt_CN_2": 0.02719443455181358,
    "Stoichiometry_3-norm": 0.026378265536278242,
    "CrystalNNFingerprint_mean_q4_CN_12": 0.025265731854630002,
    "ElementProperty_MagpieData_minimum_Number": 0.02463815609126962,
    "ElementProperty_MagpieData_avg_dev_Row": 0.02449244253054293,
    "XRDPowderPattern_xrd_32": 0.024333964087158006
}