{
    "ChemEnvSiteFingerprint_mean_C:8": 0.5874089437434666,
    "OPSiteFingerprint_mean_body-centered_cubic_CN_8": 0.531998448471828,
    "CrystalNNFingerprint_mean_body-centered_cubic_CN_8": 0.22658578962250464,
    "AverageBondAngle_mean_Average_bond_angle": 0.1803838207188106,
    "ElementProperty_MagpieData_range_Electronegativity": 0.17751970979462697,
    "ElementProperty_MagpieData_mean_MendeleevNumber": 0.11956868982826485,
    "ElementProperty_MagpieData_mean_NpUnfilled": 0.11537349139261242,
    "MaximumPackingEfficiency_max_packing_efficiency": 0.09987854944864126,
    "AGNIFingerPrint_std_dev_AGNI_dir=x_eta=4_43e+00": 0.08846616539377557,
    "ElementProperty_MagpieData_minimum_MeltingT": 0.08407172907455128,
    "ElementProperty_MagpieData_range_NdUnfilled": 0.07825239592335653,
    "AGNIFingerPrint_mean_AGNI_eta=8_00e-01": 0.07400553199266434,
    "ElementProperty_MagpieData_mode_Column": 0.07073522694762555,
    "ElementProperty_MagpieData_avg_dev_SpaceGroupNumber": 0.07025355244446525,
    "ElementProperty_MagpieData_maximum_NdUnfilled": 0.06806213174579454,
    "ElementProperty_MagpieData_minimum_Electronegativity": 0.06713516213854141,
    "ElementProperty_MagpieData_mean_CovalentRadius": 0.06349567922901979,
    "ElementProperty_MagpieData_mode_GSbandgap": 0.06045434174252353,
    "CrystalNNFingerprint_mean_hexagonal_bipyramidal_CN_8": 0.060028491819980684,
    "ElementProperty_MagpieData_avg_dev_NdValence": 0.05687397627085188,
    "ElementFraction_P": 0.05414157129287516,
    "AGNIFingerPrint_mean_AGNI_eta=4_43e+00": 0.051825096060786315,
    "OxidationStates_std_dev_oxidation_state": 0.049404663141879766,
    "ElementProperty_MagpieData_avg_dev_Row": 0.04654834324531626,
    "XRDPowderPattern_xrd_10": 0.04632385670826797,
    "ElementProperty_MagpieData_minimum_MendeleevNumber": 0.0401444906478158,
    "ElementProperty_MagpieData_range_NdValence": 0.039666646883492744,
    "ElementProperty_MagpieData_mean_GSbandgap": 0.03869643203036507,
    "ElementProperty_MagpieData_avg_dev_MendeleevNumber": 0.03798430144779648,
    "ElementProperty_MagpieData_avg_dev_NpValence": 0.037458212929632466
}