{
    "GaussianSymmFunc_mean_G2_80_0": 0.30651779832563636,
    "AGNIFingerPrint_std_dev_AGNI_eta=8_00e-01": 0.28993526933967273,
    "AGNIFingerPrint_mean_AGNI_eta=8_00e-01": 0.19978324469594264,
    "ElementProperty_MagpieData_mean_NfUnfilled": 0.12497132839917063,
    "ElementProperty_MagpieData_mean_NsValence": 0.11419648768198082,
    "MEGNet_OFMEncoded_v1_14": 0.07942105081597252,
    "ElementProperty_MagpieData_maximum_NdValence": 0.06357028805504068,
    "ElementProperty_MagpieData_maximum_NfUnfilled": 0.06309836740527092,
    "ElementProperty_MagpieData_avg_dev_Electronegativity": 0.06139763528656606,
    "ElementProperty_MagpieData_mean_NdValence": 0.05884108232995837,
    "ElementProperty_MagpieData_maximum_GSbandgap": 0.056337947806462604,
    "ElementProperty_MagpieData_mean_MendeleevNumber": 0.05346641835101015,
    "ElementFraction_H": 0.051534907583056566,
    "GaussianSymmFunc_std_dev_G2_80_0": 0.04677469535163101,
    "MEGNet_OFMEncoded_v1_63": 0.04400350272606977,
    "ElementProperty_MagpieData_mode_GSbandgap": 0.04366341216386462,
    "ElementProperty_MagpieData_mean_GSbandgap": 0.041843454293770524,
    "ElementProperty_MagpieData_mean_NpUnfilled": 0.04081726450606196,
    "ElementProperty_MagpieData_avg_dev_CovalentRadius": 0.040711892864533195,
    "ElementProperty_MagpieData_avg_dev_GSbandgap": 0.04051690155695955,
    "BondOrientationParameter_mean_BOOP_Q_l=6": 0.0399926783430408,
    "MEGNet_OFMEncoded_v1_62": 0.03976290937179683,
    "AverageBondLength_std_dev_Average_bond_length": 0.03799123046581257,
    "ElementProperty_MagpieData_minimum_Electronegativity": 0.03729253901289331,
    "ElementProperty_MagpieData_mean_CovalentRadius": 0.03722002546558965,
    "RadialDistributionFunction_radial_distribution_function_d_3_70": 0.036553627624882,
    "ElementProperty_MagpieData_maximum_NValence": 0.032785567457742464,
    "RadialDistributionFunction_radial_distribution_function_d_3_80": 0.031828019028489765,
    "ElementProperty_MagpieData_maximum_CovalentRadius": 0.030466250970976768,
    "ElementProperty_MagpieData_avg_dev_NpUnfilled": 0.028396103539974085
}