{
    "ChemEnvSiteFingerprint_mean_C:8": 0.8521919908603282,
    "OPSiteFingerprint_mean_body-centered_cubic_CN_8": 0.4708450338795535,
    "ElementProperty_MagpieData_mean_CovalentRadius": 0.18857329406391607,
    "CrystalNNFingerprint_mean_body-centered_cubic_CN_8": 0.13709422481166336,
    "AverageBondAngle_mean_Average_bond_angle": 0.1260894822026935,
    "ElementProperty_MagpieData_avg_dev_NsValence": 0.09169979159191667,
    "CrystalNNFingerprint_mean_wt_CN_14": 0.08965560652216138,
    "ElementProperty_MagpieData_avg_dev_CovalentRadius": 0.0865445926292144,
    "ElementProperty_MagpieData_mode_Number": 0.08650476026050014,
    "CrystalNNFingerprint_mean_wt_CN_8": 0.08224333495782805,
    "ElementProperty_MagpieData_mean_SpaceGroupNumber": 0.06342108416721846,
    "ElementProperty_MagpieData_avg_dev_NsUnfilled": 0.06102143930213854,
    "ElementProperty_MagpieData_range_NfUnfilled": 0.06002775164580471,
    "ElementProperty_MagpieData_mean_Number": 0.05421470610660004,
    "ElementProperty_MagpieData_minimum_Number": 0.05035533455484896,
    "MEGNet_OFMEncoded_v1_72": 0.04756701841630733,
    "ElementProperty_MagpieData_range_Electronegativity": 0.042804967067550874,
    "StructuralHeterogeneity_avg_dev_neighbor_distance_variation": 0.042639049181172964,
    "ElementProperty_MagpieData_maximum_NdValence": 0.04076588542179796,
    "ElementProperty_MagpieData_avg_dev_MendeleevNumber": 0.03803302138174027,
    "MEGNet_OFMEncoded_v1_143": 0.03530061735429933,
    "ElementProperty_MagpieData_maximum_MendeleevNumber": 0.03299499014563402,
    "ElementProperty_MagpieData_avg_dev_Row": 0.032533659906228134,
    "ElementProperty_MagpieData_minimum_MendeleevNumber": 0.03193352746729424,
    "ElementProperty_MagpieData_mean_NfUnfilled": 0.03121272683302752,
    "ElementProperty_MagpieData_mean_GSvolume_pa": 0.031054121866770798,
    "ElementProperty_MagpieData_avg_dev_NdUnfilled": 0.030758138279448958,
    "ElementProperty_MagpieData_maximum_NfUnfilled": 0.030715687945990187,
    "ElementProperty_MagpieData_mean_MeltingT": 0.02939842104379847,
    "GaussianSymmFunc_std_dev_G2_80_0": 0.02936017791368846
}