{
    "ChemEnvSiteFingerprint_mean_C:8": 0.7785971116541497,
    "OPSiteFingerprint_mean_body-centered_cubic_CN_8": 0.7030499819790421,
    "CrystalNNFingerprint_mean_body-centered_cubic_CN_8": 0.3295984389248951,
    "ElementProperty_MagpieData_mean_CovalentRadius": 0.2366838327455633,
    "AverageBondAngle_mean_Average_bond_angle": 0.16341072225022044,
    "MaximumPackingEfficiency_max_packing_efficiency": 0.15363354535217635,
    "ElementProperty_MagpieData_minimum_MendeleevNumber": 0.1410285617657146,
    "ElementProperty_MagpieData_range_NfValence": 0.11591155817346334,
    "ElementProperty_MagpieData_maximum_Electronegativity": 0.10962194664947778,
    "AGNIFingerPrint_std_dev_AGNI_dir=x_eta=4_43e+00": 0.0801889710307678,
    "AGNIFingerPrint_std_dev_AGNI_dir=x_eta=2_89e+00": 0.07769042950217599,
    "ElementProperty_MagpieData_mode_GSbandgap": 0.07428573783226519,
    "ElementProperty_MagpieData_avg_dev_Row": 0.07404694802235287,
    "ElementProperty_MagpieData_avg_dev_NdUnfilled": 0.07352161371028107,
    "ElementProperty_MagpieData_maximum_CovalentRadius": 0.07169497299287186,
    "ElementFraction_P": 0.06374860451595055,
    "ElementProperty_MagpieData_maximum_NdUnfilled": 0.05905539597088711,
    "ElementProperty_MagpieData_mode_MendeleevNumber": 0.05392778038288381,
    "ElementProperty_MagpieData_avg_dev_NsValence": 0.053873261151783765,
    "ElementProperty_MagpieData_maximum_NsUnfilled": 0.051897324424336574,
    "TMetalFraction_transition_metal_fraction": 0.04963969429285126,
    "CrystalNNFingerprint_std_dev_pentagonal_pyramidal_CN_6": 0.04885606916010205,
    "MEGNet_OFMEncoded_v1_86": 0.04833715131157726,
    "CrystalNNFingerprint_mean_wt_CN_14": 0.046773464981929,
    "ElementProperty_MagpieData_mean_GSmagmom": 0.04568927909863563,
    "CrystalNNFingerprint_mean_wt_CN_8": 0.04474101530257209,
    "ElementProperty_MagpieData_maximum_GSbandgap": 0.04437624341154922,
    "ElementProperty_MagpieData_mean_Row": 0.04214358547405219,
    "ElementProperty_MagpieData_avg_dev_NfValence": 0.04101792251373084,
    "ElementProperty_MagpieData_mean_GSbandgap": 0.040627455017794946
}