{
    "ChemEnvSiteFingerprint_mean_C:8": 3.181304873869123,
    "MaximumPackingEfficiency_max_packing_efficiency": 0.9432639433384828,
    "XRDPowderPattern_xrd_36": 0.6997980611267296,
    "CrystalNNFingerprint_mean_body-centered_cubic_CN_8": 0.6417086600416444,
    "BondOrientationParameter_mean_BOOP_Q_l=10": 0.37114635377277766,
    "ElementProperty_MagpieData_mean_NpValence": 0.29735113099863014,
    "ElementProperty_MagpieData_mean_CovalentRadius": 0.2882033065440074,
    "XRDPowderPattern_xrd_35": 0.23971173154681794,
    "CrystalNNFingerprint_mean_wt_CN_8": 0.13444169323147895,
    "ValenceOrbital_frac_p_valence_electrons": 0.12434777014165808,
    "ElementProperty_MagpieData_maximum_NfUnfilled": 0.11795421167907555,
    "ElementProperty_MagpieData_avg_dev_CovalentRadius": 0.11762816162866582,
    "ElementProperty_MagpieData_avg_dev_NdValence": 0.0951753724525194,
    "ElementProperty_MagpieData_maximum_Electronegativity": 0.09388018988025701,
    "OPSiteFingerprint_mean_body-centered_cubic_CN_8": 0.09329252371629926,
    "GaussianSymmFunc_mean_G2_20_0": 0.0921843534103658,
    "ElementProperty_MagpieData_maximum_NdUnfilled": 0.08790439049641083,
    "ElementProperty_MagpieData_maximum_NfValence": 0.08668202530155654,
    "GeneralizedRDF_mean_Gaussian_center=5_0_width=1_0": 0.08620589748976816,
    "ValenceOrbital_frac_f_valence_electrons": 0.07571643999290827,
    "XRDPowderPattern_xrd_34": 0.06913308756608122,
    "MEGNet_OFMEncoded_v1_118": 0.06879600169357168,
    "SineCoulombMatrix_sine_coulomb_matrix_eig_3": 0.06834671758767258,
    "CrystalNNFingerprint_mean_trigonal_pyramidal_CN_4": 0.06822968571047094,
    "GaussianSymmFunc_std_dev_G2_80_0": 0.06765970952027679,
    "ElementProperty_MagpieData_maximum_MendeleevNumber": 0.06727496421216085,
    "ElementProperty_MagpieData_mean_Number": 0.0668194934910872,
    "CrystalNNFingerprint_mean_wt_CN_14": 0.06087446896837581,
    "ElementProperty_MagpieData_avg_dev_Row": 0.05883399454752879,
    "MEGNet_OFMEncoded_v1_102": 0.05299590669550442
}