{
    "ChemEnvSiteFingerprint_mean_C:8": 3.2992966542295754,
    "CrystalNNFingerprint_mean_body-centered_cubic_CN_8": 1.0096940336522222,
    "XRDPowderPattern_xrd_36": 0.8223139439082675,
    "MaximumPackingEfficiency_max_packing_efficiency": 0.6864793448088201,
    "ElementProperty_MagpieData_mean_NpValence": 0.2996710945622547,
    "BondOrientationParameter_mean_BOOP_Q_l=6": 0.23851305980900875,
    "BondOrientationParameter_mean_BOOP_Q_l=10": 0.22057217141807414,
    "OPSiteFingerprint_mean_body-centered_cubic_CN_8": 0.1750406497055779,
    "ElementProperty_MagpieData_mean_CovalentRadius": 0.15755508235846824,
    "XRDPowderPattern_xrd_35": 0.13950110041033192,
    "AGNIFingerPrint_std_dev_AGNI_dir=x_eta=6_80e+00": 0.13258792793426313,
    "CrystalNNFingerprint_mean_wt_CN_14": 0.11829421475842168,
    "ElementProperty_MagpieData_avg_dev_NdValence": 0.11087571634023209,
    "GaussianSymmFunc_mean_G2_80_0": 0.1045331174661637,
    "ElementProperty_MagpieData_mean_NdValence": 0.1026950247798373,
    "CrystalNNFingerprint_mean_wt_CN_8": 0.0963950717143558,
    "ElementProperty_MagpieData_avg_dev_CovalentRadius": 0.09472816983223235,
    "ElementProperty_MagpieData_maximum_Electronegativity": 0.08980256787669413,
    "GeneralizedRDF_mean_Gaussian_center=5_0_width=1_0": 0.08663837087734305,
    "ElementProperty_MagpieData_maximum_NfValence": 0.08406233576389328,
    "GaussianSymmFunc_mean_G2_20_0": 0.08365496902260576,
    "XRDPowderPattern_xrd_34": 0.08168040645500485,
    "GaussianSymmFunc_mean_G2_0_05": 0.0810284912243641,
    "ElementProperty_MagpieData_maximum_NdUnfilled": 0.08026560072484658,
    "ElementProperty_MagpieData_maximum_MendeleevNumber": 0.07817455511929819,
    "ValenceOrbital_frac_p_valence_electrons": 0.07498782007245047,
    "ValenceOrbital_frac_s_valence_electrons": 0.07312803245142047,
    "ElementProperty_MagpieData_maximum_NfUnfilled": 0.07242565210639286,
    "GaussianSymmFunc_std_dev_G2_80_0": 0.06877768331348956,
    "ElementProperty_MagpieData_maximum_MeltingT": 0.060081547519237395
}