{
    "GaussianSymmFunc_mean_G2_80_0": 0.3109202935210797,
    "GaussianSymmFunc_std_dev_G2_80_0": 0.23588450881417997,
    "AGNIFingerPrint_std_dev_AGNI_eta=8_00e-01": 0.20841168912439217,
    "ElementProperty_MagpieData_avg_dev_NdUnfilled": 0.20806416432201447,
    "ElementProperty_MagpieData_avg_dev_NfUnfilled": 0.17102994986176087,
    "ElementProperty_MagpieData_range_NsUnfilled": 0.16210913846698027,
    "ElementProperty_MagpieData_range_NfValence": 0.1615802329118274,
    "ElementProperty_MagpieData_range_MeltingT": 0.09397428543740974,
    "AGNIFingerPrint_mean_AGNI_eta=8_00e-01": 0.09027731683625823,
    "ElementProperty_MagpieData_minimum_Number": 0.08689768992580996,
    "ElementProperty_MagpieData_mean_NsUnfilled": 0.08544238050608696,
    "ElementProperty_MagpieData_avg_dev_NsValence": 0.08297963062359928,
    "ElementProperty_MagpieData_range_NdUnfilled": 0.07816940661357459,
    "ElementProperty_MagpieData_maximum_CovalentRadius": 0.07283588706360669,
    "ElementProperty_MagpieData_range_Column": 0.058334107753689614,
    "ElementProperty_MagpieData_avg_dev_NpUnfilled": 0.05824009223645763,
    "ElementProperty_MagpieData_avg_dev_NsUnfilled": 0.05657610304822418,
    "ElementProperty_MagpieData_mode_SpaceGroupNumber": 0.05194039726727605,
    "ElementProperty_MagpieData_avg_dev_MendeleevNumber": 0.05175034503911772,
    "ElementProperty_MagpieData_maximum_NUnfilled": 0.0471707047687746,
    "ElementProperty_MagpieData_mean_GSbandgap": 0.04632781458797508,
    "GeneralizedRDF_mean_Gaussian_center=0_0_width=1_0": 0.045757372156572634,
    "ElementProperty_MagpieData_range_NfUnfilled": 0.042608845546999626,
    "GeneralizedRDF_std_dev_Gaussian_center=0_0_width=1_0": 0.04256740075206142,
    "ElementProperty_MagpieData_mode_GSbandgap": 0.04178793001981681,
    "ElementProperty_MagpieData_minimum_Electronegativity": 0.04174785454946279,
    "GeneralizedRDF_std_dev_Gaussian_center=3_0_width=1_0": 0.041295659316744664,
    "ElementProperty_MagpieData_mean_NfValence": 0.04101114978971246,
    "ElementProperty_MagpieData_mean_NValence": 0.04077782024807406,
    "MaximumPackingEfficiency_max_packing_efficiency": 0.04057809332131122
}