{
    "GaussianSymmFunc_mean_G2_80_0": 0.2827317019420416,
    "AGNIFingerPrint_std_dev_AGNI_eta=8_00e-01": 0.24718445757331467,
    "ElementProperty_MagpieData_mean_GSbandgap": 0.17482833995385708,
    "AGNIFingerPrint_mean_AGNI_eta=8_00e-01": 0.13355513381527664,
    "ElementProperty_MagpieData_maximum_NdUnfilled": 0.09996820073827217,
    "GaussianSymmFunc_std_dev_G2_80_0": 0.09874248158204256,
    "ElementProperty_MagpieData_mode_NdValence": 0.09151022136877227,
    "ElementProperty_MagpieData_range_NdUnfilled": 0.0904356718636446,
    "ElementProperty_MagpieData_minimum_GSvolume_pa": 0.08640829698206177,
    "ElementProperty_MagpieData_minimum_Number": 0.07054382640217383,
    "ElementProperty_MagpieData_maximum_Number": 0.06664043948114379,
    "ValenceOrbital_frac_s_valence_electrons": 0.06334159698980932,
    "ElementProperty_MagpieData_mode_NValence": 0.05855913899319003,
    "ElementProperty_MagpieData_range_NfValence": 0.05689404619272724,
    "TMetalFraction_transition_metal_fraction": 0.055922324323635815,
    "ElementProperty_MagpieData_mode_GSbandgap": 0.054289763963844315,
    "ElementProperty_MagpieData_avg_dev_CovalentRadius": 0.05402323137266261,
    "GeneralizedRDF_std_dev_Gaussian_center=0_0_width=1_0": 0.04971571230880791,
    "ElementFraction_H": 0.0453906758678143,
    "ElementProperty_MagpieData_mode_MendeleevNumber": 0.04192384349053482,
    "ElementProperty_MagpieData_mean_NdValence": 0.04187308567381398,
    "ElementProperty_MagpieData_mean_Row": 0.03968033660474452,
    "ElementProperty_MagpieData_range_AtomicWeight": 0.03882117342034057,
    "CrystalNNFingerprint_mean_octahedral_CN_6": 0.03832521781328981,
    "ElementProperty_MagpieData_mean_Column": 0.03828722173727577,
    "ElementProperty_MagpieData_range_NdValence": 0.033591515503991115,
    "ElementProperty_MagpieData_maximum_CovalentRadius": 0.030081943194337782,
    "ElementProperty_MagpieData_mode_Number": 0.029258076755087365,
    "ElementProperty_MagpieData_mean_NsValence": 0.02794825523324384,
    "ElementProperty_MagpieData_mean_NdUnfilled": 0.027861665337507748
}