{
    "ChemEnvSiteFingerprint_mean_C:8": 3.5894416006048417,
    "XRDPowderPattern_xrd_36": 0.8860587023787562,
    "MaximumPackingEfficiency_max_packing_efficiency": 0.8823728510627578,
    "CrystalNNFingerprint_mean_body-centered_cubic_CN_8": 0.5649533862870935,
    "ElementProperty_MagpieData_mean_NpValence": 0.32698620479872564,
    "BondOrientationParameter_mean_BOOP_Q_l=10": 0.3036528080382616,
    "CrystalNNFingerprint_mean_wt_CN_8": 0.20236473831586976,
    "XRDPowderPattern_xrd_35": 0.19969490379419935,
    "ElementProperty_MagpieData_mean_CovalentRadius": 0.17376245495978052,
    "ElementProperty_MagpieData_maximum_Electronegativity": 0.16311615464093726,
    "OPSiteFingerprint_mean_body-centered_cubic_CN_8": 0.14786317817913783,
    "GeneralizedRDF_mean_Gaussian_center=5_0_width=1_0": 0.14102267862338655,
    "GaussianSymmFunc_mean_G2_20_0": 0.1277951571828904,
    "ElementProperty_MagpieData_avg_dev_NdValence": 0.12491523717536386,
    "ElementProperty_MagpieData_maximum_NfUnfilled": 0.12199059246686543,
    "ElementProperty_MagpieData_maximum_NdUnfilled": 0.12155245535785922,
    "MEGNet_OFMEncoded_v1_118": 0.11040943053484462,
    "ElementProperty_MagpieData_avg_dev_Row": 0.10690890219603386,
    "ElementProperty_MagpieData_maximum_NfValence": 0.10634117409073789,
    "ElementProperty_MagpieData_avg_dev_CovalentRadius": 0.10039116363964432,
    "ElementProperty_MagpieData_maximum_MendeleevNumber": 0.0992472098384484,
    "ElementProperty_MagpieData_mean_Number": 0.09607274632739192,
    "CrystalNNFingerprint_mean_wt_CN_14": 0.0949430921279571,
    "ElementProperty_MagpieData_mean_NfValence": 0.09010492369737595,
    "GeneralizedRDF_std_dev_Gaussian_center=9_0_width=1_0": 0.09002076084622372,
    "Miedema_Miedema_deltaH_inter": 0.08925452904121857,
    "XRDPowderPattern_xrd_34": 0.0849163174696638,
    "ValenceOrbital_frac_p_valence_electrons": 0.0847680407201141,
    "SineCoulombMatrix_sine_coulomb_matrix_eig_3": 0.08435350545465276,
    "GaussianSymmFunc_std_dev_G2_80_0": 0.07292173429626055
}