{
    "OPSiteFingerprint_mean_q6_CN_12": 0.3887955804105967,
    "Miedema_Miedema_deltaH_inter": 0.33989850818825584,
    "ElementProperty_MagpieData_mean_GSbandgap": 0.30684216755227,
    "MaximumPackingEfficiency_max_packing_efficiency": 0.23088958135207285,
    "ElementProperty_MagpieData_maximum_Electronegativity": 0.19696762495837256,
    "CrystalNNFingerprint_mean_wt_CN_12": 0.19498021358822448,
    "ElementProperty_MagpieData_maximum_MendeleevNumber": 0.19373160125573655,
    "ElementProperty_MagpieData_avg_dev_Column": 0.1645407036472275,
    "ElementProperty_MagpieData_avg_dev_NpValence": 0.13434570325684286,
    "ElementProperty_MagpieData_mode_MendeleevNumber": 0.13197596536614795,
    "ChemEnvSiteFingerprint_mean_C:8": 0.12312651851583678,
    "ElementProperty_MagpieData_maximum_GSbandgap": 0.12079264149617865,
    "GaussianSymmFunc_std_dev_G2_80_0": 0.10428240973261302,
    "CrystalNNFingerprint_mean_cuboctahedral_CN_12": 0.09812313868682458,
    "ElementProperty_MagpieData_avg_dev_GSbandgap": 0.09679179983793514,
    "ElementFraction_H": 0.08909338103985918,
    "MEGNet_OFMEncoded_v1_172": 0.08414726510038759,
    "ElementFraction_O": 0.08379786550181685,
    "ElementProperty_MagpieData_mean_CovalentRadius": 0.08171318741386659,
    "CrystalNNFingerprint_mean_body-centered_cubic_CN_8": 0.07730534654880948,
    "CrystalNNFingerprint_mean_octahedral_CN_6": 0.07466184714249392,
    "ElementProperty_MagpieData_mean_NpValence": 0.07404248622958569,
    "BondOrientationParameter_mean_BOOP_Q_l=4": 0.0654102137709339,
    "ElementProperty_MagpieData_range_CovalentRadius": 0.06026986320389999,
    "BondOrientationParameter_mean_BOOP_Q_l=3": 0.057109111391540464,
    "ElementProperty_MagpieData_mean_GSvolume_pa": 0.05500270045660997,
    "GaussianSymmFunc_mean_G2_80_0": 0.052488731940661386,
    "CrystalNNFingerprint_mean_q6_CN_12": 0.05108566746836621,
    "ChemicalOrdering_mean_ordering_parameter_shell_2": 0.04811968624395001,
    "ElementProperty_MagpieData_mean_Electronegativity": 0.04664555175772061
}