{
    "MaximumPackingEfficiency_max_packing_efficiency": 0.6154670222436607,
    "AGNIFingerPrint_mean_AGNI_eta=8_00e-01": 0.6049294609770018,
    "AGNIFingerPrint_std_dev_AGNI_eta=8_00e-01": 0.5715860638986027,
    "GeneralizedRDF_std_dev_Gaussian_center=0_0_width=1_0": 0.5511527555274136,
    "ElementProperty_MagpieData_mean_GSbandgap": 0.3820223838363381,
    "GeneralizedRDF_mean_Gaussian_center=0_0_width=1_0": 0.3145380396358483,
    "GaussianSymmFunc_std_dev_G2_80_0": 0.31059883977522773,
    "ElementProperty_MagpieData_mode_NsUnfilled": 0.22173321590657974,
    "ElementProperty_MagpieData_mean_NpValence": 0.18901131459568166,
    "ValenceOrbital_frac_f_valence_electrons": 0.11119654875048074,
    "ElementProperty_MagpieData_mean_CovalentRadius": 0.10016378219737646,
    "DensityFeatures_packing_fraction": 0.08714603397861999,
    "AverageBondLength_std_dev_Average_bond_length": 0.08214890344025297,
    "ElementProperty_MagpieData_avg_dev_NpUnfilled": 0.07945351474024846,
    "OPSiteFingerprint_mean_q2_CN_12": 0.07897574117989317,
    "ElementProperty_MagpieData_mean_NsUnfilled": 0.07453910287379786,
    "YangSolidSolution_Yang_delta": 0.0737685797162905,
    "GaussianSymmFunc_mean_G2_80_0": 0.07234688146924098,
    "ElementProperty_MagpieData_avg_dev_Column": 0.06594843299790884,
    "GeneralizedRDF_std_dev_Gaussian_center=3_0_width=1_0": 0.06440961484449163,
    "CrystalNNFingerprint_mean_body-centered_cubic_CN_8": 0.06385686551201565,
    "ElementProperty_MagpieData_maximum_MendeleevNumber": 0.060189684467219166,
    "ElementFraction_H": 0.05934207430056815,
    "ElementProperty_MagpieData_maximum_NdValence": 0.05853180628181447,
    "CrystalNNFingerprint_mean_wt_CN_1": 0.057098534172893255,
    "ElementProperty_MagpieData_mean_Electronegativity": 0.051964976467859324,
    "AGNIFingerPrint_std_dev_AGNI_dir=x_eta=1_23e+00": 0.048946187082950565,
    "CrystalNNFingerprint_mean_wt_CN_14": 0.04845683849496351,
    "ElementProperty_MagpieData_range_AtomicWeight": 0.04823869151067182,
    "BandCenter_band_center": 0.048000965728913866
}