{
    "MaximumPackingEfficiency_max_packing_efficiency": 1.4248118146386093,
    "ElementProperty_MagpieData_maximum_MendeleevNumber": 0.32108196808766093,
    "ChemEnvSiteFingerprint_mean_C:8": 0.24867700841185436,
    "ElementProperty_MagpieData_mean_CovalentRadius": 0.24285259755640862,
    "ElementProperty_MagpieData_minimum_MeltingT": 0.20265846700589554,
    "ValenceOrbital_frac_p_valence_electrons": 0.1833043864725092,
    "ElementProperty_MagpieData_maximum_Electronegativity": 0.16814053219430689,
    "CrystalNNFingerprint_mean_body-centered_cubic_CN_8": 0.09143329971621189,
    "BondOrientationParameter_mean_BOOP_Q_l=2": 0.08199584701661979,
    "OPSiteFingerprint_mean_body-centered_cubic_CN_8": 0.07978350441374135,
    "ElementProperty_MagpieData_range_NsUnfilled": 0.07181440113761772,
    "ElementProperty_MagpieData_mean_GSbandgap": 0.07134269092209881,
    "MEGNet_OFMEncoded_v1_166": 0.06707860908466781,
    "CrystalNNFingerprint_mean_wt_CN_14": 0.06189447664432625,
    "BondOrientationParameter_mean_BOOP_Q_l=6": 0.05048551665279444,
    "ElementProperty_MagpieData_mode_CovalentRadius": 0.04910951630386717,
    "GaussianSymmFunc_mean_G2_80_0": 0.04731432307042538,
    "StructuralHeterogeneity_minimum_neighbor_distance_variation": 0.04513327613198915,
    "ElementProperty_MagpieData_mode_Number": 0.044901298724109855,
    "ElementProperty_MagpieData_maximum_NdValence": 0.04220043031181567,
    "BondOrientationParameter_mean_BOOP_Q_l=4": 0.041082105747589664,
    "OPSiteFingerprint_std_dev_q6_CN_12": 0.04034126244906997,
    "GaussianSymmFunc_std_dev_G2_80_0": 0.04031307865154648,
    "AverageBondLength_std_dev_Average_bond_length": 0.03809566525694076,
    "ElementProperty_MagpieData_avg_dev_Column": 0.03739307373669856,
    "ElementProperty_MagpieData_maximum_NdUnfilled": 0.0371492034098073,
    "CrystalNNFingerprint_mean_rectangular_see-saw-like_CN_4": 0.035174447366304006,
    "BondOrientationParameter_mean_BOOP_Q_l=10": 0.03470275007393135,
    "AGNIFingerPrint_mean_AGNI_eta=8_00e-01": 0.034258607141660666,
    "MEGNet_OFMEncoded_v1_146": 0.03313192620030919
}