{
    "AGNIFingerPrint_std_dev_AGNI_eta=8_00e-01": 1.060219027762455,
    "GeneralizedRDF_std_dev_Gaussian_center=0_0_width=1_0": 0.9192860582318761,
    "AGNIFingerPrint_mean_AGNI_eta=8_00e-01": 0.7410643397057347,
    "GeneralizedRDF_mean_Gaussian_center=0_0_width=1_0": 0.7139015830222395,
    "ElementProperty_MagpieData_mean_GSbandgap": 0.5488927913530958,
    "ElementProperty_MagpieData_mode_NsUnfilled": 0.3101319008962165,
    "GaussianSymmFunc_std_dev_G2_80_0": 0.2702118285086746,
    "ElementProperty_MagpieData_mean_NpValence": 0.26671952592461734,
    "ElementProperty_MagpieData_mode_MendeleevNumber": 0.168393312820646,
    "DensityFeatures_packing_fraction": 0.1613787183936555,
    "ElementFraction_H": 0.11795978027699379,
    "ElementProperty_MagpieData_avg_dev_NpValence": 0.1150244365480684,
    "ElementProperty_MagpieData_maximum_MendeleevNumber": 0.1089436130185923,
    "ElementProperty_MagpieData_maximum_NdValence": 0.09597471749134386,
    "CrystalNNFingerprint_mean_wt_CN_1": 0.09469207742626046,
    "ElementProperty_MagpieData_mean_MendeleevNumber": 0.0884788961210249,
    "ValenceOrbital_frac_f_valence_electrons": 0.08082736168840222,
    "ElementProperty_MagpieData_avg_dev_NdUnfilled": 0.07648798306304913,
    "ElementProperty_MagpieData_minimum_Electronegativity": 0.07094198623774552,
    "ElementProperty_MagpieData_mean_NsValence": 0.0673831543010247,
    "BandCenter_band_center": 0.06444230238658098,
    "ElementProperty_MagpieData_maximum_CovalentRadius": 0.05696813102815563,
    "CrystalNNFingerprint_mean_pentagonal_pyramidal_CN_6": 0.05598532418283416,
    "OPSiteFingerprint_mean_trigonal_pyramidal_CN_4": 0.05471299973110408,
    "MEGNet_OFMEncoded_v1_68": 0.05259868630980379,
    "CrystalNNFingerprint_std_dev_octahedral_CN_6": 0.051684119405235915,
    "CrystalNNFingerprint_std_dev_wt_CN_1": 0.05160934910294064,
    "AGNIFingerPrint_std_dev_AGNI_dir=z_eta=1_88e+00": 0.0506378789790069,
    "ElementProperty_MagpieData_range_NdValence": 0.050328651394003415,
    "ElementProperty_MagpieData_mean_Electronegativity": 0.04930938851904032
}