{
    "GeneralizedRDF_std_dev_Gaussian_center=0_0_width=1_0": 0.8654644841978404,
    "AGNIFingerPrint_mean_AGNI_eta=8_00e-01": 0.8269087085783485,
    "AGNIFingerPrint_std_dev_AGNI_eta=8_00e-01": 0.7942368893139021,
    "ElementProperty_MagpieData_mean_GSbandgap": 0.47933177348726275,
    "GeneralizedRDF_mean_Gaussian_center=0_0_width=1_0": 0.44791788265457494,
    "GaussianSymmFunc_std_dev_G2_80_0": 0.35258543932348246,
    "ElementProperty_MagpieData_mode_NsUnfilled": 0.31607850855916786,
    "ElementProperty_MagpieData_mean_NpValence": 0.30702049309038504,
    "ValenceOrbital_frac_f_valence_electrons": 0.1728869870563183,
    "ChemEnvSiteFingerprint_mean_C:8": 0.15528202225162516,
    "OPSiteFingerprint_mean_body-centered_cubic_CN_8": 0.11809022795306229,
    "ElementProperty_MagpieData_mean_CovalentRadius": 0.09851613881682235,
    "CrystalNNFingerprint_mean_body-centered_cubic_CN_8": 0.08899955141720034,
    "DensityFeatures_packing_fraction": 0.08631779052472288,
    "ElementProperty_MagpieData_maximum_MendeleevNumber": 0.0820646161414518,
    "ElementProperty_MagpieData_maximum_NdValence": 0.08012125901218957,
    "ElementProperty_MagpieData_avg_dev_MendeleevNumber": 0.07503325488953612,
    "ElementProperty_MagpieData_range_NsUnfilled": 0.0725826899954755,
    "ElementProperty_MagpieData_range_NdValence": 0.07199823205551686,
    "ElementFraction_H": 0.0712697228800458,
    "ElementProperty_MagpieData_mean_Electronegativity": 0.0708452083411643,
    "ElementProperty_MagpieData_mean_MendeleevNumber": 0.0692723243795356,
    "ElementProperty_MagpieData_minimum_Electronegativity": 0.06867711775854257,
    "CrystalNNFingerprint_mean_wt_CN_1": 0.06481429675975266,
    "GaussianSymmFunc_std_dev_G2_20_0": 0.06418192076035846,
    "CrystalNNFingerprint_std_dev_wt_CN_1": 0.06322765373148359,
    "MEGNet_OFMEncoded_v1_167": 0.06302295399443623,
    "AGNIFingerPrint_std_dev_AGNI_dir=y_eta=1_23e+00": 0.05915950094515051,
    "ElementProperty_MagpieData_mean_Row": 0.05231629034055434,
    "ElementFraction_Li": 0.051477395855272924
}