{
    "ChemEnvSiteFingerprint_mean_C:8": 0.9494190955829822,
    "OPSiteFingerprint_mean_body-centered_cubic_CN_8": 0.7258340676767044,
    "DensityFeatures_packing_fraction": 0.2965000285358411,
    "GaussianSymmFunc_mean_G2_80_0": 0.24068349175017933,
    "ElementProperty_MagpieData_mean_CovalentRadius": 0.20084207512657648,
    "ElementProperty_MagpieData_maximum_CovalentRadius": 0.19748265720834987,
    "CrystalNNFingerprint_mean_body-centered_cubic_CN_8": 0.1897706296847173,
    "AverageBondAngle_mean_Average_bond_angle": 0.11733586390745962,
    "ElementProperty_MagpieData_maximum_GSbandgap": 0.09727342399119376,
    "ElementProperty_MagpieData_mean_NpUnfilled": 0.09230232114413747,
    "ElementProperty_MagpieData_avg_dev_NpValence": 0.09150160682417247,
    "MaximumPackingEfficiency_max_packing_efficiency": 0.08677118750348145,
    "CrystalNNFingerprint_std_dev_wt_CN_3": 0.07323880710364912,
    "ElementFraction_O": 0.06676966399801826,
    "OPSiteFingerprint_std_dev_octahedral_CN_6": 0.06438808742930129,
    "ChemEnvSiteFingerprint_mean_TY:3": 0.06337278618533891,
    "GeneralizedRDF_mean_Gaussian_center=3_0_width=1_0": 0.05870436396891351,
    "CrystalNNFingerprint_std_dev_trigonal_pyramidal_CN_4": 0.056261874058181865,
    "CrystalNNFingerprint_mean_wt_CN_14": 0.0513420899312273,
    "AverageBondLength_mean_Average_bond_length": 0.0509804241643186,
    "GeneralizedRDF_std_dev_Gaussian_center=1_0_width=1_0": 0.046288478415221296,
    "CrystalNNFingerprint_mean_hexagonal_bipyramidal_CN_8": 0.045748571990594435,
    "CrystalNNFingerprint_std_dev_pentagonal_pyramidal_CN_6": 0.045484573986193544,
    "MEGNet_OFMEncoded_v1_131": 0.04250897193157875,
    "ElementProperty_MagpieData_mean_AtomicWeight": 0.042134001079947817,
    "CrystalNNFingerprint_mean_wt_CN_8": 0.04066772094630932,
    "ElementProperty_MagpieData_mean_NfValence": 0.03948780382990363,
    "GeneralizedRDF_std_dev_Gaussian_center=4_0_width=1_0": 0.0394761313966087,
    "ElementProperty_MagpieData_mean_NfUnfilled": 0.03871050852185439,
    "TMetalFraction_transition_metal_fraction": 0.03804608319605538
}