{
    "ElementProperty_MagpieData_mean_NdUnfilled": 0.41485107405528404,
    "GaussianSymmFunc_mean_G2_80_0": 0.3731354648373085,
    "AGNIFingerPrint_std_dev_AGNI_eta=8_00e-01": 0.2289695430650962,
    "ElementProperty_MagpieData_maximum_NfUnfilled": 0.19390838163579302,
    "ElementProperty_MagpieData_avg_dev_NpUnfilled": 0.14466964122548664,
    "ElementFraction_H": 0.10060730983332923,
    "DensityFeatures_density": 0.10022446309114434,
    "AGNIFingerPrint_mean_AGNI_eta=8_00e-01": 0.09518970475660829,
    "ElementProperty_MagpieData_mean_NsValence": 0.07702035484739708,
    "GaussianSymmFunc_std_dev_G2_80_0": 0.07667558522963915,
    "ElementProperty_MagpieData_mean_NpUnfilled": 0.07615581405323865,
    "BondOrientationParameter_mean_BOOP_Q_l=6": 0.07496386472646237,
    "ElementProperty_MagpieData_maximum_NdUnfilled": 0.06890840606085746,
    "ElementProperty_MagpieData_minimum_MendeleevNumber": 0.06780187027690564,
    "ElementProperty_MagpieData_mean_NfUnfilled": 0.055856833730092745,
    "ElementProperty_MagpieData_mode_GSbandgap": 0.053990483931865424,
    "ElementProperty_MagpieData_mode_NUnfilled": 0.045822721640565695,
    "GeneralizedRDF_std_dev_Gaussian_center=0_0_width=1_0": 0.04570953418182278,
    "ElementProperty_MagpieData_minimum_Column": 0.04555460498922644,
    "ElementProperty_MagpieData_mean_CovalentRadius": 0.04547399179090263,
    "ElementProperty_MagpieData_avg_dev_NpValence": 0.04473629369933536,
    "ElementProperty_MagpieData_avg_dev_CovalentRadius": 0.040900947676808935,
    "YangSolidSolution_Yang_delta": 0.04021869461581381,
    "AGNIFingerPrint_std_dev_AGNI_eta=1_23e+00": 0.03928734020484772,
    "MEGNet_OFMEncoded_v1_140": 0.03690212029284853,
    "RadialDistributionFunction_radial_distribution_function_d_3_30": 0.03554840309414237,
    "OPSiteFingerprint_mean_sgl_bd_CN_1": 0.03409914747165833,
    "ElementProperty_MagpieData_mean_GSbandgap": 0.033849418433940806,
    "ElementProperty_MagpieData_maximum_CovalentRadius": 0.03194186746278932,
    "ElementProperty_MagpieData_minimum_CovalentRadius": 0.031831952607012506
}