{
    "GaussianSymmFunc_std_dev_G2_80_0": 0.49439517373547864,
    "GaussianSymmFunc_mean_G2_80_0": 0.33428004353353696,
    "ValenceOrbital_frac_p_valence_electrons": 0.26148162182793666,
    "ElementProperty_MagpieData_maximum_Electronegativity": 0.25315100718111977,
    "ElementProperty_MagpieData_minimum_MeltingT": 0.2416965843087569,
    "ElementProperty_MagpieData_mean_CovalentRadius": 0.18669652820845142,
    "MaximumPackingEfficiency_max_packing_efficiency": 0.1546900982067419,
    "ElementProperty_MagpieData_mean_Row": 0.13901449871535862,
    "AGNIFingerPrint_std_dev_AGNI_eta=8_00e-01": 0.09925096083836052,
    "AGNIFingerPrint_std_dev_AGNI_dir=x_eta=8_00e-01": 0.08495328591741147,
    "DensityFeatures_packing_fraction": 0.06942565453413994,
    "GeneralizedRDF_mean_Gaussian_center=0_0_width=1_0": 0.06783966136037935,
    "ElementProperty_MagpieData_maximum_CovalentRadius": 0.06779217540958016,
    "AGNIFingerPrint_std_dev_AGNI_dir=y_eta=8_00e-01": 0.05438188711727851,
    "ElementProperty_MagpieData_mean_GSbandgap": 0.05128359406202468,
    "ElementProperty_MagpieData_avg_dev_Row": 0.05115925829262142,
    "DensityFeatures_density": 0.04906038245804114,
    "GeneralizedRDF_std_dev_Gaussian_center=0_0_width=1_0": 0.046570223497710984,
    "ElementProperty_MagpieData_mean_Column": 0.03781474260170812,
    "ElementProperty_MagpieData_mean_NpValence": 0.036345769622838045,
    "ElementProperty_MagpieData_maximum_Number": 0.03461951380152593,
    "MEGNet_OFMEncoded_v1_172": 0.033032134029624474,
    "AGNIFingerPrint_mean_AGNI_eta=8_00e-01": 0.031845280124245416,
    "AtomicOrbitals_HOMO_element": 0.029493948170207545,
    "ElementProperty_MagpieData_avg_dev_CovalentRadius": 0.028749145186959268,
    "MEGNet_OFMEncoded_v1_55": 0.028359466282441508,
    "ElementProperty_MagpieData_avg_dev_NdValence": 0.028049739138814533,
    "ElementProperty_MagpieData_mean_Electronegativity": 0.02791726582118054,
    "OPSiteFingerprint_mean_linear_CN_2": 0.025210144517421276,
    "ElementProperty_MagpieData_mode_MeltingT": 0.023009553220178728
}