{
    "MaximumPackingEfficiency_max_packing_efficiency": 1.4686222236423394,
    "ElementProperty_MagpieData_mean_NpValence": 0.43171756477958473,
    "ElementProperty_MagpieData_mean_GSbandgap": 0.284146307257138,
    "ElementProperty_MagpieData_maximum_MendeleevNumber": 0.2798948984438446,
    "Miedema_Miedema_deltaH_amor": 0.23153315107980357,
    "ElementProperty_MagpieData_mean_CovalentRadius": 0.19248770450691083,
    "ElementProperty_MagpieData_mode_MeltingT": 0.1721354726438431,
    "BondOrientationParameter_mean_BOOP_Q_l=4": 0.16230767140159486,
    "Miedema_Miedema_deltaH_inter": 0.15900479909768572,
    "ChemEnvSiteFingerprint_mean_C:8": 0.11770786839044932,
    "MEGNet_OFMEncoded_v1_172": 0.10807414259508841,
    "CrystalNNFingerprint_mean_body-centered_cubic_CN_8": 0.09147197351271881,
    "CrystalNNFingerprint_mean_wt_CN_14": 0.08427657523481018,
    "ElementProperty_MagpieData_avg_dev_NpValence": 0.07652842518935953,
    "AverageBondLength_std_dev_Average_bond_length": 0.06534557395783444,
    "OPSiteFingerprint_mean_body-centered_cubic_CN_8": 0.06339814490487589,
    "ElementProperty_MagpieData_maximum_Electronegativity": 0.06311302452491549,
    "ElementProperty_MagpieData_mode_Electronegativity": 0.055566936099148145,
    "ElementProperty_MagpieData_minimum_MendeleevNumber": 0.05423065518593283,
    "GaussianSymmFunc_std_dev_G2_80_0": 0.052494873618070995,
    "ElementProperty_MagpieData_maximum_CovalentRadius": 0.0512841399161165,
    "ValenceOrbital_frac_p_valence_electrons": 0.04984513181902663,
    "ElementProperty_MagpieData_maximum_GSbandgap": 0.04901368558731897,
    "ElementProperty_MagpieData_mean_Electronegativity": 0.04470442007214657,
    "ElementProperty_MagpieData_mean_SpaceGroupNumber": 0.04410588583490167,
    "ElementProperty_MagpieData_mean_MendeleevNumber": 0.04225634279997435,
    "ElementProperty_MagpieData_minimum_CovalentRadius": 0.0404656050837401,
    "GeneralizedRDF_std_dev_Gaussian_center=3_0_width=1_0": 0.039942031682698845,
    "DensityFeatures_packing_fraction": 0.036579897777761924,
    "CrystalNNFingerprint_mean_wt_CN_8": 0.03615415885229428
}