{
    "ElementProperty_MagpieData_mode_Number": 0.22462721251703627,
    "AGNIFingerPrint_std_dev_AGNI_eta=8_00e-01": 0.20886719683450777,
    "GaussianSymmFunc_mean_G2_80_0": 0.1873767844488179,
    "ElementProperty_MagpieData_range_NfValence": 0.1808419375737414,
    "GaussianSymmFunc_std_dev_G2_80_0": 0.16149581562230672,
    "ElementProperty_MagpieData_maximum_NdUnfilled": 0.12721955822183847,
    "ElementProperty_MagpieData_avg_dev_NsValence": 0.12052954331607216,
    "ElementProperty_MagpieData_mean_NdUnfilled": 0.09802243316174525,
    "AGNIFingerPrint_mean_AGNI_eta=8_00e-01": 0.09239740863385364,
    "ElementFraction_H": 0.06428278519808217,
    "ElementProperty_MagpieData_mean_NsUnfilled": 0.06386953275282929,
    "ElementFraction_Li": 0.062293668708175494,
    "ElementProperty_MagpieData_range_Column": 0.05921247929230675,
    "ElementProperty_MagpieData_minimum_NdValence": 0.05282539924169721,
    "ElementProperty_MagpieData_maximum_Number": 0.0523290099350508,
    "ElementProperty_MagpieData_range_NsUnfilled": 0.05223753011914086,
    "MaximumPackingEfficiency_max_packing_efficiency": 0.04938373281719552,
    "ElementProperty_MagpieData_maximum_NUnfilled": 0.044774790297886474,
    "ElementProperty_MagpieData_maximum_NfValence": 0.04348356806053803,
    "ElementProperty_MagpieData_mean_NdValence": 0.040393966327491086,
    "ElementProperty_MagpieData_mean_GSbandgap": 0.03949221330295989,
    "BondOrientationParameter_mean_BOOP_Q_l=3": 0.03923486061187691,
    "IonProperty_avg_ionic_char": 0.038548227182887286,
    "ElementProperty_MagpieData_mean_AtomicWeight": 0.037348785196033116,
    "ElementProperty_MagpieData_maximum_MeltingT": 0.03680199952929845,
    "ElementProperty_MagpieData_mode_GSbandgap": 0.03597019631465916,
    "ElementProperty_MagpieData_mean_MendeleevNumber": 0.03157044509681789,
    "ElementProperty_MagpieData_mean_Column": 0.031050390583720337,
    "ElementProperty_MagpieData_avg_dev_Column": 0.029727435846464534,
    "ValenceOrbital_frac_d_valence_electrons": 0.028170664523241167
}