{
    "ChemEnvSiteFingerprint_mean_C:8": 2.3517352571208527,
    "OPSiteFingerprint_mean_body-centered_cubic_CN_8": 1.0962521785754715,
    "CrystalNNFingerprint_mean_body-centered_cubic_CN_8": 0.5236977538856892,
    "OPSiteFingerprint_mean_cuboctahedral_CN_12": 0.48304131063538003,
    "ElementProperty_MagpieData_mean_CovalentRadius": 0.24919857712657345,
    "AverageBondAngle_mean_Average_bond_angle": 0.23909293827020953,
    "XRDPowderPattern_xrd_36": 0.19459263359662668,
    "CrystalNNFingerprint_mean_wt_CN_8": 0.1782599182640547,
    "MaximumPackingEfficiency_max_packing_efficiency": 0.17799023569349356,
    "ElementProperty_MagpieData_minimum_Number": 0.17244396582852284,
    "BondOrientationParameter_mean_BOOP_Q_l=10": 0.15047770792668683,
    "BondOrientationParameter_mean_BOOP_Q_l=6": 0.13257821734066405,
    "ElementProperty_MagpieData_maximum_MendeleevNumber": 0.1300208228871187,
    "BondOrientationParameter_mean_BOOP_Q_l=5": 0.12435438678470245,
    "AGNIFingerPrint_mean_AGNI_eta=1_23e+00": 0.11494013576616688,
    "CrystalNNFingerprint_mean_wt_CN_12": 0.11247110148913757,
    "AGNIFingerPrint_std_dev_AGNI_dir=y_eta=1_23e+00": 0.10143298236521178,
    "AverageBondLength_std_dev_Average_bond_length": 0.09754220937698213,
    "ElementProperty_MagpieData_mode_Number": 0.08916624011440591,
    "TMetalFraction_transition_metal_fraction": 0.08482404360407343,
    "GeneralizedRDF_std_dev_Gaussian_center=8_0_width=1_0": 0.08407600426320729,
    "ElementProperty_MagpieData_maximum_CovalentRadius": 0.0822557062553161,
    "ElementProperty_MagpieData_mean_Number": 0.08141334844532823,
    "Stoichiometry_7-norm": 0.06990521108036474,
    "ElementProperty_MagpieData_avg_dev_NdValence": 0.06975005808105805,
    "ElementProperty_MagpieData_mean_NpValence": 0.06875959448315853,
    "CrystalNNFingerprint_mean_cuboctahedral_CN_12": 0.06778957589731714,
    "CrystalNNFingerprint_mean_q6_CN_12": 0.0677584543744059,
    "Miedema_Miedema_deltaH_ss_min": 0.06715914968759015,
    "MEGNet_OFMEncoded_v1_86": 0.06405012888082148
}