{
    "AGNIFingerPrint_std_dev_AGNI_eta=8_00e-01": 0.8525065309145713,
    "GeneralizedRDF_std_dev_Gaussian_center=0_0_width=1_0": 0.7567532532286468,
    "AGNIFingerPrint_mean_AGNI_eta=8_00e-01": 0.748645266621217,
    "GeneralizedRDF_mean_Gaussian_center=0_0_width=1_0": 0.5964486080995806,
    "ElementProperty_MagpieData_mean_GSbandgap": 0.46944908676485975,
    "GaussianSymmFunc_std_dev_G2_80_0": 0.34902650441178296,
    "ElementProperty_MagpieData_mean_NpValence": 0.3044831700629725,
    "ElementProperty_MagpieData_mode_NsUnfilled": 0.25952306897029376,
    "ElementProperty_MagpieData_maximum_NdValence": 0.17107505311840115,
    "ElementProperty_MagpieData_mode_MendeleevNumber": 0.1174331368242135,
    "ElementProperty_MagpieData_avg_dev_MendeleevNumber": 0.10867162935789744,
    "DensityFeatures_packing_fraction": 0.10781714965572009,
    "ElementProperty_MagpieData_maximum_MendeleevNumber": 0.10336613170733842,
    "ElementFraction_H": 0.09636311349836994,
    "IonProperty_avg_ionic_char": 0.08773373972441564,
    "ElementProperty_MagpieData_range_NsUnfilled": 0.08752142760544386,
    "CrystalNNFingerprint_mean_wt_CN_1": 0.08379386380479624,
    "AGNIFingerPrint_std_dev_AGNI_dir=y_eta=1_23e+00": 0.08136689942015851,
    "CrystalNNFingerprint_std_dev_wt_CN_1": 0.07222278098364263,
    "ElementProperty_MagpieData_range_NdUnfilled": 0.06239791761772203,
    "GaussianSymmFunc_mean_G2_80_0": 0.05941195102762137,
    "ElementProperty_MagpieData_avg_dev_Column": 0.059133980460830356,
    "MEGNet_OFMEncoded_v1_167": 0.057160232797186954,
    "ElementProperty_MagpieData_mean_MendeleevNumber": 0.05543042620793051,
    "ElementProperty_MagpieData_mean_CovalentRadius": 0.0527179703632537,
    "ElementProperty_MagpieData_maximum_CovalentRadius": 0.05089544007844514,
    "BandCenter_band_center": 0.04698940596094469,
    "ElementProperty_MagpieData_range_MeltingT": 0.046758565119833645,
    "OPSiteFingerprint_mean_trigonal_pyramidal_CN_4": 0.04486305990721468,
    "SineCoulombMatrix_sine_coulomb_matrix_eig_0": 0.04437482743104073
}