{
    "ChemEnvSiteFingerprint_mean_C:8": 0.6168670208976155,
    "OPSiteFingerprint_mean_body-centered_cubic_CN_8": 0.3715952910580272,
    "MaximumPackingEfficiency_max_packing_efficiency": 0.28951904166568443,
    "ElementProperty_MagpieData_mean_CovalentRadius": 0.21947514284997321,
    "AverageBondAngle_mean_Average_bond_angle": 0.16030857211454924,
    "ValenceOrbital_frac_s_valence_electrons": 0.12905383176799742,
    "CrystalNNFingerprint_mean_body-centered_cubic_CN_8": 0.1254285980522475,
    "ElementProperty_MagpieData_maximum_NValence": 0.10692831753440521,
    "BondOrientationParameter_mean_BOOP_Q_l=10": 0.0962085612543136,
    "BondOrientationParameter_mean_BOOP_Q_l=6": 0.08328436877027205,
    "CrystalNNFingerprint_mean_wt_CN_8": 0.07925545962975475,
    "ElementProperty_MagpieData_mean_NpValence": 0.06854340663811404,
    "ElementProperty_MagpieData_mode_GSvolume_pa": 0.05771710629598922,
    "ElementProperty_MagpieData_maximum_MeltingT": 0.05424962560337629,
    "MEGNet_OFMEncoded_v1_86": 0.05245399728617609,
    "ValenceOrbital_frac_p_valence_electrons": 0.04674798112639773,
    "ElementProperty_MagpieData_mean_Number": 0.04645474098030243,
    "ElementProperty_MagpieData_mean_NUnfilled": 0.04518189514524084,
    "StructuralHeterogeneity_minimum_neighbor_distance_variation": 0.04459263747897263,
    "ElementProperty_MagpieData_mean_Row": 0.04437145288508791,
    "AGNIFingerPrint_std_dev_AGNI_dir=x_eta=4_43e+00": 0.0435003597655916,
    "ElementProperty_MagpieData_avg_dev_Electronegativity": 0.039646294299680036,
    "ElementFraction_O": 0.039078246057837315,
    "DensityFeatures_density": 0.03871790097783328,
    "ElementProperty_MagpieData_mean_NdValence": 0.03557516944874192,
    "ElementProperty_MagpieData_mode_GSbandgap": 0.03553626937998064,
    "ElementFraction_P": 0.03503312505481442,
    "ElementProperty_MagpieData_mode_Number": 0.034786779887230584,
    "ElementProperty_MagpieData_mode_Electronegativity": 0.03232551558211845,
    "CrystalNNFingerprint_mean_hexagonal_bipyramidal_CN_8": 0.032324937159981554
}