{
    "GaussianSymmFunc_mean_G2_80_0": 0.34852718628447904,
    "ElementProperty_MagpieData_range_NdValence": 0.2304698414135171,
    "ElementProperty_MagpieData_avg_dev_NdValence": 0.1846882977417878,
    "ElementProperty_MagpieData_maximum_NsUnfilled": 0.1757291025133788,
    "AGNIFingerPrint_std_dev_AGNI_eta=8_00e-01": 0.15721774517488296,
    "ElementProperty_MagpieData_mean_NdValence": 0.15690742616595932,
    "ElementProperty_MagpieData_avg_dev_GSbandgap": 0.15558153858962578,
    "ElementProperty_MagpieData_mean_GSbandgap": 0.15449212454587796,
    "AGNIFingerPrint_mean_AGNI_eta=8_00e-01": 0.14772127163485554,
    "GaussianSymmFunc_std_dev_G2_80_0": 0.14100886704504828,
    "ElementProperty_MagpieData_avg_dev_NpValence": 0.12234280467604976,
    "ElementProperty_MagpieData_maximum_GSbandgap": 0.12150934315876435,
    "BondOrientationParameter_mean_BOOP_Q_l=6": 0.10142384056551437,
    "AverageBondLength_std_dev_Average_bond_length": 0.09991694151232144,
    "ElementProperty_MagpieData_mean_NsUnfilled": 0.07791392315517597,
    "CrystalNNFingerprint_mean_square_pyramidal_CN_5": 0.06887722353540436,
    "ElementProperty_MagpieData_mean_GSmagmom": 0.06719116444727084,
    "ElementProperty_MagpieData_maximum_NUnfilled": 0.06499357828395974,
    "CrystalNNFingerprint_mean_hexagonal_planar_CN_6": 0.05835854680718025,
    "MaximumPackingEfficiency_max_packing_efficiency": 0.05829016463651165,
    "ElementProperty_MagpieData_mode_GSvolume_pa": 0.055970183215494414,
    "ElementProperty_MagpieData_maximum_NfUnfilled": 0.05560448239689723,
    "ElementProperty_MagpieData_mean_NpValence": 0.054597769104670395,
    "ElementProperty_MagpieData_avg_dev_NfUnfilled": 0.053759201522486116,
    "ElementProperty_MagpieData_maximum_MendeleevNumber": 0.050114895026784706,
    "ElementProperty_MagpieData_range_NfUnfilled": 0.04997047558977485,
    "ElementProperty_MagpieData_mode_GSbandgap": 0.04762212479026609,
    "ElementProperty_MagpieData_range_AtomicWeight": 0.045642895191342917,
    "ElementProperty_MagpieData_range_MendeleevNumber": 0.044943941995549866,
    "AGNIFingerPrint_std_dev_AGNI_dir=y_eta=8_00e-01": 0.044057621171311734
}