{
    "OPSiteFingerprint_mean_body-centered_cubic_CN_8": 0.9045112181064782,
    "MaximumPackingEfficiency_max_packing_efficiency": 0.5249099624503646,
    "ChemEnvSiteFingerprint_mean_C:8": 0.31978568667294593,
    "ElementProperty_MagpieData_maximum_Number": 0.1423579079064354,
    "ElementProperty_MagpieData_mean_NsUnfilled": 0.1412064175600049,
    "CrystalNNFingerprint_mean_body-centered_cubic_CN_8": 0.1411394818891849,
    "BondOrientationParameter_mean_BOOP_Q_l=10": 0.14017282358693695,
    "ElementProperty_MagpieData_range_NdValence": 0.12545774574824178,
    "ElementProperty_MagpieData_maximum_NdUnfilled": 0.12227864541789744,
    "BandCenter_band_center": 0.12226175222061256,
    "ElementProperty_MagpieData_mean_CovalentRadius": 0.11953933908143634,
    "AGNIFingerPrint_mean_AGNI_eta=8_00e-01": 0.09888422056999302,
    "AverageBondAngle_mean_Average_bond_angle": 0.08481984865310588,
    "ElementProperty_MagpieData_mean_Column": 0.07706143071324166,
    "ElementProperty_MagpieData_maximum_CovalentRadius": 0.07495861308518723,
    "OPSiteFingerprint_std_dev_octahedral_CN_6": 0.07249894270144334,
    "StructuralHeterogeneity_min_relative_bond_length": 0.056632280652952185,
    "BondOrientationParameter_mean_BOOP_Q_l=6": 0.05529544887093979,
    "ElementProperty_MagpieData_avg_dev_GSbandgap": 0.05278524346226461,
    "MEGNet_OFMEncoded_v1_90": 0.05235883644411382,
    "ElementProperty_MagpieData_minimum_NsValence": 0.04907425412307598,
    "GeneralizedRDF_std_dev_Gaussian_center=3_0_width=1_0": 0.04770285278863324,
    "GaussianSymmFunc_std_dev_G2_20_0": 0.04656103487464492,
    "GaussianSymmFunc_std_dev_G4_0_005_1_0_-1_0": 0.04501188430326913,
    "RadialDistributionFunction_radial_distribution_function_d_4_90": 0.04466041406788903,
    "CrystalNNFingerprint_mean_see-saw-like_CN_4": 0.04321574856061351,
    "CrystalNNFingerprint_mean_hexagonal_bipyramidal_CN_8": 0.041763527319164113,
    "TMetalFraction_transition_metal_fraction": 0.04152528387906159,
    "GeneralizedRDF_mean_Gaussian_center=1_0_width=1_0": 0.04041750825528943,
    "AGNIFingerPrint_std_dev_AGNI_eta=8_00e-01": 0.040141749556742254
}