{
    "AGNIFingerPrint_std_dev_AGNI_eta=8_00e-01": 0.19421288317466698,
    "AGNIFingerPrint_mean_AGNI_eta=8_00e-01": 0.14882082982103967,
    "ElementProperty_MagpieData_range_GSbandgap": 0.127771277047447,
    "GaussianSymmFunc_std_dev_G2_80_0": 0.09042569954603534,
    "ElementProperty_MagpieData_maximum_NdValence": 0.08939253305430842,
    "GaussianSymmFunc_mean_G2_80_0": 0.0867261681538539,
    "ElementProperty_MagpieData_mean_NsUnfilled": 0.082393252368479,
    "ElementProperty_MagpieData_mean_NfUnfilled": 0.0547185459210929,
    "ElementProperty_MagpieData_mean_Electronegativity": 0.05348632458908489,
    "ElementFraction_H": 0.0532565097936406,
    "ElementProperty_MagpieData_mode_GSbandgap": 0.05282041901470265,
    "ElementProperty_MagpieData_maximum_NValence": 0.05177217460068971,
    "ElementProperty_MagpieData_mean_NdUnfilled": 0.047199394461615925,
    "ElementProperty_MagpieData_avg_dev_GSbandgap": 0.039447942413237715,
    "AverageBondLength_std_dev_Average_bond_length": 0.03825469645778412,
    "ElementProperty_MagpieData_minimum_NUnfilled": 0.03269503280069804,
    "ElementProperty_MagpieData_mode_Electronegativity": 0.03147763833365011,
    "ElementProperty_MagpieData_mean_MendeleevNumber": 0.030182412422985565,
    "ElementProperty_MagpieData_mean_NpValence": 0.029936063931568946,
    "ElementProperty_MagpieData_minimum_Electronegativity": 0.029862463066861272,
    "CrystalNNFingerprint_mean_octahedral_CN_6": 0.02896100715771364,
    "ElementProperty_MagpieData_minimum_MendeleevNumber": 0.02763565193035181,
    "ElementProperty_MagpieData_minimum_Number": 0.02720605411830852,
    "OPSiteFingerprint_mean_sgl_bd_CN_1": 0.026993663089747377,
    "ElementProperty_MagpieData_maximum_NUnfilled": 0.026990043098616967,
    "ElementProperty_MagpieData_avg_dev_NdUnfilled": 0.026243614479731735,
    "ElementProperty_MagpieData_mean_GSbandgap": 0.026243234143686883,
    "ElementProperty_MagpieData_mean_GSmagmom": 0.025708822632995856,
    "ElementProperty_MagpieData_maximum_GSmagmom": 0.025570786862273896,
    "ElementFraction_Fe": 0.025177074929010605
}