{
    "GaussianSymmFunc_mean_G2_80_0": 0.4831406329312771,
    "ElementProperty_MagpieData_mean_NsUnfilled": 0.4724117527047114,
    "ElementProperty_MagpieData_maximum_NsUnfilled": 0.2649913129327396,
    "ElementProperty_MagpieData_maximum_NpUnfilled": 0.2541380632665596,
    "GaussianSymmFunc_std_dev_G2_80_0": 0.24345325931740802,
    "TMetalFraction_transition_metal_fraction": 0.23362439380042824,
    "ElementProperty_MagpieData_avg_dev_NpValence": 0.19307682836515655,
    "ElementProperty_MagpieData_mean_NdUnfilled": 0.17502525566605587,
    "AGNIFingerPrint_std_dev_AGNI_eta=8_00e-01": 0.14238209253354386,
    "ElementProperty_MagpieData_maximum_NdUnfilled": 0.10594538528597493,
    "ElementProperty_MagpieData_mean_NpUnfilled": 0.09952861225003858,
    "ElementProperty_MagpieData_range_NfValence": 0.09120059283960878,
    "ElementProperty_MagpieData_avg_dev_NdUnfilled": 0.08415769770380925,
    "ElementProperty_MagpieData_maximum_NdValence": 0.07569263646306633,
    "ElementProperty_MagpieData_maximum_CovalentRadius": 0.07383905920293479,
    "MEGNet_OFMEncoded_v1_27": 0.0724256697366977,
    "BondOrientationParameter_mean_BOOP_Q_l=3": 0.07120972493071712,
    "ElementProperty_MagpieData_maximum_Number": 0.06564558478529872,
    "CrystalNNFingerprint_mean_q6_CN_12": 0.06475259257381767,
    "ElementProperty_MagpieData_avg_dev_NpUnfilled": 0.06119111209489574,
    "ElementFraction_Fe": 0.058487497661680585,
    "ElementProperty_MagpieData_mean_NfValence": 0.05847473543061938,
    "ElementFraction_H": 0.05838015522126477,
    "ElementProperty_MagpieData_range_MeltingT": 0.057045675071075705,
    "CrystalNNFingerprint_mean_octahedral_CN_6": 0.05575923740595523,
    "ElementProperty_MagpieData_mode_GSbandgap": 0.050716728337441994,
    "GeneralizedRDF_std_dev_Gaussian_center=0_0_width=1_0": 0.047753876819343975,
    "CrystalNNFingerprint_mean_tetrahedral_CN_4": 0.04669117261783978,
    "ElementProperty_MagpieData_maximum_MeltingT": 0.04658996763809381,
    "ElementProperty_MagpieData_minimum_MendeleevNumber": 0.04575954891462042
}