{
    "GaussianSymmFunc_mean_G2_80_0": 0.33316865367189874,
    "AGNIFingerPrint_std_dev_AGNI_eta=8_00e-01": 0.1902940621756614,
    "GaussianSymmFunc_std_dev_G2_80_0": 0.18527485579178624,
    "ElementProperty_MagpieData_avg_dev_GSmagmom": 0.1011321332904516,
    "MaximumPackingEfficiency_max_packing_efficiency": 0.10108054223805843,
    "ElementProperty_MagpieData_maximum_GSbandgap": 0.09857150219157042,
    "ValenceOrbital_frac_d_valence_electrons": 0.0846617272627673,
    "CrystalNNFingerprint_mean_octahedral_CN_6": 0.06973729197283136,
    "ElementProperty_MagpieData_maximum_NdValence": 0.06534610714827953,
    "ElementProperty_MagpieData_range_GSmagmom": 0.06071344239018977,
    "ElementProperty_MagpieData_mode_GSbandgap": 0.05792842114722394,
    "AGNIFingerPrint_mean_AGNI_eta=8_00e-01": 0.05769947897021069,
    "ElementProperty_MagpieData_maximum_Number": 0.05615171455139189,
    "ElementProperty_MagpieData_range_Number": 0.04788709133431981,
    "ElementProperty_MagpieData_mean_GSbandgap": 0.047463425990007926,
    "RadialDistributionFunction_radial_distribution_function_d_3_70": 0.040937883390811745,
    "XRDPowderPattern_xrd_37": 0.04057405309927171,
    "ElementProperty_MagpieData_mean_MendeleevNumber": 0.04049054580117977,
    "ElementProperty_MagpieData_minimum_MeltingT": 0.039527474530627944,
    "GeneralizedRDF_mean_Gaussian_center=5_0_width=1_0": 0.03949888275547088,
    "ElementProperty_MagpieData_minimum_MendeleevNumber": 0.039084382371674435,
    "ElementProperty_MagpieData_avg_dev_NdUnfilled": 0.038123222180054296,
    "ElementProperty_MagpieData_minimum_Number": 0.03635781915960642,
    "ElementFraction_H": 0.03290371023725217,
    "ElementProperty_MagpieData_maximum_NfUnfilled": 0.03256488279636828,
    "ElementProperty_MagpieData_mean_NfValence": 0.03146651418429563,
    "ElementFraction_Fe": 0.029902071838301267,
    "ElementProperty_MagpieData_mean_Column": 0.028583960199520253,
    "ElementProperty_MagpieData_mean_CovalentRadius": 0.02817869910741565,
    "YangSolidSolution_Yang_delta": 0.02788172079612767
}