{
    "MaximumPackingEfficiency_max_packing_efficiency": 0.9974465711668614,
    "ElementProperty_MagpieData_mean_Electronegativity": 0.3415442091828955,
    "OPSiteFingerprint_mean_body-centered_cubic_CN_8": 0.28831705684523223,
    "ElementProperty_MagpieData_mean_AtomicWeight": 0.2346727578176073,
    "ElementProperty_MagpieData_maximum_Electronegativity": 0.19344466807108224,
    "ElementProperty_MagpieData_mean_Row": 0.1798163297161565,
    "ElementProperty_MagpieData_mean_NpValence": 0.17070843337810954,
    "BondOrientationParameter_mean_BOOP_Q_l=10": 0.15608833546402534,
    "CrystalNNFingerprint_mean_wt_CN_8": 0.13733046011134586,
    "MEGNet_OFMEncoded_v1_82": 0.1216219171785612,
    "ElementProperty_MagpieData_mean_SpaceGroupNumber": 0.11964293231456369,
    "CrystalNNFingerprint_mean_q6_CN_9": 0.10931250980452001,
    "ElementProperty_MagpieData_maximum_Number": 0.09779469758853186,
    "ElementProperty_MagpieData_maximum_GSvolume_pa": 0.0928083410558646,
    "ElementProperty_MagpieData_mode_CovalentRadius": 0.08527042640091881,
    "AverageBondLength_mean_Average_bond_length": 0.08503043429829518,
    "AverageBondLength_std_dev_Average_bond_length": 0.08486905773764661,
    "ElementProperty_MagpieData_mode_MendeleevNumber": 0.07839884805638467,
    "GeneralizedRDF_std_dev_Gaussian_center=3_0_width=1_0": 0.06921127901624155,
    "ElementProperty_MagpieData_range_CovalentRadius": 0.06910278689058108,
    "CrystalNNFingerprint_mean_body-centered_cubic_CN_8": 0.06551001161667049,
    "ElementProperty_MagpieData_maximum_CovalentRadius": 0.06219033961684707,
    "ElementProperty_MagpieData_mean_GSvolume_pa": 0.0582194097630877,
    "XRDPowderPattern_xrd_36": 0.056645763131308854,
    "CoulombMatrix_coulomb_matrix_eig_0": 0.05558764543897592,
    "ElementProperty_MagpieData_mode_MeltingT": 0.05183756564354129,
    "ElementProperty_MagpieData_avg_dev_GSvolume_pa": 0.05154225868321949,
    "OPSiteFingerprint_mean_q2_CN_12": 0.05044635985874018,
    "ElementProperty_MagpieData_mean_CovalentRadius": 0.050204152940183586,
    "ChemEnvSiteFingerprint_mean_C:8": 0.049300532532500156
}