{
    "AGNIFingerPrint_std_dev_AGNI_eta=8_00e-01": 0.26794110577472147,
    "AGNIFingerPrint_mean_AGNI_eta=8_00e-01": 0.16386831805542373,
    "GaussianSymmFunc_std_dev_G2_80_0": 0.15047316002790792,
    "ElementProperty_MagpieData_mean_MendeleevNumber": 0.11686946893463893,
    "GaussianSymmFunc_mean_G2_80_0": 0.1106707130790254,
    "ElementProperty_MagpieData_maximum_Number": 0.110129126141142,
    "ElementProperty_MagpieData_range_NfValence": 0.10739666393090247,
    "MaximumPackingEfficiency_max_packing_efficiency": 0.10061578563009972,
    "ElementProperty_MagpieData_avg_dev_Column": 0.09390744143323887,
    "ElementFraction_H": 0.07710265193674606,
    "ElementProperty_MagpieData_mean_NpUnfilled": 0.06746316466828557,
    "Stoichiometry_5-norm": 0.06259116234141457,
    "ElementProperty_MagpieData_mean_NsUnfilled": 0.06114647843831508,
    "ElementProperty_MagpieData_mode_GSbandgap": 0.05899534642353716,
    "ElementProperty_MagpieData_avg_dev_NsUnfilled": 0.052862392449346214,
    "CrystalNNFingerprint_mean_cuboctahedral_CN_12": 0.047238095272673884,
    "ElementProperty_MagpieData_maximum_NsUnfilled": 0.04619493770293718,
    "ElementProperty_MagpieData_mean_Column": 0.045455227670173265,
    "GeneralizedRDF_std_dev_Gaussian_center=0_0_width=1_0": 0.045446449378929034,
    "ElementProperty_MagpieData_minimum_Electronegativity": 0.04530021272853936,
    "ElementProperty_MagpieData_mean_NdUnfilled": 0.04483367800726946,
    "ElementProperty_MagpieData_minimum_NValence": 0.04469793043910673,
    "GeneralizedRDF_mean_Gaussian_center=0_0_width=1_0": 0.04076867247745722,
    "ValenceOrbital_frac_s_valence_electrons": 0.03926269375103739,
    "ElementProperty_MagpieData_minimum_NsValence": 0.03831873965264376,
    "ElementProperty_MagpieData_minimum_Column": 0.036874005336538,
    "ElementProperty_MagpieData_range_Number": 0.035983184140429156,
    "VoronoiFingerprint_mean_Voro_dist_minimum": 0.03402915249900354,
    "GaussianSymmFunc_std_dev_G2_20_0": 0.03271357784144615,
    "Stoichiometry_2-norm": 0.03213781678417637
}