{
    "ChemEnvSiteFingerprint_mean_C:8": 3.447120460423134,
    "CrystalNNFingerprint_mean_body-centered_cubic_CN_8": 0.8146698581245819,
    "XRDPowderPattern_xrd_36": 0.7629076722927798,
    "MaximumPackingEfficiency_max_packing_efficiency": 0.7622221663226451,
    "BondOrientationParameter_mean_BOOP_Q_l=10": 0.360295803236985,
    "ElementProperty_MagpieData_mean_NpValence": 0.27395704014026157,
    "ElementProperty_MagpieData_mean_CovalentRadius": 0.27376615069652666,
    "XRDPowderPattern_xrd_35": 0.1846062564437765,
    "ElementProperty_MagpieData_maximum_Electronegativity": 0.17604066256555465,
    "OPSiteFingerprint_mean_body-centered_cubic_CN_8": 0.14472750171711657,
    "ElementProperty_MagpieData_maximum_NfUnfilled": 0.14268799723562595,
    "ElementProperty_MagpieData_avg_dev_CovalentRadius": 0.13030482835595997,
    "CrystalNNFingerprint_mean_wt_CN_8": 0.12974091753320183,
    "GeneralizedRDF_mean_Gaussian_center=1_0_width=1_0": 0.12306460175438493,
    "ElementProperty_MagpieData_avg_dev_NdValence": 0.11274915379733098,
    "ElementProperty_MagpieData_mean_GSvolume_pa": 0.10821675973058943,
    "GaussianSymmFunc_mean_G2_20_0": 0.10409093794016537,
    "CrystalNNFingerprint_mean_wt_CN_14": 0.09731319091287681,
    "ElementProperty_MagpieData_maximum_NdUnfilled": 0.09676135244201906,
    "BondOrientationParameter_mean_BOOP_Q_l=6": 0.09577688045616906,
    "GeneralizedRDF_mean_Gaussian_center=5_0_width=1_0": 0.09302219672285028,
    "ElementProperty_MagpieData_maximum_NfValence": 0.0916378460233123,
    "ValenceOrbital_frac_p_valence_electrons": 0.0826000157682428,
    "ValenceOrbital_frac_f_valence_electrons": 0.08196098223074583,
    "ElementProperty_MagpieData_maximum_MendeleevNumber": 0.08182449623136573,
    "ElementProperty_MagpieData_avg_dev_Row": 0.07600104478811061,
    "XRDPowderPattern_xrd_34": 0.07398775048227078,
    "MEGNet_OFMEncoded_v1_118": 0.07061316138744228,
    "GaussianSymmFunc_std_dev_G2_80_0": 0.06540288839299287,
    "CrystalNNFingerprint_mean_trigonal_pyramidal_CN_4": 0.06454304550163237
}