{
    "ChemEnvSiteFingerprint_mean_C:8": 0.8681456659481678,
    "OPSiteFingerprint_mean_body-centered_cubic_CN_8": 0.4484015315521192,
    "CrystalNNFingerprint_mean_body-centered_cubic_CN_8": 0.35704558696099215,
    "ElementProperty_MagpieData_mode_Column": 0.16992172476297854,
    "AGNIFingerPrint_std_dev_AGNI_dir=x_eta=4_43e+00": 0.14588924294122727,
    "AverageBondAngle_mean_Average_bond_angle": 0.14369430482723958,
    "CrystalNNFingerprint_mean_wt_CN_8": 0.11114366140380083,
    "ElementProperty_MagpieData_mean_NpValence": 0.10942401173656062,
    "GaussianSymmFunc_mean_G2_20_0": 0.10622548472201056,
    "ElementProperty_MagpieData_mean_CovalentRadius": 0.09203531243563652,
    "AGNIFingerPrint_std_dev_AGNI_dir=x_eta=1_88e+00": 0.0792149763770612,
    "ElementProperty_MagpieData_mode_SpaceGroupNumber": 0.06612443777238478,
    "ElementProperty_MagpieData_range_NdUnfilled": 0.05717852171198957,
    "ElementProperty_MagpieData_minimum_Electronegativity": 0.0549948564099003,
    "ElementProperty_MagpieData_minimum_MendeleevNumber": 0.05492262732010017,
    "AGNIFingerPrint_mean_AGNI_eta=8_00e-01": 0.05431861367832594,
    "ElementProperty_MagpieData_range_NdValence": 0.05178876302267904,
    "ElementProperty_MagpieData_maximum_NdUnfilled": 0.050458862557383764,
    "ElementProperty_MagpieData_maximum_MendeleevNumber": 0.046802706049358524,
    "ElementProperty_MagpieData_range_NfValence": 0.04388561530184683,
    "ElementProperty_MagpieData_range_MendeleevNumber": 0.0435800305751562,
    "CrystalNNFingerprint_mean_square_co-planar_CN_4": 0.043429989231210525,
    "ElementProperty_MagpieData_mean_GSmagmom": 0.04221523270159867,
    "ElementProperty_MagpieData_range_NfUnfilled": 0.041445387525437576,
    "Stoichiometry_2-norm": 0.0397143179919415,
    "TMetalFraction_transition_metal_fraction": 0.0383841619558844,
    "ElementProperty_MagpieData_avg_dev_NsValence": 0.038338003437329446,
    "XRDPowderPattern_xrd_35": 0.03800135580847084,
    "DensityFeatures_packing_fraction": 0.03763581383606113,
    "Stoichiometry_7-norm": 0.0368098522878617
}