{
    "GaussianSymmFunc_mean_G2_80_0": 0.36929366458568913,
    "AGNIFingerPrint_std_dev_AGNI_eta=8_00e-01": 0.3211516508117618,
    "GaussianSymmFunc_std_dev_G2_80_0": 0.210231297706891,
    "GeneralizedRDF_std_dev_Gaussian_center=0_0_width=1_0": 0.11236977946301514,
    "ElementProperty_MagpieData_maximum_NdUnfilled": 0.09645266367038116,
    "ElementProperty_MagpieData_mean_GSbandgap": 0.09501587983457216,
    "AGNIFingerPrint_mean_AGNI_eta=8_00e-01": 0.07085716791055983,
    "MaximumPackingEfficiency_max_packing_efficiency": 0.05374203511003237,
    "ElementProperty_MagpieData_avg_dev_NfValence": 0.049025648591085824,
    "BondOrientationParameter_mean_BOOP_Q_l=3": 0.048091274002769795,
    "ElementProperty_MagpieData_mean_NdUnfilled": 0.04796175778957964,
    "AGNIFingerPrint_std_dev_AGNI_dir=x_eta=8_00e-01": 0.04297954680503536,
    "ElementProperty_MagpieData_mean_NpUnfilled": 0.04248127654797227,
    "ElementProperty_MagpieData_mean_Row": 0.03901815757891866,
    "ElementProperty_MagpieData_minimum_MendeleevNumber": 0.03785567461315147,
    "ElementProperty_MagpieData_avg_dev_NsValence": 0.03624853268055358,
    "ElementProperty_MagpieData_mode_GSbandgap": 0.0350740584561982,
    "ElementProperty_MagpieData_range_NsUnfilled": 0.034291456223000255,
    "ElementProperty_MagpieData_mean_NdValence": 0.033056780603931656,
    "ElementProperty_MagpieData_maximum_Number": 0.0279865397200851,
    "ElementFraction_H": 0.027162469955800524,
    "GeneralizedRDF_mean_Gaussian_center=0_0_width=1_0": 0.02413609156213459,
    "ElementProperty_MagpieData_range_Column": 0.021824064345353923,
    "VoronoiFingerprint_mean_Voro_area_maximum": 0.02143903079028955,
    "ElementProperty_MagpieData_mean_NsUnfilled": 0.021051966839290934,
    "AGNIFingerPrint_std_dev_AGNI_dir=y_eta=8_00e-01": 0.0207209719782589,
    "ElementProperty_MagpieData_mean_Electronegativity": 0.020235540771111754,
    "DensityFeatures_packing_fraction": 0.02000830516998778,
    "DensityFeatures_density": 0.01782051577988507,
    "ElementProperty_MagpieData_range_MendeleevNumber": 0.017797120308422173
}