{
    "ChemEnvSiteFingerprint_mean_C:8": 3.837634638011073,
    "MaximumPackingEfficiency_max_packing_efficiency": 1.1910850665676622,
    "CrystalNNFingerprint_mean_body-centered_cubic_CN_8": 0.9526014028017381,
    "XRDPowderPattern_xrd_36": 0.5199933039508673,
    "BondOrientationParameter_mean_BOOP_Q_l=10": 0.4529252497865196,
    "ElementProperty_MagpieData_mean_CovalentRadius": 0.41817353557978537,
    "ElementProperty_MagpieData_mean_NpValence": 0.41026185440906554,
    "XRDPowderPattern_xrd_35": 0.333789410341485,
    "OPSiteFingerprint_mean_body-centered_cubic_CN_8": 0.25802081834754453,
    "BondOrientationParameter_mean_BOOP_Q_l=6": 0.2436084163093675,
    "ElementProperty_MagpieData_maximum_Electronegativity": 0.1176697169678834,
    "ElementProperty_MagpieData_avg_dev_NdValence": 0.09705716224342367,
    "ElementProperty_MagpieData_maximum_MendeleevNumber": 0.08813510270552566,
    "GaussianSymmFunc_mean_G2_20_0": 0.0875658360168823,
    "ElementProperty_MagpieData_maximum_NfUnfilled": 0.08266949648393336,
    "CrystalNNFingerprint_mean_wt_CN_8": 0.07844436767220284,
    "ElementProperty_MagpieData_avg_dev_CovalentRadius": 0.07618623551738235,
    "AGNIFingerPrint_mean_AGNI_eta=1_23e+00": 0.0758840607043139,
    "GaussianSymmFunc_mean_G2_0_05": 0.07475206560077914,
    "GaussianSymmFunc_std_dev_G2_80_0": 0.0732970367076773,
    "ValenceOrbital_frac_f_valence_electrons": 0.07300257147990079,
    "MEGNet_OFMEncoded_v1_118": 0.0665220363324067,
    "ElementProperty_MagpieData_avg_dev_Row": 0.06528636038824526,
    "AGNIFingerPrint_mean_AGNI_eta=1_88e+00": 0.06487707390399665,
    "CrystalNNFingerprint_mean_hexagonal_bipyramidal_CN_8": 0.06451075256433823,
    "ElementProperty_MagpieData_mean_NfValence": 0.062636113061914,
    "AverageBondAngle_mean_Average_bond_angle": 0.062614743943668,
    "ValenceOrbital_frac_p_valence_electrons": 0.061989352861208005,
    "ElementProperty_MagpieData_mean_AtomicWeight": 0.06192145004891585,
    "XRDPowderPattern_xrd_113": 0.061782399335948306
}