{
    "ChemEnvSiteFingerprint_mean_C:8": 0.6610012123693613,
    "OPSiteFingerprint_mean_body-centered_cubic_CN_8": 0.4185086825261042,
    "CrystalNNFingerprint_mean_wt_CN_8": 0.2519219368235146,
    "CrystalNNFingerprint_mean_body-centered_cubic_CN_8": 0.18091480082553715,
    "AverageBondAngle_mean_Average_bond_angle": 0.17938719090030936,
    "ElementProperty_MagpieData_maximum_NValence": 0.10796929559831182,
    "ElementProperty_MagpieData_mean_CovalentRadius": 0.10664576842894063,
    "AGNIFingerPrint_std_dev_AGNI_dir=x_eta=2_89e+00": 0.10213018864225419,
    "ElementProperty_MagpieData_range_NfValence": 0.09445891431847904,
    "ElementProperty_MagpieData_mean_GSmagmom": 0.08989048357933706,
    "GeneralizedRDF_std_dev_Gaussian_center=3_0_width=1_0": 0.0854849638501843,
    "ElementProperty_MagpieData_minimum_Electronegativity": 0.08386082485996482,
    "GaussianSymmFunc_mean_G2_80_0": 0.07722712537355939,
    "GaussianSymmFunc_mean_G4_0_005_1_0_-1_0": 0.07098217090616234,
    "AverageBondLength_mean_Average_bond_length": 0.061856330366925776,
    "ElementProperty_MagpieData_avg_dev_NsValence": 0.05545564852115834,
    "ElementProperty_MagpieData_minimum_MendeleevNumber": 0.054363180559744394,
    "ElementFraction_Li": 0.053952819189439054,
    "ElementProperty_MagpieData_range_NdUnfilled": 0.05060516727670335,
    "DensityFeatures_packing_fraction": 0.046210605396159884,
    "CrystalNNFingerprint_mean_tetrahedral_CN_4": 0.0437974888207055,
    "OPSiteFingerprint_mean_linear_CN_2": 0.043216563053677874,
    "AverageBondLength_std_dev_Average_bond_length": 0.043213308723818046,
    "ElementProperty_MagpieData_range_NsUnfilled": 0.03989776386482884,
    "BondOrientationParameter_mean_BOOP_Q_l=6": 0.038077931707236834,
    "CrystalNNFingerprint_std_dev_rectangular_see-saw-like_CN_4": 0.037270617478786815,
    "ElementProperty_MagpieData_avg_dev_GSmagmom": 0.03595106488144557,
    "CrystalNNFingerprint_mean_wt_CN_14": 0.035179538027510414,
    "BondOrientationParameter_mean_BOOP_Q_l=10": 0.03410526271000395,
    "ElementProperty_MagpieData_maximum_CovalentRadius": 0.03374937893667332
}