{
    "ChemEnvSiteFingerprint_mean_C:8": 2.990506164124493,
    "CrystalNNFingerprint_mean_body-centered_cubic_CN_8": 0.810055095617589,
    "XRDPowderPattern_xrd_36": 0.7993124627613967,
    "MaximumPackingEfficiency_max_packing_efficiency": 0.6929109315784643,
    "BondOrientationParameter_mean_BOOP_Q_l=10": 0.33529159621495036,
    "ElementProperty_MagpieData_mean_NpValence": 0.31104637230648036,
    "ElementProperty_MagpieData_maximum_Electronegativity": 0.175091034332282,
    "BondOrientationParameter_mean_BOOP_Q_l=6": 0.1666731971437873,
    "CrystalNNFingerprint_mean_wt_CN_8": 0.13155817591956212,
    "XRDPowderPattern_xrd_35": 0.12760982437639842,
    "ElementProperty_MagpieData_avg_dev_NdValence": 0.12347014158380108,
    "ElementProperty_MagpieData_mean_CovalentRadius": 0.11810288926732247,
    "ValenceOrbital_frac_p_valence_electrons": 0.11619270097875527,
    "OPSiteFingerprint_mean_body-centered_cubic_CN_8": 0.11146656579481184,
    "GaussianSymmFunc_mean_G2_20_0": 0.10558324006106228,
    "AGNIFingerPrint_std_dev_AGNI_dir=x_eta=1_04e+01": 0.09933121996868377,
    "ElementProperty_MagpieData_avg_dev_CovalentRadius": 0.09833771456474834,
    "GaussianSymmFunc_std_dev_G2_80_0": 0.08926034479273862,
    "ElementProperty_MagpieData_maximum_NfValence": 0.08663778633043093,
    "XRDPowderPattern_xrd_34": 0.08596694029480602,
    "CrystalNNFingerprint_mean_wt_CN_14": 0.08110453701158138,
    "ElementProperty_MagpieData_maximum_NfUnfilled": 0.08066418287523669,
    "ElementProperty_MagpieData_maximum_NdUnfilled": 0.07942091506440188,
    "GeneralizedRDF_mean_Gaussian_center=5_0_width=1_0": 0.07702422410141183,
    "SineCoulombMatrix_sine_coulomb_matrix_eig_3": 0.07609794784247097,
    "CrystalNNFingerprint_mean_trigonal_pyramidal_CN_4": 0.06526217562387658,
    "ElementProperty_MagpieData_mean_Number": 0.06443943118619146,
    "ElementProperty_MagpieData_maximum_MendeleevNumber": 0.06355834645387229,
    "XRDPowderPattern_xrd_33": 0.05952454956942121,
    "ElementProperty_MagpieData_mean_NfValence": 0.05795378131116493
}