{
    "GaussianSymmFunc_mean_G2_80_0": 0.3592254416702381,
    "GaussianSymmFunc_std_dev_G2_80_0": 0.32963672393479,
    "ElementProperty_MagpieData_maximum_NdUnfilled": 0.28547628157741894,
    "ElementProperty_MagpieData_mean_NpUnfilled": 0.2690909518928907,
    "ElementProperty_MagpieData_maximum_NValence": 0.26551809844787516,
    "ElementProperty_MagpieData_mean_NfUnfilled": 0.25152586531018906,
    "ElementProperty_MagpieData_maximum_Number": 0.214508101117632,
    "AGNIFingerPrint_mean_AGNI_eta=8_00e-01": 0.1676485035756508,
    "ElementProperty_MagpieData_mean_MendeleevNumber": 0.15434360123060875,
    "AGNIFingerPrint_std_dev_AGNI_eta=8_00e-01": 0.14712333128497151,
    "DensityFeatures_packing_fraction": 0.12499811814653723,
    "ElementProperty_MagpieData_avg_dev_SpaceGroupNumber": 0.11251575812613605,
    "ElementProperty_MagpieData_range_NdUnfilled": 0.10952260317497482,
    "ElementProperty_MagpieData_mode_MendeleevNumber": 0.08227275681321478,
    "ElementProperty_MagpieData_avg_dev_Electronegativity": 0.0799900389541718,
    "TMetalFraction_transition_metal_fraction": 0.07136191322561458,
    "OPSiteFingerprint_mean_body-centered_cubic_CN_8": 0.06791201810657102,
    "ElementProperty_MagpieData_minimum_GSvolume_pa": 0.06770814819733914,
    "ElementProperty_MagpieData_avg_dev_AtomicWeight": 0.0667474368776873,
    "ElementProperty_MagpieData_mean_GSbandgap": 0.06529915960551551,
    "MaximumPackingEfficiency_max_packing_efficiency": 0.0646597908349742,
    "ElementProperty_MagpieData_mode_Electronegativity": 0.05941266914933153,
    "AverageBondLength_mean_Average_bond_length": 0.05874925193444166,
    "ElementProperty_MagpieData_avg_dev_NfValence": 0.055806049660166016,
    "AtomicOrbitals_HOMO_character": 0.054219436161619484,
    "ElementProperty_MagpieData_mode_GSbandgap": 0.054034113306103096,
    "CrystalNNFingerprint_mean_octahedral_CN_6": 0.053812011166733884,
    "ElementProperty_MagpieData_range_AtomicWeight": 0.05350177115309067,
    "ElementProperty_MagpieData_minimum_CovalentRadius": 0.05194285520237492,
    "ChemEnvSiteFingerprint_mean_C:8": 0.0516418096281365
}