{
    "ChemEnvSiteFingerprint_mean_C:8": 0.9627635706812955,
    "OPSiteFingerprint_mean_body-centered_cubic_CN_8": 0.6918862627063105,
    "ElementProperty_MagpieData_range_NdUnfilled": 0.24494603229265263,
    "CrystalNNFingerprint_mean_body-centered_cubic_CN_8": 0.22598593408531956,
    "AverageBondAngle_mean_Average_bond_angle": 0.17870227320745088,
    "BondFractions_Li_-_O_bond_frac_": 0.12358097048376587,
    "ElementProperty_MagpieData_maximum_NpUnfilled": 0.12117553658321355,
    "ElementProperty_MagpieData_mean_CovalentRadius": 0.12111937062775378,
    "ElementProperty_MagpieData_mean_MendeleevNumber": 0.11962999231479741,
    "ElementProperty_MagpieData_mean_Column": 0.10950553789562267,
    "ElementProperty_MagpieData_range_MendeleevNumber": 0.10449334066988943,
    "CrystalNNFingerprint_mean_wt_CN_8": 0.0927445529344162,
    "GaussianSymmFunc_mean_G2_4_0": 0.08629226185262737,
    "ElementFraction_O": 0.0715213954690337,
    "ElementProperty_MagpieData_maximum_NfValence": 0.07008621684643043,
    "ElementProperty_MagpieData_maximum_NdUnfilled": 0.06507661068115375,
    "ElementProperty_MagpieData_mode_MendeleevNumber": 0.058076684581024385,
    "ElementProperty_MagpieData_mean_NdUnfilled": 0.05593662862582313,
    "ElementProperty_MagpieData_mean_NpUnfilled": 0.05514869635225228,
    "ElementProperty_MagpieData_avg_dev_GSmagmom": 0.054722576465062525,
    "ElementFraction_Li": 0.05427547340858068,
    "ElementProperty_MagpieData_maximum_CovalentRadius": 0.05383948587506972,
    "VoronoiFingerprint_mean_Voro_vol_minimum": 0.05132503636513753,
    "ElementProperty_MagpieData_avg_dev_NdValence": 0.05073045826132045,
    "ElementProperty_MagpieData_minimum_MendeleevNumber": 0.04978200761930693,
    "ValenceOrbital_frac_d_valence_electrons": 0.049271188252363485,
    "AGNIFingerPrint_std_dev_AGNI_dir=y_eta=2_89e+00": 0.046635890129116765,
    "ElementProperty_MagpieData_avg_dev_NfValence": 0.04586192940002676,
    "ElementProperty_MagpieData_range_NfValence": 0.04405297338809495,
    "ElementProperty_MagpieData_range_MeltingT": 0.04007773795145091
}