{
    "ChemEnvSiteFingerprint_mean_C:8": 3.178210685879268,
    "XRDPowderPattern_xrd_36": 0.773751510894098,
    "MaximumPackingEfficiency_max_packing_efficiency": 0.7699141530856922,
    "CrystalNNFingerprint_mean_body-centered_cubic_CN_8": 0.5529015853228533,
    "ElementProperty_MagpieData_mean_NpValence": 0.3546287531049931,
    "BondOrientationParameter_mean_BOOP_Q_l=10": 0.3311744198905286,
    "ElementProperty_MagpieData_maximum_Electronegativity": 0.2253265419229097,
    "XRDPowderPattern_xrd_35": 0.18326014553076506,
    "OPSiteFingerprint_mean_body-centered_cubic_CN_8": 0.17232809718824776,
    "ElementProperty_MagpieData_mean_CovalentRadius": 0.16252529676394248,
    "CrystalNNFingerprint_mean_wt_CN_8": 0.15761704406493068,
    "ElementProperty_MagpieData_maximum_NfUnfilled": 0.1301419572946978,
    "ElementProperty_MagpieData_avg_dev_NdValence": 0.10226877523198531,
    "BondOrientationParameter_mean_BOOP_Q_l=6": 0.10185891602861874,
    "ElementProperty_MagpieData_maximum_NdUnfilled": 0.10039041165931772,
    "ElementProperty_MagpieData_maximum_NfValence": 0.09677150297919133,
    "GaussianSymmFunc_mean_G2_20_0": 0.09610619239203508,
    "CrystalNNFingerprint_mean_wt_CN_14": 0.09477695372608798,
    "ElementProperty_MagpieData_avg_dev_CovalentRadius": 0.08755114079001343,
    "ElementProperty_MagpieData_maximum_MendeleevNumber": 0.07872745557815983,
    "GeneralizedRDF_mean_Gaussian_center=5_0_width=1_0": 0.07854315265376706,
    "ElementProperty_MagpieData_avg_dev_Row": 0.07803528572688931,
    "MEGNet_OFMEncoded_v1_118": 0.0779920724302364,
    "SineCoulombMatrix_sine_coulomb_matrix_eig_3": 0.077675245213757,
    "ElementProperty_MagpieData_mean_NfValence": 0.07658759820517361,
    "XRDPowderPattern_xrd_34": 0.07292175906610938,
    "ElementProperty_MagpieData_mean_Number": 0.07026883746508145,
    "ValenceOrbital_frac_p_valence_electrons": 0.06873520162838778,
    "ElementProperty_MagpieData_minimum_Number": 0.06325766359258264,
    "GaussianSymmFunc_std_dev_G2_80_0": 0.06015342699195561
}