{
    "GaussianSymmFunc_mean_G2_80_0": 0.1589525148412408,
    "ElementProperty_MagpieData_mean_NpUnfilled": 0.0763626041485899,
    "ElementProperty_MagpieData_maximum_Number": 0.06921196769012171,
    "AGNIFingerPrint_std_dev_AGNI_eta=8_00e-01": 0.058824804859733154,
    "ElementProperty_MagpieData_mean_Column": 0.05103375859790539,
    "BondFractions_Li_-_O_bond_frac_": 0.044749121848568864,
    "AGNIFingerPrint_mean_AGNI_eta=1_23e+00": 0.04221772742297352,
    "ElementProperty_MagpieData_maximum_NUnfilled": 0.042104105086661056,
    "BondOrientationParameter_mean_BOOP_Q_l=3": 0.04081376912643895,
    "ElementProperty_MagpieData_mean_NdUnfilled": 0.04030992488938502,
    "ElementProperty_MagpieData_mean_GSbandgap": 0.038960547191026394,
    "ElementProperty_MagpieData_avg_dev_NpUnfilled": 0.03875034467594432,
    "GaussianSymmFunc_std_dev_G2_80_0": 0.037884890562453775,
    "ElementProperty_MagpieData_avg_dev_Column": 0.03571934755267907,
    "OxidationStates_range_oxidation_state": 0.03225183496637347,
    "ValenceOrbital_frac_d_valence_electrons": 0.032130499640426566,
    "ElementProperty_MagpieData_avg_dev_CovalentRadius": 0.031114778288204872,
    "ElementProperty_MagpieData_avg_dev_NfValence": 0.028995170942977603,
    "OPSiteFingerprint_std_dev_tetrahedral_CN_4": 0.028216440332442024,
    "GaussianSymmFunc_std_dev_G2_20_0": 0.025189269006675754,
    "ElementProperty_MagpieData_minimum_MeltingT": 0.025164536635896996,
    "XRDPowderPattern_xrd_64": 0.02432876127452202,
    "ElementProperty_MagpieData_mean_NUnfilled": 0.02415957937873663,
    "ChemEnvSiteFingerprint_std_dev_T:4": 0.02351676557650376,
    "ElementProperty_MagpieData_mean_NsUnfilled": 0.023506499653114892,
    "XRDPowderPattern_xrd_36": 0.023104298236938783,
    "CrystalNNFingerprint_mean_tetrahedral_CN_4": 0.022787766316485235,
    "CoordinationNumber_std_dev_CN_VoronoiNN": 0.022580184032553796,
    "GeneralizedRDF_std_dev_Gaussian_center=0_0_width=1_0": 0.021687118992684395,
    "YangSolidSolution_Yang_delta": 0.021361515098560806
}