{
    "AGNIFingerPrint_std_dev_AGNI_eta=8_00e-01": 0.7795806454799059,
    "AGNIFingerPrint_mean_AGNI_eta=8_00e-01": 0.7665484631312182,
    "GeneralizedRDF_std_dev_Gaussian_center=0_0_width=1_0": 0.6914121660906508,
    "GeneralizedRDF_mean_Gaussian_center=0_0_width=1_0": 0.5439479388551826,
    "ElementProperty_MagpieData_mean_GSbandgap": 0.44108719025340387,
    "GaussianSymmFunc_std_dev_G2_80_0": 0.39083069433644346,
    "ElementProperty_MagpieData_mode_NsUnfilled": 0.2485534390176103,
    "ElementProperty_MagpieData_mean_NpValence": 0.2344403322363171,
    "ValenceOrbital_frac_f_valence_electrons": 0.17598525927056582,
    "ChemEnvSiteFingerprint_mean_C:8": 0.12647729500398117,
    "CrystalNNFingerprint_mean_wt_CN_1": 0.1257963547975198,
    "ElementProperty_MagpieData_mode_MendeleevNumber": 0.11135850858430749,
    "ElementFraction_H": 0.10087301927738274,
    "DensityFeatures_packing_fraction": 0.09599002445711188,
    "ElementProperty_MagpieData_maximum_MendeleevNumber": 0.09400640899843067,
    "ElementProperty_MagpieData_mean_CovalentRadius": 0.09055481250566297,
    "ElementProperty_MagpieData_avg_dev_Column": 0.07728918043302192,
    "OPSiteFingerprint_mean_body-centered_cubic_CN_8": 0.07435631138756563,
    "GaussianSymmFunc_mean_G2_80_0": 0.07376943672570316,
    "ElementProperty_MagpieData_mean_MendeleevNumber": 0.06774245622846056,
    "AGNIFingerPrint_std_dev_AGNI_eta=1_23e+00": 0.06771398316757858,
    "ElementProperty_MagpieData_maximum_NdValence": 0.06751028254768363,
    "BandCenter_band_center": 0.05928922733103755,
    "ElementProperty_MagpieData_mean_Electronegativity": 0.05904061241583378,
    "CrystalNNFingerprint_mean_body-centered_cubic_CN_8": 0.05612319403012148,
    "ElementProperty_MagpieData_range_NdValence": 0.05165873033699018,
    "ElementProperty_MagpieData_mean_NsUnfilled": 0.05044396330566907,
    "AGNIFingerPrint_std_dev_AGNI_dir=y_eta=8_00e-01": 0.04682894056684559,
    "AGNIFingerPrint_std_dev_AGNI_dir=x_eta=1_23e+00": 0.04664294341146873,
    "ElementProperty_MagpieData_minimum_Electronegativity": 0.044762329552049215
}