{
    "ChemEnvSiteFingerprint_mean_C:8": 3.1211741942994875,
    "CrystalNNFingerprint_mean_body-centered_cubic_CN_8": 0.878660154291551,
    "XRDPowderPattern_xrd_36": 0.7802746215093268,
    "MaximumPackingEfficiency_max_packing_efficiency": 0.7719408299422114,
    "BondOrientationParameter_mean_BOOP_Q_l=10": 0.3613578531745928,
    "ElementProperty_MagpieData_mean_NpValence": 0.334449817410241,
    "ElementProperty_MagpieData_mean_CovalentRadius": 0.25045153682229704,
    "CrystalNNFingerprint_mean_wt_CN_8": 0.15419336656877644,
    "XRDPowderPattern_xrd_35": 0.15087294373613463,
    "ElementProperty_MagpieData_maximum_MendeleevNumber": 0.1414872431412257,
    "OPSiteFingerprint_mean_body-centered_cubic_CN_8": 0.13498621245414924,
    "ElementProperty_MagpieData_maximum_Electronegativity": 0.12337718687615838,
    "ElementProperty_MagpieData_maximum_NfUnfilled": 0.11387729509153455,
    "ElementProperty_MagpieData_avg_dev_NdValence": 0.11186774974060729,
    "ElementProperty_MagpieData_avg_dev_CovalentRadius": 0.10741312326976094,
    "GaussianSymmFunc_mean_G2_20_0": 0.10306105866521546,
    "XRDPowderPattern_xrd_34": 0.09906177207217225,
    "CrystalNNFingerprint_mean_wt_CN_14": 0.09250663284297342,
    "GeneralizedRDF_mean_Gaussian_center=5_0_width=1_0": 0.0906290019807695,
    "ElementProperty_MagpieData_maximum_NfValence": 0.08466739191190766,
    "ElementProperty_MagpieData_maximum_NdUnfilled": 0.08223612286140682,
    "GaussianSymmFunc_std_dev_G2_80_0": 0.0766914413521746,
    "GaussianSymmFunc_mean_G4_0_005_1_0_-1_0": 0.07478672921275362,
    "ElementProperty_MagpieData_avg_dev_Row": 0.07100861964570959,
    "ElementProperty_MagpieData_minimum_Number": 0.07090936961131884,
    "ValenceOrbital_frac_p_valence_electrons": 0.06711754495939547,
    "CrystalNNFingerprint_mean_trigonal_pyramidal_CN_4": 0.06485688679772933,
    "XRDPowderPattern_xrd_75": 0.06469778446863421,
    "AverageBondLength_mean_Average_bond_length": 0.058564562732933804,
    "BondOrientationParameter_mean_BOOP_Q_l=6": 0.05846734149751324
}