{
    "GaussianSymmFunc_mean_G2_80_0": 0.3216178924398825,
    "AGNIFingerPrint_std_dev_AGNI_eta=8_00e-01": 0.2533898865677482,
    "ElementProperty_MagpieData_maximum_Number": 0.2101050320355339,
    "ElementProperty_MagpieData_mean_NfUnfilled": 0.17296983626093643,
    "AGNIFingerPrint_mean_AGNI_eta=8_00e-01": 0.1412886167852709,
    "ElementProperty_MagpieData_mean_NpUnfilled": 0.11423806339729536,
    "GaussianSymmFunc_std_dev_G2_80_0": 0.11042898892223055,
    "ElementFraction_H": 0.1044307653902625,
    "ElementProperty_MagpieData_avg_dev_NsValence": 0.10237403966692189,
    "ElementProperty_MagpieData_mode_NpUnfilled": 0.08141087471658497,
    "ElementProperty_MagpieData_mean_NsValence": 0.07241372477801636,
    "ElementProperty_MagpieData_mode_GSbandgap": 0.07084250158065716,
    "ElementProperty_MagpieData_maximum_Electronegativity": 0.06289785580078953,
    "ElementProperty_MagpieData_mean_Column": 0.05988102302984031,
    "AtomicOrbitals_HOMO_element": 0.051557969265474436,
    "ElementProperty_MagpieData_range_NsUnfilled": 0.05112690692169633,
    "GeneralizedRDF_std_dev_Gaussian_center=0_0_width=1_0": 0.05039340433195372,
    "RadialDistributionFunction_radial_distribution_function_d_4_90": 0.05017077461875217,
    "CrystalNNFingerprint_mean_tetrahedral_CN_4": 0.05001004150623267,
    "RadialDistributionFunction_radial_distribution_function_d_4_80": 0.04907891680962352,
    "ElementProperty_MagpieData_mean_GSbandgap": 0.0488100135042756,
    "ElementProperty_MagpieData_maximum_CovalentRadius": 0.04830789503655075,
    "ElementProperty_MagpieData_avg_dev_Column": 0.04649431196345897,
    "BandCenter_band_center": 0.0434781667385259,
    "ElementProperty_MagpieData_minimum_Number": 0.041567919534884284,
    "ElementProperty_MagpieData_mean_CovalentRadius": 0.04042430849741392,
    "ElementProperty_MagpieData_mean_Electronegativity": 0.040163152077342265,
    "ElementProperty_MagpieData_minimum_NsValence": 0.03764381385950038,
    "ElementProperty_MagpieData_minimum_MeltingT": 0.03641731594590734,
    "OPSiteFingerprint_mean_tetrahedral_CN_4": 0.03352710631350421
}