{
    "ElementProperty_MagpieData_mean_NdValence": 2.874728528162876,
    "ElementProperty_MagpieData_mean_Row": 0.1717548474831504,
    "ElementProperty_MagpieData_maximum_NdValence": 0.16463986777035428,
    "ElementProperty_MagpieData_avg_dev_NdValence": 0.1569471717004135,
    "ElementProperty_MagpieData_mean_NValence": 0.13605403330419588,
    "ElementProperty_MagpieData_mode_Number": 0.13074705259173722,
    "ElementProperty_MagpieData_maximum_NValence": 0.1103809630998509,
    "ElementProperty_MagpieData_mean_GSbandgap": 0.0912060394692401,
    "ElementProperty_MagpieData_minimum_Number": 0.085113383527204,
    "ValenceOrbital_frac_p_valence_electrons": 0.08115960640573373,
    "ElementProperty_MagpieData_maximum_Number": 0.07238700759750634,
    "ElementProperty_MagpieData_mean_Number": 0.06781130506474713,
    "GeneralizedRDF_mean_Gaussian_center=2_0_width=1_0": 0.0677788150424145,
    "DensityFeatures_density": 0.0635012380821412,
    "ElementProperty_MagpieData_mean_AtomicWeight": 0.05680733246232728,
    "ElementProperty_MagpieData_mode_CovalentRadius": 0.056223429933575146,
    "ElementProperty_MagpieData_mean_CovalentRadius": 0.04808272568521222,
    "GaussianSymmFunc_mean_G2_80_0": 0.04689462220207201,
    "ElementFraction_Cr": 0.04480883666828079,
    "ElementProperty_MagpieData_minimum_CovalentRadius": 0.04430595276008401,
    "ElementProperty_MagpieData_maximum_GSbandgap": 0.033155068681793284,
    "ElementProperty_MagpieData_minimum_MendeleevNumber": 0.030847344774859554,
    "ElementProperty_MagpieData_mean_Column": 0.026899786491179717,
    "ElementProperty_MagpieData_range_CovalentRadius": 0.026690098245355086,
    "MaximumPackingEfficiency_max_packing_efficiency": 0.026464134026322587,
    "ElementProperty_MagpieData_minimum_SpaceGroupNumber": 0.02608459462415383,
    "RadialDistributionFunction_radial_distribution_function_d_3_10": 0.02589705251785022,
    "ElementProperty_MagpieData_mean_NfValence": 0.025753061590091473,
    "ElementProperty_MagpieData_range_NdUnfilled": 0.025205131830966506,
    "ElementProperty_MagpieData_maximum_GSvolume_pa": 0.02489248715235699
}