{
    "OPSiteFingerprint_mean_body-centered_cubic_CN_8": 0.851353054668061,
    "ChemEnvSiteFingerprint_mean_C:8": 0.5959386360547795,
    "ElementProperty_MagpieData_maximum_Number": 0.40388157935112284,
    "ElementProperty_MagpieData_minimum_CovalentRadius": 0.3497071329433692,
    "MaximumPackingEfficiency_max_packing_efficiency": 0.20203452064674657,
    "AverageBondAngle_mean_Average_bond_angle": 0.19608372483186984,
    "CrystalNNFingerprint_mean_body-centered_cubic_CN_8": 0.13068127756634543,
    "ElementProperty_MagpieData_mean_CovalentRadius": 0.11977912803724183,
    "CrystalNNFingerprint_mean_wt_CN_8": 0.10938679867723473,
    "ElementProperty_MagpieData_avg_dev_NfValence": 0.09538696079841076,
    "BondOrientationParameter_mean_BOOP_Q_l=6": 0.09338745021263792,
    "ElementProperty_MagpieData_mean_NfValence": 0.09061347656962715,
    "BondOrientationParameter_mean_BOOP_Q_l=10": 0.0770680443832798,
    "ElementProperty_MagpieData_avg_dev_GSmagmom": 0.06874784367191682,
    "AGNIFingerPrint_std_dev_AGNI_dir=x_eta=1_88e+00": 0.06839507933212838,
    "ElementProperty_MagpieData_mean_NsValence": 0.06183642831874353,
    "ElementProperty_MagpieData_mean_Column": 0.05726087945971381,
    "GeneralizedRDF_mean_Gaussian_center=1_0_width=1_0": 0.052370792350651486,
    "AverageBondLength_std_dev_Average_bond_length": 0.04573466171941716,
    "CrystalNNFingerprint_mean_pentagonal_pyramidal_CN_6": 0.045393393880145856,
    "ElementProperty_MagpieData_maximum_CovalentRadius": 0.040704885962346074,
    "AverageBondLength_mean_Average_bond_length": 0.04004588067875627,
    "ElementProperty_MagpieData_mean_Number": 0.03932220984126772,
    "DensityFeatures_packing_fraction": 0.0342876888776851,
    "ElementProperty_MagpieData_range_NsValence": 0.03363908204968826,
    "ElementProperty_MagpieData_range_NdUnfilled": 0.03317025733005257,
    "ElementFraction_H": 0.031254526773694086,
    "ElementProperty_MagpieData_maximum_MeltingT": 0.031221980099906274,
    "ElementProperty_MagpieData_mean_GSmagmom": 0.030589831417659294,
    "OPSiteFingerprint_std_dev_octahedral_CN_6": 0.03020090052452424
}