{
    "MaximumPackingEfficiency_max_packing_efficiency": 0.5898125352884124,
    "ElementProperty_MagpieData_maximum_Number": 0.32846936179013686,
    "ElementProperty_MagpieData_avg_dev_AtomicWeight": 0.11256935158404718,
    "ElementProperty_MagpieData_mean_GSmagmom": 0.11023559988635122,
    "ElementProperty_MagpieData_maximum_NdUnfilled": 0.10793178330147893,
    "ElementProperty_MagpieData_range_AtomicWeight": 0.08592871591607645,
    "ElementProperty_MagpieData_mean_NdUnfilled": 0.08199909785848293,
    "ElementProperty_MagpieData_range_CovalentRadius": 0.0815014298439583,
    "ElementProperty_MagpieData_range_NdValence": 0.07132475987937943,
    "ElementProperty_MagpieData_avg_dev_NdValence": 0.06361517741257966,
    "CoulombMatrix_coulomb_matrix_eig_0": 0.062472671267732115,
    "BondOrientationParameter_mean_BOOP_Q_l=6": 0.060709713512566044,
    "ElementProperty_MagpieData_avg_dev_GSmagmom": 0.057112177899988834,
    "ElementProperty_MagpieData_avg_dev_NsUnfilled": 0.055418837089285876,
    "BondFractions_Li_-_O_bond_frac_": 0.05339640120622928,
    "ElementProperty_MagpieData_avg_dev_NpUnfilled": 0.049346976810948455,
    "RadialDistributionFunction_radial_distribution_function_d_3_60": 0.04929262800085039,
    "AverageBondLength_std_dev_Average_bond_length": 0.04501907866389106,
    "MEGNet_OFMEncoded_v1_167": 0.044045678007769436,
    "CrystalNNFingerprint_mean_q6_CN_12": 0.04108406010593792,
    "SineCoulombMatrix_sine_coulomb_matrix_eig_3": 0.03956189106516777,
    "ElementProperty_MagpieData_maximum_NpUnfilled": 0.03861199580360635,
    "Stoichiometry_3-norm": 0.038374155345164286,
    "CrystalNNFingerprint_std_dev_wt_CN_6": 0.03739217739186132,
    "MEGNet_OFMEncoded_v1_177": 0.037373695992461146,
    "CrystalNNFingerprint_mean_tetrahedral_CN_4": 0.035267411203776536,
    "OPSiteFingerprint_mean_body-centered_cubic_CN_8": 0.03520417670663144,
    "ElementFraction_Na": 0.034696382460830504,
    "ElementProperty_MagpieData_minimum_Electronegativity": 0.03460054008346161,
    "ElementProperty_MagpieData_mean_AtomicWeight": 0.03404833917630047
}