{
    "GaussianSymmFunc_mean_G2_80_0": 0.22405989053536862,
    "ElementProperty_MagpieData_maximum_NdValence": 0.21341341959147098,
    "AGNIFingerPrint_std_dev_AGNI_eta=8_00e-01": 0.17744097453995292,
    "GaussianSymmFunc_std_dev_G2_80_0": 0.10933212532361228,
    "ElementProperty_MagpieData_maximum_NsUnfilled": 0.07123028000176776,
    "Stoichiometry_2-norm": 0.0672405138920175,
    "ElementProperty_MagpieData_minimum_Electronegativity": 0.06651639870873616,
    "ElementProperty_MagpieData_mean_GSbandgap": 0.06633650166872894,
    "ElementProperty_MagpieData_mode_GSbandgap": 0.06365645300309182,
    "ElementProperty_MagpieData_avg_dev_NsValence": 0.06310515833016479,
    "ElementProperty_MagpieData_mean_NsUnfilled": 0.049068073417825916,
    "ElementProperty_MagpieData_mean_NfValence": 0.0454391657493614,
    "ValenceOrbital_frac_f_valence_electrons": 0.04521753174243245,
    "GeneralizedRDF_std_dev_Gaussian_center=0_0_width=1_0": 0.04485701590553432,
    "ElementFraction_H": 0.04141466187886484,
    "ElementProperty_MagpieData_maximum_Number": 0.03968324261704865,
    "ElementProperty_MagpieData_range_NsUnfilled": 0.03828649428018269,
    "MEGNet_OFMEncoded_v1_132": 0.0366514989691098,
    "OPSiteFingerprint_std_dev_sgl_bd_CN_1": 0.03333198630682183,
    "CrystalNNFingerprint_mean_cuboctahedral_CN_12": 0.02891571481703432,
    "ElementProperty_MagpieData_maximum_MeltingT": 0.02875753655816473,
    "ElementProperty_MagpieData_mode_NValence": 0.028043181557272843,
    "ElementProperty_MagpieData_maximum_CovalentRadius": 0.025965145693229053,
    "Stoichiometry_3-norm": 0.0249456534138867,
    "ElementProperty_MagpieData_mean_NpValence": 0.02485246913047983,
    "DensityFeatures_packing_fraction": 0.024364590222513624,
    "ValenceOrbital_frac_d_valence_electrons": 0.023060822328184908,
    "ElementProperty_MagpieData_avg_dev_GSmagmom": 0.02287645717855178,
    "OPSiteFingerprint_mean_q6_CN_12": 0.02179207635293112,
    "ElementProperty_MagpieData_mean_NsValence": 0.021263357380793466
}