{
    "ChemEnvSiteFingerprint_mean_C:8": 0.748782235673523,
    "OPSiteFingerprint_mean_body-centered_cubic_CN_8": 0.34349252999293095,
    "MaximumPackingEfficiency_max_packing_efficiency": 0.3252193638263099,
    "ElementProperty_MagpieData_mean_CovalentRadius": 0.23310394539099125,
    "BondOrientationParameter_mean_BOOP_Q_l=10": 0.15449349806061696,
    "CrystalNNFingerprint_mean_body-centered_cubic_CN_8": 0.1269261610115773,
    "AverageBondAngle_mean_Average_bond_angle": 0.11851512948775707,
    "GaussianSymmFunc_mean_G2_80_0": 0.10808558410831441,
    "MEGNet_OFMEncoded_v1_181": 0.08024311767255284,
    "ElementProperty_MagpieData_maximum_NfValence": 0.06931852973619368,
    "AGNIFingerPrint_std_dev_AGNI_dir=x_eta=1_88e+00": 0.062653136323319,
    "ElementProperty_MagpieData_mean_SpaceGroupNumber": 0.055362187135032125,
    "MEGNet_OFMEncoded_v1_86": 0.054759434102382626,
    "CrystalNNFingerprint_mean_wt_CN_14": 0.04696368637061253,
    "CrystalNNFingerprint_mean_q6_CN_12": 0.037319777490597617,
    "ElementProperty_MagpieData_mode_GSvolume_pa": 0.03629696353727807,
    "CrystalNNFingerprint_mean_wt_CN_8": 0.03579433421077711,
    "BondFractions_O_-_P_bond_frac_": 0.034302808972183796,
    "ElementProperty_MagpieData_maximum_MeltingT": 0.0338877637595896,
    "CrystalNNFingerprint_mean_hexagonal_bipyramidal_CN_8": 0.03337009732342508,
    "ElementProperty_MagpieData_avg_dev_NpValence": 0.032021048099801185,
    "ElementProperty_MagpieData_maximum_Number": 0.031520152940978645,
    "GeneralizedRDF_mean_Gaussian_center=4_0_width=1_0": 0.03078577705792217,
    "ElementProperty_MagpieData_avg_dev_GSbandgap": 0.02704856544903304,
    "ValenceOrbital_frac_p_valence_electrons": 0.026289350788718628,
    "ElementProperty_MagpieData_minimum_Electronegativity": 0.025077316813857293,
    "CrystalNNFingerprint_std_dev_octahedral_CN_6": 0.02441990661167307,
    "ElementFraction_B": 0.023756514786765458,
    "XRDPowderPattern_xrd_36": 0.023484643184139783,
    "ElementProperty_MagpieData_range_MeltingT": 0.022804285845268838
}