{
    "ChemEnvSiteFingerprint_mean_C:8": 0.7073481416528279,
    "OPSiteFingerprint_mean_body-centered_cubic_CN_8": 0.49484973442652735,
    "ElementProperty_MagpieData_mean_CovalentRadius": 0.21474532282363784,
    "MaximumPackingEfficiency_max_packing_efficiency": 0.1390456299591084,
    "CrystalNNFingerprint_mean_body-centered_cubic_CN_8": 0.1380330810564056,
    "CrystalNNFingerprint_mean_wt_CN_8": 0.1343338341462241,
    "ElementProperty_MagpieData_minimum_Electronegativity": 0.13058663418290709,
    "AverageBondAngle_mean_Average_bond_angle": 0.11347993555003259,
    "ElementProperty_MagpieData_maximum_NdUnfilled": 0.09009966920104144,
    "ElementProperty_MagpieData_mode_Number": 0.08031824899736527,
    "ElementProperty_MagpieData_range_Number": 0.07043748444343172,
    "ElementProperty_MagpieData_maximum_CovalentRadius": 0.06513968581239217,
    "MEGNet_OFMEncoded_v1_86": 0.05405776854956486,
    "AGNIFingerPrint_std_dev_AGNI_dir=x_eta=2_89e+00": 0.05094447129421367,
    "YangSolidSolution_Yang_omega": 0.04170407295120007,
    "ElementProperty_MagpieData_maximum_MeltingT": 0.039829753524816346,
    "ElementFraction_Li": 0.03711576852426092,
    "SineCoulombMatrix_sine_coulomb_matrix_eig_0": 0.036229051634476345,
    "StructuralHeterogeneity_mean_neighbor_distance_variation": 0.036154418692296755,
    "ElementProperty_MagpieData_mean_Column": 0.03607054425798525,
    "CrystalNNFingerprint_mean_wt_CN_14": 0.03577425486590567,
    "ElementProperty_MagpieData_avg_dev_MeltingT": 0.03483909021457415,
    "BondOrientationParameter_mean_BOOP_Q_l=10": 0.03429543831705289,
    "ElementProperty_MagpieData_avg_dev_Number": 0.033856584583616296,
    "ElementProperty_MagpieData_range_AtomicWeight": 0.03379270747651197,
    "ElementProperty_MagpieData_avg_dev_GSbandgap": 0.03225390015266446,
    "ElementProperty_MagpieData_avg_dev_NfValence": 0.03218123889876433,
    "ElementProperty_MagpieData_minimum_GSvolume_pa": 0.03169613128899061,
    "ElementProperty_MagpieData_range_CovalentRadius": 0.031370803545586634,
    "ElementProperty_MagpieData_avg_dev_NpValence": 0.031152440876287487
}