{
    "ChemEnvSiteFingerprint_mean_C:8": 3.2808879782560787,
    "XRDPowderPattern_xrd_36": 0.846451226066732,
    "MaximumPackingEfficiency_max_packing_efficiency": 0.8188709513890152,
    "CrystalNNFingerprint_mean_body-centered_cubic_CN_8": 0.6844347039780675,
    "BondOrientationParameter_mean_BOOP_Q_l=10": 0.3413400504667349,
    "ElementProperty_MagpieData_mean_NpValence": 0.2958358328147825,
    "ElementProperty_MagpieData_maximum_Electronegativity": 0.2639050999857644,
    "OPSiteFingerprint_mean_body-centered_cubic_CN_8": 0.21352137889705794,
    "XRDPowderPattern_xrd_35": 0.20788656481477308,
    "CrystalNNFingerprint_mean_wt_CN_8": 0.18879918015909486,
    "ElementProperty_MagpieData_mean_CovalentRadius": 0.18565349339247947,
    "ElementProperty_MagpieData_maximum_NfUnfilled": 0.1418263207220471,
    "StructuralHeterogeneity_minimum_neighbor_distance_variation": 0.12670757343630296,
    "GaussianSymmFunc_mean_G2_20_0": 0.11992167515243844,
    "ElementProperty_MagpieData_avg_dev_CovalentRadius": 0.10788227978449152,
    "ElementProperty_MagpieData_avg_dev_NdValence": 0.10691376625605928,
    "ValenceOrbital_frac_p_valence_electrons": 0.10628909967975383,
    "ElementProperty_MagpieData_maximum_NdUnfilled": 0.10091504151446523,
    "CrystalNNFingerprint_mean_wt_CN_14": 0.09965643733425064,
    "ElementProperty_MagpieData_maximum_NfValence": 0.09776241644634408,
    "XRDPowderPattern_xrd_34": 0.09433302445940912,
    "GaussianSymmFunc_std_dev_G2_80_0": 0.09276619500690728,
    "ElementProperty_MagpieData_maximum_MendeleevNumber": 0.09166885136173808,
    "GeneralizedRDF_mean_Gaussian_center=5_0_width=1_0": 0.08941055625233688,
    "BondOrientationParameter_mean_BOOP_Q_l=6": 0.08906302896318205,
    "ElementProperty_MagpieData_mean_Number": 0.08617183952996751,
    "GaussianSymmFunc_mean_G2_80_0": 0.08180796720101133,
    "ValenceOrbital_frac_f_valence_electrons": 0.08119036180038425,
    "ElementProperty_MagpieData_mean_NfValence": 0.07997204747283054,
    "ElementProperty_MagpieData_avg_dev_Row": 0.07478780091463447
}