{
    "AGNIFingerPrint_std_dev_AGNI_eta=8_00e-01": 0.21778014703507195,
    "GaussianSymmFunc_mean_G2_80_0": 0.14737432255383756,
    "AGNIFingerPrint_mean_AGNI_eta=8_00e-01": 0.11035622358098841,
    "GaussianSymmFunc_std_dev_G2_80_0": 0.10938936506969985,
    "VoronoiFingerprint_mean_Voro_dist_minimum": 0.09125688371842325,
    "ElementProperty_MagpieData_avg_dev_Column": 0.07307338698399111,
    "ElementProperty_MagpieData_mean_GSbandgap": 0.06352749448222768,
    "GeneralizedRDF_mean_Gaussian_center=0_0_width=1_0": 0.05089070650081678,
    "YangSolidSolution_Yang_delta": 0.04891862350369333,
    "ElementProperty_MagpieData_minimum_Electronegativity": 0.04753481332961524,
    "ElementProperty_MagpieData_minimum_SpaceGroupNumber": 0.044369892946542915,
    "ElementProperty_MagpieData_minimum_Number": 0.042400487794508085,
    "Stoichiometry_5-norm": 0.039117788833448616,
    "CrystalNNFingerprint_mean_body-centered_cubic_CN_8": 0.03759988352543305,
    "ElementProperty_MagpieData_mode_MendeleevNumber": 0.03419167489947198,
    "DensityFeatures_density": 0.03406026315052285,
    "DensityFeatures_packing_fraction": 0.03336613093146469,
    "ElementProperty_MagpieData_mode_GSvolume_pa": 0.03250436836385443,
    "ElementProperty_MagpieData_maximum_NfUnfilled": 0.032135626660856016,
    "ElementProperty_MagpieData_range_NdUnfilled": 0.030142340168626113,
    "GeneralizedRDF_std_dev_Gaussian_center=0_0_width=1_0": 0.029085903014197008,
    "ElementProperty_MagpieData_maximum_NsUnfilled": 0.028530311700754273,
    "ElementProperty_MagpieData_mean_NfValence": 0.027509469487609843,
    "Stoichiometry_10-norm": 0.027205503470380015,
    "RadialDistributionFunction_radial_distribution_function_d_3_00": 0.026703838999305923,
    "RadialDistributionFunction_radial_distribution_function_d_3_10": 0.02637363946941588,
    "ElementProperty_MagpieData_range_CovalentRadius": 0.02485268448308789,
    "ElementProperty_MagpieData_mode_GSbandgap": 0.02421352121410587,
    "ElementProperty_MagpieData_mean_MendeleevNumber": 0.024202868060375915,
    "MaximumPackingEfficiency_max_packing_efficiency": 0.02411084458368668
}