{
    "ChemEnvSiteFingerprint_mean_C:8": 0.8748812983771358,
    "OPSiteFingerprint_mean_body-centered_cubic_CN_8": 0.8270589342875949,
    "CrystalNNFingerprint_mean_body-centered_cubic_CN_8": 0.2001621365167246,
    "AverageBondAngle_mean_Average_bond_angle": 0.1728447148545893,
    "CrystalNNFingerprint_mean_wt_CN_8": 0.17057065227955492,
    "ElementProperty_MagpieData_range_Column": 0.16129800417598172,
    "ElementProperty_MagpieData_maximum_NfValence": 0.13667618574009668,
    "ElementProperty_MagpieData_mean_CovalentRadius": 0.1331886215379442,
    "ElementProperty_MagpieData_range_MendeleevNumber": 0.12006485506178488,
    "ElementProperty_MagpieData_avg_dev_NsValence": 0.09597091107729575,
    "CrystalNNFingerprint_mean_wt_CN_14": 0.08623617417094816,
    "AGNIFingerPrint_std_dev_AGNI_dir=x_eta=1_88e+00": 0.0817517959889161,
    "MaximumPackingEfficiency_max_packing_efficiency": 0.07855386879890994,
    "ElementProperty_MagpieData_range_AtomicWeight": 0.07366877976286003,
    "ElementProperty_MagpieData_minimum_MendeleevNumber": 0.07166398270388448,
    "TMetalFraction_transition_metal_fraction": 0.0647801011625185,
    "GeneralizedRDF_mean_Gaussian_center=2_0_width=1_0": 0.06318376469818886,
    "ElementProperty_MagpieData_avg_dev_MendeleevNumber": 0.06287951386224759,
    "ValenceOrbital_frac_f_valence_electrons": 0.061327344310749196,
    "OPSiteFingerprint_mean_trigonal_planar_CN_3": 0.06081437106486796,
    "ElementProperty_MagpieData_mode_GSbandgap": 0.05885548736823318,
    "ElementProperty_MagpieData_range_MeltingT": 0.05670377324843192,
    "ElementProperty_MagpieData_avg_dev_NpUnfilled": 0.05315935768244268,
    "ElementProperty_MagpieData_mean_NpValence": 0.05229869490391015,
    "GeneralizedRDF_std_dev_Gaussian_center=5_0_width=1_0": 0.05147354982479028,
    "ElementProperty_MagpieData_minimum_GSvolume_pa": 0.05080208052878374,
    "ElementFraction_P": 0.0500221445527572,
    "ElementProperty_MagpieData_range_NdUnfilled": 0.04924610068492045,
    "OPSiteFingerprint_std_dev_sgl_bd_CN_1": 0.0483787132860086,
    "ElementProperty_MagpieData_mode_MendeleevNumber": 0.04807003362641911
}