{
    "ChemEnvSiteFingerprint_mean_C:8": 3.3146975957147125,
    "XRDPowderPattern_xrd_36": 0.7807681110226947,
    "CrystalNNFingerprint_mean_body-centered_cubic_CN_8": 0.7307814940666261,
    "MaximumPackingEfficiency_max_packing_efficiency": 0.6151259587338862,
    "BondOrientationParameter_mean_BOOP_Q_l=10": 0.3378435538395768,
    "ElementProperty_MagpieData_mean_NpValence": 0.28300899923390643,
    "XRDPowderPattern_xrd_35": 0.17004313049221415,
    "OPSiteFingerprint_mean_body-centered_cubic_CN_8": 0.12846541610816867,
    "ElementProperty_MagpieData_mean_CovalentRadius": 0.1210130419942604,
    "CrystalNNFingerprint_mean_wt_CN_8": 0.12096279201649127,
    "ElementProperty_MagpieData_maximum_Electronegativity": 0.1167264304132615,
    "CrystalNNFingerprint_mean_wt_CN_14": 0.11469368981717902,
    "ValenceOrbital_frac_p_valence_electrons": 0.10624777459960937,
    "ElementProperty_MagpieData_maximum_NdUnfilled": 0.1027995223406107,
    "XRDPowderPattern_xrd_34": 0.09787048044987612,
    "ElementProperty_MagpieData_maximum_NfValence": 0.09469096727610721,
    "ElementProperty_MagpieData_avg_dev_NdValence": 0.09389203155118768,
    "GaussianSymmFunc_mean_G2_20_0": 0.08832706654003328,
    "ElementProperty_MagpieData_maximum_MendeleevNumber": 0.08828010552475259,
    "ElementProperty_MagpieData_avg_dev_CovalentRadius": 0.08606993853156457,
    "GaussianSymmFunc_mean_G2_80_0": 0.08333748615929613,
    "ElementProperty_MagpieData_maximum_NfUnfilled": 0.07694239422229786,
    "GeneralizedRDF_mean_Gaussian_center=5_0_width=1_0": 0.07605337440606098,
    "BondOrientationParameter_mean_BOOP_Q_l=6": 0.07499819311189826,
    "GaussianSymmFunc_std_dev_G2_80_0": 0.07326259639669386,
    "CrystalNNFingerprint_mean_wt_CN_5": 0.06979643159376964,
    "SineCoulombMatrix_sine_coulomb_matrix_eig_3": 0.06851040396314201,
    "StructuralHeterogeneity_minimum_neighbor_distance_variation": 0.06227674054065004,
    "ElementProperty_MagpieData_mean_Number": 0.062228940425894747,
    "ElementProperty_MagpieData_mean_MeltingT": 0.05625343304651516
}