{
    "ChemEnvSiteFingerprint_mean_C:8": 0.8626798469414124,
    "OPSiteFingerprint_mean_body-centered_cubic_CN_8": 0.6900062902425584,
    "ElementProperty_MagpieData_mean_CovalentRadius": 0.34697192144485667,
    "CrystalNNFingerprint_mean_body-centered_cubic_CN_8": 0.27705042570246197,
    "ElementProperty_MagpieData_maximum_Number": 0.23693556962273807,
    "ElementProperty_MagpieData_mean_NdValence": 0.2254066184320419,
    "AverageBondAngle_mean_Average_bond_angle": 0.21484093327544337,
    "ElementProperty_MagpieData_avg_dev_NdValence": 0.15920993233292383,
    "ElementProperty_MagpieData_avg_dev_MendeleevNumber": 0.13695559416296532,
    "MaximumPackingEfficiency_max_packing_efficiency": 0.13657525909803317,
    "ElementProperty_MagpieData_mean_NdUnfilled": 0.1321724720633802,
    "ElementProperty_MagpieData_maximum_NdValence": 0.12619340602126142,
    "ElementProperty_MagpieData_mean_NsUnfilled": 0.08469254661892393,
    "AGNIFingerPrint_std_dev_AGNI_dir=x_eta=2_89e+00": 0.07299337105140967,
    "ElementProperty_MagpieData_maximum_NValence": 0.06576992901020401,
    "ElementProperty_MagpieData_minimum_MendeleevNumber": 0.06526866396870913,
    "CrystalNNFingerprint_std_dev_wt_CN_14": 0.06386478716587524,
    "ElementProperty_MagpieData_mode_Electronegativity": 0.06275548599502892,
    "CrystalNNFingerprint_mean_wt_CN_14": 0.06262474321755207,
    "ElementProperty_MagpieData_mean_GSbandgap": 0.060571178183758956,
    "GeneralizedRDF_std_dev_Gaussian_center=3_0_width=1_0": 0.05407691958892372,
    "ElementProperty_MagpieData_maximum_NdUnfilled": 0.05324370233997634,
    "GeneralizedRDF_std_dev_Gaussian_center=5_0_width=1_0": 0.05229525423692853,
    "AGNIFingerPrint_std_dev_AGNI_dir=x_eta=4_43e+00": 0.04905848587338162,
    "BondOrientationParameter_mean_BOOP_Q_l=10": 0.04800744716563355,
    "BondOrientationParameter_mean_BOOP_Q_l=6": 0.0468386788506176,
    "DensityFeatures_density": 0.04606716082982368,
    "ElementProperty_MagpieData_mean_Number": 0.045352459102371914,
    "ElementProperty_MagpieData_maximum_CovalentRadius": 0.044604650895293724,
    "BondOrientationParameter_mean_BOOP_Q_l=5": 0.04352210185785125
}