{
    "ElementFraction_O": 0.011506605990545184,
    "ValenceOrbital_frac_p_valence_electrons": 0.009584080104436763,
    "MEGNet_OFMEncoded_v1_36": 0.006631405496596253,
    "ElementProperty_MagpieData_avg_dev_GSvolume_pa": 0.005156522531859561,
    "MEGNet_OFMEncoded_v1_155": 0.004986800074461514,
    "TMetalFraction_transition_metal_fraction": 0.0042566578000817045,
    "MEGNet_OFMEncoded_v1_55": 0.004224400969925509,
    "ElementProperty_MagpieData_mean_Number": 0.003803545665208084,
    "ElectronegativityDiff_maximum_EN_difference": 0.003696326850458585,
    "ValenceOrbital_frac_d_valence_electrons": 0.003316344436228438,
    "ValenceOrbital_frac_s_valence_electrons": 0.0032365746261049317,
    "MEGNet_OFMEncoded_v1_73": 0.0031538367828092663,
    "ElementProperty_MagpieData_mean_CovalentRadius": 0.003135524244429965,
    "BondFractions_Li_-_O_bond_frac_": 0.003135008952232261,
    "ElementProperty_MagpieData_minimum_NValence": 0.0030698889896438883,
    "MEGNet_OFMEncoded_v1_42": 0.0029830865432992166,
    "ElementProperty_MagpieData_mean_AtomicWeight": 0.0029027091728232096,
    "ElementProperty_MagpieData_mean_GSbandgap": 0.0028191281648019435,
    "MEGNet_OFMEncoded_v1_82": 0.0027083629567729345,
    "LocalPropertyDifference_mean_local_difference_in_Electronegativity": 0.002615256069384995,
    "BondFractions_Mn_-_O_bond_frac_": 0.002465882498985233,
    "IonProperty_avg_ionic_char": 0.0024398970429933605,
    "MEGNet_OFMEncoded_v1_28": 0.002438383829729006,
    "ElectronegativityDiff_minimum_EN_difference": 0.0024278309450787156,
    "BandCenter_band_center": 0.0023939240670696545,
    "ElementProperty_MagpieData_avg_dev_Electronegativity": 0.002375547223319671,
    "MEGNet_OFMEncoded_v1_63": 0.0023709025434554528,
    "YangSolidSolution_Yang_delta": 0.002258796471088449,
    "CrystalNNFingerprint_mean_wt_CN_9": 0.0022552190286409374,
    "ElectronegativityDiff_mean_EN_difference": 0.002064286566244754
}