{
    "AtomicOrbitals_HOMO_energy": 0.002676248310801089,
    "MEGNet_OFMEncoded_v1_166": 0.002289442634209207,
    "ElectronegativityDiff_minimum_EN_difference": 0.0020983626087211467,
    "ElementProperty_MagpieData_mode_SpaceGroupNumber": 0.0015132827623458719,
    "ElementProperty_MagpieData_mode_CovalentRadius": 0.0012034913476855157,
    "ValenceOrbital_frac_p_valence_electrons": 0.0010627816068300125,
    "Stoichiometry_0-norm": 0.0009885433696641922,
    "YangSolidSolution_Yang_omega": 0.0008971880047979853,
    "MEGNet_OFMEncoded_v1_7": 0.0008243765861763294,
    "DensityFeatures_packing_fraction": 0.0008060982799609546,
    "ElementProperty_MagpieData_mean_NpValence": 0.0007844267500484771,
    "ElementFraction_Ni": 0.0007592768365916844,
    "ElementProperty_MagpieData_minimum_Electronegativity": 0.0007366794114419084,
    "LocalPropertyDifference_mean_local_difference_in_Electronegativity": 0.0007360770860337556,
    "MEGNet_OFMEncoded_v1_100": 0.0007270639392653775,
    "ElementProperty_MagpieData_mean_GSvolume_pa": 0.0007087325862673526,
    "ElementProperty_MagpieData_maximum_Electronegativity": 0.0006946542689861731,
    "ElementFraction_Fe": 0.0006781357024265625,
    "ElementProperty_MagpieData_maximum_NdUnfilled": 0.0006778052145389914,
    "ElectronegativityDiff_maximum_EN_difference": 0.0006474514752976972,
    "ElementProperty_MagpieData_maximum_MeltingT": 0.0006370290601777383,
    "ElementProperty_MagpieData_mode_GSvolume_pa": 0.0006296994098764564,
    "MEGNet_OFMEncoded_v1_79": 0.0006026675971789068,
    "ElementProperty_MagpieData_range_MeltingT": 0.0005838983662293195,
    "ElementProperty_MagpieData_maximum_GSvolume_pa": 0.000548527150954325,
    "ElementProperty_MagpieData_maximum_NUnfilled": 0.0005454068240707687,
    "ElementProperty_MagpieData_range_Electronegativity": 0.0005350265647346746,
    "ElementFraction_Cu": 0.0005233738362398852,
    "BondFractions_Cu_-_O_bond_frac_": 0.000512381428630414,
    "ElementProperty_MagpieData_mean_GSmagmom": 0.0005018370255224064
}