{
    "ElementProperty_MagpieData_mean_MeltingT": 0.009528671705584192,
    "ElementFraction_O": 0.007918047668327462,
    "ValenceOrbital_frac_p_valence_electrons": 0.007834849429038409,
    "ElementProperty_MagpieData_mean_Row": 0.007799102191270677,
    "ElementProperty_MagpieData_mean_Number": 0.006960718409662472,
    "ElementProperty_MagpieData_mean_AtomicWeight": 0.0064924879083262015,
    "BondFractions_O_-_P_bond_frac_": 0.006442999289872532,
    "ElementProperty_MagpieData_maximum_Number": 0.006303334071561328,
    "ElementProperty_MagpieData_mean_Electronegativity": 0.005726009590897486,
    "YangSolidSolution_Yang_omega": 0.005435420959183655,
    "ElementProperty_MagpieData_mode_MeltingT": 0.00514255901392306,
    "ElectronegativityDiff_maximum_EN_difference": 0.004594060096247581,
    "GaussianSymmFunc_std_dev_G4_0_005_1_0_1_0": 0.0039952794898968505,
    "GaussianSymmFunc_std_dev_G4_0_005_4_0_1_0": 0.0038911866520115286,
    "AtomicPackingEfficiency_dist_from_1_clusters__APE____0_010": 0.003861742026247461,
    "ElectronegativityDiff_mean_EN_difference": 0.0038120306982701193,
    "ElementProperty_MagpieData_range_Number": 0.003656689051246737,
    "MEGNet_OFMEncoded_v1_186": 0.0034550137828769046,
    "MEGNet_OFMEncoded_v1_114": 0.0034432923277931894,
    "ElementProperty_MagpieData_mean_Column": 0.0034000521600442393,
    "RadialDistributionFunction_radial_distribution_function_d_1_90": 0.0033304978620838097,
    "GaussianSymmFunc_std_dev_G4_0_005_4_0_-1_0": 0.0032733787201347855,
    "MEGNet_OFMEncoded_v1_5": 0.0032700809206920945,
    "MEGNet_OFMEncoded_v1_88": 0.0032203609844452447,
    "ElementProperty_MagpieData_mean_MendeleevNumber": 0.003216051607144381,
    "GlobalSymmetryFeatures_spacegroup_num": 0.0031863570071983,
    "MEGNet_OFMEncoded_v1_110": 0.0030966360848865815,
    "MEGNet_OFMEncoded_v1_59": 0.0030795048077884558,
    "ElementProperty_MagpieData_avg_dev_CovalentRadius": 0.0030519043463403733,
    "YangSolidSolution_Yang_delta": 0.0029673692265462393
}