{
    "TMetalFraction_transition_metal_fraction": 0.02007881762817383,
    "ValenceOrbital_frac_d_valence_electrons": 0.017600090676871575,
    "AtomicOrbitals_HOMO_energy": 0.011944586729641542,
    "ElementProperty_MagpieData_mean_Electronegativity": 0.010687057902943229,
    "ElectronegativityDiff_minimum_EN_difference": 0.00988394348019052,
    "ValenceOrbital_frac_p_valence_electrons": 0.006994914910533505,
    "ElectronegativityDiff_maximum_EN_difference": 0.006564835070517945,
    "ElementProperty_MagpieData_mode_MeltingT": 0.006365343464296022,
    "ElementProperty_MagpieData_maximum_NUnfilled": 0.00476775156525677,
    "AtomicOrbitals_gap_AO": 0.004546078703318508,
    "AGNIFingerPrint_std_dev_AGNI_dir=x_eta=8_00e-01": 0.004511723816108646,
    "GaussianSymmFunc_std_dev_G2_20_0": 0.004472384218595904,
    "ElementProperty_MagpieData_maximum_Number": 0.004271974984851088,
    "BondFractions_O_-_P_bond_frac_": 0.0037862832298148365,
    "OPSiteFingerprint_mean_sgl_bd_CN_1": 0.0034508545148395292,
    "ElementProperty_MagpieData_maximum_NValence": 0.003256909799074877,
    "ElementProperty_MagpieData_maximum_MendeleevNumber": 0.0032181933680238617,
    "ElementProperty_MagpieData_mean_MeltingT": 0.0029616278061367343,
    "ElementProperty_MagpieData_avg_dev_Column": 0.0028848896208715476,
    "ElementProperty_MagpieData_mean_NpValence": 0.0028005876931158752,
    "AtomicOrbitals_LUMO_energy": 0.0027210022557766574,
    "ElementProperty_MagpieData_avg_dev_SpaceGroupNumber": 0.00259888005860314,
    "MaximumPackingEfficiency_max_packing_efficiency": 0.0024939449643846044,
    "ElementFraction_F": 0.002492283574768772,
    "BandCenter_band_center": 0.0024262661169735284,
    "RadialDistributionFunction_radial_distribution_function_d_1_90": 0.002353536415192533,
    "ElectronegativityDiff_std_dev_EN_difference": 0.002341725075407076,
    "ElementProperty_MagpieData_mean_Row": 0.0023328437323704735,
    "ElectronegativityDiff_mean_EN_difference": 0.0022616721214512837,
    "ElementProperty_MagpieData_maximum_NdValence": 0.0022321375825010772
}