{
    "TMetalFraction_transition_metal_fraction": 0.047713828106024925,
    "AtomicOrbitals_HOMO_energy": 0.03758081902448752,
    "ValenceOrbital_frac_d_valence_electrons": 0.03348825993198709,
    "ElectronegativityDiff_maximum_EN_difference": 0.020670268199017097,
    "ElectronegativityDiff_minimum_EN_difference": 0.018652952610812918,
    "ValenceOrbital_frac_p_valence_electrons": 0.015034327287041536,
    "OPSiteFingerprint_mean_sgl_bd_CN_1": 0.01331770024903863,
    "ElementProperty_MagpieData_mode_MeltingT": 0.011302498493306683,
    "ElementProperty_MagpieData_maximum_NUnfilled": 0.010556357135727728,
    "ElementProperty_MagpieData_maximum_MendeleevNumber": 0.010311901380953737,
    "AtomicOrbitals_gap_AO": 0.008763108076311477,
    "ElementProperty_MagpieData_avg_dev_Column": 0.008529342062708391,
    "GaussianSymmFunc_std_dev_G2_20_0": 0.00850295482807606,
    "AGNIFingerPrint_std_dev_AGNI_eta=1_23e+00": 0.008259474616638316,
    "AGNIFingerPrint_std_dev_AGNI_dir=y_eta=8_00e-01": 0.00799071066070835,
    "ElectronegativityDiff_mean_EN_difference": 0.006715350686599314,
    "ElementProperty_MagpieData_mean_Electronegativity": 0.006161179137053447,
    "ElementProperty_MagpieData_range_MeltingT": 0.006087273567584824,
    "AtomicOrbitals_LUMO_energy": 0.006082375419098906,
    "RadialDistributionFunction_radial_distribution_function_d_1_90": 0.006016782943576543,
    "ElementProperty_MagpieData_maximum_Number": 0.005683075750629257,
    "MaximumPackingEfficiency_max_packing_efficiency": 0.005597934701507548,
    "ElementProperty_MagpieData_mean_MeltingT": 0.005583347562519706,
    "ElementFraction_O": 0.0055529489323125425,
    "ElementProperty_MagpieData_mean_NpValence": 0.005344675810122712,
    "BondOrientationParameter_mean_BOOP_Q_l=7": 0.005167665123113565,
    "AtomicPackingEfficiency_dist_from_1_clusters__APE____0_010": 0.005051285458992446,
    "ElementProperty_MagpieData_maximum_NValence": 0.004558035602742162,
    "OPSiteFingerprint_std_dev_tetrahedral_CN_4": 0.004323163274999562,
    "BondOrientationParameter_mean_BOOP_Q_l=3": 0.004270795906621799
}