{
    "TMetalFraction_transition_metal_fraction": 0.024661309480592464,
    "ValenceOrbital_frac_p_valence_electrons": 0.01805080610922931,
    "ElementProperty_MagpieData_maximum_Electronegativity": 0.01591248407575314,
    "ElementProperty_MagpieData_mode_MeltingT": 0.012387401072917968,
    "ElectronegativityDiff_maximum_EN_difference": 0.010887315764548374,
    "ValenceOrbital_frac_d_valence_electrons": 0.010394220227819908,
    "AtomicOrbitals_HOMO_energy": 0.005266465572524459,
    "ElementProperty_MagpieData_maximum_MendeleevNumber": 0.004917208084009484,
    "ElementProperty_MagpieData_mean_Row": 0.004602937022336739,
    "ElementProperty_MagpieData_range_MeltingT": 0.004179762551095546,
    "ElementProperty_MagpieData_maximum_NUnfilled": 0.003911321499917683,
    "ElementProperty_MagpieData_maximum_NdValence": 0.0033585480505821086,
    "MEGNet_OFMEncoded_v1_55": 0.003112045157310445,
    "ElectronegativityDiff_minimum_EN_difference": 0.002666664880588132,
    "ElementProperty_MagpieData_maximum_NValence": 0.002523232948394751,
    "ElementProperty_MagpieData_maximum_CovalentRadius": 0.0023095567443867167,
    "ElementProperty_MagpieData_minimum_GSvolume_pa": 0.0022757629392825282,
    "AtomicOrbitals_gap_AO": 0.0021260202906767576,
    "MEGNet_OFMEncoded_v1_180": 0.0020318188918551005,
    "OPSiteFingerprint_mean_sgl_bd_CN_1": 0.0019364105676016163,
    "ElementProperty_MagpieData_minimum_MeltingT": 0.0019304785175569134,
    "MEGNet_OFMEncoded_v1_110": 0.0019226989669712054,
    "MaximumPackingEfficiency_max_packing_efficiency": 0.0018446301566126372,
    "DensityFeatures_density": 0.0017786649519576849,
    "ElementProperty_MagpieData_maximum_Number": 0.0017621394211394178,
    "Stoichiometry_2-norm": 0.0016699511035144058,
    "Stoichiometry_3-norm": 0.001651757667702527,
    "ElementProperty_MagpieData_range_NUnfilled": 0.0016496309885071512,
    "ElementProperty_MagpieData_range_NValence": 0.001639665004067517,
    "BondOrientationParameter_mean_BOOP_Q_l=7": 0.0015891174638300353
}