{
    "ElementProperty_MagpieData_range_MeltingT": 0.002899669045644005,
    "MaximumPackingEfficiency_max_packing_efficiency": 0.0025985997049007654,
    "BondFractions_O_-_P_bond_frac_": 0.002255945070837841,
    "MEGNet_OFMEncoded_v1_79": 0.0021646575787664982,
    "Stoichiometry_0-norm": 0.0016916347140105295,
    "AtomicOrbitals_HOMO_energy": 0.001485826864327561,
    "ElementProperty_MagpieData_mode_MeltingT": 0.0013512166321583796,
    "ElementProperty_MagpieData_maximum_GSmagmom": 0.001319564864780006,
    "ElementProperty_MagpieData_maximum_MeltingT": 0.0011181859254742656,
    "CrystalNNFingerprint_mean_wt_CN_1": 0.0010345657805735887,
    "MEGNet_OFMEncoded_v1_115": 0.0010333595615801344,
    "OxidationStates_range_oxidation_state": 0.0009966995624318036,
    "ElementProperty_MagpieData_maximum_MendeleevNumber": 0.0009836031791157517,
    "ElementFraction_V": 0.0009728414949877575,
    "ElementProperty_MagpieData_avg_dev_NUnfilled": 0.0009720281609524988,
    "ElectronegativityDiff_minimum_EN_difference": 0.0009551815782259304,
    "ElementProperty_MagpieData_mode_GSvolume_pa": 0.0009297839187763647,
    "ElementProperty_MagpieData_maximum_NdUnfilled": 0.0008300857053547938,
    "ElementProperty_MagpieData_minimum_GSvolume_pa": 0.0008269346514339764,
    "ElementProperty_MagpieData_minimum_SpaceGroupNumber": 0.0008063162961640654,
    "MEGNet_OFMEncoded_v1_72": 0.0007688206471257933,
    "ElementProperty_MagpieData_maximum_NpUnfilled": 0.000767468494189121,
    "ElementProperty_MagpieData_range_GSvolume_pa": 0.0007661705088331588,
    "BondOrientationParameter_mean_BOOP_Q_l=3": 0.0007612388930353738,
    "ElementProperty_MagpieData_mean_Row": 0.0007465671143442349,
    "ValenceOrbital_frac_p_valence_electrons": 0.0007181127638378816,
    "ElementProperty_MagpieData_maximum_Number": 0.0007086836155787649,
    "MEGNet_OFMEncoded_v1_19": 0.0006886411943106633,
    "MEGNet_OFMEncoded_v1_180": 0.000677408413634544,
    "ElementProperty_MagpieData_range_Electronegativity": 0.0006758640339839483
}