{
    "ElementProperty_MagpieData_maximum_Number": 0.006215210511779473,
    "MEGNet_OFMEncoded_v1_115": 0.005621242476233769,
    "ElectronegativityDiff_mean_EN_difference": 0.005588547748446025,
    "AGNIFingerPrint_std_dev_AGNI_dir=x_eta=1_23e+00": 0.005570589953023229,
    "MaximumPackingEfficiency_max_packing_efficiency": 0.004123892996204685,
    "MEGNet_OFMEncoded_v1_111": 0.003987965206576134,
    "BondFractions_C_-_O_bond_frac_": 0.003624091825438207,
    "BondFractions_O_-_Si_bond_frac_": 0.003570330453063942,
    "MEGNet_OFMEncoded_v1_48": 0.0034605853400102803,
    "CrystalNNFingerprint_mean_q4_CN_12": 0.0031713073067612565,
    "MEGNet_OFMEncoded_v1_180": 0.0031046372556970047,
    "ElectronegativityDiff_maximum_EN_difference": 0.003064236559039424,
    "ElementProperty_MagpieData_mean_AtomicWeight": 0.002882005504707928,
    "ElementProperty_MagpieData_mean_Row": 0.0027826854065928124,
    "AGNIFingerPrint_std_dev_AGNI_eta=8_00e-01": 0.0027786420808411237,
    "CrystalNNFingerprint_mean_cuboctahedral_CN_12": 0.0025574868787928613,
    "ElectronegativityDiff_minimum_EN_difference": 0.002525476438738114,
    "ElementProperty_MagpieData_mean_NdValence": 0.0024767191904653324,
    "MEGNet_OFMEncoded_v1_186": 0.0023644880831218402,
    "ElementProperty_MagpieData_mean_MeltingT": 0.002342386476113508,
    "ValenceOrbital_frac_p_valence_electrons": 0.0022985222151308544,
    "MEGNet_OFMEncoded_v1_13": 0.0022695760831780696,
    "ElementProperty_MagpieData_mean_SpaceGroupNumber": 0.002239377051732906,
    "AGNIFingerPrint_std_dev_AGNI_eta=1_23e+00": 0.0021980879503876753,
    "MEGNet_OFMEncoded_v1_133": 0.00217848920912346,
    "MEGNet_OFMEncoded_v1_162": 0.002177239863495493,
    "ElementProperty_MagpieData_avg_dev_Electronegativity": 0.002108274778090834,
    "MEGNet_OFMEncoded_v1_4": 0.0020932812760635125,
    "MEGNet_OFMEncoded_v1_72": 0.0020343024387378763,
    "BondFractions_Li_-_O_bond_frac_": 0.0019666120477696935
}