{
    "ValenceOrbital_frac_p_valence_electrons": 0.01605859114795672,
    "BondFractions_O_-_P_bond_frac_": 0.013407491472957238,
    "TMetalFraction_transition_metal_fraction": 0.012371952715708097,
    "ElectronegativityDiff_maximum_EN_difference": 0.011336614495682575,
    "ValenceOrbital_frac_d_valence_electrons": 0.00957726191778167,
    "ElectronegativityDiff_minimum_EN_difference": 0.007680694223180828,
    "ElementProperty_MagpieData_maximum_NdValence": 0.005430578422417484,
    "ElementProperty_MagpieData_maximum_NValence": 0.005119134625975661,
    "RadialDistributionFunction_radial_distribution_function_d_1_90": 0.0050827423878917356,
    "MEGNet_OFMEncoded_v1_149": 0.004588522731532494,
    "ElectronegativityDiff_mean_EN_difference": 0.0045566778654359584,
    "AtomicOrbitals_HOMO_energy": 0.004133860993397666,
    "AtomicOrbitals_gap_AO": 0.004057150351196732,
    "ElementFraction_F": 0.0038221058407804345,
    "MEGNet_OFMEncoded_v1_45": 0.003747549773760164,
    "ElementProperty_MagpieData_mean_SpaceGroupNumber": 0.003608510654537722,
    "ElementProperty_MagpieData_avg_dev_Column": 0.003599862370270975,
    "GaussianSymmFunc_std_dev_G2_20_0": 0.0034834086316957976,
    "ElementProperty_MagpieData_mean_MeltingT": 0.003386268478734069,
    "ElementProperty_MagpieData_mean_Electronegativity": 0.003335070726111996,
    "MaximumPackingEfficiency_max_packing_efficiency": 0.0032385054666108867,
    "ElementProperty_MagpieData_maximum_MeltingT": 0.0031971649857319663,
    "MEGNet_OFMEncoded_v1_132": 0.0030915349256023894,
    "MEGNet_OFMEncoded_v1_30": 0.0030283358259315745,
    "ElementProperty_MagpieData_maximum_Electronegativity": 0.0030220764103800275,
    "GeneralizedRDF_std_dev_Gaussian_center=0_0_width=1_0": 0.0028950361631201555,
    "MEGNet_OFMEncoded_v1_147": 0.002872554255827254,
    "ElementProperty_MagpieData_mean_Number": 0.0027418120807489385,
    "ElementProperty_MagpieData_avg_dev_NpValence": 0.0027088439339196775,
    "AGNIFingerPrint_std_dev_AGNI_eta=8_00e-01": 0.0026656299007018084
}