{
    "ElementProperty_MagpieData_mean_GSbandgap": 0.004479551336279654,
    "ElementProperty_MagpieData_maximum_NdUnfilled": 0.0022417302855898768,
    "ElementFraction_V": 0.0021603496564800984,
    "MEGNet_OFMEncoded_v1_113": 0.00174757871358913,
    "ElectronegativityDiff_maximum_EN_difference": 0.0013385628330241928,
    "ElementProperty_MagpieData_maximum_MeltingT": 0.0013137134707775896,
    "BondFractions_Ni_-_O_bond_frac_": 0.0012179950647319261,
    "OxidationStates_minimum_oxidation_state": 0.0011946974847725888,
    "AGNIFingerPrint_mean_AGNI_eta=8_00e-01": 0.0011483259718776976,
    "MEGNet_OFMEncoded_v1_164": 0.001104384533735054,
    "RadialDistributionFunction_radial_distribution_function_d_1_90": 0.0010025888728116945,
    "ElementProperty_MagpieData_mode_Electronegativity": 0.000993005157636872,
    "ElectronegativityDiff_minimum_EN_difference": 0.0009514490044077118,
    "ValenceOrbital_frac_d_valence_electrons": 0.000944505919791381,
    "ElementProperty_MagpieData_minimum_Electronegativity": 0.0008239551767793036,
    "AtomicOrbitals_HOMO_energy": 0.0007871082773553285,
    "ElementProperty_MagpieData_range_NdValence": 0.0007844407967057723,
    "ElementProperty_MagpieData_maximum_GSvolume_pa": 0.0007715529951775207,
    "MEGNet_OFMEncoded_v1_163": 0.0007678225528487903,
    "ElementFraction_F": 0.0007578623753739311,
    "ValenceOrbital_frac_p_valence_electrons": 0.0007274187058015426,
    "ElementProperty_MagpieData_avg_dev_GSbandgap": 0.0007215746734512385,
    "TMetalFraction_transition_metal_fraction": 0.000711376589635119,
    "ElementProperty_MagpieData_range_GSbandgap": 0.0006249096428363512,
    "ElementFraction_Cu": 0.0006107094026332196,
    "ElementProperty_MagpieData_mean_NpValence": 0.0006052707910601004,
    "ElementProperty_MagpieData_mean_MeltingT": 0.0005996750790550601,
    "ElementProperty_MagpieData_maximum_GSmagmom": 0.0005934038639693714,
    "ElementProperty_MagpieData_avg_dev_CovalentRadius": 0.0005838563395298168,
    "ElectronegativityDiff_mean_EN_difference": 0.0005685904273142299
}