{
    "ElementProperty_MagpieData_maximum_GSbandgap": 0.003060742229646894,
    "ElementProperty_MagpieData_maximum_NUnfilled": 0.0021893976292327007,
    "ElementProperty_MagpieData_mode_NValence": 0.001959218320515169,
    "ElementProperty_MagpieData_mean_GSbandgap": 0.0017018945949029256,
    "ElementProperty_MagpieData_minimum_GSvolume_pa": 0.001526154496722235,
    "ElementProperty_MagpieData_maximum_MeltingT": 0.0013955743482093204,
    "ElementProperty_MagpieData_maximum_NValence": 0.0013774208946645773,
    "ElementFraction_S": 0.0013731555990066505,
    "TMetalFraction_transition_metal_fraction": 0.0013529338466856196,
    "ElementFraction_O": 0.0012967670938171705,
    "ElectronegativityDiff_maximum_EN_difference": 0.0010784921660563918,
    "ElementProperty_MagpieData_maximum_MendeleevNumber": 0.0010260809080867726,
    "ElementProperty_MagpieData_minimum_MendeleevNumber": 0.001019117424814025,
    "ElectronegativityDiff_minimum_EN_difference": 0.000996556874821662,
    "ElementProperty_MagpieData_maximum_GSvolume_pa": 0.0009732434481278646,
    "ElementProperty_MagpieData_maximum_Number": 0.0009666585404080975,
    "ElectronegativityDiff_mean_EN_difference": 0.0009437192004058825,
    "ElementProperty_MagpieData_mode_AtomicWeight": 0.0009264170258247791,
    "ElementProperty_MagpieData_avg_dev_MendeleevNumber": 0.0009109489330219999,
    "ElementProperty_MagpieData_mean_NfValence": 0.0008521555044761264,
    "YangSolidSolution_Yang_delta": 0.0008256276176286222,
    "AtomicOrbitals_HOMO_energy": 0.0007642229474337682,
    "ElementProperty_MagpieData_maximum_Electronegativity": 0.0007507138374710546,
    "Stoichiometry_2-norm": 0.0007385585332085069,
    "ElementProperty_MagpieData_avg_dev_MeltingT": 0.0007160178348495225,
    "ElementProperty_MagpieData_maximum_CovalentRadius": 0.0006860419071081106,
    "ElectronegativityDiff_range_EN_difference": 0.000681021607138889,
    "IonProperty_avg_ionic_char": 0.0006415308069572701,
    "ElementProperty_MagpieData_avg_dev_NUnfilled": 0.0006009165040080767,
    "MEGNet_OFMEncoded_v1_74": 0.0005916247743069647
}