{
    "ElementProperty_MagpieData_range_NValence": 0.0027181057787541087,
    "ElementProperty_MagpieData_maximum_NdUnfilled": 0.0021254770135214957,
    "ElectronegativityDiff_maximum_EN_difference": 0.0019438455976587233,
    "Stoichiometry_0-norm": 0.0014860183946270745,
    "ElementProperty_MagpieData_maximum_CovalentRadius": 0.001448230488539404,
    "ElementProperty_MagpieData_minimum_Number": 0.0013218556545968097,
    "ElementProperty_MagpieData_range_AtomicWeight": 0.0011632674437598081,
    "ElementProperty_MagpieData_maximum_MeltingT": 0.0011412747198729504,
    "ElectronegativityDiff_minimum_EN_difference": 0.0011056429869496357,
    "AtomicOrbitals_HOMO_energy": 0.0010574945814079684,
    "ElementProperty_MagpieData_maximum_GSmagmom": 0.00101931501744488,
    "TMetalFraction_transition_metal_fraction": 0.0009826337305730158,
    "Stoichiometry_2-norm": 0.000979247222157714,
    "ElementProperty_MagpieData_avg_dev_GSvolume_pa": 0.0008182058685204373,
    "ElementProperty_MagpieData_maximum_NUnfilled": 0.0008031754413597463,
    "MEGNet_OFMEncoded_v1_86": 0.0007857448883319849,
    "ElementProperty_MagpieData_minimum_Electronegativity": 0.000778508062710699,
    "ElementProperty_MagpieData_mean_GSmagmom": 0.0007783037833945997,
    "ElementProperty_MagpieData_maximum_NdValence": 0.000770303389973871,
    "OxidationStates_range_oxidation_state": 0.0007673989148647718,
    "BondFractions_O_-_P_bond_frac_": 0.000762410331733228,
    "MaximumPackingEfficiency_max_packing_efficiency": 0.0007333254540967206,
    "BondFractions_O_-_V_bond_frac_": 0.0007052449607768473,
    "ElementProperty_MagpieData_range_NUnfilled": 0.000682191938381967,
    "ElectronegativityDiff_mean_EN_difference": 0.0006804136836108191,
    "ElementFraction_Mn": 0.0006786430751949767,
    "ElementFraction_Al": 0.0006438729842636345,
    "YangSolidSolution_Yang_delta": 0.0006403990858567281,
    "AtomicOrbitals_gap_AO": 0.0006372483474683631,
    "ElementFraction_Sn": 0.0006363265080916456
}