{
    "ElementProperty_MagpieData_range_MeltingT": 0.014407013048754665,
    "MEGNet_OFMEncoded_v1_65": 0.013190311195374633,
    "ElementProperty_MagpieData_minimum_MendeleevNumber": 0.01317129553773838,
    "MEGNet_OFMEncoded_v1_81": 0.010944946906243671,
    "LocalPropertyDifference_mean_local_difference_in_Electronegativity": 0.010739725539758629,
    "ElementProperty_MagpieData_mean_Electronegativity": 0.010494256978621365,
    "MEGNet_OFMEncoded_v1_102": 0.01000991395355061,
    "GeneralizedRDF_mean_Gaussian_center=7_0_width=1_0": 0.009665094539297262,
    "MEGNet_OFMEncoded_v1_165": 0.008844571009052721,
    "BondFractions_O_-_W_bond_frac_": 0.008485621396512995,
    "ElementProperty_MagpieData_mean_NpValence": 0.00842327710948279,
    "GeneralizedRDF_mean_Gaussian_center=6_0_width=1_0": 0.00829690919969654,
    "ElementProperty_MagpieData_avg_dev_NpValence": 0.007748428876821558,
    "MEGNet_OFMEncoded_v1_142": 0.007563187388671931,
    "ElectronegativityDiff_maximum_EN_difference": 0.007270497883363338,
    "MEGNet_OFMEncoded_v1_149": 0.006762416510881777,
    "MEGNet_OFMEncoded_v1_26": 0.006685546859257145,
    "MEGNet_OFMEncoded_v1_164": 0.006434896890362668,
    "MEGNet_OFMEncoded_v1_172": 0.006340462483767355,
    "AtomicOrbitals_HOMO_energy": 0.006339500150436267,
    "ElementProperty_MagpieData_avg_dev_Column": 0.006215356604448888,
    "MEGNet_OFMEncoded_v1_86": 0.006191170267971375,
    "ElementProperty_MagpieData_avg_dev_Electronegativity": 0.006090065594073589,
    "GeneralizedRDF_std_dev_Gaussian_center=8_0_width=1_0": 0.00577835078673698,
    "MEGNet_OFMEncoded_v1_115": 0.005678895296604179,
    "GeneralizedRDF_mean_Gaussian_center=4_0_width=1_0": 0.005635343032140837,
    "ElementFraction_K": 0.005441051018952409,
    "BondFractions_Nb_-_O_bond_frac_": 0.005302325251833227,
    "RadialDistributionFunction_radial_distribution_function_d_1_40": 0.004630861317447472,
    "AverageBondAngle_mean_Average_bond_angle": 0.004550621309103392
}