{
    "ElementProperty_MagpieData_mode_Electronegativity": 0.003274203449724825,
    "ElementProperty_MagpieData_mean_GSbandgap": 0.003071075800638115,
    "ElementProperty_MagpieData_mean_NUnfilled": 0.0027849123199598716,
    "AtomicOrbitals_HOMO_energy": 0.002187719582134717,
    "ElementFraction_O": 0.001711606997564179,
    "ElementProperty_MagpieData_mode_SpaceGroupNumber": 0.0015406716424928007,
    "TMetalFraction_transition_metal_fraction": 0.0014428040623371198,
    "ElementProperty_MagpieData_mean_NpUnfilled": 0.0013416298263948878,
    "GeneralizedRDF_std_dev_Gaussian_center=4_0_width=1_0": 0.0012363350138113348,
    "GeneralizedRDF_mean_Gaussian_center=6_0_width=1_0": 0.0011925891711154068,
    "ElementProperty_MagpieData_maximum_Electronegativity": 0.0011573958146224082,
    "ElementProperty_MagpieData_avg_dev_Row": 0.0011248975179574709,
    "ElementProperty_MagpieData_maximum_MendeleevNumber": 0.0011193249244163554,
    "OPSiteFingerprint_mean_sgl_bd_CN_1": 0.0010581840076087216,
    "BandCenter_band_center": 0.0010292324516223356,
    "ElementProperty_MagpieData_mode_MeltingT": 0.0010211821225299357,
    "ElementProperty_MagpieData_avg_dev_SpaceGroupNumber": 0.0010017154220974167,
    "YangSolidSolution_Yang_delta": 0.0009881304970831139,
    "ElementProperty_MagpieData_maximum_NUnfilled": 0.0009282935421463263,
    "GeneralizedRDF_std_dev_Gaussian_center=2_0_width=1_0": 0.0009277362622125038,
    "AGNIFingerPrint_std_dev_AGNI_eta=2_89e+00": 0.0008799128437680103,
    "ElementProperty_MagpieData_avg_dev_GSvolume_pa": 0.0008566678065239314,
    "ElementProperty_MagpieData_mean_Column": 0.0008481395924912763,
    "ElementProperty_MagpieData_maximum_CovalentRadius": 0.0008358208370647368,
    "XRDPowderPattern_xrd_61": 0.0008335644305303756,
    "ElementProperty_MagpieData_mean_MendeleevNumber": 0.0007837766383316213,
    "XRDPowderPattern_xrd_14": 0.0007741674906810268,
    "ElementProperty_MagpieData_mode_CovalentRadius": 0.0007666992615903547,
    "GeneralizedRDF_mean_Gaussian_center=3_0_width=1_0": 0.0007641336095759464,
    "GeneralizedRDF_mean_Gaussian_center=7_0_width=1_0": 0.0007441474063286887
}