{
    "GeneralizedRDF_mean_Gaussian_center=3_0_width=1_0": 0.026691431904111655,
    "ElementProperty_MagpieData_mean_NpValence": 0.013647912417548543,
    "ElementProperty_MagpieData_mode_MendeleevNumber": 0.012840043043042407,
    "VoronoiFingerprint_mean_Voro_dist_minimum": 0.007235537863051886,
    "GeneralizedRDF_mean_Gaussian_center=2_0_width=1_0": 0.006536689755075025,
    "GeneralizedRDF_mean_Gaussian_center=4_0_width=1_0": 0.006521171337422929,
    "AverageBondLength_std_dev_Average_bond_length": 0.005935109381782782,
    "MaximumPackingEfficiency_max_packing_efficiency": 0.005491567197863363,
    "ElementFraction_K": 0.004739236494929355,
    "ElementProperty_MagpieData_maximum_MeltingT": 0.0044988376265196,
    "ElementFraction_S": 0.004419203725143985,
    "CrystalNNFingerprint_mean_wt_CN_14": 0.004389094555838436,
    "ElementProperty_MagpieData_mean_GSvolume_pa": 0.003983210103208876,
    "BondOrientationParameter_mean_BOOP_Q_l=1": 0.003927817715639309,
    "CrystalNNFingerprint_mean_wt_CN_1": 0.003925417425499612,
    "ElementProperty_MagpieData_minimum_GSvolume_pa": 0.0038891332467922814,
    "AGNIFingerPrint_std_dev_AGNI_eta=1_23e+00": 0.0036827942776641942,
    "DensityFeatures_packing_fraction": 0.0036392634906044605,
    "AtomicPackingEfficiency_dist_from_1_clusters__APE____0_010": 0.0035617579381860822,
    "ElementProperty_MagpieData_minimum_Electronegativity": 0.0034667429688417617,
    "ElementProperty_MagpieData_mean_Electronegativity": 0.003392026619700935,
    "MEGNet_OFMEncoded_v1_106": 0.00328533447724718,
    "MEGNet_OFMEncoded_v1_125": 0.003207936719896352,
    "MEGNet_OFMEncoded_v1_152": 0.0031421462766070434,
    "ElementProperty_MagpieData_maximum_MendeleevNumber": 0.0029899863940268286,
    "OPSiteFingerprint_mean_sgl_bd_CN_1": 0.0029440119004597465,
    "DensityFeatures_vpa": 0.0029250697864800453,
    "ElectronegativityDiff_minimum_EN_difference": 0.002893632174741637,
    "GeneralizedRDF_std_dev_Gaussian_center=0_0_width=1_0": 0.0028234054515762566,
    "ElementProperty_MagpieData_minimum_MendeleevNumber": 0.0027279405933046557
}