{
    "GaussianSymmFunc_std_dev_G2_80_0": 0.17643800421151673,
    "GaussianSymmFunc_mean_G2_80_0": 0.12994829288722332,
    "TMetalFraction_transition_metal_fraction": 0.08565208727050577,
    "ElementProperty_MagpieData_avg_dev_NpValence": 0.07217050424790421,
    "ElementProperty_MagpieData_minimum_MeltingT": 0.06698802953520074,
    "GeneralizedRDF_mean_Gaussian_center=7_0_width=1_0": 0.06498346376862053,
    "AGNIFingerPrint_mean_AGNI_eta=1_88e+00": 0.06425773666444591,
    "ElectronegativityDiff_minimum_EN_difference": 0.05354945176715147,
    "ElementProperty_MagpieData_maximum_MeltingT": 0.041332301264093846,
    "ElementProperty_MagpieData_mean_NpValence": 0.040343180307096084,
    "ElementProperty_MagpieData_avg_dev_NUnfilled": 0.03975202794351475,
    "ElectronegativityDiff_maximum_EN_difference": 0.03944394958681443,
    "ElementProperty_MagpieData_mean_NpUnfilled": 0.037133688212600394,
    "ElementProperty_MagpieData_mean_MeltingT": 0.03590856473694586,
    "AGNIFingerPrint_std_dev_AGNI_dir=z_eta=8_00e-01": 0.03521593845100812,
    "AverageBondLength_mean_Average_bond_length": 0.03348607796893543,
    "ElementProperty_MagpieData_mean_GSmagmom": 0.033057964804440294,
    "YangSolidSolution_Yang_omega": 0.03144949683116283,
    "MEGNet_OFMEncoded_v1_148": 0.0308126567559495,
    "ElementProperty_MagpieData_maximum_CovalentRadius": 0.02991375909797051,
    "RadialDistributionFunction_radial_distribution_function_d_1_90": 0.029637857088781614,
    "ElementProperty_MagpieData_avg_dev_MeltingT": 0.028773438282288802,
    "GeneralizedRDF_std_dev_Gaussian_center=0_0_width=1_0": 0.02803315252179763,
    "ElementProperty_MagpieData_range_Electronegativity": 0.027870696677305483,
    "ElementProperty_MagpieData_mean_NUnfilled": 0.02658684319745973,
    "ElementFraction_N": 0.025855276655494374,
    "CrystalNNFingerprint_std_dev_tetrahedral_CN_4": 0.02582741525648068,
    "ElementProperty_MagpieData_mean_NdUnfilled": 0.02550807043477861,
    "ElementProperty_MagpieData_mean_Column": 0.024828628022285276,
    "ElementProperty_MagpieData_avg_dev_NpUnfilled": 0.023819462502646254
}