{
    "ElementFraction_F": 0.15675980727579641,
    "ElementProperty_MagpieData_maximum_MendeleevNumber": 0.060339634843743564,
    "ElementFraction_Yb": 0.053766918678716115,
    "ElectronegativityDiff_minimum_EN_difference": 0.04956119711332005,
    "RadialDistributionFunction_radial_distribution_function_d_3_90": 0.04129517927413783,
    "ElementProperty_MagpieData_mode_MeltingT": 0.03812210527980583,
    "MEGNet_OFMEncoded_v1_27": 0.037052921731487096,
    "GaussianSymmFunc_mean_G2_80_0": 0.03381977669780167,
    "ElementProperty_MagpieData_minimum_CovalentRadius": 0.032389459445672945,
    "AGNIFingerPrint_mean_AGNI_eta=8_00e-01": 0.031719040364210735,
    "RadialDistributionFunction_radial_distribution_function_d_2_00": 0.031239368241219378,
    "MaximumPackingEfficiency_max_packing_efficiency": 0.031156224038782918,
    "ElectronegativityDiff_maximum_EN_difference": 0.03012124435531778,
    "MEGNet_OFMEncoded_v1_157": 0.028857143294468986,
    "CrystalNNFingerprint_mean_tetrahedral_CN_4": 0.027647361916070638,
    "MEGNet_OFMEncoded_v1_76": 0.024424173851807424,
    "ElementProperty_MagpieData_minimum_Electronegativity": 0.024251932849687755,
    "AtomicOrbitals_HOMO_energy": 0.024099669762380243,
    "TMetalFraction_transition_metal_fraction": 0.02289570348126411,
    "ElementProperty_MagpieData_maximum_MeltingT": 0.021328775003156504,
    "XRDPowderPattern_xrd_25": 0.020563062819876604,
    "ElementProperty_MagpieData_maximum_NdUnfilled": 0.019567375770808398,
    "MEGNet_OFMEncoded_v1_102": 0.019506201437677513,
    "MEGNet_OFMEncoded_v1_9": 0.01895441483966396,
    "ElementProperty_MagpieData_maximum_CovalentRadius": 0.01842454117000644,
    "ElementProperty_MagpieData_avg_dev_NpValence": 0.017794300447548716,
    "MEGNet_OFMEncoded_v1_166": 0.01760954840212879,
    "ElementFraction_Cu": 0.017587690863187483,
    "MEGNet_OFMEncoded_v1_81": 0.01736938665745071,
    "RadialDistributionFunction_radial_distribution_function_d_2_40": 0.017220904204878002
}