{
    "GaussianSymmFunc_mean_G2_80_0": 0.0038549545922048727,
    "RadialDistributionFunction_radial_distribution_function_d_3_90": 0.0038319983605126194,
    "MaximumPackingEfficiency_max_packing_efficiency": 0.0022183272579949453,
    "RadialDistributionFunction_radial_distribution_function_d_3_80": 0.0020564266364323973,
    "MEGNet_OFMEncoded_v1_17": 0.001486578759276457,
    "OxidationStates_std_dev_oxidation_state": 0.0011655241953487017,
    "AGNIFingerPrint_std_dev_AGNI_dir=z_eta=1_23e+00": 0.001147245747476598,
    "ElementProperty_MagpieData_minimum_MeltingT": 0.0011364699924473248,
    "MEGNet_OFMEncoded_v1_63": 0.0010236194859331556,
    "AGNIFingerPrint_mean_AGNI_eta=8_00e-01": 0.0010212506421979537,
    "ElementProperty_MagpieData_avg_dev_GSbandgap": 0.001015453436653235,
    "DensityFeatures_packing_fraction": 0.000998831115256892,
    "StructuralHeterogeneity_mean_neighbor_distance_variation": 0.000948563731753507,
    "ElementProperty_MagpieData_maximum_CovalentRadius": 0.0009484700750476164,
    "ElementProperty_MagpieData_minimum_Number": 0.0009348902761468968,
    "RadialDistributionFunction_radial_distribution_function_d_3_70": 0.0008798129710251227,
    "ElementProperty_MagpieData_mean_MeltingT": 0.0008769586725190999,
    "GaussianSymmFunc_std_dev_G2_80_0": 0.0008736295232541039,
    "ElementProperty_MagpieData_mean_Electronegativity": 0.000850949409055207,
    "ElementProperty_MagpieData_mean_NUnfilled": 0.0008245398197314984,
    "ElementProperty_MagpieData_mean_MendeleevNumber": 0.0008201044519607748,
    "RadialDistributionFunction_radial_distribution_function_d_2_90": 0.000806455069168146,
    "ElementProperty_MagpieData_range_Electronegativity": 0.0007429897758707863,
    "ElementProperty_MagpieData_range_Column": 0.0007427591416288805,
    "ElementProperty_MagpieData_avg_dev_NpValence": 0.0007417180525353524,
    "ElementProperty_MagpieData_minimum_CovalentRadius": 0.0007315808222186162,
    "RadialDistributionFunction_radial_distribution_function_d_2_80": 0.0007137737728844356,
    "GeneralizedRDF_mean_Gaussian_center=7_0_width=1_0": 0.0007083209640634615,
    "ElementProperty_MagpieData_mean_Row": 0.0006991764808708052,
    "OPSiteFingerprint_std_dev_sgl_bd_CN_1": 0.0006983693589369819
}