{
    "ElementProperty_MagpieData_mean_NpValence": 0.003884272044972787,
    "MaximumPackingEfficiency_max_packing_efficiency": 0.0023112732657826294,
    "ElementProperty_MagpieData_mean_CovalentRadius": 0.0015776284259647543,
    "DensityFeatures_packing_fraction": 0.0015246981494007432,
    "GeneralizedRDF_mean_Gaussian_center=3_0_width=1_0": 0.0015105843720905187,
    "VoronoiFingerprint_mean_Voro_vol_maximum": 0.0014966055410858563,
    "RadialDistributionFunction_radial_distribution_function_d_3_90": 0.0012032831699172366,
    "ElementProperty_MagpieData_mean_Electronegativity": 0.001088568098131827,
    "AverageBondLength_mean_Average_bond_length": 0.0010755253578349142,
    "GeneralizedRDF_mean_Gaussian_center=5_0_width=1_0": 0.0010674466287472894,
    "BondOrientationParameter_mean_BOOP_Q_l=1": 0.0009367574568784218,
    "ElementProperty_MagpieData_avg_dev_MendeleevNumber": 0.0009008778691218846,
    "RadialDistributionFunction_radial_distribution_function_d_3_80": 0.0009006352963753502,
    "ElementProperty_MagpieData_mean_MendeleevNumber": 0.0008638681743210082,
    "RadialDistributionFunction_radial_distribution_function_d_1_70": 0.0008438440561676488,
    "AverageBondLength_std_dev_Average_bond_length": 0.0007745973808573706,
    "ElementProperty_MagpieData_mean_Column": 0.0007539949891469657,
    "GaussianSymmFunc_mean_G2_80_0": 0.0007498905646964768,
    "CrystalNNFingerprint_std_dev_wt_CN_2": 0.0007166965006325549,
    "CrystalNNFingerprint_mean_wt_CN_2": 0.0006741115611491204,
    "MEGNet_OFMEncoded_v1_17": 0.0006563049879348146,
    "ElementProperty_MagpieData_mode_Electronegativity": 0.0006502074479153392,
    "RadialDistributionFunction_radial_distribution_function_d_4_00": 0.0006279066806362064,
    "AGNIFingerPrint_std_dev_AGNI_eta=8_00e-01": 0.0006114248727570095,
    "ElementProperty_MagpieData_avg_dev_GSvolume_pa": 0.0006055877953496223,
    "ElementProperty_MagpieData_maximum_MeltingT": 0.0005941628670854828,
    "RadialDistributionFunction_radial_distribution_function_d_3_00": 0.0005912600621746471,
    "XRDPowderPattern_xrd_86": 0.0005771231933493818,
    "ElementProperty_MagpieData_minimum_Electronegativity": 0.0005559158331290112,
    "RadialDistributionFunction_radial_distribution_function_d_1_80": 0.0005507156370282084
}