{
    "ElementProperty_MagpieData_avg_dev_Electronegativity": 0.05249328018301557,
    "AverageBondLength_mean_Average_bond_length": 0.035688320363134164,
    "YangSolidSolution_Yang_delta": 0.032522346818224274,
    "ElementProperty_MagpieData_minimum_Column": 0.0279738706092908,
    "GeneralizedRDF_mean_Gaussian_center=4_0_width=1_0": 0.026875152092159287,
    "RadialDistributionFunction_radial_distribution_function_d_2_40": 0.019559653292781948,
    "BondOrientationParameter_mean_BOOP_Q_l=1": 0.019475049754221763,
    "ElementProperty_MagpieData_minimum_Number": 0.01587226285359599,
    "RadialDistributionFunction_radial_distribution_function_d_2_50": 0.014435970522683856,
    "MaximumPackingEfficiency_max_packing_efficiency": 0.013309599602014959,
    "ElementFraction_Sr": 0.013115194420751913,
    "AverageBondLength_std_dev_Average_bond_length": 0.012605133755343377,
    "ElementFraction_Ba": 0.011897090374528263,
    "ElementProperty_MagpieData_minimum_Electronegativity": 0.010804661011663722,
    "MEGNet_OFMEncoded_v1_26": 0.010783144465708652,
    "ElementProperty_MagpieData_mean_Electronegativity": 0.010113393944824134,
    "ElementProperty_MagpieData_minimum_MendeleevNumber": 0.0097369881771144,
    "ElementProperty_MagpieData_range_GSvolume_pa": 0.009533989524233219,
    "RadialDistributionFunction_radial_distribution_function_d_2_90": 0.009493915970559534,
    "ElementProperty_MagpieData_avg_dev_NpValence": 0.009356514360383327,
    "ElementProperty_MagpieData_mean_MeltingT": 0.009144440339196836,
    "ElementProperty_MagpieData_avg_dev_GSvolume_pa": 0.008969654728715045,
    "GeneralizedRDF_std_dev_Gaussian_center=2_0_width=1_0": 0.008540731651252883,
    "ElementProperty_MagpieData_maximum_GSvolume_pa": 0.008482041054060812,
    "ElementProperty_MagpieData_avg_dev_CovalentRadius": 0.008368962473026847,
    "CoordinationNumber_std_dev_CN_VoronoiNN": 0.008330113696235267,
    "ElementProperty_MagpieData_minimum_GSvolume_pa": 0.00817656060157884,
    "MEGNet_OFMEncoded_v1_19": 0.00813818454477569,
    "ElementProperty_MagpieData_avg_dev_MendeleevNumber": 0.00778876209420542,
    "MEGNet_OFMEncoded_v1_115": 0.007704836100763553
}