{
    "MaximumPackingEfficiency_max_packing_efficiency": 1.3258047746510861,
    "DensityFeatures_density": 0.6513747417542819,
    "ElementProperty_MagpieData_maximum_MendeleevNumber": 0.43347459212717715,
    "ElementProperty_MagpieData_mode_MendeleevNumber": 0.37191709372572945,
    "AtomicOrbitals_HOMO_energy": 0.32382827722220514,
    "ElementProperty_MagpieData_mean_NUnfilled": 0.1947944166378296,
    "ElementProperty_MagpieData_minimum_Electronegativity": 0.18671406646201158,
    "LocalPropertyDifference_std_dev_local_difference_in_Electronegativity": 0.17270202551968447,
    "ElementProperty_MagpieData_mean_MeltingT": 0.16118500285207066,
    "GeneralizedRDF_mean_Gaussian_center=3_0_width=1_0": 0.15804873975460262,
    "ElementProperty_MagpieData_maximum_Number": 0.15330768952100093,
    "AverageBondLength_std_dev_Average_bond_length": 0.13918295930949925,
    "TMetalFraction_transition_metal_fraction": 0.13915251842204115,
    "ElementProperty_MagpieData_mean_NpUnfilled": 0.11559939385728125,
    "ValenceOrbital_frac_p_valence_electrons": 0.10286875754112106,
    "ElementFraction_F": 0.10192543654536643,
    "ElementProperty_MagpieData_mean_GSvolume_pa": 0.09476394002775239,
    "VoronoiFingerprint_mean_Voro_area_maximum": 0.09030397986373395,
    "MEGNet_OFMEncoded_v1_111": 0.08852434354809989,
    "BondOrientationParameter_mean_BOOP_Q_l=2": 0.08720990086558186,
    "RadialDistributionFunction_radial_distribution_function_d_2_10": 0.08387619912265276,
    "ElementProperty_MagpieData_minimum_MendeleevNumber": 0.08208331380026726,
    "ElementProperty_MagpieData_mean_GSbandgap": 0.0808758777726962,
    "ElementProperty_MagpieData_mode_MeltingT": 0.07799084563452338,
    "GeneralizedRDF_std_dev_Gaussian_center=1_0_width=1_0": 0.07781399580528144,
    "DensityFeatures_packing_fraction": 0.07564404006202023,
    "YangSolidSolution_Yang_omega": 0.07340411665091065,
    "ElementProperty_MagpieData_avg_dev_GSbandgap": 0.07277074673085233,
    "ElementProperty_MagpieData_range_Electronegativity": 0.07265765309771188,
    "XRDPowderPattern_xrd_23": 0.07058977134307404
}