{
    "ElectronegativityDiff_maximum_EN_difference": 0.14706877559220582,
    "SineCoulombMatrix_sine_coulomb_matrix_eig_60": 0.13504381395772802,
    "CoulombMatrix_coulomb_matrix_eig_58": 0.12098602854909161,
    "MEGNet_OFMEncoded_v1_93": 0.10833963504558516,
    "BandCenter_band_center": 0.034078497619927615,
    "MEGNet_OFMEncoded_v1_154": 0.029568122588434845,
    "ChemEnvSiteFingerprint_std_dev_FO:7": 0.0211873277021165,
    "ChemEnvSiteFingerprint_mean_FO:7": 0.01907162449624957,
    "BondFractions_O_-_P_bond_frac_": 0.015963364145124198,
    "MEGNet_OFMEncoded_v1_83": 0.014932330750595246,
    "BondFractions_Ni_-_O_bond_frac_": 0.01469838193223523,
    "ElementProperty_MagpieData_avg_dev_NpValence": 0.014284417399691435,
    "ValenceOrbital_frac_p_valence_electrons": 0.014179925136902654,
    "RadialDistributionFunction_radial_distribution_function_d_1_50": 0.013437057858259228,
    "IonProperty_avg_ionic_char": 0.012221485989214352,
    "CoulombMatrix_coulomb_matrix_eig_42": 0.011906397867366036,
    "ElementProperty_MagpieData_avg_dev_SpaceGroupNumber": 0.011591476031209063,
    "MEGNet_OFMEncoded_v1_39": 0.01073431662775944,
    "CoulombMatrix_coulomb_matrix_eig_34": 0.01018490411417864,
    "MEGNet_OFMEncoded_v1_122": 0.009662089337853135,
    "MEGNet_OFMEncoded_v1_67": 0.009060651277001959,
    "MEGNet_OFMEncoded_v1_133": 0.008948877721330543,
    "AtomicOrbitals_HOMO_energy": 0.008902535783470339,
    "ElectronegativityDiff_mean_EN_difference": 0.008887690015025857,
    "MEGNet_OFMEncoded_v1_18": 0.008767091983849536,
    "VoronoiFingerprint_std_dev_Voro_index_7": 0.008450247716660898,
    "MEGNet_OFMEncoded_v1_50": 0.00844264698621605,
    "ElementProperty_MagpieData_avg_dev_Electronegativity": 0.008399129444007015,
    "VoronoiFingerprint_std_dev_Voro_dist_minimum": 0.008049045892226844,
    "GlobalSymmetryFeatures_spacegroup_num": 0.00799684571679926
}