{
    "ElementProperty_MagpieData_mean_MeltingT": 0.004197358199808158,
    "GeneralizedRDF_mean_Gaussian_center=0_0_width=1_0": 0.00383323139465398,
    "RadialDistributionFunction_radial_distribution_function_d_3_90": 0.003428281860420338,
    "ElementProperty_MagpieData_minimum_GSvolume_pa": 0.002899512904258963,
    "ElementProperty_MagpieData_mean_NpValence": 0.0027087476924551133,
    "ElementProperty_MagpieData_mean_CovalentRadius": 0.002695929903512304,
    "TMetalFraction_transition_metal_fraction": 0.0023681719527062816,
    "MaximumPackingEfficiency_max_packing_efficiency": 0.002227055039976952,
    "GeneralizedRDF_mean_Gaussian_center=2_0_width=1_0": 0.0020960531482805576,
    "GaussianSymmFunc_mean_G2_20_0": 0.0019827580425489494,
    "GaussianSymmFunc_mean_G2_80_0": 0.0019154421858450256,
    "RadialDistributionFunction_radial_distribution_function_d_2_80": 0.0017647792339121717,
    "RadialDistributionFunction_radial_distribution_function_d_2_90": 0.0017384370123771193,
    "ElementProperty_MagpieData_avg_dev_GSbandgap": 0.0017007072377053752,
    "ElementProperty_MagpieData_range_GSbandgap": 0.001694632853679474,
    "ElementProperty_MagpieData_maximum_MeltingT": 0.0015440516479403833,
    "RadialDistributionFunction_radial_distribution_function_d_3_80": 0.001479098327729203,
    "ElementProperty_MagpieData_mean_NpUnfilled": 0.0014255282339319193,
    "BondOrientationParameter_mean_BOOP_Q_l=2": 0.00140511033505888,
    "VoronoiFingerprint_std_dev_Voro_vol_sum": 0.0013481938370170188,
    "GeneralizedRDF_mean_Gaussian_center=4_0_width=1_0": 0.0013422102809791197,
    "DensityFeatures_packing_fraction": 0.0013351988387353955,
    "GeneralizedRDF_mean_Gaussian_center=3_0_width=1_0": 0.001228622424639941,
    "ElementProperty_MagpieData_mean_GSvolume_pa": 0.0011955868087282387,
    "RadialDistributionFunction_radial_distribution_function_d_4_00": 0.0011701149907634657,
    "IonProperty_avg_ionic_char": 0.0011011840282424894,
    "AGNIFingerPrint_std_dev_AGNI_eta=1_23e+00": 0.0010756290821603643,
    "CrystalNNFingerprint_mean_cuboctahedral_CN_12": 0.0010247362676581745,
    "MEGNet_OFMEncoded_v1_14": 0.0010148833594636757,
    "ElementProperty_MagpieData_mean_GSbandgap": 0.0010006920546225566
}