{
    "GeneralizedRDF_mean_Gaussian_center=3_0_width=1_0": 0.08794131908392869,
    "ElementProperty_MagpieData_mode_MendeleevNumber": 0.04280289886863767,
    "DensityFeatures_density": 0.034915622687645684,
    "AverageBondLength_std_dev_Average_bond_length": 0.023322587913185942,
    "CrystalNNFingerprint_mean_wt_CN_1": 0.022927389501925143,
    "ElementProperty_MagpieData_mean_NpValence": 0.02218253548211716,
    "ElementProperty_MagpieData_minimum_MeltingT": 0.01894550084393408,
    "MaximumPackingEfficiency_max_packing_efficiency": 0.018615134244717158,
    "BandCenter_band_center": 0.01686897319190681,
    "ElementFraction_I": 0.015597306534842769,
    "ElementProperty_MagpieData_mean_MeltingT": 0.015317573114107658,
    "VoronoiFingerprint_std_dev_Voro_vol_sum": 0.015152919381424192,
    "DensityFeatures_packing_fraction": 0.013833788260636706,
    "ElementProperty_MagpieData_minimum_Electronegativity": 0.0130371130824487,
    "OPSiteFingerprint_mean_sgl_bd_CN_1": 0.01138316516918684,
    "GeneralizedRDF_mean_Gaussian_center=2_0_width=1_0": 0.010079053580153546,
    "ElectronegativityDiff_minimum_EN_difference": 0.009864051766843886,
    "MEGNet_OFMEncoded_v1_131": 0.009215558321309172,
    "ElementFraction_Br": 0.0090632924491537,
    "ElementProperty_MagpieData_mean_GSvolume_pa": 0.008940482011914363,
    "MEGNet_OFMEncoded_v1_84": 0.008917399560453183,
    "ElementProperty_MagpieData_maximum_MendeleevNumber": 0.008850578659673779,
    "ElementProperty_MagpieData_mean_NValence": 0.008754794038183931,
    "GaussianSymmFunc_mean_G4_0_005_1_0_1_0": 0.008289393883989365,
    "BondOrientationParameter_mean_BOOP_Q_l=1": 0.008107804733192149,
    "AGNIFingerPrint_std_dev_AGNI_dir=z_eta=1_23e+00": 0.008088039661341978,
    "MEGNet_OFMEncoded_v1_152": 0.008075033508759228,
    "VoronoiFingerprint_mean_Voro_vol_maximum": 0.007820788666873498,
    "AGNIFingerPrint_mean_AGNI_eta=1_04e+01": 0.0077983954823843986,
    "ElectronegativityDiff_range_EN_difference": 0.007780082509559096
}