{
    "TMetalFraction_transition_metal_fraction": 0.5047920834038705,
    "AtomicOrbitals_HOMO_energy": 0.35272560381850676,
    "ElectronegativityDiff_maximum_EN_difference": 0.12316866477983539,
    "ValenceOrbital_frac_d_valence_electrons": 0.0992853856244304,
    "ElementProperty_MagpieData_mean_NpValence": 0.08997960582865451,
    "ElectronegativityDiff_minimum_EN_difference": 0.08509031861658345,
    "ElementProperty_MagpieData_maximum_Electronegativity": 0.07857224553849694,
    "ElectronegativityDiff_mean_EN_difference": 0.07686556018794019,
    "AGNIFingerPrint_std_dev_AGNI_dir=x_eta=8_00e-01": 0.07349280003549312,
    "ValenceOrbital_frac_p_valence_electrons": 0.0656686088021768,
    "ElementProperty_MagpieData_avg_dev_Column": 0.06148218145826454,
    "ElementProperty_MagpieData_maximum_NUnfilled": 0.05513789372626813,
    "ElementProperty_MagpieData_avg_dev_NdValence": 0.0547280090983788,
    "ElementProperty_MagpieData_range_CovalentRadius": 0.05064928559220069,
    "ElementProperty_MagpieData_mean_MeltingT": 0.048958100054209835,
    "AGNIFingerPrint_std_dev_AGNI_dir=z_eta=8_00e-01": 0.04833710480113721,
    "ElementProperty_MagpieData_range_NUnfilled": 0.047466806167707105,
    "MEGNet_OFMEncoded_v1_55": 0.04733326120184612,
    "ElementProperty_MagpieData_mode_Electronegativity": 0.0455759336446631,
    "ElementProperty_MagpieData_range_MeltingT": 0.04471232636074277,
    "Stoichiometry_2-norm": 0.043064780915294164,
    "ElementProperty_MagpieData_maximum_Number": 0.039828136776971126,
    "MEGNet_OFMEncoded_v1_62": 0.03772117082437648,
    "AtomicOrbitals_LUMO_energy": 0.03723958837323359,
    "GlobalSymmetryFeatures_spacegroup_num": 0.034965126790785055,
    "ElementProperty_MagpieData_mean_SpaceGroupNumber": 0.03326208259147556,
    "AtomicOrbitals_LUMO_element": 0.03198563646216734,
    "ElementProperty_MagpieData_range_NValence": 0.030871609924429524,
    "BondOrientationParameter_mean_BOOP_Q_l=7": 0.03077609779284262,
    "YangSolidSolution_Yang_delta": 0.03072307605670136
}