{
    "OFM: s^2 - p^4": 4.007820129394531,
    "OFM: p^5 - s^2": 1.1623976230621338,
    "OFM: p^4 - p^4": 0.8712141513824463,
    "OFM: p^5 - p^5": 0.658653974533081,
    "OFM: p^4 - d^10": 0.47962337732315063,
    "OFM: p^3 - s^2": 0.4788338541984558,
    "OFM: s^1 - p^4": 0.4265661835670471,
    "OFM: p^4 - s^1": 0.42156079411506653,
    "OFM: p^4 - p^2": 0.3852989971637726,
    "OFM: d^5 - p^4": 0.37034234404563904,
    "OFM: p^4 - s^2": 0.2629248797893524,
    "OFM: p^1 - s^2": 0.22860991954803467,
    "OFM: s^2 - s^2": 0.2240356057882309,
    "OFM: d^10 - s^2": 0.22180579602718353,
    "OFM: s^1 - s^2": 0.18835259974002838,
    "OFM: s^2 - p^3": 0.11237997561693192,
    "OFM: f^14 - p^4": 0.11082056909799576,
    "OFM: d^10 - d^10": 0.10593593120574951,
    "OFM: s^1 - p^5": 0.10099183022975922,
    "OFM: d^1 - p^4": 0.09797260910272598,
    "OFM: p^4 - d^3": 0.09736493229866028,
    "OFM: p^4 - f^14": 0.09661442786455154,
    "OFM: p^2 - p^4": 0.09049040079116821,
    "OFM: f^3 - s^2": 0.0904526486992836,
    "OFM: p^3 - p^4": 0.08574642986059189,
    "OFM: p^5 - s^1": 0.07936998456716537,
    "OFM: s^2 - d^1": 0.07471392303705215,
    "OFM: d^1 - s^2": 0.07330603152513504,
    "OFM: s^2 - p^2": 0.07278785109519958,
    "OFM: s^2 - d^3": 0.07106482982635498
}