{
    "OFM: p^4 - s^2": 1.5572152137756348,
    "OFM: s^2 - p^4": 1.1671686172485352,
    "OFM: s^1 - p^4": 1.0151216983795166,
    "OFM: p^5 - p^5": 0.5105257034301758,
    "OFM: d^10 - d^10": 0.4693641662597656,
    "OFM: s^1 - s^2": 0.4470290243625641,
    "OFM: p^5 - s^2": 0.4468283951282501,
    "OFM: d^10 - s^2": 0.40653595328330994,
    "OFM: p^4 - p^4": 0.4054984748363495,
    "OFM: s^2 - p^2": 0.3867065906524658,
    "OFM: p^3 - s^2": 0.3385864198207855,
    "OFM: d^2 - s^2": 0.32375603914260864,
    "OFM: p^4 - s^1": 0.3188225328922272,
    "OFM: s^2 - p^3": 0.258961945772171,
    "OFM: d^5 - s^2": 0.2431909441947937,
    "OFM: s^2 - d^5": 0.23964855074882507,
    "OFM: p^4 - p^2": 0.2033982127904892,
    "OFM: p^2 - s^2": 0.1947903037071228,
    "OFM: s^1 - p^3": 0.18227502703666687,
    "OFM: s^2 - f^10": 0.17807622253894806,
    "OFM: d^10 - p^5": 0.13008710741996765,
    "OFM: s^2 - s^2": 0.12586723268032074,
    "OFM: s^2 - p^5": 0.1257324069738388,
    "OFM: s^2 - s^1": 0.1250869333744049,
    "OFM: d^8 - s^2": 0.11000130325555801,
    "OFM: s^1 - p^5": 0.10930947959423065,
    "OFM: p^4 - p^3": 0.09993092715740204,
    "OFM: d^8 - d^8": 0.09629375487565994,
    "OFM: p^4 - f^14": 0.09376774728298187,
    "OFM: p^1 - p^4": 0.08692305535078049
}