{
    "OFM: d^10 - s^2": 1.618712306022644,
    "OFM: s^2 - d^10": 0.8269323110580444,
    "OFM: d^10 - d^10": 0.6142065525054932,
    "OFM: s^2 - s^2": 0.5134114027023315,
    "OFM: d^10 - p^4": 0.5128383040428162,
    "OFM: s^2 - p^4": 0.509699821472168,
    "OFM: s^1 - s^2": 0.48693951964378357,
    "OFM: s^1 - d^10": 0.46657317876815796,
    "OFM: p^4 - s^2": 0.4297410249710083,
    "OFM: s^1 - s^1": 0.41542503237724304,
    "OFM: p^4 - d^10": 0.37066206336021423,
    "OFM: p^5 - p^5": 0.3030095398426056,
    "OFM: d^10 - p^5": 0.2416246384382248,
    "OFM: d^10 - f^14": 0.20717494189739227,
    "OFM: s^2 - p^2": 0.15180936455726624,
    "OFM: d^10 - f^7": 0.151346355676651,
    "OFM: p^3 - s^2": 0.14874239265918732,
    "OFM: p^5 - d^10": 0.14286097884178162,
    "OFM: d^10 - f^3": 0.14004047214984894,
    "OFM: d^10 - p^3": 0.13284315168857574,
    "OFM: s^2 - p^3": 0.1313379853963852,
    "OFM: d^10 - f^11": 0.12872421741485596,
    "OFM: p^3 - d^10": 0.12381266057491302,
    "OFM: d^10 - f^12": 0.12373131513595581,
    "OFM: d^1 - d^10": 0.12369254231452942,
    "OFM: d^10 - f^6": 0.12260425090789795,
    "OFM: p^6 - d^10": 0.12041158974170685,
    "OFM: s^1 - f^14": 0.11998509615659714,
    "OFM: d^10 - f^4": 0.11858110874891281,
    "OFM: d^10 - d^2": 0.11644069850444794
}