{
    "OFM: s^2 - p^4": 2.4145588874816895,
    "OFM: p^4 - s^2": 1.1072717905044556,
    "OFM: p^5 - s^2": 0.8792304992675781,
    "OFM: s^1 - p^4": 0.41797682642936707,
    "OFM: p^5 - p^5": 0.4010625183582306,
    "OFM: p^3 - s^2": 0.36360234022140503,
    "OFM: s^2 - d^1": 0.319124698638916,
    "OFM: d^10 - d^10": 0.30799391865730286,
    "OFM: p^4 - p^4": 0.26203563809394836,
    "OFM: s^2 - p^5": 0.1995333433151245,
    "OFM: p^4 - d^5": 0.17519186437129974,
    "OFM: d^5 - p^4": 0.17497897148132324,
    "OFM: p^1 - s^2": 0.15810924768447876,
    "OFM: d^10 - s^2": 0.15266558527946472,
    "OFM: p^2 - s^2": 0.15140968561172485,
    "OFM: p^3 - p^4": 0.1489802747964859,
    "OFM: p^4 - p^3": 0.13605324923992157,
    "OFM: s^2 - f^14": 0.13007810711860657,
    "OFM: s^2 - s^2": 0.11708617210388184,
    "OFM: d^3 - s^2": 0.09886574745178223,
    "OFM: s^2 - s^1": 0.09619209170341492,
    "OFM: s^2 - d^2": 0.08164308220148087,
    "OFM: d^4 - p^4": 0.08041500300168991,
    "OFM: p^4 - d^8": 0.07887886464595795,
    "OFM: d^7 - p^4": 0.07552270591259003,
    "OFM: p^4 - d^1": 0.07163367420434952,
    "OFM: p^4 - d^2": 0.07118919491767883,
    "OFM: p^4 - f^14": 0.06882311403751373,
    "OFM: d^3 - p^4": 0.06796447932720184,
    "OFM: p^4 - s^1": 0.06282103806734085
}