{
    "OFM: d^10 - s^2": 2.045192003250122,
    "OFM: s^2 - p^4": 0.8233208060264587,
    "OFM: s^2 - d^10": 0.769545316696167,
    "OFM: s^1 - d^10": 0.6387857794761658,
    "OFM: p^4 - s^2": 0.5490502715110779,
    "OFM: s^1 - s^2": 0.5063474774360657,
    "OFM: s^1 - s^1": 0.4860104024410248,
    "OFM: d^10 - p^4": 0.4788835346698761,
    "OFM: p^5 - p^5": 0.3393230140209198,
    "OFM: s^2 - s^2": 0.3345685303211212,
    "OFM: p^3 - s^2": 0.2881051003932953,
    "OFM: d^10 - d^10": 0.27401959896087646,
    "OFM: d^10 - p^5": 0.2607026696205139,
    "OFM: d^10 - f^14": 0.22955597937107086,
    "OFM: s^2 - p^2": 0.2028539627790451,
    "OFM: s^1 - p^4": 0.1706891506910324,
    "OFM: d^10 - d^1": 0.17005924880504608,
    "OFM: p^6 - s^2": 0.17002010345458984,
    "OFM: d^10 - p^3": 0.16489093005657196,
    "OFM: s^2 - p^5": 0.1638033390045166,
    "OFM: d^10 - f^3": 0.16044075787067413,
    "OFM: p^4 - p^4": 0.15757496654987335,
    "OFM: p^4 - d^10": 0.15219402313232422,
    "OFM: d^10 - f^6": 0.14565619826316833,
    "OFM: d^10 - f^12": 0.1427021622657776,
    "OFM: d^10 - f^7": 0.14123935997486115,
    "OFM: d^1 - s^1": 0.1339017152786255,
    "OFM: p^6 - d^10": 0.13383114337921143,
    "OFM: p^3 - s^1": 0.13246232271194458,
    "OFM: s^1 - p^1": 0.1315528005361557
}