{
    "OFM: s^2 - p^4": 1.4808428287506104,
    "OFM: p^4 - s^2": 1.377240538597107,
    "OFM: p^4 - s^1": 0.9335347414016724,
    "OFM: p^5 - s^2": 0.5940450429916382,
    "OFM: d^10 - d^10": 0.5587695240974426,
    "OFM: s^2 - d^10": 0.4583083391189575,
    "OFM: p^5 - p^5": 0.4426133334636688,
    "OFM: d^10 - s^2": 0.35166990756988525,
    "OFM: p^4 - p^4": 0.34211039543151855,
    "OFM: p^4 - d^5": 0.2524183392524719,
    "OFM: p^3 - s^2": 0.22161410748958588,
    "OFM: f^3 - s^2": 0.1610150784254074,
    "OFM: s^2 - f^14": 0.16094376146793365,
    "OFM: s^2 - s^2": 0.15497319400310516,
    "OFM: s^2 - d^5": 0.15047398209571838,
    "OFM: s^2 - d^3": 0.1269989162683487,
    "OFM: s^1 - p^4": 0.12263944745063782,
    "OFM: d^6 - s^2": 0.11807850748300552,
    "OFM: s^2 - f^4": 0.09957633912563324,
    "OFM: s^2 - d^6": 0.09928006678819656,
    "OFM: d^7 - s^2": 0.08871211856603622,
    "OFM: p^4 - d^8": 0.08520112186670303,
    "OFM: p^3 - p^4": 0.08238343894481659,
    "OFM: f^11 - s^2": 0.07644235342741013,
    "OFM: s^2 - f^7": 0.07406588643789291,
    "OFM: s^2 - f^12": 0.06520543247461319,
    "OFM: d^1 - p^4": 0.06314660608768463,
    "OFM: s^1 - p^2": 0.0605202279984951,
    "OFM: f^14 - d^10": 0.05809305980801582,
    "OFM: d^5 - p^4": 0.058060504496097565
}