{
    "OFM: d^10 - s^2": 3.9217801094055176,
    "OFM: s^2 - p^4": 1.4748950004577637,
    "OFM: s^1 - d^10": 1.3080393075942993,
    "OFM: s^2 - d^10": 1.2813124656677246,
    "OFM: d^10 - p^4": 0.8249404430389404,
    "OFM: s^1 - s^1": 0.6302078366279602,
    "OFM: s^1 - s^2": 0.5946162939071655,
    "OFM: s^2 - s^2": 0.5762842297554016,
    "OFM: p^5 - s^2": 0.5707671046257019,
    "OFM: d^10 - d^10": 0.5179163813591003,
    "OFM: d^10 - p^5": 0.5129830241203308,
    "OFM: p^3 - s^2": 0.4788557291030884,
    "OFM: p^4 - d^10": 0.4476158916950226,
    "OFM: s^1 - p^4": 0.40462493896484375,
    "OFM: s^2 - p^2": 0.39170676469802856,
    "OFM: p^5 - d^10": 0.31539463996887207,
    "OFM: p^4 - s^1": 0.3115837275981903,
    "OFM: d^10 - f^14": 0.31079789996147156,
    "OFM: s^1 - f^14": 0.30962103605270386,
    "OFM: p^4 - s^2": 0.2989600896835327,
    "OFM: d^10 - p^3": 0.29032766819000244,
    "OFM: p^4 - p^4": 0.2725369334220886,
    "OFM: d^10 - f^7": 0.269761323928833,
    "OFM: p^3 - s^1": 0.25306618213653564,
    "OFM: d^10 - f^3": 0.2398156076669693,
    "OFM: d^10 - d^2": 0.2263127714395523,
    "OFM: d^10 - f^10": 0.2262815237045288,
    "OFM: d^10 - f^6": 0.22474952042102814,
    "OFM: d^10 - f^12": 0.22154682874679565,
    "OFM: d^10 - f^11": 0.21782533824443817
}