{
    "OFM: d^10 - s^2": 2.6929190158843994,
    "OFM: s^2 - d^10": 1.4563406705856323,
    "OFM: s^2 - p^4": 1.340484619140625,
    "OFM: s^1 - d^10": 0.8741067051887512,
    "OFM: s^1 - s^1": 0.6511116623878479,
    "OFM: s^1 - s^2": 0.5989300608634949,
    "OFM: p^4 - d^10": 0.5935192108154297,
    "OFM: s^2 - s^2": 0.5659581422805786,
    "OFM: s^2 - p^2": 0.4218651354312897,
    "OFM: s^2 - p^5": 0.3754909932613373,
    "OFM: d^10 - d^10": 0.36228102445602417,
    "OFM: d^10 - p^5": 0.3368658125400543,
    "OFM: s^2 - p^3": 0.2603559195995331,
    "OFM: d^10 - p^4": 0.25986725091934204,
    "OFM: d^10 - f^14": 0.2457287758588791,
    "OFM: s^1 - p^4": 0.23524822294712067,
    "OFM: d^10 - p^3": 0.22010381519794464,
    "OFM: p^5 - p^5": 0.21773608028888702,
    "OFM: p^3 - d^10": 0.20900937914848328,
    "OFM: d^10 - f^7": 0.2046871781349182,
    "OFM: d^10 - d^2": 0.20071370899677277,
    "OFM: d^10 - d^1": 0.19578848779201508,
    "OFM: d^7 - d^10": 0.19003669917583466,
    "OFM: d^10 - f^6": 0.18347959220409393,
    "OFM: s^1 - f^14": 0.1809043139219284,
    "OFM: d^10 - f^10": 0.17554430663585663,
    "OFM: p^2 - s^2": 0.17228947579860687,
    "OFM: d^10 - f^3": 0.17201900482177734,
    "OFM: d^10 - f^11": 0.1682835817337036,
    "OFM: d^10 - f^4": 0.1679452508687973
}