{
    "OFM: d^10 - s^2": 3.6511340141296387,
    "OFM: s^1 - s^2": 1.0585740804672241,
    "OFM: s^1 - d^10": 1.036638617515564,
    "OFM: s^2 - d^10": 1.0201444625854492,
    "OFM: s^2 - s^2": 0.8443612456321716,
    "OFM: s^2 - p^4": 0.7441641688346863,
    "OFM: s^1 - s^1": 0.7128862738609314,
    "OFM: d^10 - p^4": 0.5794254541397095,
    "OFM: d^10 - d^10": 0.5599681735038757,
    "OFM: p^4 - s^2": 0.492755264043808,
    "OFM: p^4 - d^10": 0.41347602009773254,
    "OFM: p^3 - s^2": 0.4063881039619446,
    "OFM: s^1 - p^4": 0.3933120369911194,
    "OFM: p^5 - d^10": 0.357111394405365,
    "OFM: d^10 - p^3": 0.328840434551239,
    "OFM: p^5 - p^5": 0.30744418501853943,
    "OFM: s^2 - p^2": 0.2986321449279785,
    "OFM: s^2 - s^1": 0.2856735289096832,
    "OFM: d^10 - f^14": 0.2736052870750427,
    "OFM: d^10 - f^7": 0.2727254331111908,
    "OFM: d^10 - d^1": 0.2652656137943268,
    "OFM: d^10 - p^5": 0.2622680068016052,
    "OFM: p^6 - d^10": 0.25780561566352844,
    "OFM: d^10 - s^1": 0.24260345101356506,
    "OFM: d^10 - f^11": 0.22663651406764984,
    "OFM: p^1 - d^10": 0.20977649092674255,
    "OFM: d^10 - f^6": 0.20791949331760406,
    "OFM: d^10 - f^4": 0.2057616412639618,
    "OFM: d^7 - d^10": 0.19807782769203186,
    "OFM: s^1 - f^14": 0.19793789088726044
}