{
    "OFM: p^4 - p^3": 3.5612926483154297,
    "OFM: p^3 - p^4": 1.5558068752288818,
    "OFM: s^2 - s^1": 1.0038458108901978,
    "OFM: s^2 - s^2": 0.5084138512611389,
    "OFM: p^4 - p^4": 0.5022343993186951,
    "OFM: s^2 - d^10": 0.4675540328025818,
    "OFM: d^1 - s^2": 0.4656396806240082,
    "OFM: s^2 - p^4": 0.37743639945983887,
    "OFM: p^5 - s^1": 0.27606654167175293,
    "OFM: p^1 - s^2": 0.2328692227602005,
    "OFM: s^2 - d^2": 0.22682666778564453,
    "OFM: d^10 - p^4": 0.2159348726272583,
    "OFM: f^13 - s^2": 0.16443407535552979,
    "OFM: s^1 - p^3": 0.15109047293663025,
    "OFM: d^8 - s^2": 0.14981034398078918,
    "OFM: s^2 - p^3": 0.14310236275196075,
    "OFM: s^2 - p^2": 0.12142443656921387,
    "OFM: d^10 - s^2": 0.11946593225002289,
    "OFM: d^8 - d^8": 0.11901874840259552,
    "OFM: p^3 - s^2": 0.11544636636972427,
    "OFM: p^1 - p^1": 0.11126130819320679,
    "OFM: p^6 - s^2": 0.11005138605833054,
    "OFM: d^1 - d^10": 0.0943068191409111,
    "OFM: d^7 - p^4": 0.08741797506809235,
    "OFM: f^12 - s^2": 0.08335588872432709,
    "OFM: d^6 - d^6": 0.08320765197277069,
    "OFM: f^6 - s^2": 0.08242738991975784,
    "OFM: d^1 - p^4": 0.07092472165822983,
    "OFM: d^5 - p^4": 0.06915200501680374,
    "OFM: d^7 - s^2": 0.06841414421796799
}