{
    "OFM: d^10 - s^2": 3.4552013874053955,
    "OFM: s^2 - p^4": 1.467658281326294,
    "OFM: s^2 - d^10": 1.2846592664718628,
    "OFM: s^1 - d^10": 1.0286370515823364,
    "OFM: p^4 - d^10": 0.7999209761619568,
    "OFM: d^10 - d^10": 0.6697068214416504,
    "OFM: s^1 - s^1": 0.604456901550293,
    "OFM: s^1 - s^2": 0.600831151008606,
    "OFM: s^2 - s^2": 0.5761803388595581,
    "OFM: p^3 - s^2": 0.4624186158180237,
    "OFM: s^2 - p^2": 0.4228244423866272,
    "OFM: p^5 - d^10": 0.4170379340648651,
    "OFM: p^4 - s^2": 0.40813595056533813,
    "OFM: s^1 - p^4": 0.3360264301300049,
    "OFM: p^5 - p^5": 0.3168841600418091,
    "OFM: p^5 - s^2": 0.31389355659484863,
    "OFM: d^10 - p^3": 0.31072965264320374,
    "OFM: d^10 - p^4": 0.2903409004211426,
    "OFM: p^4 - p^4": 0.2642454504966736,
    "OFM: d^10 - f^7": 0.26106366515159607,
    "OFM: d^10 - f^6": 0.2599053978919983,
    "OFM: s^1 - f^14": 0.24980273842811584,
    "OFM: d^10 - d^2": 0.24564474821090698,
    "OFM: d^10 - p^5": 0.24089683592319489,
    "OFM: d^10 - f^10": 0.22870288789272308,
    "OFM: d^10 - f^4": 0.22586819529533386,
    "OFM: d^10 - f^14": 0.222800150513649,
    "OFM: p^3 - s^1": 0.21989507973194122,
    "OFM: p^3 - d^10": 0.2080107033252716,
    "OFM: d^10 - f^3": 0.20754073560237885
}