{
    "OFM: d^7 - p^4": 1.5541847944259644,
    "OFM: d^5 - p^4": 1.124284267425537,
    "OFM: s^1 - p^4": 0.4050471782684326,
    "OFM: p^4 - s^1": 0.32165223360061646,
    "OFM: p^4 - d^5": 0.23101453483104706,
    "OFM: s^2 - d^5": 0.21537122130393982,
    "OFM: s^2 - d^10": 0.13209842145442963,
    "OFM: s^2 - s^2": 0.08879287540912628,
    "OFM: p^4 - d^7": 0.08476343005895615,
    "OFM: s^1 - s^2": 0.06674284487962723,
    "OFM: d^7 - s^2": 0.0655532032251358,
    "OFM: d^5 - s^2": 0.061665769666433334,
    "OFM: p^4 - p^4": 0.061539825052022934,
    "OFM: s^2 - d^7": 0.05455334857106209,
    "OFM: d^5 - d^10": 0.036191534250974655,
    "OFM: d^10 - s^1": 0.03182228282094002,
    "OFM: d^10 - s^2": 0.03165761008858681,
    "OFM: s^2 - s^1": 0.031472690403461456,
    "OFM: s^1 - p^3": 0.03106321021914482,
    "OFM: p^4 - s^2": 0.02403644472360611,
    "OFM: p^1 - p^4": 0.022386182099580765,
    "OFM: d^5 - d^5": 0.018943585455417633,
    "OFM: s^2 - p^4": 0.018656142055988312,
    "OFM: p^4 - p^1": 0.015948252752423286,
    "OFM: p^4 - d^10": 0.015611137263476849,
    "OFM: s^2 - p^3": 0.015385264530777931,
    "OFM: p^3 - s^1": 0.014645966701209545,
    "OFM: p^1 - s^2": 0.013528576120734215,
    "OFM: d^10 - d^10": 0.013005363754928112,
    "OFM: d^10 - d^5": 0.011287915520370007
}