{
    "OFM: d^10 - s^2": 3.9760541915893555,
    "OFM: s^2 - d^10": 1.772241473197937,
    "OFM: s^1 - d^10": 1.56111741065979,
    "OFM: s^2 - p^4": 1.5371816158294678,
    "OFM: d^10 - p^4": 0.7869299054145813,
    "OFM: s^1 - s^1": 0.7221599817276001,
    "OFM: p^3 - s^2": 0.6613267064094543,
    "OFM: s^2 - s^2": 0.653281033039093,
    "OFM: s^1 - s^2": 0.6375701427459717,
    "OFM: p^4 - d^10": 0.5194633603096008,
    "OFM: d^10 - p^3": 0.5004894733428955,
    "OFM: d^10 - p^5": 0.4602509140968323,
    "OFM: s^2 - p^2": 0.42174383997917175,
    "OFM: d^10 - d^10": 0.42150256037712097,
    "OFM: p^5 - s^2": 0.38838642835617065,
    "OFM: s^1 - p^4": 0.33161455392837524,
    "OFM: p^4 - s^2": 0.32531213760375977,
    "OFM: d^10 - f^7": 0.30777707695961,
    "OFM: d^10 - f^3": 0.28375932574272156,
    "OFM: d^10 - f^14": 0.26383644342422485,
    "OFM: d^10 - f^4": 0.2562638223171234,
    "OFM: d^10 - f^11": 0.25586962699890137,
    "OFM: s^2 - s^1": 0.25045934319496155,
    "OFM: p^4 - p^4": 0.249345064163208,
    "OFM: d^10 - f^6": 0.2467939257621765,
    "OFM: p^5 - p^5": 0.23967313766479492,
    "OFM: d^10 - f^12": 0.22404858469963074,
    "OFM: d^1 - s^1": 0.22382675111293793,
    "OFM: p^5 - d^10": 0.2202950417995453,
    "OFM: s^1 - f^14": 0.21877999603748322
}