{
    "OFM: d^10 - s^2": 3.2024147510528564,
    "OFM: s^2 - p^4": 1.1776329278945923,
    "OFM: s^2 - d^10": 1.072893738746643,
    "OFM: s^1 - d^10": 0.940205991268158,
    "OFM: s^1 - s^2": 0.7732071876525879,
    "OFM: d^10 - p^4": 0.6223964095115662,
    "OFM: s^2 - s^2": 0.5609063506126404,
    "OFM: s^1 - s^1": 0.5496966242790222,
    "OFM: d^10 - d^10": 0.5341368913650513,
    "OFM: s^2 - p^2": 0.4907732903957367,
    "OFM: p^3 - s^2": 0.4496366083621979,
    "OFM: d^10 - p^5": 0.43345409631729126,
    "OFM: p^4 - p^4": 0.41870996356010437,
    "OFM: p^4 - s^2": 0.37513530254364014,
    "OFM: p^2 - s^2": 0.29494571685791016,
    "OFM: p^4 - d^10": 0.272976279258728,
    "OFM: d^10 - f^14": 0.27001461386680603,
    "OFM: p^5 - s^2": 0.26797908544540405,
    "OFM: d^10 - f^3": 0.24264749884605408,
    "OFM: d^10 - p^3": 0.23397739231586456,
    "OFM: d^10 - d^2": 0.23046112060546875,
    "OFM: d^10 - f^7": 0.2251444309949875,
    "OFM: d^10 - f^6": 0.21340082585811615,
    "OFM: s^1 - f^14": 0.1952318549156189,
    "OFM: d^10 - f^11": 0.18765582144260406,
    "OFM: d^10 - f^10": 0.18312670290470123,
    "OFM: d^1 - s^1": 0.18108044564723969,
    "OFM: p^5 - p^5": 0.1808837205171585,
    "OFM: d^10 - f^4": 0.1788080334663391,
    "OFM: p^3 - d^10": 0.17248618602752686
}