{
    "OFM: s^2 - p^4": 2.1406986713409424,
    "OFM: p^4 - s^2": 1.0427815914154053,
    "OFM: p^3 - p^4": 0.39506128430366516,
    "OFM: p^5 - p^5": 0.38646557927131653,
    "OFM: p^5 - s^2": 0.37961411476135254,
    "OFM: p^4 - s^1": 0.30617788434028625,
    "OFM: p^4 - p^3": 0.29817038774490356,
    "OFM: d^5 - s^2": 0.2748664915561676,
    "OFM: s^2 - p^3": 0.26488012075424194,
    "OFM: d^7 - p^4": 0.16840766370296478,
    "OFM: p^4 - p^4": 0.15784680843353271,
    "OFM: s^2 - p^2": 0.13459241390228271,
    "OFM: d^2 - p^4": 0.12549139559268951,
    "OFM: f^11 - s^2": 0.11568161845207214,
    "OFM: s^2 - s^2": 0.10723864287137985,
    "OFM: d^5 - p^4": 0.10401660203933716,
    "OFM: s^1 - s^1": 0.10274891555309296,
    "OFM: s^1 - s^2": 0.0980423092842102,
    "OFM: s^2 - d^9": 0.09704960137605667,
    "OFM: d^4 - s^2": 0.09074659645557404,
    "OFM: s^2 - d^10": 0.0825544223189354,
    "OFM: p^4 - d^5": 0.078612320125103,
    "OFM: s^2 - f^11": 0.07622920721769333,
    "OFM: d^1 - s^2": 0.0745314508676529,
    "OFM: s^1 - p^4": 0.07263431698083878,
    "OFM: d^9 - s^2": 0.07134315371513367,
    "OFM: d^1 - d^10": 0.06856948882341385,
    "OFM: d^7 - s^2": 0.06770363450050354,
    "OFM: s^1 - p^5": 0.06616253405809402,
    "OFM: s^2 - d^8": 0.06601349264383316
}