{
    "OFM: p^4 - s^2": 2.0647170543670654,
    "OFM: s^2 - p^4": 1.5738126039505005,
    "OFM: d^10 - s^2": 0.6399207711219788,
    "OFM: s^1 - p^4": 0.6234279274940491,
    "OFM: p^5 - s^2": 0.6169683337211609,
    "OFM: p^3 - s^2": 0.5713753700256348,
    "OFM: p^4 - p^4": 0.5240639448165894,
    "OFM: p^5 - p^5": 0.5198315978050232,
    "OFM: p^3 - p^4": 0.34425127506256104,
    "OFM: s^1 - p^5": 0.24834364652633667,
    "OFM: s^2 - s^2": 0.23560155928134918,
    "OFM: p^4 - d^1": 0.22600270807743073,
    "OFM: d^10 - p^4": 0.19716869294643402,
    "OFM: p^1 - s^2": 0.19568291306495667,
    "OFM: f^14 - p^4": 0.19127263128757477,
    "OFM: p^4 - p^3": 0.14712199568748474,
    "OFM: s^2 - f^14": 0.14623530209064484,
    "OFM: d^7 - p^4": 0.1367315798997879,
    "OFM: s^2 - p^5": 0.12396609038114548,
    "OFM: d^10 - d^10": 0.12182436138391495,
    "OFM: s^1 - p^3": 0.11356376111507416,
    "OFM: s^2 - s^1": 0.10704536736011505,
    "OFM: d^1 - p^4": 0.09979767352342606,
    "OFM: d^5 - p^4": 0.09640045464038849,
    "OFM: p^2 - p^4": 0.08470140397548676,
    "OFM: f^14 - s^2": 0.08440369367599487,
    "OFM: p^3 - s^1": 0.08210060745477676,
    "OFM: s^2 - d^4": 0.07952656596899033,
    "OFM: p^4 - d^10": 0.07819915562868118,
    "OFM: s^1 - s^2": 0.07032329589128494
}