{
    "OFM: p^4 - s^2": 2.5030570030212402,
    "OFM: s^2 - p^4": 1.0377299785614014,
    "OFM: p^5 - p^5": 0.7554855346679688,
    "OFM: p^5 - s^2": 0.6595288515090942,
    "OFM: d^10 - s^2": 0.40866929292678833,
    "OFM: p^3 - s^2": 0.3723556101322174,
    "OFM: f^14 - p^4": 0.3370058238506317,
    "OFM: p^4 - p^2": 0.3362710177898407,
    "OFM: p^1 - s^2": 0.3321380317211151,
    "OFM: p^4 - d^5": 0.2635360658168793,
    "OFM: d^10 - d^10": 0.2614912688732147,
    "OFM: d^1 - s^2": 0.2578452527523041,
    "OFM: p^5 - s^1": 0.23980924487113953,
    "OFM: s^1 - p^4": 0.18820229172706604,
    "OFM: d^7 - p^4": 0.18334461748600006,
    "OFM: p^4 - s^1": 0.18043574690818787,
    "OFM: p^4 - d^6": 0.17092974483966827,
    "OFM: p^4 - p^4": 0.16815364360809326,
    "OFM: p^3 - p^4": 0.16129404306411743,
    "OFM: p^4 - f^14": 0.14571969211101532,
    "OFM: p^4 - d^7": 0.13840176165103912,
    "OFM: p^4 - d^2": 0.13504715263843536,
    "OFM: s^1 - p^5": 0.12973390519618988,
    "OFM: s^2 - s^2": 0.12150990962982178,
    "OFM: p^4 - d^3": 0.11795271188020706,
    "OFM: s^1 - s^2": 0.10774870961904526,
    "OFM: d^5 - p^4": 0.10542569309473038,
    "OFM: s^2 - d^5": 0.09813849627971649,
    "OFM: d^10 - p^5": 0.08147819340229034,
    "OFM: s^2 - f^14": 0.07604213804006577
}