{
    "OFM: p^4 - s^1": 1.6017086505889893,
    "OFM: p^4 - p^4": 0.9289765954017639,
    "OFM: p^5 - p^5": 0.7193626761436462,
    "OFM: p^3 - s^2": 0.678782045841217,
    "OFM: s^1 - p^4": 0.49481990933418274,
    "OFM: s^2 - p^4": 0.38991954922676086,
    "OFM: s^2 - p^3": 0.3550609350204468,
    "OFM: d^10 - p^5": 0.32475072145462036,
    "OFM: d^10 - s^2": 0.24572618305683136,
    "OFM: s^2 - d^6": 0.23742890357971191,
    "OFM: s^2 - d^8": 0.19232913851737976,
    "OFM: f^3 - s^2": 0.17794102430343628,
    "OFM: s^2 - d^2": 0.17166239023208618,
    "OFM: d^6 - s^2": 0.16502588987350464,
    "OFM: s^1 - d^10": 0.15771925449371338,
    "OFM: s^2 - d^10": 0.15281890332698822,
    "OFM: f^6 - s^2": 0.1512354612350464,
    "OFM: s^1 - s^1": 0.1509518176317215,
    "OFM: p^3 - s^1": 0.1387767344713211,
    "OFM: s^2 - s^2": 0.1350085586309433,
    "OFM: s^1 - p^3": 0.12172595411539078,
    "OFM: s^2 - p^5": 0.11583984643220901,
    "OFM: f^10 - s^2": 0.0991436243057251,
    "OFM: p^3 - d^10": 0.09825628250837326,
    "OFM: f^11 - s^2": 0.0976419597864151,
    "OFM: p^4 - f^14": 0.09696127474308014,
    "OFM: d^2 - s^2": 0.0958092212677002,
    "OFM: d^10 - d^1": 0.09275852143764496,
    "OFM: d^6 - p^4": 0.09043846279382706,
    "OFM: s^2 - d^1": 0.08935169875621796
}