{
    "OFM: d^10 - s^2": 4.208909511566162,
    "OFM: s^2 - p^4": 1.2965495586395264,
    "OFM: s^2 - d^10": 1.281930923461914,
    "OFM: s^1 - d^10": 1.160386085510254,
    "OFM: d^10 - p^4": 0.776426374912262,
    "OFM: s^1 - s^2": 0.7382489442825317,
    "OFM: s^1 - s^1": 0.7241678237915039,
    "OFM: d^10 - p^5": 0.6054956912994385,
    "OFM: s^2 - s^2": 0.5904884934425354,
    "OFM: d^10 - d^10": 0.5833404660224915,
    "OFM: p^4 - s^2": 0.5093340873718262,
    "OFM: p^3 - s^2": 0.5037746429443359,
    "OFM: s^1 - p^4": 0.4837750792503357,
    "OFM: s^2 - p^2": 0.4640657901763916,
    "OFM: d^10 - f^14": 0.4421550929546356,
    "OFM: p^5 - p^5": 0.4043043851852417,
    "OFM: p^4 - d^10": 0.3884415924549103,
    "OFM: s^1 - f^14": 0.310281366109848,
    "OFM: p^3 - d^10": 0.3045012950897217,
    "OFM: p^6 - s^2": 0.2921708822250366,
    "OFM: p^5 - s^2": 0.28541409969329834,
    "OFM: d^10 - d^2": 0.27273041009902954,
    "OFM: d^10 - f^7": 0.26895102858543396,
    "OFM: d^10 - f^11": 0.26781415939331055,
    "OFM: p^4 - p^4": 0.2659197151660919,
    "OFM: d^1 - s^1": 0.2585100531578064,
    "OFM: d^10 - f^4": 0.2526223659515381,
    "OFM: d^10 - f^3": 0.24711525440216064,
    "OFM: d^10 - f^6": 0.2340700328350067,
    "OFM: p^6 - d^10": 0.2257537543773651
}