{
    "OFM: p^4 - p^3": 3.1760077476501465,
    "OFM: d^5 - p^4": 1.0397536754608154,
    "OFM: p^3 - p^4": 0.9118866324424744,
    "OFM: s^2 - p^4": 0.633500337600708,
    "OFM: s^1 - p^4": 0.6139819025993347,
    "OFM: d^10 - d^10": 0.5290693640708923,
    "OFM: p^4 - s^1": 0.3846624493598938,
    "OFM: d^7 - s^2": 0.3415621519088745,
    "OFM: s^2 - s^2": 0.3347246050834656,
    "OFM: s^2 - d^10": 0.28065070509910583,
    "OFM: s^2 - p^3": 0.22396574914455414,
    "OFM: d^7 - p^4": 0.21588684618473053,
    "OFM: p^4 - s^2": 0.20128117501735687,
    "OFM: p^4 - p^1": 0.18466530740261078,
    "OFM: p^4 - p^4": 0.1767050176858902,
    "OFM: d^8 - s^2": 0.14900058507919312,
    "OFM: s^2 - d^1": 0.13446441292762756,
    "OFM: s^1 - s^1": 0.13322243094444275,
    "OFM: s^1 - s^2": 0.11954589188098907,
    "OFM: s^2 - d^7": 0.11838718503713608,
    "OFM: s^1 - d^1": 0.10561228543519974,
    "OFM: s^2 - f^10": 0.09526556730270386,
    "OFM: d^2 - d^2": 0.09323963522911072,
    "OFM: p^2 - s^1": 0.09105194360017776,
    "OFM: d^5 - s^2": 0.08571211993694305,
    "OFM: d^10 - s^2": 0.08544323593378067,
    "OFM: s^1 - p^1": 0.08237053453922272,
    "OFM: p^1 - p^1": 0.08177292346954346,
    "OFM: d^1 - p^4": 0.07852210849523544,
    "OFM: s^2 - p^2": 0.07346490770578384
}