{
    "OFM: d^7 - p^4": 1.589848279953003,
    "OFM: d^5 - p^4": 1.1112477779388428,
    "OFM: s^1 - p^4": 0.5642512440681458,
    "OFM: p^4 - s^1": 0.3325074017047882,
    "OFM: s^2 - d^5": 0.2297048717737198,
    "OFM: p^4 - d^5": 0.1904159039258957,
    "OFM: s^2 - d^10": 0.15070664882659912,
    "OFM: d^5 - s^2": 0.1482851207256317,
    "OFM: s^2 - s^2": 0.12296389788389206,
    "OFM: p^4 - d^7": 0.09333708137273788,
    "OFM: s^2 - d^7": 0.08490277826786041,
    "OFM: d^7 - s^2": 0.06822758167982101,
    "OFM: p^4 - p^4": 0.06167715787887573,
    "OFM: s^1 - s^2": 0.059646010398864746,
    "OFM: p^4 - s^2": 0.03662581369280815,
    "OFM: d^10 - s^1": 0.03205098584294319,
    "OFM: d^5 - d^10": 0.03030611015856266,
    "OFM: d^10 - s^2": 0.027281586080789566,
    "OFM: d^10 - p^4": 0.024071326479315758,
    "OFM: d^5 - s^1": 0.02289956994354725,
    "OFM: d^10 - d^10": 0.021925030276179314,
    "OFM: s^2 - s^1": 0.0218864306807518,
    "OFM: p^4 - p^1": 0.01890331506729126,
    "OFM: d^10 - d^5": 0.01833857037127018,
    "OFM: s^2 - p^4": 0.017274223268032074,
    "OFM: p^1 - p^4": 0.01616474986076355,
    "OFM: p^4 - p^3": 0.013923252001404762,
    "OFM: p^2 - p^4": 0.01332317478954792,
    "OFM: p^4 - f^3": 0.013099988922476768,
    "OFM: d^6 - s^2": 0.01274518109858036
}