{
    "OFM: d^10 - s^2": 3.2763798236846924,
    "OFM: s^2 - d^10": 1.414210557937622,
    "OFM: s^2 - p^4": 1.1537065505981445,
    "OFM: s^1 - d^10": 0.9993022084236145,
    "OFM: s^1 - s^2": 0.80434250831604,
    "OFM: d^10 - p^4": 0.7808616161346436,
    "OFM: s^2 - s^2": 0.5831916928291321,
    "OFM: p^4 - s^2": 0.5755142569541931,
    "OFM: s^1 - s^1": 0.5525475144386292,
    "OFM: p^3 - s^2": 0.4427732825279236,
    "OFM: d^10 - d^10": 0.42392727732658386,
    "OFM: p^4 - d^10": 0.37594425678253174,
    "OFM: d^10 - p^3": 0.3584388196468353,
    "OFM: p^5 - p^5": 0.33034926652908325,
    "OFM: p^5 - d^10": 0.3050578832626343,
    "OFM: s^1 - p^4": 0.2886062562465668,
    "OFM: d^10 - f^14": 0.2775258421897888,
    "OFM: d^10 - p^5": 0.27653953433036804,
    "OFM: s^2 - p^2": 0.27389654517173767,
    "OFM: p^6 - s^2": 0.26054394245147705,
    "OFM: p^4 - p^4": 0.24463927745819092,
    "OFM: d^10 - d^1": 0.23541243374347687,
    "OFM: p^5 - s^2": 0.2283686250448227,
    "OFM: p^4 - p^3": 0.226474791765213,
    "OFM: d^10 - f^3": 0.2206636369228363,
    "OFM: d^10 - f^7": 0.21770554780960083,
    "OFM: d^10 - f^6": 0.21706148982048035,
    "OFM: s^2 - p^3": 0.2093658447265625,
    "OFM: d^10 - f^4": 0.19911032915115356,
    "OFM: p^3 - s^1": 0.19650839269161224
}