{
    "OFM: p^4 - p^3": 2.4554851055145264,
    "OFM: p^3 - p^4": 2.0495810508728027,
    "OFM: s^2 - s^2": 1.2571183443069458,
    "OFM: s^1 - s^2": 1.174107313156128,
    "OFM: p^4 - p^4": 0.5962271094322205,
    "OFM: s^1 - p^4": 0.5815808176994324,
    "OFM: s^2 - p^4": 0.3845151662826538,
    "OFM: d^10 - d^10": 0.35396450757980347,
    "OFM: d^1 - s^2": 0.31200098991394043,
    "OFM: s^2 - d^10": 0.26848548650741577,
    "OFM: d^2 - s^2": 0.1952238380908966,
    "OFM: s^2 - p^3": 0.19176095724105835,
    "OFM: s^2 - p^5": 0.17732831835746765,
    "OFM: p^2 - s^1": 0.15011757612228394,
    "OFM: p^4 - p^2": 0.14761915802955627,
    "OFM: s^2 - f^4": 0.11392871290445328,
    "OFM: p^5 - p^5": 0.11153561621904373,
    "OFM: p^4 - s^2": 0.10536614805459976,
    "OFM: p^2 - p^2": 0.10312948375940323,
    "OFM: s^2 - s^1": 0.10301721096038818,
    "OFM: p^5 - d^10": 0.0964616984128952,
    "OFM: s^2 - f^14": 0.07999929785728455,
    "OFM: p^1 - p^4": 0.07505901902914047,
    "OFM: p^3 - s^2": 0.07308944314718246,
    "OFM: d^6 - p^4": 0.0723361223936081,
    "OFM: p^4 - p^5": 0.07196198403835297,
    "OFM: s^2 - d^8": 0.06892496347427368,
    "OFM: p^1 - p^1": 0.06429465115070343,
    "OFM: f^14 - s^2": 0.06407074630260468,
    "OFM: d^10 - s^2": 0.063808873295784
}