{
    "OFM: p^3 - p^4": 2.867072582244873,
    "OFM: p^4 - p^3": 2.201037883758545,
    "OFM: p^3 - s^2": 1.021198034286499,
    "OFM: s^2 - p^4": 0.7836753726005554,
    "OFM: p^4 - s^2": 0.6292452812194824,
    "OFM: s^2 - s^2": 0.494095116853714,
    "OFM: d^10 - f^14": 0.2786599099636078,
    "OFM: s^1 - p^4": 0.19262555241584778,
    "OFM: s^2 - s^1": 0.1569412499666214,
    "OFM: d^7 - s^2": 0.13420675694942474,
    "OFM: p^2 - p^2": 0.12105204164981842,
    "OFM: d^7 - d^7": 0.0985340029001236,
    "OFM: d^5 - s^2": 0.09616688638925552,
    "OFM: p^5 - p^5": 0.09341321885585785,
    "OFM: d^10 - s^1": 0.0922604501247406,
    "OFM: s^1 - f^14": 0.08816925436258316,
    "OFM: f^14 - s^2": 0.08473474532365799,
    "OFM: p^4 - d^5": 0.0824228823184967,
    "OFM: d^3 - p^4": 0.08085369318723679,
    "OFM: p^5 - d^10": 0.079093798995018,
    "OFM: p^4 - p^4": 0.07893490791320801,
    "OFM: p^6 - s^2": 0.07670383155345917,
    "OFM: d^10 - d^1": 0.06990856677293777,
    "OFM: s^1 - d^1": 0.06931108236312866,
    "OFM: p^3 - s^1": 0.06821110844612122,
    "OFM: s^2 - p^3": 0.06685035675764084,
    "OFM: s^1 - s^2": 0.06434191763401031,
    "OFM: d^8 - d^8": 0.06350337713956833,
    "OFM: p^5 - p^4": 0.06257878988981247,
    "OFM: d^5 - d^5": 0.060829054564237595
}