{
    "OFM: d^10 - s^2": 3.704524040222168,
    "OFM: s^2 - d^10": 2.044010877609253,
    "OFM: s^2 - p^4": 1.5250860452651978,
    "OFM: s^1 - d^10": 1.4793782234191895,
    "OFM: d^10 - p^4": 0.942827045917511,
    "OFM: s^2 - s^2": 0.885518491268158,
    "OFM: s^1 - s^2": 0.7915437817573547,
    "OFM: s^1 - s^1": 0.6968199610710144,
    "OFM: p^5 - s^2": 0.6807857751846313,
    "OFM: s^2 - p^2": 0.5646995306015015,
    "OFM: p^5 - d^10": 0.478863388299942,
    "OFM: d^10 - f^14": 0.4756605625152588,
    "OFM: s^1 - p^4": 0.43902692198753357,
    "OFM: p^3 - s^2": 0.3861582577228546,
    "OFM: d^10 - d^10": 0.3861074149608612,
    "OFM: d^10 - p^3": 0.35496994853019714,
    "OFM: d^10 - f^7": 0.3254331946372986,
    "OFM: d^10 - d^1": 0.3240440785884857,
    "OFM: d^10 - f^3": 0.2924044728279114,
    "OFM: p^6 - d^10": 0.28692153096199036,
    "OFM: d^10 - f^6": 0.2655714750289917,
    "OFM: s^1 - f^14": 0.26345929503440857,
    "OFM: s^2 - s^1": 0.25444501638412476,
    "OFM: d^10 - f^12": 0.23200730979442596,
    "OFM: p^3 - s^1": 0.23082350194454193,
    "OFM: d^7 - s^2": 0.2280047982931137,
    "OFM: d^10 - f^4": 0.220253586769104,
    "OFM: d^5 - s^2": 0.213340625166893,
    "OFM: d^10 - d^8": 0.209773451089859,
    "OFM: d^10 - d^2": 0.2084132730960846
}