{
    "OFM: d^5 - p^4": 1.753577470779419,
    "OFM: d^7 - p^4": 1.7480331659317017,
    "OFM: p^4 - s^1": 0.6062200665473938,
    "OFM: s^1 - s^2": 0.3636936545372009,
    "OFM: s^1 - p^4": 0.34776753187179565,
    "OFM: s^2 - s^2": 0.2578586935997009,
    "OFM: p^4 - d^5": 0.22816866636276245,
    "OFM: s^2 - d^5": 0.20884765684604645,
    "OFM: d^7 - s^2": 0.20173808932304382,
    "OFM: s^2 - p^4": 0.18518272042274475,
    "OFM: s^1 - s^1": 0.15383976697921753,
    "OFM: s^2 - d^10": 0.1435132622718811,
    "OFM: d^5 - s^2": 0.14161407947540283,
    "OFM: p^4 - p^4": 0.11062149703502655,
    "OFM: d^10 - p^4": 0.10817123204469681,
    "OFM: d^9 - s^2": 0.09313438087701797,
    "OFM: p^4 - d^7": 0.08945652097463608,
    "OFM: p^1 - p^1": 0.08002428710460663,
    "OFM: p^4 - s^2": 0.07510312646627426,
    "OFM: s^2 - d^7": 0.06656398624181747,
    "OFM: d^2 - s^2": 0.06612725555896759,
    "OFM: d^10 - d^10": 0.06260374188423157,
    "OFM: d^1 - d^1": 0.0614960752427578,
    "OFM: p^1 - s^2": 0.061151593923568726,
    "OFM: s^2 - p^1": 0.05562218651175499,
    "OFM: p^3 - p^4": 0.05548321455717087,
    "OFM: d^10 - s^2": 0.05076039582490921,
    "OFM: p^5 - s^2": 0.04985447973012924,
    "OFM: d^10 - s^1": 0.04870672896504402,
    "OFM: s^2 - s^1": 0.04036838933825493
}