{
    "OFM: p^3 - p^4": 4.248720645904541,
    "OFM: p^4 - p^3": 2.165731191635132,
    "OFM: p^4 - s^2": 0.6302147507667542,
    "OFM: p^5 - p^5": 0.2599274516105652,
    "OFM: p^4 - p^4": 0.2216382771730423,
    "OFM: d^10 - s^2": 0.1765175610780716,
    "OFM: s^2 - p^2": 0.11672335118055344,
    "OFM: s^2 - d^10": 0.10052506625652313,
    "OFM: s^1 - p^4": 0.0975550189614296,
    "OFM: s^2 - s^2": 0.08442553132772446,
    "OFM: s^1 - s^2": 0.0748196691274643,
    "OFM: p^1 - p^1": 0.07069157063961029,
    "OFM: s^1 - s^1": 0.06962046772241592,
    "OFM: p^5 - s^1": 0.06949011981487274,
    "OFM: s^2 - f^14": 0.0681116133928299,
    "OFM: d^10 - d^10": 0.06756356358528137,
    "OFM: s^2 - p^4": 0.05749646946787834,
    "OFM: s^2 - p^1": 0.05370831862092018,
    "OFM: s^2 - s^1": 0.052473314106464386,
    "OFM: d^6 - p^5": 0.04645689204335213,
    "OFM: s^2 - d^5": 0.04308611899614334,
    "OFM: s^2 - p^3": 0.0429658517241478,
    "OFM: d^9 - s^2": 0.04265604913234711,
    "OFM: p^5 - s^2": 0.041528962552547455,
    "OFM: d^10 - d^1": 0.040198083966970444,
    "OFM: s^2 - d^1": 0.039495062083005905,
    "OFM: d^10 - p^4": 0.039208851754665375,
    "OFM: p^3 - s^2": 0.03679293021559715,
    "OFM: d^8 - s^2": 0.036086902022361755,
    "OFM: d^10 - s^1": 0.03351757675409317
}