{
    "OFM: s^2 - p^4": 2.0561351776123047,
    "OFM: p^4 - s^2": 0.8501297831535339,
    "OFM: p^4 - p^4": 0.6390630602836609,
    "OFM: p^3 - s^1": 0.5242935419082642,
    "OFM: p^4 - d^5": 0.33979910612106323,
    "OFM: p^5 - s^2": 0.32181838154792786,
    "OFM: p^4 - p^3": 0.31550952792167664,
    "OFM: f^14 - p^4": 0.2888242304325104,
    "OFM: s^2 - p^3": 0.26937419176101685,
    "OFM: s^2 - d^10": 0.21832311153411865,
    "OFM: p^4 - s^1": 0.2145947515964508,
    "OFM: p^1 - p^4": 0.19024544954299927,
    "OFM: d^10 - s^2": 0.17366188764572144,
    "OFM: p^5 - p^5": 0.16774879395961761,
    "OFM: d^3 - s^2": 0.1543833166360855,
    "OFM: s^2 - s^2": 0.1458931267261505,
    "OFM: s^1 - s^2": 0.12347310036420822,
    "OFM: d^10 - d^10": 0.11007998883724213,
    "OFM: p^4 - d^7": 0.10831700265407562,
    "OFM: s^2 - f^7": 0.10219701379537582,
    "OFM: d^2 - s^2": 0.1006629690527916,
    "OFM: p^4 - d^10": 0.0967622622847557,
    "OFM: p^3 - s^2": 0.08544604480266571,
    "OFM: p^1 - s^2": 0.07370942085981369,
    "OFM: s^2 - p^1": 0.06855620443820953,
    "OFM: p^3 - p^4": 0.06839179247617722,
    "OFM: p^5 - p^4": 0.06809107959270477,
    "OFM: s^1 - p^3": 0.05558186024427414,
    "OFM: s^2 - d^1": 0.05522742122411728,
    "OFM: p^2 - p^4": 0.05522012710571289
}