{
    "OFM: s^2 - p^4": 1.568833827972412,
    "OFM: p^4 - p^4": 1.166614055633545,
    "OFM: p^4 - s^1": 0.9632715582847595,
    "OFM: p^4 - s^2": 0.7172907590866089,
    "OFM: p^5 - p^5": 0.49408742785453796,
    "OFM: p^5 - s^2": 0.44160231947898865,
    "OFM: s^2 - d^5": 0.36672669649124146,
    "OFM: s^2 - d^7": 0.3526317775249481,
    "OFM: d^10 - d^10": 0.314704567193985,
    "OFM: p^5 - s^1": 0.31021079421043396,
    "OFM: p^3 - s^2": 0.2954184114933014,
    "OFM: d^1 - s^2": 0.27763691544532776,
    "OFM: s^2 - f^6": 0.24034938216209412,
    "OFM: s^2 - d^3": 0.22950010001659393,
    "OFM: d^10 - s^2": 0.22275404632091522,
    "OFM: p^1 - p^4": 0.20767882466316223,
    "OFM: p^4 - d^5": 0.20217230916023254,
    "OFM: s^2 - d^10": 0.19006654620170593,
    "OFM: s^2 - s^2": 0.1820860654115677,
    "OFM: p^4 - p^2": 0.17080123722553253,
    "OFM: p^2 - p^4": 0.1694716364145279,
    "OFM: s^2 - p^2": 0.1556800752878189,
    "OFM: p^4 - p^1": 0.15560899674892426,
    "OFM: d^3 - s^2": 0.1524665802717209,
    "OFM: f^6 - s^2": 0.15042194724082947,
    "OFM: p^4 - d^7": 0.12882894277572632,
    "OFM: s^2 - d^2": 0.1265937089920044,
    "OFM: s^1 - s^1": 0.10062907636165619,
    "OFM: s^1 - s^2": 0.09422014653682709,
    "OFM: s^2 - d^4": 0.09332076460123062
}