{
    "OFM: s^2 - p^4": 2.568392038345337,
    "OFM: p^4 - p^4": 0.7835306525230408,
    "OFM: s^1 - p^4": 0.7631762623786926,
    "OFM: p^3 - s^2": 0.7051871418952942,
    "OFM: p^5 - p^5": 0.6082250475883484,
    "OFM: d^10 - d^10": 0.48379766941070557,
    "OFM: d^5 - s^2": 0.481574147939682,
    "OFM: s^2 - d^10": 0.3504950702190399,
    "OFM: s^2 - d^5": 0.3331485688686371,
    "OFM: d^5 - p^4": 0.3019741177558899,
    "OFM: p^4 - p^3": 0.25418516993522644,
    "OFM: p^4 - f^14": 0.24010585248470306,
    "OFM: d^6 - s^2": 0.23810835182666779,
    "OFM: s^2 - p^3": 0.1926906406879425,
    "OFM: p^1 - p^4": 0.18949264287948608,
    "OFM: p^5 - s^2": 0.18861690163612366,
    "OFM: p^3 - p^4": 0.18851305544376373,
    "OFM: d^3 - s^2": 0.17004641890525818,
    "OFM: s^2 - s^2": 0.1624906361103058,
    "OFM: s^2 - p^2": 0.1618533879518509,
    "OFM: d^6 - p^4": 0.16019324958324432,
    "OFM: d^10 - d^1": 0.15671074390411377,
    "OFM: p^2 - s^2": 0.15517167747020721,
    "OFM: s^1 - s^1": 0.1463395655155182,
    "OFM: s^2 - p^5": 0.14606092870235443,
    "OFM: s^2 - d^4": 0.13663116097450256,
    "OFM: s^2 - d^7": 0.13137084245681763,
    "OFM: d^10 - p^4": 0.1268109381198883,
    "OFM: p^4 - d^5": 0.12581388652324677,
    "OFM: p^5 - s^1": 0.12136762589216232
}