{
    "OFM: d^10 - s^2": 3.2158377170562744,
    "OFM: s^2 - d^10": 1.539999008178711,
    "OFM: s^2 - p^4": 1.1739802360534668,
    "OFM: s^1 - d^10": 1.1690471172332764,
    "OFM: s^2 - s^2": 0.6579332947731018,
    "OFM: s^1 - s^1": 0.6526771187782288,
    "OFM: s^1 - s^2": 0.5712205767631531,
    "OFM: d^10 - p^4": 0.553446352481842,
    "OFM: d^10 - p^5": 0.46261313557624817,
    "OFM: p^5 - s^2": 0.4419132173061371,
    "OFM: s^2 - p^2": 0.4249976575374603,
    "OFM: s^1 - p^4": 0.3905240297317505,
    "OFM: p^3 - s^2": 0.3875422477722168,
    "OFM: d^10 - d^10": 0.3811018764972687,
    "OFM: p^4 - d^10": 0.3582264482975006,
    "OFM: d^10 - f^14": 0.2994586229324341,
    "OFM: d^10 - f^6": 0.2694653570652008,
    "OFM: d^10 - d^2": 0.25366654992103577,
    "OFM: d^10 - f^3": 0.2476562112569809,
    "OFM: d^10 - f^7": 0.24750609695911407,
    "OFM: d^10 - f^10": 0.2227092981338501,
    "OFM: p^4 - s^2": 0.21826255321502686,
    "OFM: d^10 - f^11": 0.21598400175571442,
    "OFM: s^2 - p^6": 0.2158263623714447,
    "OFM: d^10 - p^3": 0.2089405059814453,
    "OFM: d^10 - d^1": 0.20776565372943878,
    "OFM: s^1 - f^14": 0.2036530077457428,
    "OFM: d^10 - f^12": 0.20337055623531342,
    "OFM: d^10 - f^4": 0.20012961328029633,
    "OFM: p^3 - s^1": 0.19002336263656616
}