{
    "OFM: p^3 - p^4": 3.7498881816864014,
    "OFM: p^4 - p^3": 2.469533920288086,
    "OFM: p^4 - s^2": 1.3363115787506104,
    "OFM: s^1 - s^2": 0.7728297710418701,
    "OFM: s^2 - s^1": 0.5796135663986206,
    "OFM: s^2 - s^2": 0.5641299486160278,
    "OFM: p^5 - p^5": 0.39428409934043884,
    "OFM: s^2 - p^4": 0.3528241515159607,
    "OFM: p^4 - p^4": 0.3457251489162445,
    "OFM: s^2 - p^5": 0.3429141044616699,
    "OFM: s^1 - s^1": 0.3014007806777954,
    "OFM: p^3 - s^2": 0.2777855098247528,
    "OFM: s^2 - d^1": 0.2668873071670532,
    "OFM: d^5 - p^4": 0.13998351991176605,
    "OFM: s^2 - p^2": 0.139351487159729,
    "OFM: d^8 - s^2": 0.13604813814163208,
    "OFM: p^5 - s^2": 0.1344355344772339,
    "OFM: s^2 - p^3": 0.12737387418746948,
    "OFM: p^1 - p^4": 0.12581248581409454,
    "OFM: d^7 - p^4": 0.11726893484592438,
    "OFM: p^4 - s^1": 0.10885962098836899,
    "OFM: d^7 - s^2": 0.10720592737197876,
    "OFM: s^2 - f^3": 0.1048600897192955,
    "OFM: p^2 - s^2": 0.10065750032663345,
    "OFM: d^5 - s^2": 0.10040903091430664,
    "OFM: d^3 - s^2": 0.10040892660617828,
    "OFM: p^2 - p^4": 0.09974876046180725,
    "OFM: f^14 - d^10": 0.09210170060396194,
    "OFM: s^1 - p^2": 0.0833621546626091,
    "OFM: p^4 - d^5": 0.06934579461812973
}