{
    "OFM: d^10 - s^2": 3.7051382064819336,
    "OFM: s^1 - d^10": 1.4980989694595337,
    "OFM: s^2 - p^4": 1.3842679262161255,
    "OFM: s^2 - d^10": 1.2366933822631836,
    "OFM: s^1 - s^2": 0.8634656071662903,
    "OFM: d^10 - p^4": 0.7929767370223999,
    "OFM: s^2 - s^2": 0.6845176219940186,
    "OFM: p^5 - s^2": 0.68210768699646,
    "OFM: s^1 - s^1": 0.6434910297393799,
    "OFM: d^10 - d^10": 0.5321903824806213,
    "OFM: p^3 - s^2": 0.42313918471336365,
    "OFM: s^2 - p^2": 0.3505580723285675,
    "OFM: d^10 - p^5": 0.32612344622612,
    "OFM: d^10 - d^2": 0.319368451833725,
    "OFM: d^10 - f^14": 0.29270482063293457,
    "OFM: d^10 - f^3": 0.28450295329093933,
    "OFM: s^1 - p^4": 0.27356472611427307,
    "OFM: d^10 - f^7": 0.26951754093170166,
    "OFM: p^4 - p^4": 0.2510716915130615,
    "OFM: p^4 - d^10": 0.24755063652992249,
    "OFM: d^10 - p^3": 0.24657760560512543,
    "OFM: d^10 - f^6": 0.23086437582969666,
    "OFM: p^5 - d^10": 0.21476510167121887,
    "OFM: p^3 - s^1": 0.20784443616867065,
    "OFM: d^10 - f^4": 0.2042667120695114,
    "OFM: d^10 - f^11": 0.20325639843940735,
    "OFM: s^1 - f^14": 0.1966843456029892,
    "OFM: s^2 - p^6": 0.19431395828723907,
    "OFM: p^3 - d^10": 0.1927662193775177,
    "OFM: d^10 - f^10": 0.18753434717655182
}