{
    "OFM: p^4 - s^2": 1.145119071006775,
    "OFM: p^4 - p^4": 1.0969994068145752,
    "OFM: d^10 - s^2": 0.8493400812149048,
    "OFM: s^2 - p^4": 0.76018887758255,
    "OFM: d^10 - d^10": 0.6964293122291565,
    "OFM: s^1 - p^4": 0.6909894347190857,
    "OFM: d^2 - s^2": 0.5090066194534302,
    "OFM: s^2 - d^7": 0.3575035035610199,
    "OFM: s^2 - d^6": 0.3238794803619385,
    "OFM: s^1 - p^5": 0.3052636682987213,
    "OFM: s^2 - p^3": 0.30037814378738403,
    "OFM: d^3 - s^2": 0.28079652786254883,
    "OFM: p^1 - s^2": 0.21099185943603516,
    "OFM: p^5 - p^5": 0.18043895065784454,
    "OFM: p^4 - p^2": 0.17301717400550842,
    "OFM: s^2 - d^5": 0.11822202056646347,
    "OFM: p^4 - s^1": 0.11780674755573273,
    "OFM: s^1 - s^1": 0.11065124720335007,
    "OFM: d^7 - s^2": 0.10557091236114502,
    "OFM: p^4 - p^3": 0.10326892137527466,
    "OFM: f^4 - s^2": 0.10267288982868195,
    "OFM: p^4 - f^14": 0.09725607931613922,
    "OFM: d^6 - s^2": 0.090573251247406,
    "OFM: p^5 - s^1": 0.08548024296760559,
    "OFM: d^1 - p^4": 0.08295784145593643,
    "OFM: s^2 - f^4": 0.08276046067476273,
    "OFM: s^2 - d^2": 0.07791896164417267,
    "OFM: d^10 - p^4": 0.06977878510951996,
    "OFM: p^4 - d^6": 0.0660129263997078,
    "OFM: p^4 - f^3": 0.06595989316701889
}