{
    "OFM: d^10 - s^2": 3.3576319217681885,
    "OFM: s^2 - p^4": 1.6868823766708374,
    "OFM: s^2 - d^10": 1.0748236179351807,
    "OFM: s^1 - d^10": 1.0491943359375,
    "OFM: s^1 - s^2": 0.7186316847801208,
    "OFM: p^5 - s^2": 0.6796900629997253,
    "OFM: s^1 - s^1": 0.5943446159362793,
    "OFM: d^10 - p^4": 0.5317630767822266,
    "OFM: s^2 - s^2": 0.5307389497756958,
    "OFM: d^10 - d^10": 0.4509076178073883,
    "OFM: p^4 - p^4": 0.4088476598262787,
    "OFM: s^2 - p^2": 0.39505907893180847,
    "OFM: s^1 - p^4": 0.37990427017211914,
    "OFM: p^3 - s^2": 0.34236785769462585,
    "OFM: d^10 - p^5": 0.3414795398712158,
    "OFM: d^10 - d^1": 0.3173883557319641,
    "OFM: p^4 - s^1": 0.3133413791656494,
    "OFM: d^10 - p^3": 0.3021712601184845,
    "OFM: p^4 - s^2": 0.2668739855289459,
    "OFM: p^6 - d^10": 0.26536163687705994,
    "OFM: d^10 - f^6": 0.25932610034942627,
    "OFM: d^10 - f^3": 0.2544665038585663,
    "OFM: d^10 - f^7": 0.23032163083553314,
    "OFM: d^10 - f^14": 0.2269994169473648,
    "OFM: s^1 - f^14": 0.22455422580242157,
    "OFM: p^3 - s^1": 0.21226172149181366,
    "OFM: d^10 - f^11": 0.2010534554719925,
    "OFM: d^10 - f^4": 0.19793203473091125,
    "OFM: p^3 - d^10": 0.1903345286846161,
    "OFM: p^4 - d^10": 0.18949295580387115
}