{
    "OFM: p^4 - s^2": 1.8968313932418823,
    "OFM: s^2 - p^4": 0.993188202381134,
    "OFM: p^5 - p^5": 0.916106641292572,
    "OFM: p^4 - p^4": 0.8396243453025818,
    "OFM: p^4 - s^1": 0.7865980267524719,
    "OFM: p^4 - d^10": 0.7498089075088501,
    "OFM: p^5 - s^2": 0.7355507612228394,
    "OFM: s^2 - d^7": 0.45464423298835754,
    "OFM: d^10 - s^2": 0.41862794756889343,
    "OFM: d^5 - s^2": 0.4105547368526459,
    "OFM: d^10 - d^10": 0.38847845792770386,
    "OFM: p^3 - s^2": 0.33444252610206604,
    "OFM: p^4 - p^3": 0.2972232699394226,
    "OFM: d^2 - s^2": 0.2816143035888672,
    "OFM: s^2 - p^2": 0.2430490404367447,
    "OFM: p^4 - p^1": 0.23940925300121307,
    "OFM: p^5 - s^1": 0.18820981681346893,
    "OFM: d^10 - p^5": 0.1709965169429779,
    "OFM: s^2 - d^8": 0.1664329469203949,
    "OFM: s^2 - d^5": 0.15658621490001678,
    "OFM: d^7 - d^7": 0.15392270684242249,
    "OFM: s^1 - s^1": 0.14041940867900848,
    "OFM: p^3 - d^10": 0.14033879339694977,
    "OFM: s^2 - d^2": 0.13994835317134857,
    "OFM: s^2 - d^1": 0.13848139345645905,
    "OFM: p^4 - d^1": 0.1380447894334793,
    "OFM: d^6 - s^2": 0.13481414318084717,
    "OFM: s^2 - s^2": 0.12811733782291412,
    "OFM: d^4 - s^2": 0.12641538679599762,
    "OFM: s^1 - p^4": 0.11567196249961853
}