{
    "OFM: d^10 - s^2": 4.732954502105713,
    "OFM: s^1 - d^10": 1.695593237876892,
    "OFM: s^2 - p^4": 1.5094456672668457,
    "OFM: s^2 - d^10": 1.3367860317230225,
    "OFM: d^10 - p^4": 0.8704873323440552,
    "OFM: s^1 - s^1": 0.7263222932815552,
    "OFM: s^1 - p^4": 0.6948765516281128,
    "OFM: p^4 - s^2": 0.6662040948867798,
    "OFM: p^3 - s^2": 0.6390839219093323,
    "OFM: s^1 - s^2": 0.6327335834503174,
    "OFM: s^2 - s^2": 0.6281708478927612,
    "OFM: s^2 - p^2": 0.5052158236503601,
    "OFM: d^10 - p^5": 0.4432106912136078,
    "OFM: d^10 - d^10": 0.43971356749534607,
    "OFM: p^5 - s^2": 0.43616199493408203,
    "OFM: p^5 - p^5": 0.39793655276298523,
    "OFM: d^10 - f^14": 0.39752745628356934,
    "OFM: p^4 - d^10": 0.3210878074169159,
    "OFM: d^10 - f^3": 0.30980393290519714,
    "OFM: d^10 - f^7": 0.3078775405883789,
    "OFM: p^5 - d^10": 0.3057648837566376,
    "OFM: p^3 - s^1": 0.298188179731369,
    "OFM: s^1 - f^14": 0.27692699432373047,
    "OFM: d^10 - f^6": 0.26915422081947327,
    "OFM: d^10 - d^2": 0.26335492730140686,
    "OFM: d^10 - f^12": 0.2601954936981201,
    "OFM: p^6 - s^2": 0.25985783338546753,
    "OFM: d^10 - f^4": 0.24621355533599854,
    "OFM: d^10 - f^11": 0.24162350594997406,
    "OFM: d^10 - f^10": 0.23873066902160645
}