{
    "OFM: d^10 - s^2": 3.153306722640991,
    "OFM: s^2 - d^10": 1.2440589666366577,
    "OFM: s^1 - d^10": 1.2235904932022095,
    "OFM: s^2 - p^4": 0.9072751402854919,
    "OFM: d^10 - p^4": 0.6815474033355713,
    "OFM: s^1 - s^1": 0.59250807762146,
    "OFM: p^5 - s^2": 0.5920767784118652,
    "OFM: s^2 - s^2": 0.5541344881057739,
    "OFM: s^1 - s^2": 0.4958280324935913,
    "OFM: s^2 - p^2": 0.42106956243515015,
    "OFM: s^1 - p^4": 0.3918396234512329,
    "OFM: p^3 - s^2": 0.38209769129753113,
    "OFM: p^4 - s^2": 0.36594682931900024,
    "OFM: d^10 - d^10": 0.35816866159439087,
    "OFM: p^4 - d^10": 0.3332850933074951,
    "OFM: d^10 - p^5": 0.29485365748405457,
    "OFM: d^10 - f^14": 0.28727272152900696,
    "OFM: d^10 - d^2": 0.27750420570373535,
    "OFM: s^1 - f^14": 0.24233055114746094,
    "OFM: d^10 - f^7": 0.23874102532863617,
    "OFM: p^5 - d^10": 0.20631763339042664,
    "OFM: d^7 - d^10": 0.19960997998714447,
    "OFM: d^10 - f^6": 0.1962154358625412,
    "OFM: d^10 - p^3": 0.1892610341310501,
    "OFM: d^10 - f^3": 0.18230405449867249,
    "OFM: d^1 - d^10": 0.17457370460033417,
    "OFM: d^10 - f^10": 0.17415092885494232,
    "OFM: d^10 - f^11": 0.17180557548999786,
    "OFM: p^3 - s^1": 0.16865047812461853,
    "OFM: d^10 - f^4": 0.16568709909915924
}