{
    "OFM: p^4 - p^3": 2.861616849899292,
    "OFM: p^3 - p^4": 1.685646414756775,
    "OFM: d^5 - p^4": 0.6950187683105469,
    "OFM: s^1 - p^4": 0.439968466758728,
    "OFM: d^7 - p^4": 0.33928734064102173,
    "OFM: p^5 - s^1": 0.2947327494621277,
    "OFM: d^10 - p^5": 0.28499847650527954,
    "OFM: s^2 - d^7": 0.28150367736816406,
    "OFM: s^2 - s^1": 0.2567753195762634,
    "OFM: s^2 - s^2": 0.24981151521205902,
    "OFM: d^8 - s^2": 0.21529711782932281,
    "OFM: p^4 - d^5": 0.20984922349452972,
    "OFM: s^1 - s^2": 0.19836312532424927,
    "OFM: p^4 - p^4": 0.19620032608509064,
    "OFM: s^2 - p^4": 0.18876396119594574,
    "OFM: f^13 - s^2": 0.14846181869506836,
    "OFM: p^5 - s^2": 0.14643606543540955,
    "OFM: p^4 - s^2": 0.12560102343559265,
    "OFM: d^10 - p^4": 0.12411011755466461,
    "OFM: d^2 - d^2": 0.12376218289136887,
    "OFM: p^4 - d^10": 0.1163083091378212,
    "OFM: p^2 - d^1": 0.1144510880112648,
    "OFM: s^2 - d^2": 0.10336153209209442,
    "OFM: d^7 - s^2": 0.0977548137307167,
    "OFM: p^3 - s^2": 0.09638819843530655,
    "OFM: s^2 - d^5": 0.08989787101745605,
    "OFM: s^2 - p^6": 0.08272750675678253,
    "OFM: d^7 - d^7": 0.07651174068450928,
    "OFM: d^1 - p^4": 0.07481160014867783,
    "OFM: d^10 - p^1": 0.0687725767493248
}