{
    "OFM: p^3 - p^4": 3.977688789367676,
    "OFM: d^10 - s^2": 1.445586085319519,
    "OFM: s^2 - p^3": 1.361383318901062,
    "OFM: d^5 - p^4": 1.2185243368148804,
    "OFM: d^10 - d^10": 1.0416723489761353,
    "OFM: p^5 - p^5": 0.9269282817840576,
    "OFM: s^1 - p^4": 0.8144115805625916,
    "OFM: s^1 - s^2": 0.5691039562225342,
    "OFM: p^4 - p^3": 0.5116333961486816,
    "OFM: d^7 - p^4": 0.463277667760849,
    "OFM: s^2 - d^10": 0.4574260115623474,
    "OFM: p^4 - p^4": 0.26904162764549255,
    "OFM: p^4 - d^10": 0.23265103995800018,
    "OFM: s^2 - p^1": 0.23163172602653503,
    "OFM: s^2 - s^2": 0.21780012547969818,
    "OFM: p^4 - d^3": 0.21685761213302612,
    "OFM: p^4 - d^5": 0.19075506925582886,
    "OFM: s^2 - p^2": 0.18823210895061493,
    "OFM: d^10 - p^4": 0.17010349035263062,
    "OFM: p^5 - s^1": 0.15625600516796112,
    "OFM: s^2 - f^14": 0.10408992320299149,
    "OFM: s^2 - p^6": 0.0968146026134491,
    "OFM: s^1 - d^10": 0.09245149046182632,
    "OFM: d^7 - d^7": 0.08989948034286499,
    "OFM: d^10 - s^1": 0.08918944001197815,
    "OFM: s^2 - f^1": 0.08444532752037048,
    "OFM: p^5 - s^2": 0.0755046159029007,
    "OFM: s^2 - p^4": 0.07180599868297577,
    "OFM: p^3 - s^2": 0.06849884986877441,
    "OFM: p^4 - p^2": 0.06659449636936188
}