{
    "OFM: p^4 - p^3": 3.5597198009490967,
    "OFM: p^3 - p^4": 2.3970720767974854,
    "OFM: s^2 - s^2": 0.7717452645301819,
    "OFM: d^10 - s^2": 0.6530438661575317,
    "OFM: s^1 - s^2": 0.5712835192680359,
    "OFM: s^2 - d^10": 0.343948632478714,
    "OFM: d^5 - s^2": 0.33145543932914734,
    "OFM: s^2 - p^4": 0.2591901421546936,
    "OFM: d^10 - d^10": 0.23155337572097778,
    "OFM: p^1 - p^1": 0.19547124207019806,
    "OFM: p^5 - p^5": 0.19129736721515656,
    "OFM: p^4 - p^4": 0.17358709871768951,
    "OFM: d^5 - d^5": 0.14710648357868195,
    "OFM: f^4 - s^2": 0.14204786717891693,
    "OFM: s^2 - d^7": 0.13466568291187286,
    "OFM: s^2 - f^7": 0.13334199786186218,
    "OFM: d^1 - d^10": 0.11536719650030136,
    "OFM: d^10 - d^1": 0.11263393610715866,
    "OFM: d^10 - p^4": 0.11144977062940598,
    "OFM: d^1 - s^2": 0.10259497910737991,
    "OFM: p^4 - s^1": 0.09459874778985977,
    "OFM: d^1 - s^1": 0.09408914297819138,
    "OFM: s^2 - f^14": 0.09267231822013855,
    "OFM: d^7 - s^2": 0.08746854960918427,
    "OFM: p^5 - s^2": 0.0866943970322609,
    "OFM: s^2 - f^3": 0.08382993191480637,
    "OFM: s^2 - d^5": 0.08057210594415665,
    "OFM: d^10 - d^2": 0.0793243944644928,
    "OFM: s^2 - f^4": 0.07825414091348648,
    "OFM: p^1 - f^14": 0.07030311971902847
}