{
    "OFM: s^2 - p^4": 1.6693167686462402,
    "OFM: p^4 - s^2": 0.864667534828186,
    "OFM: s^1 - p^4": 0.6443855166435242,
    "OFM: p^4 - s^1": 0.467483788728714,
    "OFM: p^5 - s^1": 0.4477667212486267,
    "OFM: p^2 - s^2": 0.3424237370491028,
    "OFM: p^4 - d^10": 0.30531421303749084,
    "OFM: s^2 - d^1": 0.3016869127750397,
    "OFM: p^5 - p^5": 0.2986242175102234,
    "OFM: p^4 - p^4": 0.2757456600666046,
    "OFM: s^2 - d^5": 0.26515406370162964,
    "OFM: d^10 - d^10": 0.2578847408294678,
    "OFM: p^3 - s^2": 0.24562157690525055,
    "OFM: p^1 - s^2": 0.2290652096271515,
    "OFM: d^4 - s^2": 0.2014184296131134,
    "OFM: f^14 - p^4": 0.1837676763534546,
    "OFM: d^10 - s^2": 0.17925328016281128,
    "OFM: s^2 - p^5": 0.1404174268245697,
    "OFM: s^2 - p^2": 0.13930073380470276,
    "OFM: d^10 - p^4": 0.1246248111128807,
    "OFM: s^2 - d^3": 0.11941435933113098,
    "OFM: s^1 - s^1": 0.11457718163728714,
    "OFM: d^10 - d^1": 0.10306335240602493,
    "OFM: f^4 - s^2": 0.10143682360649109,
    "OFM: f^6 - s^2": 0.0933535248041153,
    "OFM: s^1 - p^5": 0.08744648844003677,
    "OFM: d^5 - p^4": 0.08736270666122437,
    "OFM: f^14 - p^5": 0.0869055986404419,
    "OFM: s^1 - p^3": 0.08238368481397629,
    "OFM: p^3 - d^10": 0.08042173087596893
}