{
    "OFM: d^10 - s^2": 3.590157985687256,
    "OFM: s^2 - p^4": 1.374303936958313,
    "OFM: s^1 - d^10": 1.329882025718689,
    "OFM: s^2 - d^10": 0.994251012802124,
    "OFM: s^1 - s^2": 0.7908346652984619,
    "OFM: d^10 - p^4": 0.670523464679718,
    "OFM: s^2 - s^2": 0.6153730750083923,
    "OFM: p^5 - s^2": 0.5258886814117432,
    "OFM: s^1 - s^1": 0.510549008846283,
    "OFM: s^1 - p^4": 0.4808739721775055,
    "OFM: p^3 - s^2": 0.41733643412590027,
    "OFM: d^10 - d^10": 0.40007284283638,
    "OFM: d^10 - f^14": 0.3572039306163788,
    "OFM: s^2 - p^2": 0.319176584482193,
    "OFM: p^4 - s^2": 0.30574727058410645,
    "OFM: s^1 - f^14": 0.28602534532546997,
    "OFM: p^5 - d^10": 0.28111532330513,
    "OFM: p^4 - p^4": 0.26085957884788513,
    "OFM: d^10 - p^5": 0.2553480267524719,
    "OFM: d^10 - p^3": 0.24272100627422333,
    "OFM: p^4 - s^1": 0.2395336776971817,
    "OFM: d^10 - f^7": 0.2359650582075119,
    "OFM: p^4 - d^10": 0.22788305580615997,
    "OFM: d^5 - s^2": 0.2236330360174179,
    "OFM: d^10 - f^6": 0.2219153791666031,
    "OFM: d^10 - f^3": 0.22173723578453064,
    "OFM: p^3 - s^1": 0.21943816542625427,
    "OFM: d^10 - f^11": 0.2154804915189743,
    "OFM: d^10 - d^2": 0.20709116756916046,
    "OFM: d^10 - d^8": 0.19108383357524872
}