{
    "OFM: d^10 - s^2": 3.344055414199829,
    "OFM: s^2 - p^4": 1.5007959604263306,
    "OFM: s^2 - d^10": 1.3143219947814941,
    "OFM: s^1 - d^10": 1.0069446563720703,
    "OFM: d^10 - d^10": 0.7627384066581726,
    "OFM: d^10 - p^4": 0.6984525322914124,
    "OFM: s^1 - s^1": 0.6034678816795349,
    "OFM: s^1 - s^2": 0.6008837819099426,
    "OFM: s^2 - s^2": 0.5632624626159668,
    "OFM: s^2 - p^2": 0.5369444489479065,
    "OFM: p^3 - s^2": 0.5220205783843994,
    "OFM: p^5 - s^2": 0.5028126239776611,
    "OFM: p^4 - d^10": 0.4649900197982788,
    "OFM: s^1 - p^4": 0.3004514276981354,
    "OFM: d^10 - f^14": 0.29563021659851074,
    "OFM: d^10 - p^5": 0.2879136800765991,
    "OFM: p^5 - d^10": 0.278562068939209,
    "OFM: p^4 - s^2": 0.27376481890678406,
    "OFM: d^10 - f^3": 0.2605290710926056,
    "OFM: p^5 - p^5": 0.25920191407203674,
    "OFM: d^10 - p^3": 0.2489544302225113,
    "OFM: p^6 - d^10": 0.24649637937545776,
    "OFM: d^10 - d^2": 0.246015265583992,
    "OFM: d^10 - f^7": 0.24277184903621674,
    "OFM: d^1 - s^1": 0.2404550015926361,
    "OFM: p^2 - s^2": 0.230014830827713,
    "OFM: d^10 - f^6": 0.2250909060239792,
    "OFM: d^10 - f^11": 0.22250695526599884,
    "OFM: p^4 - p^4": 0.21989095211029053,
    "OFM: s^2 - p^3": 0.20604169368743896
}