{
    "OFM: p^4 - p^3": 3.268981695175171,
    "OFM: p^3 - p^4": 3.1986401081085205,
    "OFM: p^4 - p^4": 0.6692473292350769,
    "OFM: p^4 - s^1": 0.32697197794914246,
    "OFM: p^5 - p^5": 0.3090893626213074,
    "OFM: p^4 - d^10": 0.2921839952468872,
    "OFM: s^2 - p^2": 0.2912607192993164,
    "OFM: p^3 - s^2": 0.26853451132774353,
    "OFM: p^5 - s^2": 0.2576679587364197,
    "OFM: d^10 - s^2": 0.22101475298404694,
    "OFM: f^14 - s^2": 0.1929083913564682,
    "OFM: s^2 - p^3": 0.1780618578195572,
    "OFM: s^1 - s^1": 0.17320604622364044,
    "OFM: s^1 - p^4": 0.16378474235534668,
    "OFM: s^1 - d^10": 0.1314697265625,
    "OFM: s^2 - s^2": 0.12307810038328171,
    "OFM: s^2 - p^6": 0.12266980111598969,
    "OFM: d^8 - p^1": 0.11730771511793137,
    "OFM: d^7 - s^2": 0.11459770053625107,
    "OFM: s^2 - p^4": 0.10643395036458969,
    "OFM: s^2 - d^2": 0.10091926157474518,
    "OFM: p^4 - d^1": 0.09808129072189331,
    "OFM: f^14 - f^14": 0.08287312090396881,
    "OFM: s^2 - d^5": 0.0819103866815567,
    "OFM: p^4 - s^2": 0.07933984696865082,
    "OFM: p^2 - d^10": 0.07452866435050964,
    "OFM: d^7 - p^4": 0.07442676275968552,
    "OFM: s^2 - p^1": 0.07138163596391678,
    "OFM: p^1 - p^1": 0.07009153813123703,
    "OFM: s^2 - f^4": 0.06745248287916183
}