{
    "OFM: d^10 - s^2": 3.429342269897461,
    "OFM: s^1 - d^10": 1.0883526802062988,
    "OFM: s^2 - d^10": 1.0610620975494385,
    "OFM: s^2 - p^4": 0.9663757681846619,
    "OFM: p^4 - s^2": 0.7917740941047668,
    "OFM: s^1 - s^2": 0.7066559791564941,
    "OFM: s^2 - s^2": 0.6627910733222961,
    "OFM: p^3 - s^2": 0.6236960887908936,
    "OFM: d^10 - d^10": 0.6129865646362305,
    "OFM: p^4 - d^10": 0.5565196871757507,
    "OFM: s^1 - s^1": 0.5550908446311951,
    "OFM: d^10 - p^4": 0.4953221380710602,
    "OFM: d^10 - p^5": 0.43221428990364075,
    "OFM: s^2 - p^2": 0.38194382190704346,
    "OFM: s^1 - p^4": 0.3362051248550415,
    "OFM: p^5 - p^5": 0.30713939666748047,
    "OFM: p^5 - s^2": 0.3064834177494049,
    "OFM: d^10 - f^14": 0.2901419997215271,
    "OFM: d^10 - f^3": 0.2679350674152374,
    "OFM: p^4 - p^4": 0.267160564661026,
    "OFM: p^3 - d^10": 0.2670251727104187,
    "OFM: p^5 - d^10": 0.24369007349014282,
    "OFM: d^10 - f^7": 0.22629083693027496,
    "OFM: d^10 - d^2": 0.21835729479789734,
    "OFM: d^10 - f^4": 0.21367418766021729,
    "OFM: d^10 - f^11": 0.21251742541790009,
    "OFM: d^10 - f^10": 0.18689365684986115,
    "OFM: d^10 - p^3": 0.18468071520328522,
    "OFM: s^1 - f^14": 0.18054147064685822,
    "OFM: d^10 - d^1": 0.18040239810943604
}