{
    "OFM: d^10 - s^2": 2.917872667312622,
    "OFM: s^2 - d^10": 1.3227565288543701,
    "OFM: s^1 - d^10": 1.041383147239685,
    "OFM: s^2 - p^4": 0.8736253380775452,
    "OFM: s^1 - s^2": 0.8196641206741333,
    "OFM: d^10 - p^4": 0.7179096937179565,
    "OFM: s^2 - s^2": 0.6705220341682434,
    "OFM: s^1 - s^1": 0.6471142768859863,
    "OFM: p^5 - d^10": 0.5108935236930847,
    "OFM: d^10 - f^14": 0.331055611371994,
    "OFM: d^10 - d^10": 0.32367566227912903,
    "OFM: p^4 - d^10": 0.3067300319671631,
    "OFM: s^1 - p^4": 0.2979736328125,
    "OFM: s^2 - p^2": 0.253495991230011,
    "OFM: d^10 - f^7": 0.2370297759771347,
    "OFM: s^1 - f^14": 0.2339511662721634,
    "OFM: p^3 - s^2": 0.23215200006961823,
    "OFM: s^2 - p^3": 0.21750777959823608,
    "OFM: d^10 - f^3": 0.21580535173416138,
    "OFM: d^10 - d^2": 0.21243245899677277,
    "OFM: d^7 - d^10": 0.20256467163562775,
    "OFM: d^10 - f^6": 0.20026738941669464,
    "OFM: p^3 - d^10": 0.19544927775859833,
    "OFM: d^1 - d^10": 0.1926920861005783,
    "OFM: p^4 - s^2": 0.1900639683008194,
    "OFM: d^10 - p^3": 0.1864243894815445,
    "OFM: d^10 - f^4": 0.18389885127544403,
    "OFM: p^1 - d^10": 0.18373094499111176,
    "OFM: d^10 - d^1": 0.17812007665634155,
    "OFM: d^10 - f^11": 0.17470252513885498
}