{
    "OFM: p^3 - p^4": 3.6142756938934326,
    "OFM: p^4 - p^3": 2.0961196422576904,
    "OFM: s^2 - p^4": 0.7566763758659363,
    "OFM: d^10 - s^2": 0.46671247482299805,
    "OFM: p^4 - p^4": 0.22070720791816711,
    "OFM: d^7 - p^4": 0.1952679306268692,
    "OFM: s^1 - s^2": 0.14412905275821686,
    "OFM: d^10 - d^10": 0.12393730878829956,
    "OFM: p^5 - p^5": 0.11350040882825851,
    "OFM: s^1 - s^1": 0.10823232680559158,
    "OFM: p^3 - s^2": 0.08054886013269424,
    "OFM: s^2 - d^10": 0.0707436203956604,
    "OFM: p^5 - s^2": 0.059376418590545654,
    "OFM: p^4 - d^5": 0.052843477576971054,
    "OFM: d^1 - d^1": 0.044954486191272736,
    "OFM: s^1 - p^5": 0.03660423308610916,
    "OFM: p^3 - p^3": 0.03376512974500656,
    "OFM: p^1 - p^1": 0.033116377890110016,
    "OFM: s^2 - f^3": 0.031406138092279434,
    "OFM: p^4 - s^1": 0.02795848809182644,
    "OFM: p^2 - s^2": 0.027447281405329704,
    "OFM: p^5 - s^1": 0.025377150624990463,
    "OFM: s^2 - f^6": 0.025347793474793434,
    "OFM: s^2 - p^3": 0.02475556544959545,
    "OFM: p^4 - f^14": 0.024709373712539673,
    "OFM: s^2 - p^2": 0.024599174037575722,
    "OFM: d^8 - d^8": 0.024291766807436943,
    "OFM: s^2 - s^2": 0.022153230383992195,
    "OFM: s^1 - d^10": 0.021868979558348656,
    "OFM: s^2 - d^8": 0.02180127054452896
}