{
    "OFM: p^3 - p^4": 3.4973957538604736,
    "OFM: p^4 - p^3": 3.228602886199951,
    "OFM: d^10 - s^2": 2.0398473739624023,
    "OFM: s^1 - s^2": 0.4163074195384979,
    "OFM: s^2 - s^2": 0.3714596629142761,
    "OFM: p^4 - s^2": 0.3298899233341217,
    "OFM: d^7 - s^2": 0.3038957118988037,
    "OFM: d^10 - d^10": 0.2596128284931183,
    "OFM: p^4 - p^4": 0.2107076197862625,
    "OFM: p^4 - d^10": 0.2060808688402176,
    "OFM: s^2 - p^2": 0.18685424327850342,
    "OFM: s^1 - d^10": 0.17226460576057434,
    "OFM: p^1 - p^1": 0.16696970164775848,
    "OFM: d^10 - p^5": 0.15521788597106934,
    "OFM: s^2 - p^4": 0.13461779057979584,
    "OFM: d^10 - s^1": 0.1309162676334381,
    "OFM: p^4 - s^1": 0.12539972364902496,
    "OFM: s^2 - p^5": 0.12378691136837006,
    "OFM: d^2 - d^10": 0.11790578812360764,
    "OFM: s^2 - d^5": 0.11517864465713501,
    "OFM: p^3 - s^2": 0.11189555376768112,
    "OFM: d^5 - d^5": 0.09663217514753342,
    "OFM: s^1 - s^1": 0.09635691344738007,
    "OFM: s^2 - p^3": 0.09110737591981888,
    "OFM: s^1 - p^5": 0.09065256267786026,
    "OFM: s^2 - f^14": 0.08871132135391235,
    "OFM: p^2 - s^2": 0.08657728880643845,
    "OFM: p^1 - s^2": 0.08368304371833801,
    "OFM: p^5 - p^5": 0.0816577672958374,
    "OFM: p^1 - s^1": 0.07934848219156265
}