{
    "OFM: s^2 - p^4": 2.412616014480591,
    "OFM: p^5 - s^2": 0.5339074730873108,
    "OFM: p^4 - s^1": 0.45105335116386414,
    "OFM: s^2 - s^2": 0.34461432695388794,
    "OFM: s^1 - p^4": 0.3149481415748596,
    "OFM: p^4 - p^4": 0.2943161725997925,
    "OFM: p^4 - d^10": 0.28437820076942444,
    "OFM: p^5 - p^5": 0.23697562515735626,
    "OFM: p^4 - p^1": 0.19561022520065308,
    "OFM: s^2 - d^1": 0.18805430829524994,
    "OFM: p^4 - f^14": 0.18728026747703552,
    "OFM: s^1 - s^1": 0.18491627275943756,
    "OFM: s^2 - p^3": 0.16528141498565674,
    "OFM: p^2 - s^2": 0.13571003079414368,
    "OFM: p^4 - d^2": 0.12993402779102325,
    "OFM: p^4 - p^3": 0.11924664676189423,
    "OFM: p^4 - d^7": 0.11916385591030121,
    "OFM: p^4 - s^2": 0.11290696263313293,
    "OFM: d^10 - s^2": 0.11157018691301346,
    "OFM: d^10 - d^10": 0.09381048381328583,
    "OFM: p^3 - p^3": 0.08920178562402725,
    "OFM: p^2 - p^4": 0.08798804134130478,
    "OFM: p^3 - p^4": 0.07690475881099701,
    "OFM: p^4 - d^6": 0.06932062655687332,
    "OFM: f^14 - d^10": 0.06927871704101562,
    "OFM: p^1 - s^2": 0.06703410297632217,
    "OFM: p^4 - f^3": 0.06491297483444214,
    "OFM: f^14 - s^2": 0.06280352920293808,
    "OFM: d^6 - p^4": 0.06215464696288109,
    "OFM: s^2 - d^8": 0.052132342010736465
}