{
    "OFM: s^2 - p^4": 3.4720094203948975,
    "OFM: p^5 - s^2": 0.7764925360679626,
    "OFM: s^2 - s^2": 0.4558463990688324,
    "OFM: p^5 - p^5": 0.44851869344711304,
    "OFM: s^1 - p^4": 0.44153252243995667,
    "OFM: p^4 - p^3": 0.40207087993621826,
    "OFM: d^10 - s^2": 0.39172232151031494,
    "OFM: p^4 - d^5": 0.3436316251754761,
    "OFM: p^3 - s^2": 0.3132540285587311,
    "OFM: p^4 - s^2": 0.262039452791214,
    "OFM: d^5 - p^4": 0.25475022196769714,
    "OFM: p^4 - p^4": 0.23984502255916595,
    "OFM: d^10 - d^10": 0.23375222086906433,
    "OFM: s^1 - p^5": 0.21808680891990662,
    "OFM: d^7 - p^4": 0.19094370305538177,
    "OFM: d^3 - s^2": 0.15715467929840088,
    "OFM: p^4 - d^7": 0.104563869535923,
    "OFM: d^6 - s^2": 0.08391976356506348,
    "OFM: d^5 - s^2": 0.08161120861768723,
    "OFM: p^4 - d^10": 0.0747884139418602,
    "OFM: f^4 - s^2": 0.07351081818342209,
    "OFM: d^10 - s^1": 0.07045163214206696,
    "OFM: d^10 - f^14": 0.0671376958489418,
    "OFM: p^2 - s^2": 0.06578271090984344,
    "OFM: s^2 - s^1": 0.06511357426643372,
    "OFM: s^1 - s^2": 0.06428294628858566,
    "OFM: d^1 - d^1": 0.06383103877305984,
    "OFM: p^3 - p^3": 0.06340545415878296,
    "OFM: d^3 - p^4": 0.06225556880235672,
    "OFM: s^2 - d^3": 0.059291593730449677
}