{
    "OFM: p^5 - p^5": 1.221374273300171,
    "OFM: p^4 - p^4": 0.5202887058258057,
    "OFM: s^2 - p^4": 0.45772063732147217,
    "OFM: p^5 - s^2": 0.42218002676963806,
    "OFM: p^4 - d^5": 0.28623300790786743,
    "OFM: s^2 - s^1": 0.22940608859062195,
    "OFM: s^2 - s^2": 0.21631339192390442,
    "OFM: s^2 - p^5": 0.2152923345565796,
    "OFM: s^2 - d^6": 0.21048498153686523,
    "OFM: s^2 - d^2": 0.1985616236925125,
    "OFM: s^1 - s^1": 0.19750641286373138,
    "OFM: d^10 - p^4": 0.18953566253185272,
    "OFM: d^10 - s^2": 0.17730554938316345,
    "OFM: d^7 - d^7": 0.1724988967180252,
    "OFM: p^5 - s^1": 0.16391871869564056,
    "OFM: p^4 - d^7": 0.16039173305034637,
    "OFM: p^3 - s^1": 0.15491600334644318,
    "OFM: d^2 - d^2": 0.14676101505756378,
    "OFM: f^6 - s^2": 0.14500407874584198,
    "OFM: p^3 - s^2": 0.13277766108512878,
    "OFM: d^5 - d^5": 0.12932175397872925,
    "OFM: s^2 - f^4": 0.1283414214849472,
    "OFM: p^5 - d^10": 0.12790034711360931,
    "OFM: s^1 - d^10": 0.12062369287014008,
    "OFM: f^3 - s^2": 0.11829850822687149,
    "OFM: s^2 - f^3": 0.11117716133594513,
    "OFM: s^1 - p^4": 0.10430774092674255,
    "OFM: d^10 - d^1": 0.10376326739788055,
    "OFM: p^3 - p^3": 0.1024479940533638,
    "OFM: d^6 - s^2": 0.09557074308395386
}