{
    "OFM: d^10 - s^2": 3.5607147216796875,
    "OFM: s^2 - d^10": 1.562142014503479,
    "OFM: s^2 - p^4": 1.428638219833374,
    "OFM: s^1 - d^10": 1.11878502368927,
    "OFM: s^1 - s^1": 0.7900514006614685,
    "OFM: d^10 - p^4": 0.6838981509208679,
    "OFM: s^1 - s^2": 0.6200477480888367,
    "OFM: s^1 - p^4": 0.48917829990386963,
    "OFM: s^2 - p^2": 0.4623422622680664,
    "OFM: s^2 - s^2": 0.4543713629245758,
    "OFM: d^10 - d^10": 0.42723292112350464,
    "OFM: p^5 - s^2": 0.41341984272003174,
    "OFM: p^3 - s^2": 0.3903954327106476,
    "OFM: d^10 - f^14": 0.38112854957580566,
    "OFM: p^5 - d^10": 0.34582167863845825,
    "OFM: p^4 - p^4": 0.3282465934753418,
    "OFM: s^1 - f^14": 0.31981876492500305,
    "OFM: d^10 - p^3": 0.3077782392501831,
    "OFM: d^10 - p^5": 0.3016430139541626,
    "OFM: p^4 - s^2": 0.30008405447006226,
    "OFM: d^10 - f^7": 0.2707616090774536,
    "OFM: p^4 - d^10": 0.26693010330200195,
    "OFM: p^6 - d^10": 0.24579273164272308,
    "OFM: d^10 - f^3": 0.24182939529418945,
    "OFM: p^3 - s^1": 0.24131901562213898,
    "OFM: p^5 - p^5": 0.23339758813381195,
    "OFM: p^6 - s^2": 0.23245996236801147,
    "OFM: d^10 - f^6": 0.22216399013996124,
    "OFM: d^10 - f^4": 0.22145873308181763,
    "OFM: d^10 - f^11": 0.21501247584819794
}