{
    "OFM: d^10 - s^2": 3.802699327468872,
    "OFM: s^1 - d^10": 1.2736903429031372,
    "OFM: s^2 - p^4": 1.1882085800170898,
    "OFM: s^1 - s^2": 0.7897567749023438,
    "OFM: s^2 - d^10": 0.7230995893478394,
    "OFM: s^1 - s^1": 0.6365387439727783,
    "OFM: s^2 - s^2": 0.6218127608299255,
    "OFM: p^4 - s^2": 0.6112664937973022,
    "OFM: d^10 - d^10": 0.5952942371368408,
    "OFM: d^10 - p^4": 0.5828865766525269,
    "OFM: p^3 - s^2": 0.49856406450271606,
    "OFM: p^4 - d^10": 0.48139312863349915,
    "OFM: p^5 - d^10": 0.4452795088291168,
    "OFM: s^2 - p^2": 0.311246395111084,
    "OFM: s^1 - p^4": 0.2942432463169098,
    "OFM: d^10 - f^6": 0.2643445134162903,
    "OFM: d^10 - p^3": 0.24808168411254883,
    "OFM: p^5 - s^2": 0.24731874465942383,
    "OFM: d^10 - p^5": 0.23344367742538452,
    "OFM: d^10 - f^7": 0.23341494798660278,
    "OFM: d^10 - f^12": 0.22278115153312683,
    "OFM: d^10 - f^14": 0.21981270611286163,
    "OFM: s^2 - p^3": 0.2157132625579834,
    "OFM: d^10 - f^10": 0.21519985795021057,
    "OFM: d^10 - f^3": 0.21279120445251465,
    "OFM: p^3 - d^10": 0.2118312120437622,
    "OFM: d^10 - f^11": 0.2067248374223709,
    "OFM: d^10 - f^4": 0.2050604373216629,
    "OFM: p^4 - p^4": 0.2035137414932251,
    "OFM: s^1 - f^14": 0.20338447391986847
}