{
    "OFM: s^2 - p^4": 1.6156182289123535,
    "OFM: p^4 - s^2": 1.4423511028289795,
    "OFM: p^5 - s^2": 0.9719858169555664,
    "OFM: p^3 - s^2": 0.6293264627456665,
    "OFM: p^4 - p^4": 0.4316898286342621,
    "OFM: p^4 - s^1": 0.3406943678855896,
    "OFM: d^5 - p^4": 0.3195858597755432,
    "OFM: d^10 - s^2": 0.3129477798938751,
    "OFM: p^4 - p^5": 0.29412397742271423,
    "OFM: s^1 - p^4": 0.27999141812324524,
    "OFM: p^4 - f^14": 0.2556591331958771,
    "OFM: p^1 - s^2": 0.23879271745681763,
    "OFM: s^2 - p^3": 0.2032834142446518,
    "OFM: s^2 - s^2": 0.19792643189430237,
    "OFM: p^5 - d^10": 0.16582101583480835,
    "OFM: d^10 - p^4": 0.16249482333660126,
    "OFM: p^3 - s^1": 0.1479131281375885,
    "OFM: s^2 - d^4": 0.13581305742263794,
    "OFM: d^10 - d^10": 0.12900812923908234,
    "OFM: s^2 - d^1": 0.12377604097127914,
    "OFM: p^3 - p^4": 0.11748093366622925,
    "OFM: p^4 - d^5": 0.11457774043083191,
    "OFM: p^2 - p^4": 0.1003187969326973,
    "OFM: p^3 - d^10": 0.09119667112827301,
    "OFM: d^7 - p^4": 0.08621368557214737,
    "OFM: p^4 - d^8": 0.07295852899551392,
    "OFM: p^4 - d^1": 0.07109241932630539,
    "OFM: s^2 - s^1": 0.06750094145536423,
    "OFM: d^2 - p^4": 0.06513644754886627,
    "OFM: d^4 - s^2": 0.05564893037080765
}