{
    "OFM: d^10 - s^2": 2.5709075927734375,
    "OFM: s^2 - d^10": 1.3630017042160034,
    "OFM: s^2 - p^4": 1.2718286514282227,
    "OFM: s^1 - d^10": 1.0858889818191528,
    "OFM: s^2 - s^2": 0.6800137758255005,
    "OFM: s^1 - s^2": 0.5787360072135925,
    "OFM: p^3 - s^2": 0.569210946559906,
    "OFM: s^1 - s^1": 0.4905805289745331,
    "OFM: d^10 - p^4": 0.41975387930870056,
    "OFM: p^4 - s^2": 0.4178372919559479,
    "OFM: p^5 - s^2": 0.40914788842201233,
    "OFM: d^10 - d^10": 0.3103666603565216,
    "OFM: s^1 - p^4": 0.30290764570236206,
    "OFM: p^4 - p^4": 0.2970440685749054,
    "OFM: s^2 - p^2": 0.276157408952713,
    "OFM: d^10 - p^5": 0.2346484661102295,
    "OFM: p^5 - d^10": 0.23001255095005035,
    "OFM: d^10 - f^14": 0.2254016101360321,
    "OFM: d^10 - f^7": 0.21186724305152893,
    "OFM: d^10 - f^6": 0.1984289586544037,
    "OFM: d^10 - f^11": 0.18843860924243927,
    "OFM: d^10 - p^3": 0.171107679605484,
    "OFM: d^10 - f^3": 0.16736802458763123,
    "OFM: d^10 - f^12": 0.16654595732688904,
    "OFM: d^10 - d^2": 0.16522835195064545,
    "OFM: p^3 - s^1": 0.16383562982082367,
    "OFM: d^10 - f^4": 0.1603672206401825,
    "OFM: d^10 - f^10": 0.15618883073329926,
    "OFM: s^2 - p^6": 0.14611797034740448,
    "OFM: p^6 - d^10": 0.1459595412015915
}