{
    "OFM: d^7 - p^4": 2.114664316177368,
    "OFM: d^5 - p^4": 1.9499155282974243,
    "OFM: p^4 - s^1": 0.6033623814582825,
    "OFM: s^1 - p^4": 0.5104250311851501,
    "OFM: p^4 - d^5": 0.21505528688430786,
    "OFM: s^2 - d^5": 0.20130431652069092,
    "OFM: s^2 - d^10": 0.173603817820549,
    "OFM: s^2 - p^4": 0.1716594249010086,
    "OFM: p^4 - s^2": 0.16007684171199799,
    "OFM: d^10 - d^10": 0.15338732302188873,
    "OFM: p^4 - p^4": 0.14823828637599945,
    "OFM: p^4 - d^7": 0.1306636780500412,
    "OFM: s^2 - d^7": 0.1121886819601059,
    "OFM: s^2 - s^2": 0.1062801331281662,
    "OFM: d^10 - s^2": 0.10262146592140198,
    "OFM: d^7 - s^2": 0.09923608601093292,
    "OFM: d^5 - s^2": 0.07603699713945389,
    "OFM: s^1 - s^2": 0.07149803638458252,
    "OFM: s^2 - s^1": 0.0596383772790432,
    "OFM: p^5 - p^5": 0.05685468763113022,
    "OFM: d^5 - d^10": 0.051427438855171204,
    "OFM: s^1 - d^10": 0.04969613254070282,
    "OFM: d^10 - d^5": 0.04862081632018089,
    "OFM: s^1 - s^1": 0.031197097152471542,
    "OFM: s^2 - p^3": 0.03087226301431656,
    "OFM: d^10 - d^1": 0.02921317331492901,
    "OFM: p^4 - d^10": 0.025124913081526756,
    "OFM: s^2 - p^1": 0.02505161240696907,
    "OFM: f^14 - s^2": 0.017800601199269295,
    "OFM: p^5 - s^2": 0.015916934236884117
}