{
    "OFM: p^4 - p^3": 3.732546091079712,
    "OFM: p^3 - p^4": 2.564634084701538,
    "OFM: s^2 - d^2": 0.47617676854133606,
    "OFM: d^10 - d^10": 0.4661242663860321,
    "OFM: s^2 - p^4": 0.4029400646686554,
    "OFM: p^1 - s^2": 0.3466591536998749,
    "OFM: s^2 - s^2": 0.3335389792919159,
    "OFM: s^1 - p^4": 0.32767245173454285,
    "OFM: p^5 - p^5": 0.24069726467132568,
    "OFM: p^2 - s^2": 0.21120385825634003,
    "OFM: p^4 - p^4": 0.2015821933746338,
    "OFM: d^6 - s^2": 0.1739387959241867,
    "OFM: s^2 - p^1": 0.14419087767601013,
    "OFM: s^2 - f^14": 0.12590068578720093,
    "OFM: s^2 - p^2": 0.12587840855121613,
    "OFM: d^2 - s^2": 0.11705408990383148,
    "OFM: p^4 - s^1": 0.11333148926496506,
    "OFM: s^1 - s^2": 0.11083909869194031,
    "OFM: p^1 - p^1": 0.10594142973423004,
    "OFM: p^3 - s^2": 0.10553358495235443,
    "OFM: s^1 - p^5": 0.10461167991161346,
    "OFM: s^1 - p^3": 0.1025715321302414,
    "OFM: s^2 - p^3": 0.10198043286800385,
    "OFM: f^10 - s^2": 0.09872899949550629,
    "OFM: f^14 - f^14": 0.09841769933700562,
    "OFM: s^1 - p^1": 0.09609377384185791,
    "OFM: d^10 - p^3": 0.0935748890042305,
    "OFM: p^4 - s^2": 0.0926678478717804,
    "OFM: d^7 - d^7": 0.08983578532934189,
    "OFM: p^5 - s^1": 0.08524139970541
}